ISO-10303-21;
HEADER;
FILE_DESCRIPTION (( 'STEP AP214' ),
    '1' );
FILE_NAME ('Magnet_mounting_plate.STEP',
    '2025-11-12T17:54:13',
    ( '' ),
    ( '' ),
    'SwSTEP 2.0',
    'SolidWorks 2024',
    '' );
FILE_SCHEMA (( 'AUTOMOTIVE_DESIGN' ));
ENDSEC;

DATA;
#1 = DIRECTION ( 'NONE',  ( 0.000000000000000000, 0.000000000000000000, 1.000000000000000000 ) ) ;
#2 = CARTESIAN_POINT ( 'NONE',  ( 6.000000000000005329, -22.66666666666666075, -34.00000000000000000 ) ) ;
#3 = CARTESIAN_POINT ( 'NONE',  ( 143.6861997365472519, -46.00000000000000711, 33.00000000000000711 ) ) ;
#4 = AXIS2_PLACEMENT_3D ( 'NONE', #2921, #3629, #3714 ) ;
#5 = PLANE ( 'NONE',  #2053 ) ;
#6 = EDGE_CURVE ( 'NONE', #3696, #5175, #1867, .T. ) ;
#7 = FACE_OUTER_BOUND ( 'NONE', #4883, .T. ) ;
#8 = DIRECTION ( 'NONE',  ( 0.000000000000000000, 0.000000000000000000, 1.000000000000000000 ) ) ;
#9 = CARTESIAN_POINT ( 'NONE',  ( 6.999999999999996447, -57.00000000000000000, -19.99999999999999645 ) ) ;
#10 = DIRECTION ( 'NONE',  ( 1.000000000000000000, 0.000000000000000000, 0.000000000000000000 ) ) ;
#11 = DIRECTION ( 'NONE',  ( 0.000000000000000000, 0.000000000000000000, 1.000000000000000000 ) ) ;
#12 = CARTESIAN_POINT ( 'NONE',  ( 6.000000000000005329, -10.66666666666667140, -40.99999999999998579 ) ) ;
#13 = ADVANCED_FACE ( 'NONE', ( #5801 ), #474, .F. ) ;
#14 = ORIENTED_EDGE ( 'NONE', *, *, #7298, .T. ) ;
#15 = EDGE_CURVE ( 'NONE', #5419, #6937, #6420, .T. ) ;
#16 = B_SPLINE_CURVE_WITH_KNOTS ( 'NONE', 3,
 ( #6169, #5001, #2924, #310, #7048, #7650 ),
 .UNSPECIFIED., .F., .F.,
 ( 4, 2, 4 ),
 ( 6.505213034913026604E-19, 0.0003458463512592746731, 0.0006916927025185486957 ),
 .UNSPECIFIED. ) ;
#17 = ADVANCED_FACE ( 'NONE', ( #6458 ), #4432, .F. ) ;
#18 = ORIENTED_EDGE ( 'NONE', *, *, #8615, .T. ) ;
#19 = CYLINDRICAL_SURFACE ( 'NONE', #3576, 0.9999999999999940048 ) ;
#20 = ORIENTED_EDGE ( 'NONE', *, *, #634, .T. ) ;
#21 = ORIENTED_EDGE ( 'NONE', *, *, #1709, .T. ) ;
#22 = TOROIDAL_SURFACE ( 'NONE', #2809, 2.000000000000002665, 1.000000000000000000 ) ;
#23 = DIRECTION ( 'NONE',  ( -1.000000000000000000, -0.000000000000000000, -0.000000000000000000 ) ) ;
#24 = ORIENTED_EDGE ( 'NONE', *, *, #3086, .F. ) ;
#25 = EDGE_CURVE ( 'NONE', #2481, #8516, #7070, .T. ) ;
#26 = EDGE_CURVE ( 'NONE', #3612, #1151, #5088, .T. ) ;
#27 = CARTESIAN_POINT ( 'NONE',  ( 0.000000000000000000, -44.00000000000001421, -35.52786404500042039 ) ) ;
#28 = ORIENTED_EDGE ( 'NONE', *, *, #2234, .F. ) ;
#29 = DIRECTION ( 'NONE',  ( 0.000000000000000000, -1.084202172485504187E-16, 1.000000000000000000 ) ) ;
#30 = LINE ( 'NONE', #780, #6913 ) ;
#31 = VERTEX_POINT ( 'NONE', #8369 ) ;
#32 = DIRECTION ( 'NONE',  ( -0.000000000000000000, 1.000000000000000000, 1.084202172485504187E-16 ) ) ;
#33 = AXIS2_PLACEMENT_3D ( 'NONE', #4765, #8169, #7427 ) ;
#34 = ORIENTED_EDGE ( 'NONE', *, *, #3138, .F. ) ;
#35 = DIRECTION ( 'NONE',  ( -1.000000000000000000, 0.000000000000000000, 0.000000000000000000 ) ) ;
#36 = EDGE_CURVE ( 'NONE', #483, #684, #4517, .T. ) ;
#37 = EDGE_LOOP ( 'NONE', ( #3867, #3512, #7910, #819 ) ) ;
#38 = FACE_OUTER_BOUND ( 'NONE', #4083, .T. ) ;
#39 = AXIS2_PLACEMENT_3D ( 'NONE', #7198, #7849, #1870 ) ;
#40 = FACE_OUTER_BOUND ( 'NONE', #8234, .T. ) ;
#41 = AXIS2_PLACEMENT_3D ( 'NONE', #4668, #7337, #1360 ) ;
#42 = CARTESIAN_POINT ( 'NONE',  ( 5.000000000000005329, 16.66666666666667140, 39.69999999998344009 ) ) ;
#43 = ORIENTED_EDGE ( 'NONE', *, *, #152, .F. ) ;
#44 = CARTESIAN_POINT ( 'NONE',  ( -1.051440682783692273E-09, 35.44409431097128760, -40.57076138032854828 ) ) ;
#45 = LINE ( 'NONE', #2716, #6556 ) ;
#46 = AXIS2_PLACEMENT_3D ( 'NONE', #8367, #3029, #7014 ) ;
#47 = SPHERICAL_SURFACE ( 'NONE', #4378, 1.000000000000000000 ) ;
#48 = ORIENTED_EDGE ( 'NONE', *, *, #634, .F. ) ;
#49 = AXIS2_PLACEMENT_3D ( 'NONE', #1378, #4688, #3413 ) ;
#50 = DIRECTION ( 'NONE',  ( 0.000000000000000000, 0.000000000000000000, -1.000000000000000000 ) ) ;
#51 = DIRECTION ( 'NONE',  ( 0.000000000000000000, 0.000000000000000000, 1.000000000000000000 ) ) ;
#52 = LINE ( 'NONE', #2722, #6227 ) ;
#53 = AXIS2_PLACEMENT_3D ( 'NONE', #3214, #2406, #1185 ) ;
#54 = AXIS2_PLACEMENT_3D ( 'NONE', #5206, #7319, #1340 ) ;
#55 = DIRECTION ( 'NONE',  ( 0.000000000000000000, 0.000000000000000000, -1.000000000000000000 ) ) ;
#56 = EDGE_LOOP ( 'NONE', ( #5406, #7586, #3663, #3574 ) ) ;
#57 = DIRECTION ( 'NONE',  ( 0.000000000000000000, 0.000000000000000000, 1.000000000000000000 ) ) ;
#58 = CARTESIAN_POINT ( 'NONE',  ( 143.6861997365472519, -12.66666666666667318, -33.00000000000000711 ) ) ;
#59 = EDGE_CURVE ( 'NONE', #4988, #3085, #881, .T. ) ;
#60 = LINE ( 'NONE', #6623, #7395 ) ;
#61 = DIRECTION ( 'NONE',  ( 0.000000000000000000, 0.000000000000000000, 1.000000000000000000 ) ) ;
#62 = EDGE_LOOP ( 'NONE', ( #7970, #3889, #1802, #2101 ) ) ;
#63 = AXIS2_PLACEMENT_3D ( 'NONE', #3301, #7530, #5977 ) ;
#64 = VECTOR ( 'NONE', #1469, 1000.000000000000000 ) ;
#65 = ORIENTED_EDGE ( 'NONE', *, *, #4528, .F. ) ;
#66 = CARTESIAN_POINT ( 'NONE',  ( 7.000000000000000888, -56.50000000000000000, 9.999999999999996447 ) ) ;
#67 = AXIS2_PLACEMENT_3D ( 'NONE', #6641, #119, #2183 ) ;
#68 = VERTEX_POINT ( 'NONE', #3116 ) ;
#69 = VERTEX_POINT ( 'NONE', #5709 ) ;
#70 = EDGE_CURVE ( 'NONE', #3095, #4997, #3202, .T. ) ;
#71 = CARTESIAN_POINT ( 'NONE',  ( 1.000000000000000888, -44.00000000000001421, -35.52786404500042039 ) ) ;
#72 = ORIENTED_EDGE ( 'NONE', *, *, #7450, .T. ) ;
#73 = AXIS2_PLACEMENT_3D ( 'NONE', #5685, #350, #2367 ) ;
#74 = DIRECTION ( 'NONE',  ( 0.000000000000000000, 0.000000000000000000, 1.000000000000000000 ) ) ;
#75 = FACE_OUTER_BOUND ( 'NONE', #7091, .T. ) ;
#76 = CARTESIAN_POINT ( 'NONE',  ( 1.000000000000000888, 32.06274606680621986, -39.00000000000000000 ) ) ;
#77 = ORIENTED_EDGE ( 'NONE', *, *, #8573, .F. ) ;
#78 = ORIENTED_EDGE ( 'NONE', *, *, #723, .T. ) ;
#79 = ADVANCED_FACE ( 'NONE', ( #422 ), #5152, .T. ) ;
#80 = TOROIDAL_SURFACE ( 'NONE', #2474, 1.999999999999997335, 1.000000000000000000 ) ;
#81 = DIRECTION ( 'NONE',  ( 1.000000000000000000, 0.000000000000000000, -0.000000000000000000 ) ) ;
#82 = EDGE_CURVE ( 'NONE', #8634, #3131, #6338, .T. ) ;
#83 = ORIENTED_EDGE ( 'NONE', *, *, #8586, .T. ) ;
#84 = CARTESIAN_POINT ( 'NONE',  ( 1.000000000000000888, 21.66666666666667496, -34.00000000000000000 ) ) ;
#85 = ORIENTED_EDGE ( 'NONE', *, *, #3293, .T. ) ;
#86 = CARTESIAN_POINT ( 'NONE',  ( 0.8074032489587488204, -35.01405659924675717, 39.57469886831032113 ) ) ;
#87 = CARTESIAN_POINT ( 'NONE',  ( 7.500000000000000888, -55.50000000000000000, -9.999999999999996447 ) ) ;
#88 = CARTESIAN_POINT ( 'NONE',  ( 6.000000000000005329, 22.66666666666666785, 41.99999999999999289 ) ) ;
#89 = ORIENTED_EDGE ( 'NONE', *, *, #2508, .F. ) ;
#90 = DIRECTION ( 'NONE',  ( 0.000000000000000000, 0.000000000000000000, -1.000000000000000000 ) ) ;
#91 = ADVANCED_FACE ( 'NONE', ( #7842 ), #4480, .T. ) ;
#92 = LINE ( 'NONE', #7957, #6743 ) ;
#93 = VECTOR ( 'NONE', #5440, 1000.000000000000000 ) ;
#94 = CARTESIAN_POINT ( 'NONE',  ( 7.000000000000000000, -12.66666666666667318, -32.00000000000000711 ) ) ;
#95 = ADVANCED_FACE ( 'NONE', ( #3863 ), #7994, .F. ) ;
#96 = FACE_OUTER_BOUND ( 'NONE', #6578, .T. ) ;
#97 = CARTESIAN_POINT ( 'NONE',  ( 7.000000000000000000, 8.881784197001333103E-14, 32.00000000000014211 ) ) ;
#98 = CARTESIAN_POINT ( 'NONE',  ( 0.000000000000000000, -22.66666666666666075, -42.99999999999999289 ) ) ;
#99 = DIRECTION ( 'NONE',  ( 1.000000000000000000, 0.000000000000000000, 0.000000000000000000 ) ) ;
#100 = CARTESIAN_POINT ( 'NONE',  ( 6.000000000000005329, -22.66666666666666075, 40.99999999999998579 ) ) ;
#101 = CARTESIAN_POINT ( 'NONE',  ( 1.000000000000000888, 44.00000000000000711, 35.52786404500041328 ) ) ;
#102 = ORIENTED_EDGE ( 'NONE', *, *, #3151, .F. ) ;
#103 = FACE_OUTER_BOUND ( 'NONE', #6155, .T. ) ;
#104 = VECTOR ( 'NONE', #7137, 1000.000000000000000 ) ;
#105 = PLANE ( 'NONE',  #2923 ) ;
#106 = DIRECTION ( 'NONE',  ( 0.000000000000000000, 0.000000000000000000, 1.000000000000000000 ) ) ;
#107 = ORIENTED_EDGE ( 'NONE', *, *, #2233, .T. ) ;
#108 = CIRCLE ( 'NONE', #2624, 1.850000000000000977 ) ;
#109 = ORIENTED_EDGE ( 'NONE', *, *, #786, .T. ) ;
#110 = DIRECTION ( 'NONE',  ( 0.000000000000000000, 0.000000000000000000, 1.000000000000000000 ) ) ;
#111 = VERTEX_POINT ( 'NONE', #1126 ) ;
#112 = EDGE_LOOP ( 'NONE', ( #3405, #5519, #4291, #1001 ) ) ;
#113 = CARTESIAN_POINT ( 'NONE',  ( 6.000000000000005329, -11.66666666666666963, 40.99999999999998579 ) ) ;
#114 = ORIENTED_EDGE ( 'NONE', *, *, #2410, .T. ) ;
#115 = AXIS2_PLACEMENT_3D ( 'NONE', #4388, #7071, #3118 ) ;
#116 = DIRECTION ( 'NONE',  ( 1.000000000000000000, -0.000000000000000000, -0.000000000000000000 ) ) ;
#117 = LINE ( 'NONE', #3478, #7914 ) ;
#118 = ADVANCED_FACE ( 'NONE', ( #7185 ), #1214, .F. ) ;
#119 = DIRECTION ( 'NONE',  ( -0.000000000000000000, 1.000000000000000000, 2.478176394252584592E-16 ) ) ;
#120 = AXIS2_PLACEMENT_3D ( 'NONE', #2840, #4241, #5612 ) ;
#121 = ORIENTED_EDGE ( 'NONE', *, *, #6646, .F. ) ;
#122 = ORIENTED_EDGE ( 'NONE', *, *, #5030, .F. ) ;
#123 = FACE_OUTER_BOUND ( 'NONE', #6850, .T. ) ;
#124 = ORIENTED_EDGE ( 'NONE', *, *, #7528, .F. ) ;
#125 = DIRECTION ( 'NONE',  ( 0.000000000000000000, 0.000000000000000000, 1.000000000000000000 ) ) ;
#126 = AXIS2_PLACEMENT_3D ( 'NONE', #4084, #7287, #6634 ) ;
#127 = EDGE_CURVE ( 'NONE', #707, #8457, #3531, .T. ) ;
#128 = ORIENTED_EDGE ( 'NONE', *, *, #82, .F. ) ;
#129 = DIRECTION ( 'NONE',  ( -1.000000000000000000, 0.000000000000000000, 0.000000000000000000 ) ) ;
#130 = EDGE_CURVE ( 'NONE', #2696, #5456, #8044, .T. ) ;
#131 = DIRECTION ( 'NONE',  ( 0.000000000000000000, 0.000000000000000000, 1.000000000000000000 ) ) ;
#132 = ORIENTED_EDGE ( 'NONE', *, *, #3756, .F. ) ;
#133 = CIRCLE ( 'NONE', #5045, 1.000000000000000888 ) ;
#134 = CARTESIAN_POINT ( 'NONE',  ( 1.000000000000003331, 34.76101678260931038, -40.32742105892960183 ) ) ;
#135 = CARTESIAN_POINT ( 'NONE',  ( 1.000000000000000888, 20.66666666666667140, 34.00000000000000000 ) ) ;
#136 = DIRECTION ( 'NONE',  ( 0.000000000000000000, 0.000000000000000000, 1.000000000000000000 ) ) ;
#137 = DIRECTION ( 'NONE',  ( 0.000000000000000000, 0.000000000000000000, -1.000000000000000000 ) ) ;
#138 = EDGE_LOOP ( 'NONE', ( #6058, #48, #5413, #8105 ) ) ;
#139 = EDGE_CURVE ( 'NONE', #2061, #7413, #92, .T. ) ;
#140 = LINE ( 'NONE', #1505, #5273 ) ;
#141 = DIRECTION ( 'NONE',  ( 0.000000000000000000, 0.000000000000000000, 1.000000000000000000 ) ) ;
#142 = DIRECTION ( 'NONE',  ( 0.000000000000000000, 0.000000000000000000, 1.000000000000000000 ) ) ;
#143 = EDGE_CURVE ( 'NONE', #5943, #68, #5494, .T. ) ;
#144 = LINE ( 'NONE', #3506, #3399 ) ;
#145 = DIRECTION ( 'NONE',  ( 0.000000000000000000, -4.541565021189716104E-15, -1.000000000000000000 ) ) ;
#146 = EDGE_LOOP ( 'NONE', ( #2127, #3566, #1607, #8332 ) ) ;
#147 = CARTESIAN_POINT ( 'NONE',  ( 2.499999999999999556, -55.00000000000000000, -19.99999999999999645 ) ) ;
#148 = CONICAL_SURFACE ( 'NONE', #5057, 1.850000000000000977, 0.02829433384850015346 ) ;
#149 = CARTESIAN_POINT ( 'NONE',  ( 7.000000000000465405, -49.99999999999999289, 45.00000000000000000 ) ) ;
#150 = CARTESIAN_POINT ( 'NONE',  ( 1.000000000000000888, -22.66666666666666075, 42.99999999999999289 ) ) ;
#151 = ORIENTED_EDGE ( 'NONE', *, *, #5112, .T. ) ;
#152 = EDGE_CURVE ( 'NONE', #69, #1368, #2141, .T. ) ;
#153 = ORIENTED_EDGE ( 'NONE', *, *, #2351, .F. ) ;
#154 = CARTESIAN_POINT ( 'NONE',  ( 6.000000000000005329, -51.00000000000000711, -32.00000000000000000 ) ) ;
#155 = ORIENTED_EDGE ( 'NONE', *, *, #3125, .T. ) ;
#156 = DIRECTION ( 'NONE',  ( -1.000000000000000000, -0.000000000000000000, -0.000000000000000000 ) ) ;
#157 = VERTEX_POINT ( 'NONE', #3982 ) ;
#158 = LINE ( 'NONE', #6118, #8642 ) ;
#159 = CARTESIAN_POINT ( 'NONE',  ( 6.000000000000005329, 21.66666666666667496, -40.99999999999999289 ) ) ;
#160 = DIRECTION ( 'NONE',  ( 0.000000000000000000, -1.000000000000000000, 0.000000000000000000 ) ) ;
#161 = FACE_OUTER_BOUND ( 'NONE', #37, .T. ) ;
#162 = CIRCLE ( 'NONE', #728, 1.999999999999994893 ) ;
#163 = DIRECTION ( 'NONE',  ( 0.000000000000000000, 0.000000000000000000, 1.000000000000000000 ) ) ;
#164 = ORIENTED_EDGE ( 'NONE', *, *, #1059, .F. ) ;
#165 = ORIENTED_EDGE ( 'NONE', *, *, #1473, .T. ) ;
#166 = AXIS2_PLACEMENT_3D ( 'NONE', #5386, #3402, #3971 ) ;
#167 = CARTESIAN_POINT ( 'NONE',  ( 7.000000000000000000, 44.00000000000001421, 34.00000000000001421 ) ) ;
#168 = VERTEX_POINT ( 'NONE', #4640 ) ;
#169 = EDGE_CURVE ( 'NONE', #1350, #7437, #7313, .T. ) ;
#170 = CARTESIAN_POINT ( 'NONE',  ( 1.000000000000000000, 35.52209655803508781, -41.00820670719788552 ) ) ;
#171 = VECTOR ( 'NONE', #2117, 1000.000000000000227 ) ;
#172 = CARTESIAN_POINT ( 'NONE',  ( 0.000000000000000000, 20.66666666666667496, -40.99999999999999289 ) ) ;
#173 = ORIENTED_EDGE ( 'NONE', *, *, #6694, .T. ) ;
#174 = DIRECTION ( 'NONE',  ( 1.000000000000000000, 0.000000000000000000, 0.000000000000000000 ) ) ;
#175 = FACE_OUTER_BOUND ( 'NONE', #6459, .T. ) ;
#176 = ORIENTED_EDGE ( 'NONE', *, *, #6179, .T. ) ;
#177 = VECTOR ( 'NONE', #8119, 1000.000000000000000 ) ;
#178 = DIRECTION ( 'NONE',  ( 0.000000000000000000, 2.230358754827328253E-15, -1.000000000000000000 ) ) ;
#179 = DIRECTION ( 'NONE',  ( 0.000000000000000000, 0.000000000000000000, -1.000000000000000000 ) ) ;
#180 = EDGE_CURVE ( 'NONE', #4607, #3353, #1333, .T. ) ;
#181 = FACE_OUTER_BOUND ( 'NONE', #250, .T. ) ;
#182 = CARTESIAN_POINT ( 'NONE',  ( 6.000000000000005329, 45.00000000000001421, -35.52786404500041328 ) ) ;
#183 = CIRCLE ( 'NONE', #2979, 2.000000000000253131 ) ;
#184 = AXIS2_PLACEMENT_3D ( 'NONE', #6847, #6080, #2224 ) ;
#185 = CARTESIAN_POINT ( 'NONE',  ( 3.150000000000013678, -49.99999999999999289, 39.50000000000000000 ) ) ;
#186 = DIRECTION ( 'NONE',  ( -1.000000000000000000, 0.000000000000000000, 0.000000000000000000 ) ) ;
#187 = CARTESIAN_POINT ( 'NONE',  ( 6.000000000000005329, -45.00000000000000711, -35.52786404500042039 ) ) ;
#188 = CARTESIAN_POINT ( 'NONE',  ( 6.000000000000005329, 22.66666666666667496, -40.99999999999999289 ) ) ;
#189 = DIRECTION ( 'NONE',  ( 0.000000000000000000, -1.000000000000000000, 0.000000000000000000 ) ) ;
#190 = LINE ( 'NONE', #1600, #2631 ) ;
#191 = CIRCLE ( 'NONE', #5923, 0.5000000000000000000 ) ;
#192 = ORIENTED_EDGE ( 'NONE', *, *, #5188, .F. ) ;
#193 = AXIS2_PLACEMENT_3D ( 'NONE', #4132, #2270, #6437 ) ;
#194 = EDGE_CURVE ( 'NONE', #5787, #8271, #183, .T. ) ;
#195 = EDGE_CURVE ( 'NONE', #6019, #2355, #6057, .T. ) ;
#196 = CARTESIAN_POINT ( 'NONE',  ( 10.00000000000000000, 40.00000000000000000, -42.24999999999998579 ) ) ;
#197 = EDGE_CURVE ( 'NONE', #6631, #3641, #6652, .T. ) ;
#198 = DIRECTION ( 'NONE',  ( 0.000000000000000000, 0.000000000000000000, -1.000000000000000000 ) ) ;
#199 = CARTESIAN_POINT ( 'NONE',  ( 1.000000000000000000, 12.66666666666666963, -40.99999999999999289 ) ) ;
#200 = ORIENTED_EDGE ( 'NONE', *, *, #6468, .F. ) ;
#201 = EDGE_CURVE ( 'NONE', #2635, #8457, #3324, .T. ) ;
#202 = TOROIDAL_SURFACE ( 'NONE', #5108, 4.000000000000001776, 1.000000000000000000 ) ;
#204 = ORIENTED_EDGE ( 'NONE', *, *, #6377, .F. ) ;
#203 = AXIS2_PLACEMENT_3D ( 'NONE', #7303, #7220, #6533 ) ;
#205 = ADVANCED_FACE ( 'NONE', ( #626 ), #2887, .T. ) ;
#206 = ORIENTED_EDGE ( 'NONE', *, *, #1549, .F. ) ;
#207 = DIRECTION ( 'NONE',  ( 0.000000000000000000, 0.000000000000000000, 1.000000000000000000 ) ) ;
#208 = ORIENTED_EDGE ( 'NONE', *, *, #6855, .T. ) ;
#209 = EDGE_CURVE ( 'NONE', #1107, #1939, #6610, .T. ) ;
#210 = VECTOR ( 'NONE', #4594, 1000.000000000000000 ) ;
#211 = CIRCLE ( 'NONE', #2456, 1.000000000000000888 ) ;
#212 = ORIENTED_EDGE ( 'NONE', *, *, #8417, .F. ) ;
#213 = EDGE_CURVE ( 'NONE', #1758, #1757, #6737, .T. ) ;
#214 = DIRECTION ( 'NONE',  ( -1.000000000000000000, 0.000000000000000000, 0.000000000000000000 ) ) ;
#215 = CYLINDRICAL_SURFACE ( 'NONE', #1507, 0.5000000000000004441 ) ;
#216 = CIRCLE ( 'NONE', #5121, 0.9999999999999940048 ) ;
#217 = CARTESIAN_POINT ( 'NONE',  ( 0.000000000000000000, -40.00000000000000000, 39.99999999999999289 ) ) ;
#218 = CARTESIAN_POINT ( 'NONE',  ( 7.000000000000000000, -20.66666666666666785, 33.99999999999999289 ) ) ;
#219 = ORIENTED_EDGE ( 'NONE', *, *, #7347, .T. ) ;
#220 = VERTEX_POINT ( 'NONE', #7613 ) ;
#221 = ORIENTED_EDGE ( 'NONE', *, *, #6751, .F. ) ;
#222 = AXIS2_PLACEMENT_3D ( 'NONE', #1755, #8508, #4575 ) ;
#223 = DIRECTION ( 'NONE',  ( 0.000000000000000000, 0.000000000000000000, 1.000000000000000000 ) ) ;
#224 = ORIENTED_EDGE ( 'NONE', *, *, #2380, .F. ) ;
#225 = DIRECTION ( 'NONE',  ( 0.000000000000000000, 0.000000000000000000, -1.000000000000000000 ) ) ;
#226 = DIRECTION ( 'NONE',  ( 0.000000000000000000, 0.000000000000000000, -1.000000000000000000 ) ) ;
#227 = CIRCLE ( 'NONE', #7627, 1.000000000000000888 ) ;
#228 = ORIENTED_EDGE ( 'NONE', *, *, #4298, .F. ) ;
#229 = CARTESIAN_POINT ( 'NONE',  ( 0.000000000000000000, -55.00000000000000000, 45.00000000000000000 ) ) ;
#230 = CYLINDRICAL_SURFACE ( 'NONE', #3326, 5.000000000000004441 ) ;
#231 = CARTESIAN_POINT ( 'NONE',  ( 10.00000000000000000, 40.00000000000000000, 39.99999999999999289 ) ) ;
#232 = EDGE_LOOP ( 'NONE', ( #6337, #6808, #8618, #2782 ) ) ;
#233 = CARTESIAN_POINT ( 'NONE',  ( 1.000000000000000888, 20.66666666666666785, 33.00000000000000000 ) ) ;
#234 = DIRECTION ( 'NONE',  ( -1.000000000000000000, 0.000000000000000000, 0.000000000000000000 ) ) ;
#235 = CARTESIAN_POINT ( 'NONE',  ( 2.499999999999999556, -57.00000000000000000, 9.999999999999996447 ) ) ;
#236 = DIRECTION ( 'NONE',  ( 0.000000000000000000, 0.000000000000000000, -1.000000000000000000 ) ) ;
#237 = CIRCLE ( 'NONE', #2189, 0.5000000000000000000 ) ;
#238 = EDGE_CURVE ( 'NONE', #5341, #2017, #1587, .T. ) ;
#239 = DIRECTION ( 'NONE',  ( 2.776612466004605653E-13, 0.9977002243051216190, -0.06778098864364631715 ) ) ;
#240 = DIRECTION ( 'NONE',  ( 0.000000000000000000, 0.000000000000000000, -1.000000000000000000 ) ) ;
#241 = DIRECTION ( 'NONE',  ( 0.000000000000000000, -1.084202172485504187E-16, 1.000000000000000000 ) ) ;
#242 = VERTEX_POINT ( 'NONE', #6962 ) ;
#243 = AXIS2_PLACEMENT_3D ( 'NONE', #4191, #8221, #2930 ) ;
#244 = ORIENTED_EDGE ( 'NONE', *, *, #7794, .T. ) ;
#245 = EDGE_CURVE ( 'NONE', #6333, #7081, #2824, .T. ) ;
#246 = ADVANCED_FACE ( 'NONE', ( #1546 ), #5094, .T. ) ;
#247 = EDGE_LOOP ( 'NONE', ( #6587, #863, #8648, #3355 ) ) ;
#248 = FACE_OUTER_BOUND ( 'NONE', #138, .T. ) ;
#249 = CIRCLE ( 'NONE', #2493, 1.000000000000000666 ) ;
#250 = EDGE_LOOP ( 'NONE', ( #2859, #948, #1373, #335 ) ) ;
#251 = DIRECTION ( 'NONE',  ( -1.000000000000000000, 0.000000000000000000, 0.000000000000000000 ) ) ;
#252 = EDGE_LOOP ( 'NONE', ( #3712, #7389, #3745, #4151 ) ) ;
#253 = CARTESIAN_POINT ( 'NONE',  ( 1.000000000000000888, 43.93221901135653695, -36.52556426930555489 ) ) ;
#254 = AXIS2_PLACEMENT_3D ( 'NONE', #101, #3419, #2802 ) ;
#255 = CYLINDRICAL_SURFACE ( 'NONE', #2448, 1.849999999999999645 ) ;
#256 = DIRECTION ( 'NONE',  ( 1.000000000000000000, 0.000000000000000000, 0.000000000000000000 ) ) ;
#257 = ADVANCED_FACE ( 'NONE', ( #8264 ), #7172, .F. ) ;
#258 = CARTESIAN_POINT ( 'NONE',  ( 5.000000000000013323, -49.99999999999999289, -39.50000000000000000 ) ) ;
#259 = EDGE_CURVE ( 'NONE', #4181, #268, #5471, .T. ) ;
#260 = DIRECTION ( 'NONE',  ( 1.000000000000000000, 0.000000000000000000, 0.000000000000000000 ) ) ;
#261 = ORIENTED_EDGE ( 'NONE', *, *, #3678, .F. ) ;
#262 = VERTEX_POINT ( 'NONE', #2836 ) ;
#263 = AXIS2_PLACEMENT_3D ( 'NONE', #1818, #328, #4515 ) ;
#264 = CARTESIAN_POINT ( 'NONE',  ( 5.000000000000013323, -49.99999999999999289, 39.50000000000000000 ) ) ;
#265 = VERTEX_POINT ( 'NONE', #5521 ) ;
#266 = DIRECTION ( 'NONE',  ( 0.000000000000000000, 0.000000000000000000, 1.000000000000000000 ) ) ;
#267 = CARTESIAN_POINT ( 'NONE',  ( 6.000000000000005329, -20.66666666666667496, -34.00000000000000000 ) ) ;
#268 = VERTEX_POINT ( 'NONE', #5893 ) ;
#269 = DIRECTION ( 'NONE',  ( -1.000000000000000000, 0.000000000000000000, 0.000000000000000000 ) ) ;
#270 = CIRCLE ( 'NONE', #6283, 1.000000000000000000 ) ;
#271 = CYLINDRICAL_SURFACE ( 'NONE', #4079, 1.000000000000000000 ) ;
#272 = ORIENTED_EDGE ( 'NONE', *, *, #8333, .T. ) ;
#273 = CARTESIAN_POINT ( 'NONE',  ( 1.000000000000000888, -53.00000000000000711, -32.00000000000000000 ) ) ;
#274 = DIRECTION ( 'NONE',  ( 0.000000000000000000, 0.6666666666666669627, -0.7453559924999295649 ) ) ;
#275 = DIRECTION ( 'NONE',  ( 0.000000000000000000, 0.000000000000000000, 1.000000000000000000 ) ) ;
#276 = AXIS2_PLACEMENT_3D ( 'NONE', #7940, #1966, #1308 ) ;
#277 = DIRECTION ( 'NONE',  ( 0.000000000000000000, 0.000000000000000000, 1.000000000000000000 ) ) ;
#278 = CARTESIAN_POINT ( 'NONE',  ( 1.000000000000000888, -20.66666666666667496, -33.00000000000000711 ) ) ;
#279 = ORIENTED_EDGE ( 'NONE', *, *, #7888, .F. ) ;
#280 = DIRECTION ( 'NONE',  ( -1.000000000000000000, 0.000000000000000000, 0.000000000000000000 ) ) ;
#281 = CARTESIAN_POINT ( 'NONE',  ( 6.000000000000000000, 44.00000000000000711, 35.52786404500041328 ) ) ;
#282 = CARTESIAN_POINT ( 'NONE',  ( 1.000000000000000888, -43.93221901135654406, -36.52556426930554778 ) ) ;
#283 = CARTESIAN_POINT ( 'NONE',  ( 6.000000000000000000, 22.66666666666666785, 40.99999999999999289 ) ) ;
#284 = CIRCLE ( 'NONE', #1403, 1.000000000000000888 ) ;
#285 = DIRECTION ( 'NONE',  ( 0.000000000000000000, 0.000000000000000000, -1.000000000000000000 ) ) ;
#286 = ORIENTED_EDGE ( 'NONE', *, *, #8468, .T. ) ;
#287 = VERTEX_POINT ( 'NONE', #4610 ) ;
#288 = CARTESIAN_POINT ( 'NONE',  ( 143.6861997365472519, 10.66666666666666785, -41.99999999999999289 ) ) ;
#289 = CARTESIAN_POINT ( 'NONE',  ( 7.000000000000000888, -56.50000000000000000, 19.99999999999999645 ) ) ;
#290 = DIRECTION ( 'NONE',  ( 0.000000000000000000, 0.000000000000000000, 1.000000000000000000 ) ) ;
#291 = ORIENTED_EDGE ( 'NONE', *, *, #3423, .T. ) ;
#292 = EDGE_CURVE ( 'NONE', #7490, #2500, #3250, .T. ) ;
#293 = ORIENTED_EDGE ( 'NONE', *, *, #4470, .T. ) ;
#294 = EDGE_LOOP ( 'NONE', ( #114, #3826, #3499 ) ) ;
#295 = FACE_OUTER_BOUND ( 'NONE', #338, .T. ) ;
#296 = VECTOR ( 'NONE', #3356, 1000.000000000000000 ) ;
#297 = CYLINDRICAL_SURFACE ( 'NONE', #3765, 5.000000000000004441 ) ;
#298 = ORIENTED_EDGE ( 'NONE', *, *, #197, .F. ) ;
#299 = EDGE_CURVE ( 'NONE', #829, #6744, #2527, .T. ) ;
#300 = EDGE_CURVE ( 'NONE', #5714, #3226, #890, .T. ) ;
#301 = FACE_OUTER_BOUND ( 'NONE', #1921, .T. ) ;
#302 = CARTESIAN_POINT ( 'NONE',  ( 10.00000000000000000, -55.00000000000000000, -45.00000000000000000 ) ) ;
#303 = CYLINDRICAL_SURFACE ( 'NONE', #1482, 1.000000000000000888 ) ;
#304 = ORIENTED_EDGE ( 'NONE', *, *, #7605, .T. ) ;
#305 = VERTEX_POINT ( 'NONE', #7889 ) ;
#306 = ORIENTED_EDGE ( 'NONE', *, *, #4528, .T. ) ;
#307 = ADVANCED_FACE ( 'NONE', ( #4529 ), #1224, .T. ) ;
#308 = LINE ( 'NONE', #7603, #446 ) ;
#309 = ADVANCED_FACE ( 'NONE', ( #560 ), #2692, .T. ) ;
#310 = CARTESIAN_POINT ( 'NONE',  ( 0.9497172746248242481, 43.70876591699934721, 36.49027940765964928 ) ) ;
#311 = EDGE_LOOP ( 'NONE', ( #6979, #7418, #8511, #7634 ) ) ;
#312 = CARTESIAN_POINT ( 'NONE',  ( 1.000000000000000888, 12.66666666666667673, -33.00000000000000000 ) ) ;
#313 = DIRECTION ( 'NONE',  ( 0.000000000000000000, 0.8648376228072159888, -0.5020516767994741558 ) ) ;
#314 = ORIENTED_EDGE ( 'NONE', *, *, #666, .T. ) ;
#315 = CARTESIAN_POINT ( 'NONE',  ( -2.449293598294688665E-16, -56.99999999999998579, -19.99999999999999645 ) ) ;
#316 = DIRECTION ( 'NONE',  ( 0.000000000000000000, 0.000000000000000000, 1.000000000000000000 ) ) ;
#317 = CIRCLE ( 'NONE', #589, 1.000000000000007772 ) ;
#318 = DIRECTION ( 'NONE',  ( -0.000000000000000000, -1.000000000000000000, 2.775557561562904367E-15 ) ) ;
#319 = DIRECTION ( 'NONE',  ( 0.000000000000000000, 0.000000000000000000, 1.000000000000000000 ) ) ;
#320 = CARTESIAN_POINT ( 'NONE',  ( -1.192622389734054877E-15, -35.44600055583007503, -39.42624999999997470 ) ) ;
#321 = EDGE_LOOP ( 'NONE', ( #1279, #8465, #4576, #4916 ) ) ;
#322 = EDGE_CURVE ( 'NONE', #3247, #4990, #1311, .T. ) ;
#323 = LINE ( 'NONE', #5703, #766 ) ;
#324 = VECTOR ( 'NONE', #510, 1000.000000000000000 ) ;
#325 = DIRECTION ( 'NONE',  ( -0.000000000000000000, -0.000000000000000000, -1.000000000000000000 ) ) ;
#326 = AXIS2_PLACEMENT_3D ( 'NONE', #7229, #1257, #7884 ) ;
#327 = DIRECTION ( 'NONE',  ( 1.000000000000000000, 0.000000000000000000, 0.000000000000000000 ) ) ;
#328 = DIRECTION ( 'NONE',  ( 0.000000000000000000, 0.000000000000000000, 1.000000000000000000 ) ) ;
#329 = ORIENTED_EDGE ( 'NONE', *, *, #7640, .T. ) ;
#330 = DIRECTION ( 'NONE',  ( 0.000000000000000000, 0.000000000000000000, 1.000000000000000000 ) ) ;
#331 = AXIS2_PLACEMENT_3D ( 'NONE', #4490, #5202, #7813 ) ;
#332 = DIRECTION ( 'NONE',  ( 0.000000000000000000, 0.000000000000000000, 1.000000000000000000 ) ) ;
#333 = CARTESIAN_POINT ( 'NONE',  ( 1.000000000000000888, 12.66666666666667673, -34.00000000000000000 ) ) ;
#334 = CIRCLE ( 'NONE', #5636, 1.000000000000000000 ) ;
#335 = ORIENTED_EDGE ( 'NONE', *, *, #2985, .F. ) ;
#336 = ORIENTED_EDGE ( 'NONE', *, *, #7681, .T. ) ;
#337 = AXIS2_PLACEMENT_3D ( 'NONE', #1528, #6207, #2097 ) ;
#338 = EDGE_LOOP ( 'NONE', ( #5023, #2411, #5201, #5460 ) ) ;
#339 = CARTESIAN_POINT ( 'NONE',  ( 6.000000000000005329, -10.66666666666666785, 41.99999999999998579 ) ) ;
#340 = AXIS2_PLACEMENT_3D ( 'NONE', #3892, #5912, #5300 ) ;
#341 = EDGE_CURVE ( 'NONE', #2311, #6937, #6195, .T. ) ;
#342 = VERTEX_POINT ( 'NONE', #8539 ) ;
#343 = CARTESIAN_POINT ( 'NONE',  ( -5.421010862427522170E-16, 43.06000000000000227, 36.57881599442531240 ) ) ;
#344 = ORIENTED_EDGE ( 'NONE', *, *, #1651, .F. ) ;
#345 = AXIS2_PLACEMENT_3D ( 'NONE', #7085, #6436, #7817 ) ;
#346 = CIRCLE ( 'NONE', #3829, 0.5000000000000004441 ) ;
#347 = DIRECTION ( 'NONE',  ( 0.000000000000000000, 0.000000000000000000, 1.000000000000000000 ) ) ;
#348 = LINE ( 'NONE', #1668, #2579 ) ;
#349 = CARTESIAN_POINT ( 'NONE',  ( 1.000000000000000888, 22.66666666666667496, -41.99999999999999289 ) ) ;
#350 = DIRECTION ( 'NONE',  ( -1.000000000000000000, -0.000000000000000000, -0.000000000000000000 ) ) ;
#351 = ADVANCED_FACE ( 'NONE', ( #1990 ), #4649, .F. ) ;
#352 = VERTEX_POINT ( 'NONE', #3989 ) ;
#353 = ORIENTED_EDGE ( 'NONE', *, *, #4032, .F. ) ;
#354 = CIRCLE ( 'NONE', #4667, 4.590000000000003411 ) ;
#355 = EDGE_LOOP ( 'NONE', ( #2942, #228, #5411, #6353 ) ) ;
#356 = FACE_OUTER_BOUND ( 'NONE', #8430, .T. ) ;
#357 = CIRCLE ( 'NONE', #1615, 1.000000000000000000 ) ;
#358 = DIRECTION ( 'NONE',  ( -1.000000000000000000, 0.000000000000000000, 0.000000000000000000 ) ) ;
#359 = VECTOR ( 'NONE', #1653, 1000.000000000000000 ) ;
#360 = ORIENTED_EDGE ( 'NONE', *, *, #7836, .T. ) ;
#361 = DIRECTION ( 'NONE',  ( -0.000000000000000000, 0.000000000000000000, -1.000000000000000000 ) ) ;
#362 = CARTESIAN_POINT ( 'NONE',  ( 5.000000000000009770, -16.66666666666666430, -45.00000000000000000 ) ) ;
#363 = EDGE_CURVE ( 'NONE', #3924, #8079, #2435, .T. ) ;
#364 = ORIENTED_EDGE ( 'NONE', *, *, #3840, .F. ) ;
#365 = DIRECTION ( 'NONE',  ( 0.000000000000000000, 0.000000000000000000, -1.000000000000000000 ) ) ;
#366 = VECTOR ( 'NONE', #7390, 1000.000000000000000 ) ;
#367 = DIRECTION ( 'NONE',  ( -1.000000000000000000, -0.000000000000000000, -0.000000000000000000 ) ) ;
#368 = DIRECTION ( 'NONE',  ( 0.000000000000000000, 0.000000000000000000, 1.000000000000000000 ) ) ;
#369 = CARTESIAN_POINT ( 'NONE',  ( 0.9999999678866062780, -34.70833554675004962, -40.41817011304590324 ) ) ;
#370 = ORIENTED_EDGE ( 'NONE', *, *, #8280, .F. ) ;
#371 = CARTESIAN_POINT ( 'NONE',  ( 6.000000000000005329, -40.00000000000000000, -39.99999999999999289 ) ) ;
#372 = CIRCLE ( 'NONE', #513, 1.000000000000000888 ) ;
#373 = DIRECTION ( 'NONE',  ( 0.000000000000000000, 0.000000000000000000, 1.000000000000000000 ) ) ;
#374 = ADVANCED_FACE ( 'NONE', ( #2804 ), #3390, .F. ) ;
#375 = CARTESIAN_POINT ( 'NONE',  ( 6.000000000000005329, 44.00000000000000711, 35.52786404500041328 ) ) ;
#376 = PRODUCT_DEFINITION ( 'UNKNOWN', '', #7515, #1310 ) ;
#377 = LINE ( 'NONE', #3028, #7805 ) ;
#378 = CARTESIAN_POINT ( 'NONE',  ( 6.000000000000005329, 11.66666666666667318, -40.99999999999999289 ) ) ;
#379 = EDGE_CURVE ( 'NONE', #4082, #3722, #5224, .T. ) ;
#380 = ORIENTED_EDGE ( 'NONE', *, *, #5830, .F. ) ;
#381 = CARTESIAN_POINT ( 'NONE',  ( 7.000000000000000000, -51.00000000000000711, -32.00000000000000000 ) ) ;
#382 = AXIS2_PLACEMENT_3D ( 'NONE', #3569, #7591, #1701 ) ;
#383 = CARTESIAN_POINT ( 'NONE',  ( 0.000000000000000000, -40.00000000000000000, 39.99999999999999289 ) ) ;
#384 = CARTESIAN_POINT ( 'NONE',  ( 0.8074032449773766995, 40.00000000000000000, -35.99999999999999289 ) ) ;
#385 = ORIENTED_EDGE ( 'NONE', *, *, #4247, .T. ) ;
#386 = CARTESIAN_POINT ( 'NONE',  ( 1.000000000000000888, 44.00000000000000711, -35.52786404500041328 ) ) ;
#387 = ORIENTED_EDGE ( 'NONE', *, *, #8428, .F. ) ;
#388 = ORIENTED_EDGE ( 'NONE', *, *, #3049, .T. ) ;
#389 = DIRECTION ( 'NONE',  ( 0.000000000000000000, 0.000000000000000000, 1.000000000000000000 ) ) ;
#390 = VERTEX_POINT ( 'NONE', #2678 ) ;
#391 = AXIS2_PLACEMENT_3D ( 'NONE', #2844, #7093, #6786 ) ;
#392 = CARTESIAN_POINT ( 'NONE',  ( 6.999999999999996447, -57.00000000000000000, 9.999999999999996447 ) ) ;
#393 = ORIENTED_EDGE ( 'NONE', *, *, #6277, .T. ) ;
#394 = CARTESIAN_POINT ( 'NONE',  ( 0.000000000000000000, 22.66666666666666785, 40.99999999999999289 ) ) ;
#395 = DIRECTION ( 'NONE',  ( -1.000000000000000000, -0.000000000000000000, -0.000000000000000000 ) ) ;
#396 = VECTOR ( 'NONE', #7266, 1000.000000000000000 ) ;
#397 = DIRECTION ( 'NONE',  ( 0.000000000000000000, 2.775557561562896479E-15, -1.000000000000000000 ) ) ;
#398 = FACE_OUTER_BOUND ( 'NONE', #3626, .T. ) ;
#399 = ORIENTED_EDGE ( 'NONE', *, *, #7683, .F. ) ;
#400 = ORIENTED_EDGE ( 'NONE', *, *, #4246, .F. ) ;
#401 = ORIENTED_EDGE ( 'NONE', *, *, #2459, .T. ) ;
#402 = CIRCLE ( 'NONE', #8193, 1.000000000000000888 ) ;
#403 = CARTESIAN_POINT ( 'NONE',  ( 2.499999999999999556, -55.00000000000000000, 9.999999999999996447 ) ) ;
#404 = EDGE_CURVE ( 'NONE', #8120, #4204, #4519, .T. ) ;
#405 = VERTEX_POINT ( 'NONE', #7491 ) ;
#406 = CARTESIAN_POINT ( 'NONE',  ( 143.6861997365472519, -52.00000000000000000, 32.00000000000001421 ) ) ;
#407 = CARTESIAN_POINT ( 'NONE',  ( 5.000000000000005329, 16.66666666666667140, 39.50000000000000000 ) ) ;
#408 = VERTEX_POINT ( 'NONE', #4784 ) ;
#409 = FACE_OUTER_BOUND ( 'NONE', #7049, .T. ) ;
#410 = LINE ( 'NONE', #5144, #5579 ) ;
#411 = CARTESIAN_POINT ( 'NONE',  ( 1.000000000000000888, -34.65725893522787260, -40.50615503039841059 ) ) ;
#412 = EDGE_LOOP ( 'NONE', ( #3483, #380, #6709 ) ) ;
#413 = ADVANCED_FACE ( 'NONE', ( #4878 ), #4789, .F. ) ;
#414 = AXIS2_PLACEMENT_3D ( 'NONE', #6364, #8400, #7660 ) ;
#415 = CIRCLE ( 'NONE', #3320, 1.000000000000007772 ) ;
#416 = EDGE_CURVE ( 'NONE', #5937, #2700, #2040, .T. ) ;
#417 = CARTESIAN_POINT ( 'NONE',  ( 6.000000000000005329, -50.99999999999999289, 33.00000000000001421 ) ) ;
#418 = FACE_OUTER_BOUND ( 'NONE', #3758, .T. ) ;
#419 = CARTESIAN_POINT ( 'NONE',  ( 0.000000000000000000, -46.00000000000000711, 35.52786404500041328 ) ) ;
#420 = DIRECTION ( 'NONE',  ( 0.000000000000000000, 0.000000000000000000, 1.000000000000000000 ) ) ;
#421 = FACE_OUTER_BOUND ( 'NONE', #2325, .T. ) ;
#422 = FACE_OUTER_BOUND ( 'NONE', #913, .T. ) ;
#423 = CIRCLE ( 'NONE', #8218, 1.000000000000000888 ) ;
#424 = CARTESIAN_POINT ( 'NONE',  ( 7.500000000000000888, -55.50000000000000000, 9.999999999999996447 ) ) ;
#425 = DIRECTION ( 'NONE',  ( -1.000000000000000000, 0.000000000000000000, 0.000000000000000000 ) ) ;
#426 = CARTESIAN_POINT ( 'NONE',  ( 6.000000000000005329, 40.00000000000000000, -39.99999999999999289 ) ) ;
#427 = ORIENTED_EDGE ( 'NONE', *, *, #2872, .T. ) ;
#428 = EDGE_CURVE ( 'NONE', #3450, #69, #1191, .T. ) ;
#429 = EDGE_CURVE ( 'NONE', #8431, #3095, #4697, .T. ) ;
#430 = CARTESIAN_POINT ( 'NONE',  ( 143.6861997365472519, -44.00000000000001421, -35.52786404500042039 ) ) ;
#431 = CARTESIAN_POINT ( 'NONE',  ( 143.6861997365472519, -35.03921629175389540, -39.37499999999997868 ) ) ;
#432 = AXIS2_PLACEMENT_3D ( 'NONE', #4228, #6998, #1630 ) ;
#433 = VERTEX_POINT ( 'NONE', #7403 ) ;
#434 = ORIENTED_EDGE ( 'NONE', *, *, #6226, .F. ) ;
#435 = ORIENTED_EDGE ( 'NONE', *, *, #3548, .T. ) ;
#436 = AXIS2_PLACEMENT_3D ( 'NONE', #1558, #2897, #4174 ) ;
#437 = CARTESIAN_POINT ( 'NONE',  ( 6.000000000000005329, 10.66666666666667140, 41.99999999999998579 ) ) ;
#438 = ORIENTED_EDGE ( 'NONE', *, *, #8552, .T. ) ;
#439 = ADVANCED_FACE ( 'NONE', ( #103 ), #4033, .F. ) ;
#440 = DIRECTION ( 'NONE',  ( -0.000000000000000000, 1.000000000000000000, -7.384882149680603249E-16 ) ) ;
#441 = DIRECTION ( 'NONE',  ( 0.02829055873697651491, 3.464594220332847789E-18, -0.9995997420399574951 ) ) ;
#442 = DIRECTION ( 'NONE',  ( 0.000000000000000000, 1.000000000000000000, -0.000000000000000000 ) ) ;
#443 = ORIENTED_EDGE ( 'NONE', *, *, #6869, .T. ) ;
#444 = ORIENTED_EDGE ( 'NONE', *, *, #1137, .T. ) ;
#445 = ORIENTED_EDGE ( 'NONE', *, *, #3333, .F. ) ;
#446 = VECTOR ( 'NONE', #1061, 1000.000000000000000 ) ;
#447 = EDGE_CURVE ( 'NONE', #7896, #2902, #8096, .T. ) ;
#448 = CARTESIAN_POINT ( 'NONE',  ( 5.000000000000005329, 16.66666666666667140, 39.50000000000000000 ) ) ;
#449 = EDGE_LOOP ( 'NONE', ( #7822, #5384, #982, #6448 ) ) ;
#450 = CARTESIAN_POINT ( 'NONE',  ( 1.000000000000000888, -34.65725893522787260, 40.50615503039841769 ) ) ;
#451 = CYLINDRICAL_SURFACE ( 'NONE', #481, 1.850000000000000977 ) ;
#452 = ORIENTED_EDGE ( 'NONE', *, *, #7314, .F. ) ;
#454 = EDGE_CURVE ( 'NONE', #6631, #4082, #5446, .T. ) ;
#453 = CARTESIAN_POINT ( 'NONE',  ( 10.00000000000000000, -55.00000000000000000, 45.00000000000000000 ) ) ;
#455 = CARTESIAN_POINT ( 'NONE',  ( 1.000000000000000888, -12.66666666666666430, 33.00000000000000711 ) ) ;
#456 = DIRECTION ( 'NONE',  ( -1.000000000000000000, -0.000000000000000000, -0.000000000000000000 ) ) ;
#457 = CARTESIAN_POINT ( 'NONE',  ( 143.6861997365472519, -50.99999999999999289, 32.00000000000001421 ) ) ;
#458 = CARTESIAN_POINT ( 'NONE',  ( 6.000000000000005329, 22.66666666666667496, -40.99999999999999289 ) ) ;
#459 = DIRECTION ( 'NONE',  ( 0.000000000000000000, 0.000000000000000000, 1.000000000000000000 ) ) ;
#460 = AXIS2_PLACEMENT_3D ( 'NONE', #7767, #4438, #1134 ) ;
#461 = CARTESIAN_POINT ( 'NONE',  ( 6.000000000000005329, 44.00000000000000711, 35.52786404500041328 ) ) ;
#462 = DIRECTION ( 'NONE',  ( -0.000000000000000000, -0.000000000000000000, -1.000000000000000000 ) ) ;
#463 = DIRECTION ( 'NONE',  ( 0.000000000000000000, -1.000000000000000000, -1.734723475976805319E-15 ) ) ;
#464 = EDGE_CURVE ( 'NONE', #8516, #3345, #6149, .T. ) ;
#465 = EDGE_CURVE ( 'NONE', #5070, #2507, #4094, .T. ) ;
#466 = ORIENTED_EDGE ( 'NONE', *, *, #1806, .F. ) ;
#467 = LINE ( 'NONE', #3119, #7190 ) ;
#468 = ORIENTED_EDGE ( 'NONE', *, *, #2234, .T. ) ;
#469 = AXIS2_PLACEMENT_3D ( 'NONE', #3811, #6494, #505 ) ;
#470 = CARTESIAN_POINT ( 'NONE',  ( 1.000000000000000888, -20.66666666666666785, 33.99999999999999289 ) ) ;
#471 = DIRECTION ( 'NONE',  ( -1.000000000000000000, -0.000000000000000000, -0.000000000000000000 ) ) ;
#472 = DIRECTION ( 'NONE',  ( 0.000000000000000000, 1.000000000000000000, -7.384882149680598319E-16 ) ) ;
#473 = EDGE_CURVE ( 'NONE', #7156, #743, #1467, .T. ) ;
#474 = CONICAL_SURFACE ( 'NONE', #1027, 4.590000000000003411, 0.7853981633974498333 ) ;
#475 = EDGE_CURVE ( 'NONE', #3222, #1321, #3953, .T. ) ;
#476 = EDGE_LOOP ( 'NONE', ( #904, #8027, #8205, #4638, #1618, #5527, #741, #6736, #3357, #4624, #3854, #6445 ) ) ;
#477 = AXIS2_PLACEMENT_3D ( 'NONE', #6041, #8605, #1980 ) ;
#478 = ORIENTED_EDGE ( 'NONE', *, *, #2508, .T. ) ;
#479 = VECTOR ( 'NONE', #665, 1000.000000000000000 ) ;
#480 = PLANE ( 'NONE',  #3403 ) ;
#481 = AXIS2_PLACEMENT_3D ( 'NONE', #6357, #7788, #7135 ) ;
#482 = SPHERICAL_SURFACE ( 'NONE', #3009, 1.000000000000000000 ) ;
#483 = VERTEX_POINT ( 'NONE', #8055 ) ;
#484 = ORIENTED_EDGE ( 'NONE', *, *, #8384, .T. ) ;
#485 = EDGE_CURVE ( 'NONE', #6019, #3222, #6790, .T. ) ;
#486 = AXIS2_PLACEMENT_3D ( 'NONE', #7672, #7112, #1692 ) ;
#487 = CARTESIAN_POINT ( 'NONE',  ( 2.499999999999999556, -57.00000000000000000, -9.999999999999996447 ) ) ;
#488 = ORIENTED_EDGE ( 'NONE', *, *, #5969, .F. ) ;
#489 = AXIS2_PLACEMENT_3D ( 'NONE', #4630, #7871, #1207 ) ;
#490 = DIRECTION ( 'NONE',  ( 0.000000000000000000, 0.000000000000000000, -1.000000000000000000 ) ) ;
#491 = FACE_OUTER_BOUND ( 'NONE', #996, .T. ) ;
#492 = EDGE_LOOP ( 'NONE', ( #722, #4626, #8168 ) ) ;
#493 = CARTESIAN_POINT ( 'NONE',  ( -2.048775777637462828E-09, -43.48977441066426053, -37.01658434921172613 ) ) ;
#494 = AXIS2_PLACEMENT_3D ( 'NONE', #4156, #189, #2118 ) ;
#495 = DIRECTION ( 'NONE',  ( -0.000000000000000000, 1.000000000000000000, -3.252606517456512809E-16 ) ) ;
#496 = EDGE_LOOP ( 'NONE', ( #1591, #748, #1396, #5700 ) ) ;
#497 = CARTESIAN_POINT ( 'NONE',  ( 0.000000000000000000, 51.00000000000000000, -34.00000000000000711 ) ) ;
#498 = CARTESIAN_POINT ( 'NONE',  ( 1.000000000000000888, 43.93221901135653695, -36.52556426930555489 ) ) ;
#499 = EDGE_CURVE ( 'NONE', #2133, #4744, #5099, .T. ) ;
#500 = CIRCLE ( 'NONE', #5248, 2.249999999999995115 ) ;
#501 = DIRECTION ( 'NONE',  ( 0.000000000000000000, -1.000000000000000000, 0.000000000000000000 ) ) ;
#502 = CIRCLE ( 'NONE', #4809, 1.999999999999998224 ) ;
#503 = DIRECTION ( 'NONE',  ( -0.000000000000000000, -1.084202172485504187E-16, -1.000000000000000000 ) ) ;
#504 = DIRECTION ( 'NONE',  ( -1.000000000000000000, 0.000000000000000000, 6.938893903907228378E-15 ) ) ;
#505 = DIRECTION ( 'NONE',  ( 0.000000000000000000, 0.000000000000000000, 1.000000000000000000 ) ) ;
#506 = DIRECTION ( 'NONE',  ( 0.000000000000000000, 1.000000000000000000, -0.000000000000000000 ) ) ;
#507 = CIRCLE ( 'NONE', #3147, 2.000000000000452083 ) ;
#508 = DIRECTION ( 'NONE',  ( 1.000000000000000000, 0.000000000000000000, 0.000000000000000000 ) ) ;
#509 = CARTESIAN_POINT ( 'NONE',  ( 0.8074032449773838049, -43.33333333333333570, 36.27322003750034440 ) ) ;
#510 = DIRECTION ( 'NONE',  ( 0.000000000000000000, -1.000000000000000000, 3.252606517456512809E-16 ) ) ;
#511 = VERTEX_POINT ( 'NONE', #196 ) ;
#512 = FACE_OUTER_BOUND ( 'NONE', #7031, .T. ) ;
#513 = AXIS2_PLACEMENT_3D ( 'NONE', #7895, #1918, #2495 ) ;
#514 = CARTESIAN_POINT ( 'NONE',  ( 1.051440441613785055E-09, 35.47947081776773359, 40.80427681105292947 ) ) ;
#515 = EDGE_CURVE ( 'NONE', #6173, #4719, #191, .T. ) ;
#516 = DIRECTION ( 'NONE',  ( 0.000000000000000000, 0.000000000000000000, 1.000000000000000000 ) ) ;
#517 = ORIENTED_EDGE ( 'NONE', *, *, #6238, .T. ) ;
#518 = DIRECTION ( 'NONE',  ( -0.000000000000000000, -0.000000000000000000, 1.000000000000000000 ) ) ;
#519 = CONICAL_SURFACE ( 'NONE', #1634, 1.850000000000001865, 0.02829433384850000774 ) ;
#520 = ORIENTED_EDGE ( 'NONE', *, *, #535, .F. ) ;
#521 = DIRECTION ( 'NONE',  ( -0.000000000000000000, -0.000000000000000000, -1.000000000000000000 ) ) ;
#522 = ORIENTED_EDGE ( 'NONE', *, *, #3490, .T. ) ;
#523 = EDGE_CURVE ( 'NONE', #3226, #1782, #7041, .T. ) ;
#524 = CARTESIAN_POINT ( 'NONE',  ( 3.150000000000013678, -49.99999999999999289, 39.69999999998333351 ) ) ;
#525 = DIRECTION ( 'NONE',  ( -1.000000000000000000, -0.000000000000000000, -0.000000000000000000 ) ) ;
#526 = CARTESIAN_POINT ( 'NONE',  ( 1.000000000000000888, 50.99999999999999289, 33.00000000000000000 ) ) ;
#527 = CIRCLE ( 'NONE', #4839, 6.000000000000005329 ) ;
#528 = ORIENTED_EDGE ( 'NONE', *, *, #7743, .T. ) ;
#529 = VERTEX_POINT ( 'NONE', #381 ) ;
#530 = CARTESIAN_POINT ( 'NONE',  ( 1.000000000000000888, -12.66666666666666430, 34.00000000000000711 ) ) ;
#531 = ORIENTED_EDGE ( 'NONE', *, *, #7296, .F. ) ;
#532 = DIRECTION ( 'NONE',  ( 1.000000000000000000, -0.000000000000000000, -0.000000000000000000 ) ) ;
#533 = EDGE_CURVE ( 'NONE', #3450, #1368, #5793, .T. ) ;
#534 = VECTOR ( 'NONE', #7415, 1000.000000000000000 ) ;
#535 = EDGE_CURVE ( 'NONE', #6210, #6553, #6346, .T. ) ;
#536 = CARTESIAN_POINT ( 'NONE',  ( 0.1067883578034903441, -43.93533156253134564, 36.53267703188944182 ) ) ;
#537 = VERTEX_POINT ( 'NONE', #2895 ) ;
#538 = DIRECTION ( 'NONE',  ( 0.000000000000000000, 1.000000000000000000, -0.000000000000000000 ) ) ;
#539 = DIRECTION ( 'NONE',  ( 0.000000000000000000, -1.000000000000000000, 0.000000000000000000 ) ) ;
#540 = ORIENTED_EDGE ( 'NONE', *, *, #3167, .F. ) ;
#541 = AXIS2_PLACEMENT_3D ( 'NONE', #7906, #6683, #5951 ) ;
#542 = CYLINDRICAL_SURFACE ( 'NONE', #6544, 2.500000000000001332 ) ;
#543 = DIRECTION ( 'NONE',  ( 0.000000000000000000, 0.9921567416492338420, 0.1249999999999026890 ) ) ;
#544 = DIRECTION ( 'NONE',  ( 0.000000000000000000, 0.000000000000000000, 1.000000000000000000 ) ) ;
#545 = EDGE_CURVE ( 'NONE', #5431, #1193, #4952, .T. ) ;
#546 = CYLINDRICAL_SURFACE ( 'NONE', #2161, 1.000000000000000888 ) ;
#547 = AXIS2_PLACEMENT_3D ( 'NONE', #264, #4099, #81 ) ;
#548 = CARTESIAN_POINT ( 'NONE',  ( 0.000000000000000000, -40.00000000000000000, -39.99999999999999289 ) ) ;
#549 = DIRECTION ( 'NONE',  ( -1.000000000000000000, -0.000000000000000000, -0.000000000000000000 ) ) ;
#550 = DIRECTION ( 'NONE',  ( 0.000000000000000000, 0.000000000000000000, 1.000000000000000000 ) ) ;
#551 = VECTOR ( 'NONE', #7715, 1000.000000000000000 ) ;
#552 = DIRECTION ( 'NONE',  ( 0.000000000000000000, 0.000000000000000000, 1.000000000000000000 ) ) ;
#553 = CARTESIAN_POINT ( 'NONE',  ( 0.8521711016307854658, 34.96917791554941601, 39.76985738353316435 ) ) ;
#554 = DIRECTION ( 'NONE',  ( 0.000000000000000000, 0.000000000000000000, 1.000000000000000000 ) ) ;
#555 = ORIENTED_EDGE ( 'NONE', *, *, #6030, .F. ) ;
#556 = CIRCLE ( 'NONE', #4452, 1.000000000000000888 ) ;
#557 = AXIS2_PLACEMENT_3D ( 'NONE', #4043, #6714, #2093 ) ;
#558 = ORIENTED_EDGE ( 'NONE', *, *, #2014, .F. ) ;
#559 = DIRECTION ( 'NONE',  ( -1.000000000000000000, -0.000000000000000000, -0.000000000000000000 ) ) ;
#560 = FACE_OUTER_BOUND ( 'NONE', #4651, .T. ) ;
#561 = ADVANCED_FACE ( 'NONE', ( #8235 ), #6326, .T. ) ;
#562 = FACE_OUTER_BOUND ( 'NONE', #5614, .T. ) ;
#563 = ORIENTED_EDGE ( 'NONE', *, *, #2125, .F. ) ;
#564 = PLANE ( 'NONE',  #5369 ) ;
#565 = FACE_BOUND ( 'NONE', #2318, .T. ) ;
#566 = ORIENTED_EDGE ( 'NONE', *, *, #5877, .F. ) ;
#567 = VERTEX_POINT ( 'NONE', #424 ) ;
#568 = ADVANCED_FACE ( 'NONE', ( #3076 ), #8411, .T. ) ;
#569 = CYLINDRICAL_SURFACE ( 'NONE', #4311, 1.000000000000007772 ) ;
#570 = ORIENTED_EDGE ( 'NONE', *, *, #1862, .F. ) ;
#571 = AXIS2_PLACEMENT_3D ( 'NONE', #6645, #8166, #2188 ) ;
#572 = CARTESIAN_POINT ( 'NONE',  ( 6.684982565382332349E-10, -43.15529760315403962, 36.66405276069555441 ) ) ;
#573 = CARTESIAN_POINT ( 'NONE',  ( 5.000000000000005329, 16.66666666666667140, -45.00000000000000000 ) ) ;
#574 = CYLINDRICAL_SURFACE ( 'NONE', #1186, 1.000000000000000888 ) ;
#575 = ORIENTED_EDGE ( 'NONE', *, *, #8562, .T. ) ;
#576 = EDGE_CURVE ( 'NONE', #4459, #5074, #2943, .T. ) ;
#577 = EDGE_CURVE ( 'NONE', #6797, #5648, #7714, .T. ) ;
#578 = CYLINDRICAL_SURFACE ( 'NONE', #2992, 1.000000000000000888 ) ;
#579 = CARTESIAN_POINT ( 'NONE',  ( 7.000000000000000000, 34.04705955010467022, -39.24999999999999289 ) ) ;
#580 = CARTESIAN_POINT ( 'NONE',  ( 1.000000000000000888, 32.06274606680621986, 38.99999999999999289 ) ) ;
#581 = LINE ( 'NONE', #4557, #3513 ) ;
#582 = ORIENTED_EDGE ( 'NONE', *, *, #5083, .F. ) ;
#583 = DIRECTION ( 'NONE',  ( -0.02829055873697651491, 0.000000000000000000, -0.9995997420399574951 ) ) ;
#584 = EDGE_CURVE ( 'NONE', #1321, #3921, #4924, .T. ) ;
#585 = LINE ( 'NONE', #3902, #5878 ) ;
#586 = CARTESIAN_POINT ( 'NONE',  ( 143.6861997365472519, 32.06274606680621986, -41.99999999999999289 ) ) ;
#587 = DIRECTION ( 'NONE',  ( -1.000000000000000000, -0.000000000000000000, -0.000000000000000000 ) ) ;
#588 = DIRECTION ( 'NONE',  ( 0.000000000000000000, -0.000000000000000000, 1.000000000000000000 ) ) ;
#589 = AXIS2_PLACEMENT_3D ( 'NONE', #386, #7845, #3169 ) ;
#590 = ORIENTED_EDGE ( 'NONE', *, *, #1167, .T. ) ;
#591 = CARTESIAN_POINT ( 'NONE',  ( 1.000000000000000888, 20.66666666666666785, 34.00000000000000000 ) ) ;
#592 = ORIENTED_EDGE ( 'NONE', *, *, #238, .T. ) ;
#593 = DIRECTION ( 'NONE',  ( -6.556768198879015021E-17, 0.7453559924999264563, -0.6666666666666705154 ) ) ;
#594 = DIRECTION ( 'NONE',  ( 0.000000000000000000, 0.000000000000000000, 1.000000000000000000 ) ) ;
#595 = CIRCLE ( 'NONE', #326, 1.000000000000000000 ) ;
#596 = ORIENTED_EDGE ( 'NONE', *, *, #6159, .F. ) ;
#597 = ADVANCED_FACE ( 'NONE', ( #5018 ), #3737, .F. ) ;
#598 = VECTOR ( 'NONE', #1937, 1000.000000000000000 ) ;
#599 = VERTEX_POINT ( 'NONE', #5754 ) ;
#600 = DIRECTION ( 'NONE',  ( 0.000000000000000000, 0.000000000000000000, 1.000000000000000000 ) ) ;
#601 = ORIENTED_EDGE ( 'NONE', *, *, #6760, .F. ) ;
#602 = ORIENTED_EDGE ( 'NONE', *, *, #1015, .F. ) ;
#603 = FACE_OUTER_BOUND ( 'NONE', #8184, .T. ) ;
#604 = ORIENTED_EDGE ( 'NONE', *, *, #2180, .T. ) ;
#605 = AXIS2_PLACEMENT_3D ( 'NONE', #708, #2110, #1983 ) ;
#606 = CARTESIAN_POINT ( 'NONE',  ( 143.6861997365472519, 21.66666666666666785, 40.99999999999999289 ) ) ;
#607 = AXIS2_PLACEMENT_3D ( 'NONE', #5259, #1315, #6640 ) ;
#608 = DIRECTION ( 'NONE',  ( 0.000000000000000000, 0.000000000000000000, 1.000000000000000000 ) ) ;
#609 = ORIENTED_EDGE ( 'NONE', *, *, #1460, .T. ) ;
#610 = ADVANCED_FACE ( 'NONE', ( #1736 ), #2434, .T. ) ;
#611 = DIRECTION ( 'NONE',  ( 0.000000000000000000, -6.938893903907221278E-15, 1.000000000000000000 ) ) ;
#612 = CIRCLE ( 'NONE', #1746, 1.850000000000001865 ) ;
#613 = ORIENTED_EDGE ( 'NONE', *, *, #3865, .T. ) ;
#614 = FACE_OUTER_BOUND ( 'NONE', #62, .T. ) ;
#615 = PRODUCT_CONTEXT ( 'NONE', #2131, 'mechanical' ) ;
#616 = CYLINDRICAL_SURFACE ( 'NONE', #340, 5.000000000000004441 ) ;
#617 = VECTOR ( 'NONE', #4198, 1000.000000000000000 ) ;
#618 = VECTOR ( 'NONE', #503, 1000.000000000000000 ) ;
#619 = EDGE_CURVE ( 'NONE', #5456, #5419, #6285, .T. ) ;
#620 = EDGE_LOOP ( 'NONE', ( #1711, #4338, #2984, #6324 ) ) ;
#621 = CARTESIAN_POINT ( 'NONE',  ( 1.000000000000000888, -43.86443802271308101, 37.52326449361068228 ) ) ;
#622 = EDGE_CURVE ( 'NONE', #3960, #2215, #3396, .T. ) ;
#623 = CARTESIAN_POINT ( 'NONE',  ( 0.000000000000000000, 52.99999999999999289, 32.00000000000000000 ) ) ;
#624 = DIRECTION ( 'NONE',  ( 0.000000000000000000, -0.000000000000000000, 1.000000000000000000 ) ) ;
#625 = ORIENTED_EDGE ( 'NONE', *, *, #7021, .T. ) ;
#626 = FACE_OUTER_BOUND ( 'NONE', #5193, .T. ) ;
#627 = CIRCLE ( 'NONE', #1759, 2.000000000000008882 ) ;
#628 = CARTESIAN_POINT ( 'NONE',  ( 6.000000000000000000, 20.66666666666666430, 32.00000000000000000 ) ) ;
#629 = DIRECTION ( 'NONE',  ( 0.000000000000000000, 0.000000000000000000, 1.000000000000000000 ) ) ;
#630 = CARTESIAN_POINT ( 'NONE',  ( 0.000000000000000000, -40.00000000000000000, 35.40999999999998948 ) ) ;
#631 = AXIS2_PLACEMENT_3D ( 'NONE', #2283, #4282, #7517 ) ;
#632 = CARTESIAN_POINT ( 'NONE',  ( 1.000000000000000888, 46.00000000000000711, -33.00000000000002132 ) ) ;
#633 = VECTOR ( 'NONE', #7360, 1000.000000000000000 ) ;
#634 = EDGE_CURVE ( 'NONE', #7236, #7081, #3539, .T. ) ;
#635 = DIRECTION ( 'NONE',  ( -1.000000000000000000, -0.000000000000000000, -0.000000000000000000 ) ) ;
#636 = AXIS2_PLACEMENT_3D ( 'NONE', #6798, #7454, #6024 ) ;
#637 = CARTESIAN_POINT ( 'NONE',  ( 3.252606517456513302E-16, 43.05999999999039574, -36.57881599441672194 ) ) ;
#638 = ORIENTED_EDGE ( 'NONE', *, *, #523, .F. ) ;
#639 = CARTESIAN_POINT ( 'NONE',  ( 1.000000000000000888, 46.00000000000000711, -33.00000000000002132 ) ) ;
#640 = CIRCLE ( 'NONE', #2333, 1.000000000000000000 ) ;
#641 = DIRECTION ( 'NONE',  ( 0.000000000000000000, 0.000000000000000000, 1.000000000000000000 ) ) ;
#642 = ORIENTED_EDGE ( 'NONE', *, *, #7407, .F. ) ;
#643 = ORIENTED_EDGE ( 'NONE', *, *, #584, .F. ) ;
#644 = DIRECTION ( 'NONE',  ( -1.000000000000000000, 0.000000000000000000, 0.000000000000000000 ) ) ;
#645 = VERTEX_POINT ( 'NONE', #5710 ) ;
#646 = VECTOR ( 'NONE', #5149, 1000.000000000000000 ) ;
#647 = CARTESIAN_POINT ( 'NONE',  ( 1.260920339359205399E-09, -43.78517686637410122, 37.40226439447406648 ) ) ;
#648 = ORIENTED_EDGE ( 'NONE', *, *, #4843, .F. ) ;
#649 = CIRCLE ( 'NONE', #3027, 1.000000000000000888 ) ;
#650 = FACE_OUTER_BOUND ( 'NONE', #1066, .T. ) ;
#651 = DIRECTION ( 'NONE',  ( -1.000000000000000000, 0.000000000000000000, 0.000000000000000000 ) ) ;
#652 = ORIENTED_EDGE ( 'NONE', *, *, #7205, .T. ) ;
#653 = DIRECTION ( 'NONE',  ( 0.000000000000000000, 0.000000000000000000, -1.000000000000000000 ) ) ;
#654 = VERTEX_POINT ( 'NONE', #5064 ) ;
#655 = CIRCLE ( 'NONE', #2487, 1.000000000000000888 ) ;
#656 = ADVANCED_FACE ( 'NONE', ( #4387 ), #1602, .T. ) ;
#657 = APPLICATION_PROTOCOL_DEFINITION ( 'draft international standard', 'automotive_design', 1998, #5423 ) ;
#658 = CARTESIAN_POINT ( 'NONE',  ( 0.000000000000000000, -40.00000000000000000, 39.99999999999999289 ) ) ;
#659 = ORIENTED_EDGE ( 'NONE', *, *, #1241, .F. ) ;
#660 = CARTESIAN_POINT ( 'NONE',  ( -4.336808689942017736E-16, -35.44600055583012477, 39.42624999999954838 ) ) ;
#661 = DIRECTION ( 'NONE',  ( 1.000000000000000000, -0.000000000000000000, -0.000000000000000000 ) ) ;
#662 = CARTESIAN_POINT ( 'NONE',  ( 1.000000000000000888, -34.65725893522787260, 40.50615503039841769 ) ) ;
#663 = AXIS2_PLACEMENT_3D ( 'NONE', #7175, #316, #7055 ) ;
#664 = ORIENTED_EDGE ( 'NONE', *, *, #7301, .F. ) ;
#665 = DIRECTION ( 'NONE',  ( -1.000000000000000000, -0.000000000000000000, -0.000000000000000000 ) ) ;
#666 = EDGE_CURVE ( 'NONE', #4394, #3165, #7016, .T. ) ;
#667 = EDGE_CURVE ( 'NONE', #1198, #2119, #8432, .T. ) ;
#668 = CARTESIAN_POINT ( 'NONE',  ( 0.8074032449773838049, 40.00000000000000000, -34.99999999999999289 ) ) ;
#669 = DIRECTION ( 'NONE',  ( 0.000000000000000000, 0.000000000000000000, 1.000000000000000000 ) ) ;
#670 = VECTOR ( 'NONE', #145, 1000.000000000000000 ) ;
#671 = CARTESIAN_POINT ( 'NONE',  ( 6.999999999999996447, -57.00000000000000000, -9.999999999999996447 ) ) ;
#672 = DIRECTION ( 'NONE',  ( -1.000000000000000000, 0.000000000000000000, 0.000000000000000000 ) ) ;
#673 = CARTESIAN_POINT ( 'NONE',  ( 0.000000000000000000, -44.00000000000000711, 35.52786404500041328 ) ) ;
#674 = CARTESIAN_POINT ( 'NONE',  ( 6.000000000000005329, 46.00000000000001421, 33.00000000000001421 ) ) ;
#675 = AXIS2_PLACEMENT_3D ( 'NONE', #6418, #5151, #2477 ) ;
#676 = ORIENTED_EDGE ( 'NONE', *, *, #2462, .F. ) ;
#677 = FACE_OUTER_BOUND ( 'NONE', #3583, .T. ) ;
#678 = EDGE_CURVE ( 'NONE', #2378, #3997, #8408, .T. ) ;
#679 = CARTESIAN_POINT ( 'NONE',  ( 0.000000000000000000, -40.00000000000000000, 39.99999999999999289 ) ) ;
#680 = CARTESIAN_POINT ( 'NONE',  ( 7.000000000000455636, 16.66666666666667140, 45.00000000000000000 ) ) ;
#681 = VERTEX_POINT ( 'NONE', #1031 ) ;
#682 = EDGE_CURVE ( 'NONE', #5688, #1625, #612, .T. ) ;
#683 = AXIS2_PLACEMENT_3D ( 'NONE', #2975, #4288, #8268 ) ;
#684 = VERTEX_POINT ( 'NONE', #5751 ) ;
#685 = FACE_OUTER_BOUND ( 'NONE', #3243, .T. ) ;
#686 = ORIENTED_EDGE ( 'NONE', *, *, #464, .F. ) ;
#687 = ORIENTED_EDGE ( 'NONE', *, *, #8510, .T. ) ;
#688 = AXIS2_PLACEMENT_3D ( 'NONE', #7247, #1401, #3306 ) ;
#689 = LINE ( 'NONE', #6074, #2518 ) ;
#690 = ORIENTED_EDGE ( 'NONE', *, *, #6917, .F. ) ;
#691 = ADVANCED_FACE ( 'NONE', ( #8452 ), #4337, .F. ) ;
#692 = DIRECTION ( 'NONE',  ( 0.000000000000000000, 0.000000000000000000, 1.000000000000000000 ) ) ;
#693 = ORIENTED_EDGE ( 'NONE', *, *, #7854, .F. ) ;
#694 = CIRCLE ( 'NONE', #4176, 1.000000000000000888 ) ;
#695 = LINE ( 'NONE', #5505, #1312 ) ;
#696 = PLANE ( 'NONE',  #67 ) ;
#697 = ORIENTED_EDGE ( 'NONE', *, *, #1907, .F. ) ;
#698 = PLANE ( 'NONE',  #2069 ) ;
#699 = ORIENTED_EDGE ( 'NONE', *, *, #6168, .F. ) ;
#700 = AXIS2_PLACEMENT_3D ( 'NONE', #7492, #198, #5538 ) ;
#701 = DIRECTION ( 'NONE',  ( 1.000000000000000000, 0.000000000000000000, 0.000000000000000000 ) ) ;
#702 = ORIENTED_EDGE ( 'NONE', *, *, #7295, .F. ) ;
#703 = CARTESIAN_POINT ( 'NONE',  ( 1.000000000000000888, -34.65725893522787260, 40.50615503039842480 ) ) ;
#704 = CARTESIAN_POINT ( 'NONE',  ( 5.000000000000000000, 49.99999999999999289, 39.69999999998340456 ) ) ;
#705 = LINE ( 'NONE', #1938, #2126 ) ;
#706 = ADVANCED_FACE ( 'NONE', ( #421 ), #2478, .T. ) ;
#707 = VERTEX_POINT ( 'NONE', #5708 ) ;
#708 = CARTESIAN_POINT ( 'NONE',  ( 5.000000000000000000, 49.99999999999999289, -45.00000000000000000 ) ) ;
#709 = DIRECTION ( 'NONE',  ( 0.000000000000000000, 0.000000000000000000, 1.000000000000000000 ) ) ;
#710 = CARTESIAN_POINT ( 'NONE',  ( 7.500000000000000888, -57.00000000000000000, 19.99999999999999645 ) ) ;
#711 = ORIENTED_EDGE ( 'NONE', *, *, #678, .T. ) ;
#712 = CARTESIAN_POINT ( 'NONE',  ( 2.999999999999756195, -16.66666666666666430, -45.00000000000000000 ) ) ;
#713 = DIRECTION ( 'NONE',  ( -0.000000000000000000, 4.541565021189716104E-15, 1.000000000000000000 ) ) ;
#714 = DIRECTION ( 'NONE',  ( 0.000000000000000000, -0.000000000000000000, -1.000000000000000000 ) ) ;
#715 = EDGE_CURVE ( 'NONE', #4833, #4488, #3685, .T. ) ;
#716 = LINE ( 'NONE', #6056, #2076 ) ;
#717 = ORIENTED_EDGE ( 'NONE', *, *, #4351, .F. ) ;
#718 = DIRECTION ( 'NONE',  ( -1.000000000000000000, -0.000000000000000000, -0.000000000000000000 ) ) ;
#719 = DIRECTION ( 'NONE',  ( 0.000000000000000000, 0.000000000000000000, 1.000000000000000000 ) ) ;
#720 = DIRECTION ( 'NONE',  ( 0.000000000000000000, 2.230358754827328253E-15, -1.000000000000000000 ) ) ;
#721 = DIRECTION ( 'NONE',  ( 0.000000000000000000, -0.000000000000000000, -1.000000000000000000 ) ) ;
#722 = ORIENTED_EDGE ( 'NONE', *, *, #767, .T. ) ;
#723 = EDGE_CURVE ( 'NONE', #2651, #4331, #5062, .T. ) ;
#724 = ORIENTED_EDGE ( 'NONE', *, *, #3611, .T. ) ;
#725 = CARTESIAN_POINT ( 'NONE',  ( 1.000000000000000888, -43.93221901135654406, 36.52556426930554778 ) ) ;
#726 = ORIENTED_EDGE ( 'NONE', *, *, #5830, .T. ) ;
#727 = ORIENTED_EDGE ( 'NONE', *, *, #682, .F. ) ;
#728 = AXIS2_PLACEMENT_3D ( 'NONE', #7191, #3866, #1217 ) ;
#729 = CARTESIAN_POINT ( 'NONE',  ( 6.000000000000005329, 40.00000000000000000, -34.99999999999999289 ) ) ;
#730 = ORIENTED_EDGE ( 'NONE', *, *, #7097, .F. ) ;
#731 = AXIS2_PLACEMENT_3D ( 'NONE', #100, #4448, #8 ) ;
#732 = VECTOR ( 'NONE', #2721, 1000.000000000000000 ) ;
#733 = CARTESIAN_POINT ( 'NONE',  ( 7.000000000000000888, -55.00000000000000000, 19.99999999999999645 ) ) ;
#734 = EDGE_CURVE ( 'NONE', #2215, #5070, #4297, .T. ) ;
#735 = CARTESIAN_POINT ( 'NONE',  ( 0.000000000000000000, -40.00000000000000000, 44.58999999999999631 ) ) ;
#736 = ADVANCED_FACE ( 'NONE', ( #6457 ), #7146, .F. ) ;
#737 = CARTESIAN_POINT ( 'NONE',  ( 2.499999999999999556, -55.00000000000000000, 19.99999999999999645 ) ) ;
#738 = ORIENTED_EDGE ( 'NONE', *, *, #2170, .F. ) ;
#739 = ORIENTED_EDGE ( 'NONE', *, *, #3244, .F. ) ;
#740 = AXIS2_PLACEMENT_3D ( 'NONE', #7953, #3977, #6649 ) ;
#741 = ORIENTED_EDGE ( 'NONE', *, *, #3561, .T. ) ;
#742 = CARTESIAN_POINT ( 'NONE',  ( 7.500000000000000888, -57.00000000000000000, 9.999999999999996447 ) ) ;
#743 = VERTEX_POINT ( 'NONE', #5847 ) ;
#744 = CARTESIAN_POINT ( 'NONE',  ( 0.8521711016307854658, -34.96917791554941601, 39.76985738353315725 ) ) ;
#745 = CYLINDRICAL_SURFACE ( 'NONE', #8420, 1.849999999999999201 ) ;
#746 = CIRCLE ( 'NONE', #7996, 1.000000000000000888 ) ;
#747 = CARTESIAN_POINT ( 'NONE',  ( 6.000000000000005329, -20.66666666666666785, 33.99999999999999289 ) ) ;
#748 = ORIENTED_EDGE ( 'NONE', *, *, #7407, .T. ) ;
#749 = CARTESIAN_POINT ( 'NONE',  ( 6.000000000000005329, 10.66666666666666785, -40.99999999999999289 ) ) ;
#750 = CARTESIAN_POINT ( 'NONE',  ( -6.071532165918818520E-15, 34.65725893522787260, -40.50615503039842480 ) ) ;
#751 = CARTESIAN_POINT ( 'NONE',  ( 1.000000000000000888, -11.66666666666666963, -40.99999999999998579 ) ) ;
#752 = AXIS2_PLACEMENT_3D ( 'NONE', #4256, #6931, #2986 ) ;
#753 = DIRECTION ( 'NONE',  ( 0.000000000000000000, 0.000000000000000000, 1.000000000000000000 ) ) ;
#754 = ORIENTED_EDGE ( 'NONE', *, *, #2938, .T. ) ;
#755 = VECTOR ( 'NONE', #3273, 1000.000000000000000 ) ;
#756 = DIRECTION ( 'NONE',  ( -1.000000000000000000, 0.000000000000000000, 0.000000000000000000 ) ) ;
#757 = CARTESIAN_POINT ( 'NONE',  ( 143.6861997365472519, -20.66666666666666785, 33.00000000000000000 ) ) ;
#758 = CARTESIAN_POINT ( 'NONE',  ( 5.000000000000009770, -16.66666666666666430, 39.50000000000000000 ) ) ;
#759 = VECTOR ( 'NONE', #4903, 1000.000000000000000 ) ;
#760 = AXIS2_PLACEMENT_3D ( 'NONE', #2300, #986, #4780 ) ;
#761 = CARTESIAN_POINT ( 'NONE',  ( 2.340000000000001634, 40.00000000000000000, -42.24999999999998579 ) ) ;
#762 = EDGE_LOOP ( 'NONE', ( #3210, #7899, #5209, #3398 ) ) ;
#763 = DIRECTION ( 'NONE',  ( 0.000000000000000000, 0.000000000000000000, 1.000000000000000000 ) ) ;
#764 = DIRECTION ( 'NONE',  ( 0.000000000000000000, -0.000000000000000000, 1.000000000000000000 ) ) ;
#765 = ORIENTED_EDGE ( 'NONE', *, *, #5213, .T. ) ;
#766 = VECTOR ( 'NONE', #7103, 1000.000000000000000 ) ;
#767 = EDGE_CURVE ( 'NONE', #681, #2119, #8556, .T. ) ;
#768 = EDGE_LOOP ( 'NONE', ( #3530, #7608, #5173, #1398 ) ) ;
#769 = CARTESIAN_POINT ( 'NONE',  ( 1.000000000000000000, -32.06274606680622696, -42.99999999999997868 ) ) ;
#770 = AXIS2_PLACEMENT_3D ( 'NONE', #76, #2698, #4133 ) ;
#771 = ORIENTED_EDGE ( 'NONE', *, *, #7208, .F. ) ;
#772 = ORIENTED_EDGE ( 'NONE', *, *, #8162, .T. ) ;
#773 = DIRECTION ( 'NONE',  ( -1.000000000000000000, -0.000000000000000000, -0.000000000000000000 ) ) ;
#774 = VERTEX_POINT ( 'NONE', #2964 ) ;
#775 = ADVANCED_FACE ( 'NONE', ( #3585 ), #6750, .F. ) ;
#776 = EDGE_CURVE ( 'NONE', #5512, #1601, #969, .T. ) ;
#777 = CIRCLE ( 'NONE', #7765, 1.999999999999988010 ) ;
#778 = CARTESIAN_POINT ( 'NONE',  ( 7.000000000000000000, 12.66666666666667318, 32.00000000000000000 ) ) ;
#779 = CARTESIAN_POINT ( 'NONE',  ( 6.000000000000005329, 51.00000000000000000, -32.00000000000000711 ) ) ;
#780 = CARTESIAN_POINT ( 'NONE',  ( 7.000000000000000000, -44.00000000000000711, 0.000000000000000000 ) ) ;
#781 = ORIENTED_EDGE ( 'NONE', *, *, #6713, .F. ) ;
#782 = ORIENTED_EDGE ( 'NONE', *, *, #3263, .F. ) ;
#783 = CIRCLE ( 'NONE', #5682, 1.000000000000000888 ) ;
#784 = CARTESIAN_POINT ( 'NONE',  ( 1.000000000000000888, -32.06274606680621986, 43.00000000000000000 ) ) ;
#785 = ORIENTED_EDGE ( 'NONE', *, *, #905, .T. ) ;
#786 = EDGE_CURVE ( 'NONE', #1758, #1131, #6217, .T. ) ;
#787 = CYLINDRICAL_SURFACE ( 'NONE', #7286, 1.000000000000000888 ) ;
#788 = ADVANCED_FACE ( 'NONE', ( #5562 ), #924, .F. ) ;
#789 = EDGE_LOOP ( 'NONE', ( #7078, #2581 ) ) ;
#790 = DIRECTION ( 'NONE',  ( -1.000000000000000000, 0.000000000000000000, 0.000000000000000000 ) ) ;
#791 = CARTESIAN_POINT ( 'NONE',  ( 6.850000000000006750, 16.66666666666667140, 39.50000000000000000 ) ) ;
#792 = ORIENTED_EDGE ( 'NONE', *, *, #8197, .T. ) ;
#793 = CARTESIAN_POINT ( 'NONE',  ( 143.6861997365472519, -32.06274606680621986, 38.99999999999999289 ) ) ;
#794 = CIRCLE ( 'NONE', #1089, 1.000000000000000888 ) ;
#795 = CARTESIAN_POINT ( 'NONE',  ( 0.9500087135186252585, 34.84160476330242773, -40.14768218209373174 ) ) ;
#796 = LINE ( 'NONE', #1502, #2087 ) ;
#797 = DIRECTION ( 'NONE',  ( 0.000000000000000000, 1.000000000000000000, -7.384882149680598319E-16 ) ) ;
#798 = CARTESIAN_POINT ( 'NONE',  ( 6.850000000000001421, 49.99999999999999289, -39.50000000000000000 ) ) ;
#799 = EDGE_LOOP ( 'NONE', ( #6075, #3477, #3012, #221, #6800 ) ) ;
#800 = EDGE_CURVE ( 'NONE', #5780, #6023, #16, .T. ) ;
#801 = EDGE_CURVE ( 'NONE', #5469, #8144, #8257, .T. ) ;
#802 = CARTESIAN_POINT ( 'NONE',  ( 10.00000000000000000, 40.00000000000000000, 37.75000000000000000 ) ) ;
#803 = DIRECTION ( 'NONE',  ( -1.000000000000000000, -0.000000000000000000, -0.000000000000000000 ) ) ;
#804 = VECTOR ( 'NONE', #2790, 1000.000000000000000 ) ;
#805 = CYLINDRICAL_SURFACE ( 'NONE', #5482, 1.000000000000000000 ) ;
#806 = FACE_OUTER_BOUND ( 'NONE', #3275, .T. ) ;
#807 = CARTESIAN_POINT ( 'NONE',  ( 6.000000000000005329, 12.66666666666667673, -32.00000000000000000 ) ) ;
#808 = ORIENTED_EDGE ( 'NONE', *, *, #2658, .F. ) ;
#809 = CARTESIAN_POINT ( 'NONE',  ( 0.000000000000000000, 40.00000000000000000, 39.99999999999999289 ) ) ;
#810 = CONICAL_SURFACE ( 'NONE', #954, 1.849999999999999201, 0.02829433384850010835 ) ;
#811 = CARTESIAN_POINT ( 'NONE',  ( 7.000000000000000888, -56.50000000000000000, -19.99999999999999645 ) ) ;
#812 = CARTESIAN_POINT ( 'NONE',  ( 6.000000000000005329, 40.00000000000000000, -33.99999999999998579 ) ) ;
#813 = EDGE_LOOP ( 'NONE', ( #6878, #7972, #124 ) ) ;
#814 = CIRCLE ( 'NONE', #4717, 1.000000000000000888 ) ;
#815 = ORIENTED_EDGE ( 'NONE', *, *, #7110, .T. ) ;
#816 = FACE_OUTER_BOUND ( 'NONE', #7701, .T. ) ;
#817 = ADVANCED_FACE ( 'NONE', ( #7698 ), #1539, .F. ) ;
#818 = CARTESIAN_POINT ( 'NONE',  ( 1.000000000000000666, 34.76101678260930328, 40.32742105892959472 ) ) ;
#819 = ORIENTED_EDGE ( 'NONE', *, *, #786, .F. ) ;
#820 = VECTOR ( 'NONE', #7667, 1000.000000000000000 ) ;
#821 = CARTESIAN_POINT ( 'NONE',  ( 0.9501909101649210765, 43.70977060699285488, -36.49062356213368474 ) ) ;
#822 = DIRECTION ( 'NONE',  ( 0.000000000000000000, 0.000000000000000000, 1.000000000000000000 ) ) ;
#823 = LINE ( 'NONE', #3394, #7174 ) ;
#824 = DIRECTION ( 'NONE',  ( 0.000000000000000000, -2.478176394252584592E-16, 1.000000000000000000 ) ) ;
#825 = VECTOR ( 'NONE', #8522, 1000.000000000000000 ) ;
#826 = CIRCLE ( 'NONE', #4020, 1.000000000000000000 ) ;
#827 = EDGE_CURVE ( 'NONE', #69, #1654, #5604, .T. ) ;
#828 = VERTEX_POINT ( 'NONE', #1578 ) ;
#829 = VERTEX_POINT ( 'NONE', #1013 ) ;
#830 =( BOUNDED_SURFACE ( )  B_SPLINE_SURFACE ( 3, 2, ( 
 ( #7617, #7570, #320 ),
 ( #2885, #2382, #7102 ),
 ( #8401, #4243, #8359 ),
 ( #6409, #7704, #1641 ),
 ( #6919, #2292, #1727 ),
 ( #4963, #5744, #2977 ),
 ( #369, #1684, #1772 ),
 ( #411, #4375, #7060 ) ),
 .UNSPECIFIED., .F., .F., .T. ) 
 B_SPLINE_SURFACE_WITH_KNOTS ( ( 4, 2, 2, 4 ),
 ( 3, 3 ),
 ( 0.001912652397233360934, 0.002727508764181410875, 0.003134936947655435520, 0.003542365131129460599 ),
 ( 0.000000000000000000, 1.000000000000000000 ),
 .UNSPECIFIED. ) 
 GEOMETRIC_REPRESENTATION_ITEM ( )  RATIONAL_B_SPLINE_SURFACE ( (
 ( 1.000000000000000000, 0.8916277250063484594, 1.000000000000000000),
 ( 1.000000000000000000, 0.8919381975240296967, 1.000000000000000000),
 ( 1.000000000000000000, 0.8711721823699170031, 1.000000000000000000),
 ( 1.000000000000000000, 0.8195381867816925459, 1.000000000000000000),
 ( 1.000000000000000000, 0.7991417260199421557, 1.000000000000000000),
 ( 1.000000000000000000, 0.7548872248832677601, 1.000000000000000000),
 ( 1.000000000000000000, 0.7310289589546719036, 1.000000000000000000),
 ( 1.000000000000000000, 0.7071067811865472397, 1.000000000000000000) ) ) 
 REPRESENTATION_ITEM ( '' )  SURFACE ( )  );
#831 = ORIENTED_EDGE ( 'NONE', *, *, #4287, .F. ) ;
#832 = DIRECTION ( 'NONE',  ( 0.000000000000000000, 0.5020516767994741558, 0.8648376228072159888 ) ) ;
#833 = AXIS2_PLACEMENT_3D ( 'NONE', #4752, #7412, #2733 ) ;
#834 = ORIENTED_EDGE ( 'NONE', *, *, #1380, .F. ) ;
#835 = DIRECTION ( 'NONE',  ( -1.000000000000000000, 0.000000000000000000, 0.000000000000000000 ) ) ;
#836 = FACE_OUTER_BOUND ( 'NONE', #5777, .T. ) ;
#837 = EDGE_CURVE ( 'NONE', #5042, #6573, #8167, .T. ) ;
#838 = ADVANCED_FACE ( 'NONE', ( #2281 ), #3667, .T. ) ;
#839 = ORIENTED_EDGE ( 'NONE', *, *, #3138, .T. ) ;
#840 = ADVANCED_FACE ( 'NONE', ( #5691 ), #2236, .T. ) ;
#841 = CARTESIAN_POINT ( 'NONE',  ( 10.00000000000000000, -40.00000000000000000, 39.99999999999999289 ) ) ;
#842 = AXIS2_PLACEMENT_3D ( 'NONE', #6105, #1605, #7583 ) ;
#843 = LINE ( 'NONE', #1588, #3178 ) ;
#844 = CARTESIAN_POINT ( 'NONE',  ( 6.000000000000005329, 50.99999999999999289, 33.00000000000000000 ) ) ;
#845 = CYLINDRICAL_SURFACE ( 'NONE', #1530, 0.9999999999999940048 ) ;
#846 = CARTESIAN_POINT ( 'NONE',  ( 1.000000000000000888, 46.00000000000001421, 34.00000000000001421 ) ) ;
#847 = PLANE ( 'NONE',  #6067 ) ;
#848 = ORIENTED_EDGE ( 'NONE', *, *, #1859, .T. ) ;
#849 = EDGE_CURVE ( 'NONE', #4411, #6388, #7320, .T. ) ;
#850 = CARTESIAN_POINT ( 'NONE',  ( 6.000000000000005329, -32.06274606680621986, 41.99999999999999289 ) ) ;
#851 = CARTESIAN_POINT ( 'NONE',  ( 6.000000000000005329, 45.00000000000001421, 34.00000000000001421 ) ) ;
#852 = DIRECTION ( 'NONE',  ( -0.000000000000000000, -0.000000000000000000, -1.000000000000000000 ) ) ;
#853 = EDGE_CURVE ( 'NONE', #7496, #5118, #7606, .T. ) ;
#854 = DIRECTION ( 'NONE',  ( 1.000000000000000000, 0.000000000000000000, 0.000000000000000000 ) ) ;
#855 = FACE_OUTER_BOUND ( 'NONE', #1910, .T. ) ;
#856 = ADVANCED_FACE ( 'NONE', ( #5046 ), #6906, .F. ) ;
#857 = ADVANCED_FACE ( 'NONE', ( #1667 ), #202, .T. ) ;
#858 = ORIENTED_EDGE ( 'NONE', *, *, #1970, .F. ) ;
#859 = CARTESIAN_POINT ( 'NONE',  ( 7.000000000000000000, 0.000000000000000000, 32.00000000000000000 ) ) ;
#860 = AXIS2_PLACEMENT_3D ( 'NONE', #8550, #8596, #4456 ) ;
#861 = CARTESIAN_POINT ( 'NONE',  ( 143.6861997365472519, -11.66666666666668561, -34.00000000000000000 ) ) ;
#862 = ORIENTED_EDGE ( 'NONE', *, *, #464, .T. ) ;
#863 = ORIENTED_EDGE ( 'NONE', *, *, #1545, .T. ) ;
#864 = ORIENTED_EDGE ( 'NONE', *, *, #259, .T. ) ;
#865 = CARTESIAN_POINT ( 'NONE',  ( 1.000000000000000000, -46.00000000000000711, -34.00000000000000000 ) ) ;
#866 = CYLINDRICAL_SURFACE ( 'NONE', #7944, 2.500000000000001332 ) ;
#867 = ORIENTED_EDGE ( 'NONE', *, *, #4509, .F. ) ;
#868 = LINE ( 'NONE', #5504, #5966 ) ;
#869 = FACE_OUTER_BOUND ( 'NONE', #4797, .T. ) ;
#870 = CIRCLE ( 'NONE', #8540, 1.850000000000002309 ) ;
#871 = CARTESIAN_POINT ( 'NONE',  ( 0.000000000000000000, 12.66666666666667318, -40.99999999999999289 ) ) ;
#872 = ORIENTED_EDGE ( 'NONE', *, *, #3126, .T. ) ;
#873 = ORIENTED_EDGE ( 'NONE', *, *, #7900, .T. ) ;
#874 = ORIENTED_EDGE ( 'NONE', *, *, #4032, .T. ) ;
#875 = DIRECTION ( 'NONE',  ( -1.000000000000000000, 0.000000000000000000, 0.000000000000000000 ) ) ;
#876 = VECTOR ( 'NONE', #3730, 1000.000000000000000 ) ;
#877 = EDGE_CURVE ( 'NONE', #654, #2238, #8561, .T. ) ;
#878 = VERTEX_POINT ( 'NONE', #159 ) ;
#879 = PLANE ( 'NONE',  #7614 ) ;
#880 = LINE ( 'NONE', #6859, #8551 ) ;
#881 = CIRCLE ( 'NONE', #5351, 1.000000000000007772 ) ;
#882 = VERTEX_POINT ( 'NONE', #6253 ) ;
#883 = AXIS2_PLACEMENT_3D ( 'NONE', #2023, #661, #3232 ) ;
#884 = DIRECTION ( 'NONE',  ( -0.000000000000000000, -0.000000000000000000, 1.000000000000000000 ) ) ;
#885 = FACE_OUTER_BOUND ( 'NONE', #1974, .T. ) ;
#886 = DIRECTION ( 'NONE',  ( 0.000000000000000000, 1.000000000000000000, -0.000000000000000000 ) ) ;
#887 = DIRECTION ( 'NONE',  ( 0.000000000000000000, -2.478176394252584592E-16, -1.000000000000000000 ) ) ;
#888 = ORIENTED_EDGE ( 'NONE', *, *, #837, .T. ) ;
#889 = ADVANCED_FACE ( 'NONE', ( #8154 ), #255, .F. ) ;
#890 = CIRCLE ( 'NONE', #331, 1.000000000000000888 ) ;
#891 = ADVANCED_FACE ( 'NONE', ( #3000 ), #4846, .F. ) ;
#892 = CARTESIAN_POINT ( 'NONE',  ( 7.000000000000000000, -44.00000000000000711, 0.000000000000000000 ) ) ;
#893 = DIRECTION ( 'NONE',  ( 0.000000000000000000, 0.000000000000000000, -1.000000000000000000 ) ) ;
#894 = CYLINDRICAL_SURFACE ( 'NONE', #4508, 2.500000000000001332 ) ;
#895 = DIRECTION ( 'NONE',  ( 0.000000000000000000, 0.000000000000000000, -1.000000000000000000 ) ) ;
#896 = LINE ( 'NONE', #3602, #6421 ) ;
#897 = VECTOR ( 'NONE', #1388, 1000.000000000000000 ) ;
#898 = ORIENTED_EDGE ( 'NONE', *, *, #5533, .T. ) ;
#899 = AXIS2_PLACEMENT_3D ( 'NONE', #258, #4314, #5128 ) ;
#900 = AXIS2_PLACEMENT_3D ( 'NONE', #3676, #8270, #4290 ) ;
#901 = DIRECTION ( 'NONE',  ( -2.563270776190236045E-12, -0.6666666666708276345, -0.7453559924962082084 ) ) ;
#902 = DIRECTION ( 'NONE',  ( 1.000000000000000000, -0.000000000000000000, -0.000000000000000000 ) ) ;
#903 = DIRECTION ( 'NONE',  ( -0.7071067811865464625, 0.000000000000000000, 0.7071067811865486830 ) ) ;
#904 = ORIENTED_EDGE ( 'NONE', *, *, #4735, .T. ) ;
#905 = EDGE_CURVE ( 'NONE', #8391, #8216, #1323, .T. ) ;
#906 = ADVANCED_FACE ( 'NONE', ( #8201 ), #4891, .F. ) ;
#907 = CIRCLE ( 'NONE', #5802, 1.000000000000000000 ) ;
#908 = ORIENTED_EDGE ( 'NONE', *, *, #6065, .F. ) ;
#909 = VERTEX_POINT ( 'NONE', #4403 ) ;
#910 = DIRECTION ( 'NONE',  ( 1.000000000000000000, 0.000000000000000000, -0.000000000000000000 ) ) ;
#911 = AXIS2_PLACEMENT_3D ( 'NONE', #8386, #6341, #8248 ) ;
#912 = LINE ( 'NONE', #3654, #7388 ) ;
#913 = EDGE_LOOP ( 'NONE', ( #5212, #6554, #3738, #2753 ) ) ;
#914 = DIRECTION ( 'NONE',  ( -1.000000000000000000, 0.000000000000000000, 0.000000000000000000 ) ) ;
#915 = VECTOR ( 'NONE', #538, 1000.000000000000000 ) ;
#916 = CARTESIAN_POINT ( 'NONE',  ( 143.6861997365472519, -46.00000000000000711, -33.00000000000000000 ) ) ;
#917 = LINE ( 'NONE', #4178, #3422 ) ;
#918 = ORIENTED_EDGE ( 'NONE', *, *, #4129, .T. ) ;
#919 = EDGE_LOOP ( 'NONE', ( #6749, #6385, #445, #5677 ) ) ;
#920 = DIRECTION ( 'NONE',  ( 0.000000000000000000, 0.000000000000000000, 1.000000000000000000 ) ) ;
#921 = EDGE_LOOP ( 'NONE', ( #5016, #2089, #8433, #4064 ) ) ;
#922 = CIRCLE ( 'NONE', #5530, 0.5000000000000004441 ) ;
#923 = CARTESIAN_POINT ( 'NONE',  ( 2.999999999999999112, -56.50000000000000000, -19.99999999999999645 ) ) ;
#924 = CYLINDRICAL_SURFACE ( 'NONE', #4086, 0.5000000000000004441 ) ;
#925 = ORIENTED_EDGE ( 'NONE', *, *, #3216, .T. ) ;
#926 = DIRECTION ( 'NONE',  ( 0.000000000000000000, 0.000000000000000000, 1.000000000000000000 ) ) ;
#927 = CARTESIAN_POINT ( 'NONE',  ( 2.499999999999998668, -56.50000000000000000, 9.999999999999996447 ) ) ;
#928 = CIRCLE ( 'NONE', #1908, 2.000000000000001776 ) ;
#929 = ORIENTED_EDGE ( 'NONE', *, *, #1212, .T. ) ;
#930 = DIRECTION ( 'NONE',  ( 0.000000000000000000, 1.000000000000000000, -3.252606517456512809E-16 ) ) ;
#931 = DIRECTION ( 'NONE',  ( 0.000000000000000000, 1.000000000000000000, -0.000000000000000000 ) ) ;
#933 = EDGE_CURVE ( 'NONE', #1131, #3924, #8424, .T. ) ;
#932 = CARTESIAN_POINT ( 'NONE',  ( 0.8528190073562251783, 34.96837106548039031, -39.77238165000722603 ) ) ;
#934 = DIRECTION ( 'NONE',  ( -1.734723475976805319E-15, 1.000000000000000000, 0.000000000000000000 ) ) ;
#935 = CARTESIAN_POINT ( 'NONE',  ( 1.000000000000000888, -11.66666666666666963, 40.99999999999998579 ) ) ;
#936 = CARTESIAN_POINT ( 'NONE',  ( 0.8074032449773838049, -43.33333333333333570, 36.27322003750034440 ) ) ;
#937 = ORIENTED_EDGE ( 'NONE', *, *, #8626, .T. ) ;
#938 = DIRECTION ( 'NONE',  ( -1.000000000000000000, 0.000000000000000000, 0.000000000000000000 ) ) ;
#939 = DIRECTION ( 'NONE',  ( 0.000000000000000000, -0.7453559924999296760, -0.6666666666666669627 ) ) ;
#940 = CARTESIAN_POINT ( 'NONE',  ( 143.6861997365472519, 22.66666666666666785, 40.99999999999999289 ) ) ;
#941 = DIRECTION ( 'NONE',  ( 0.000000000000000000, 0.000000000000000000, 1.000000000000000000 ) ) ;
#942 = AXIS2_PLACEMENT_3D ( 'NONE', #3944, #8612, #3328 ) ;
#943 = CARTESIAN_POINT ( 'NONE',  ( 6.000000000000005329, 22.66666666666666785, 40.99999999999999289 ) ) ;
#944 = ORIENTED_EDGE ( 'NONE', *, *, #853, .T. ) ;
#945 = ADVANCED_FACE ( 'NONE', ( #7034 ), #5036, .F. ) ;
#946 = DIRECTION ( 'NONE',  ( 0.000000000000000000, 2.230358754827328253E-15, -1.000000000000000000 ) ) ;
#947 = CARTESIAN_POINT ( 'NONE',  ( 143.6861997365472519, -10.66666666666666785, 41.99999999999998579 ) ) ;
#948 = ORIENTED_EDGE ( 'NONE', *, *, #4188, .F. ) ;
#949 = VECTOR ( 'NONE', #2592, 1000.000000000000000 ) ;
#950 = ORIENTED_EDGE ( 'NONE', *, *, #2786, .T. ) ;
#951 = EDGE_LOOP ( 'NONE', ( #1139, #2886, #7168, #6219 ) ) ;
#952 = CARTESIAN_POINT ( 'NONE',  ( 5.000000000000005329, 16.66666666666667140, 45.00000000000000000 ) ) ;
#953 = EDGE_CURVE ( 'NONE', #6900, #5469, #1705, .T. ) ;
#954 = AXIS2_PLACEMENT_3D ( 'NONE', #5657, #8312, #2336 ) ;
#955 = ORIENTED_EDGE ( 'NONE', *, *, #194, .T. ) ;
#956 = EDGE_CURVE ( 'NONE', #5975, #4886, #6390, .T. ) ;
#957 = FACE_OUTER_BOUND ( 'NONE', #8021, .T. ) ;
#958 = ORIENTED_EDGE ( 'NONE', *, *, #3113, .F. ) ;
#959 = VECTOR ( 'NONE', #5930, 1000.000000000000000 ) ;
#960 = DIRECTION ( 'NONE',  ( 0.000000000000000000, 1.084202172485504187E-16, 1.000000000000000000 ) ) ;
#961 = CARTESIAN_POINT ( 'NONE',  ( 7.000000000000262901, -16.66666666666666430, -45.00000000000000000 ) ) ;
#962 = CARTESIAN_POINT ( 'NONE',  ( 6.000000000000005329, 44.00000000000000711, -35.52786404500041328 ) ) ;
#963 = ORIENTED_EDGE ( 'NONE', *, *, #2594, .T. ) ;
#964 = ORIENTED_EDGE ( 'NONE', *, *, #515, .F. ) ;
#965 = EDGE_CURVE ( 'NONE', #2767, #5854, #8438, .T. ) ;
#966 = TOROIDAL_SURFACE ( 'NONE', #2764, 1.999999999999998224, 1.000000000000000000 ) ;
#967 = VERTEX_POINT ( 'NONE', #7853 ) ;
#968 = DIRECTION ( 'NONE',  ( 0.000000000000000000, 0.000000000000000000, 1.000000000000000000 ) ) ;
#969 = LINE ( 'NONE', #3487, #2566 ) ;
#970 = CIRCLE ( 'NONE', #120, 0.5000000000000004441 ) ;
#971 = ORIENTED_EDGE ( 'NONE', *, *, #5329, .T. ) ;
#972 = CARTESIAN_POINT ( 'NONE',  ( 7.000000000000266454, -49.99999999999999289, -45.00000000000000000 ) ) ;
#973 = AXIS2_PLACEMENT_3D ( 'NONE', #4541, #1234, #3879 ) ;
#974 = CARTESIAN_POINT ( 'NONE',  ( 10.00000000000000000, -55.00000000000000000, 45.00000000000000000 ) ) ;
#975 = EDGE_LOOP ( 'NONE', ( #6715, #7419, #2312, #6328 ) ) ;
#976 = DIRECTION ( 'NONE',  ( -1.000000000000000000, 0.000000000000000000, 0.000000000000000000 ) ) ;
#977 = LINE ( 'NONE', #3453, #7364 ) ;
#978 = LINE ( 'NONE', #1638, #2376 ) ;
#979 = CIRCLE ( 'NONE', #5872, 1.000000000000000000 ) ;
#980 = DIRECTION ( 'NONE',  ( 0.000000000000000000, 0.000000000000000000, -1.000000000000000000 ) ) ;
#981 = CARTESIAN_POINT ( 'NONE',  ( 10.00000000000000000, -55.00000000000000000, 10.00000000000000888 ) ) ;
#982 = ORIENTED_EDGE ( 'NONE', *, *, #4021, .F. ) ;
#983 = FACE_OUTER_BOUND ( 'NONE', #6431, .T. ) ;
#984 = EDGE_CURVE ( 'NONE', #1350, #5874, #7051, .T. ) ;
#985 = LINE ( 'NONE', #2475, #876 ) ;
#986 = DIRECTION ( 'NONE',  ( 0.000000000000000000, 1.000000000000000000, 0.000000000000000000 ) ) ;
#987 = AXIS2_PLACEMENT_3D ( 'NONE', #2122, #4925, #2210 ) ;
#988 = CIRCLE ( 'NONE', #1266, 1.000000000000000000 ) ;
#989 = CARTESIAN_POINT ( 'NONE',  ( 0.000000000000000000, -12.66666666666667318, -34.00000000000000711 ) ) ;
#990 = EDGE_LOOP ( 'NONE', ( #2829, #2438, #2690, #3743 ) ) ;
#991 = CARTESIAN_POINT ( 'NONE',  ( 1.000000000000000888, -20.66666666666667496, -34.00000000000000000 ) ) ;
#992 = DIRECTION ( 'NONE',  ( 0.000000000000000000, 0.000000000000000000, -1.000000000000000000 ) ) ;
#993 = DIRECTION ( 'NONE',  ( 0.000000000000000000, 1.000000000000000000, 0.000000000000000000 ) ) ;
#994 = VERTEX_POINT ( 'NONE', #1096 ) ;
#995 = EDGE_CURVE ( 'NONE', #1612, #3924, #5237, .T. ) ;
#996 = EDGE_LOOP ( 'NONE', ( #1039, #6647, #664, #173 ) ) ;
#997 = ORIENTED_EDGE ( 'NONE', *, *, #7619, .T. ) ;
#998 = DIRECTION ( 'NONE',  ( -0.000000000000000000, -0.000000000000000000, -1.000000000000000000 ) ) ;
#999 = EDGE_LOOP ( 'NONE', ( #5723, #6367, #7124, #6424 ) ) ;
#1000 = CARTESIAN_POINT ( 'NONE',  ( 0.9500087135186219278, 34.84160476330244904, 40.14768218209373885 ) ) ;
#1001 = ORIENTED_EDGE ( 'NONE', *, *, #622, .F. ) ;
#1002 = EDGE_CURVE ( 'NONE', #8389, #1922, #4660, .T. ) ;
#1003 = EDGE_CURVE ( 'NONE', #111, #5975, #907, .T. ) ;
#1004 = CARTESIAN_POINT ( 'NONE',  ( 5.000000000000009770, -16.66666666666666430, -39.50000000000000000 ) ) ;
#1005 = FACE_OUTER_BOUND ( 'NONE', #1092, .T. ) ;
#1006 = DIRECTION ( 'NONE',  ( 1.000000000000000000, 0.000000000000000000, 0.000000000000000000 ) ) ;
#1007 = DIRECTION ( 'NONE',  ( 0.000000000000000000, 0.000000000000000000, 1.000000000000000000 ) ) ;
#1008 = ORIENTED_EDGE ( 'NONE', *, *, #4473, .T. ) ;
#1009 = ORIENTED_EDGE ( 'NONE', *, *, #7562, .T. ) ;
#1010 = ORIENTED_EDGE ( 'NONE', *, *, #2113, .F. ) ;
#1011 = LINE ( 'NONE', #403, #5339 ) ;
#1012 = EDGE_CURVE ( 'NONE', #2652, #7544, #2572, .T. ) ;
#1013 = CARTESIAN_POINT ( 'NONE',  ( 7.000000000000000000, 44.00000000000000711, 35.52786404500041328 ) ) ;
#1014 = AXIS2_PLACEMENT_3D ( 'NONE', #1287, #1371, #7264 ) ;
#1015 = EDGE_CURVE ( 'NONE', #5648, #6298, #5507, .T. ) ;
#1016 = ORIENTED_EDGE ( 'NONE', *, *, #3185, .F. ) ;
#1017 = CARTESIAN_POINT ( 'NONE',  ( 5.000000000000000000, 49.99999999999999289, 39.69999999998340456 ) ) ;
#1018 = CARTESIAN_POINT ( 'NONE',  ( 2.340000000000001634, -40.00000000000000000, -39.99999999999999289 ) ) ;
#1019 = VECTOR ( 'NONE', #8302, 1000.000000000000000 ) ;
#1020 = ORIENTED_EDGE ( 'NONE', *, *, #6076, .T. ) ;
#1021 = CARTESIAN_POINT ( 'NONE',  ( 5.000000000000005329, 16.66666666666667140, 39.69999999998344009 ) ) ;
#1022 = AXIS2_PLACEMENT_3D ( 'NONE', #6054, #1339, #5888 ) ;
#1023 = LINE ( 'NONE', #4510, #1942 ) ;
#1024 = CARTESIAN_POINT ( 'NONE',  ( 2.999999999999999112, -56.50000000000000000, 9.999999999999996447 ) ) ;
#1025 = ORIENTED_EDGE ( 'NONE', *, *, #5916, .T. ) ;
#1026 = CARTESIAN_POINT ( 'NONE',  ( 10.00000000000000000, -55.00000000000000000, -45.00000000000000000 ) ) ;
#1027 = AXIS2_PLACEMENT_3D ( 'NONE', #3736, #1735, #7762 ) ;
#1028 = DIRECTION ( 'NONE',  ( -1.000000000000000000, -0.000000000000000000, -0.000000000000000000 ) ) ;
#1029 = SPHERICAL_SURFACE ( 'NONE', #7710, 1.000000000000000000 ) ;
#1030 = LINE ( 'NONE', #989, #820 ) ;
#1031 = CARTESIAN_POINT ( 'NONE',  ( 0.000000000000000000, 46.00000000000000711, -34.00000000000002132 ) ) ;
#1032 = DIRECTION ( 'NONE',  ( 0.000000000000000000, 0.000000000000000000, 1.000000000000000000 ) ) ;
#1033 = CARTESIAN_POINT ( 'NONE',  ( 1.000000000000000888, 51.00000000000000000, -32.00000000000001421 ) ) ;
#1034 = AXIS2_PLACEMENT_3D ( 'NONE', #1557, #4160, #1512 ) ;
#1035 = DIRECTION ( 'NONE',  ( 0.000000000000000000, 0.000000000000000000, 1.000000000000000000 ) ) ;
#1036 = CONICAL_SURFACE ( 'NONE', #6340, 2.000000000000252687, 0.02829433384850025754 ) ;
#1037 = ORIENTED_EDGE ( 'NONE', *, *, #8573, .T. ) ;
#1038 = LINE ( 'NONE', #7117, #3799 ) ;
#1039 = ORIENTED_EDGE ( 'NONE', *, *, #7495, .T. ) ;
#1040 = AXIS2_PLACEMENT_3D ( 'NONE', #809, #5403, #2084 ) ;
#1041 = AXIS2_PLACEMENT_3D ( 'NONE', #7216, #3189, #3925 ) ;
#1042 = ORIENTED_EDGE ( 'NONE', *, *, #3480, .T. ) ;
#1043 = CARTESIAN_POINT ( 'NONE',  ( 0.000000000000000000, -20.66666666666667496, -34.00000000000000711 ) ) ;
#1044 = AXIS2_PLACEMENT_3D ( 'NONE', #710, #8175, #5526 ) ;
#1045 = ORIENTED_EDGE ( 'NONE', *, *, #5742, .T. ) ;
#1046 = ADVANCED_FACE ( 'NONE', ( #4535 ), #480, .F. ) ;
#1047 = DIRECTION ( 'NONE',  ( 0.000000000000000000, 0.000000000000000000, 1.000000000000000000 ) ) ;
#1048 = VERTEX_POINT ( 'NONE', #3047 ) ;
#1049 = AXIS2_PLACEMENT_3D ( 'NONE', #6669, #5246, #141 ) ;
#1050 = AXIS2_PLACEMENT_3D ( 'NONE', #8471, #5166, #7819 ) ;
#1051 = CARTESIAN_POINT ( 'NONE',  ( 0.000000000000000000, -40.00000000000000000, 39.99999999999999289 ) ) ;
#1052 = DIRECTION ( 'NONE',  ( 0.000000000000000000, 0.000000000000000000, 1.000000000000000000 ) ) ;
#1053 = DIRECTION ( 'NONE',  ( 0.000000000000000000, 0.000000000000000000, 1.000000000000000000 ) ) ;
#1054 = CARTESIAN_POINT ( 'NONE',  ( 7.000000000000000000, -32.06274606680622696, -38.99999999999997868 ) ) ;
#1055 = AXIS2_PLACEMENT_3D ( 'NONE', #6412, #6232, #3069 ) ;
#1056 = ORIENTED_EDGE ( 'NONE', *, *, #4365, .F. ) ;
#1057 = ORIENTED_EDGE ( 'NONE', *, *, #7501, .T. ) ;
#1058 = AXIS2_PLACEMENT_3D ( 'NONE', #812, #2211, #6748 ) ;
#1059 = EDGE_CURVE ( 'NONE', #2334, #4439, #3687, .T. ) ;
#1060 = EDGE_LOOP ( 'NONE', ( #8316, #4244, #3632, #566 ) ) ;
#1061 = DIRECTION ( 'NONE',  ( -1.000000000000000000, -0.000000000000000000, -0.000000000000000000 ) ) ;
#1062 = VECTOR ( 'NONE', #1411, 1000.000000000000000 ) ;
#1063 = ORIENTED_EDGE ( 'NONE', *, *, #1689, .T. ) ;
#1064 = DIRECTION ( 'NONE',  ( -1.000000000000000000, -0.000000000000000000, -0.000000000000000000 ) ) ;
#1065 = DIRECTION ( 'NONE',  ( -0.000000000000000000, 2.478176394252584592E-16, 1.000000000000000000 ) ) ;
#1066 = EDGE_LOOP ( 'NONE', ( #2013, #5516, #5218, #1750 ) ) ;
#1067 = LINE ( 'NONE', #4284, #7920 ) ;
#1068 = ADVANCED_FACE ( 'NONE', ( #5727 ), #6072, .F. ) ;
#1069 = AXIS2_PLACEMENT_3D ( 'NONE', #5167, #5775, #4495 ) ;
#1070 = LINE ( 'NONE', #4328, #4436 ) ;
#1071 = ADVANCED_FACE ( 'NONE', ( #5078 ), #1753, .F. ) ;
#1072 = CARTESIAN_POINT ( 'NONE',  ( 6.000000000000005329, 11.66666666666666963, 40.99999999999999289 ) ) ;
#1073 = CARTESIAN_POINT ( 'NONE',  ( 0.000000000000000000, 20.66666666666667496, -34.00000000000000000 ) ) ;
#1074 = VERTEX_POINT ( 'NONE', #524 ) ;
#1075 = DIRECTION ( 'NONE',  ( 0.000000000000000000, 0.9921567416492215186, -0.1250000000000000278 ) ) ;
#1076 = CIRCLE ( 'NONE', #3983, 0.9999999999999940048 ) ;
#1077 = LINE ( 'NONE', #5187, #7719 ) ;
#1078 = DIRECTION ( 'NONE',  ( 1.224646799147351728E-16, 1.000000000000000000, -0.000000000000000000 ) ) ;
#1079 = DIRECTION ( 'NONE',  ( 0.000000000000000000, 0.000000000000000000, 1.000000000000000000 ) ) ;
#1080 = CARTESIAN_POINT ( 'NONE',  ( 6.000000000000005329, 44.00000000000001421, 34.00000000000002132 ) ) ;
#1081 = DIRECTION ( 'NONE',  ( 0.000000000000000000, -1.000000000000000000, 0.000000000000000000 ) ) ;
#1082 = ADVANCED_FACE ( 'NONE', ( #3874 ), #564, .F. ) ;
#1083 = CARTESIAN_POINT ( 'NONE',  ( 1.000000000000000888, 10.66666666666667140, 40.99999999999999289 ) ) ;
#1084 = CIRCLE ( 'NONE', #382, 2.000000000000001776 ) ;
#1085 = CARTESIAN_POINT ( 'NONE',  ( 1.000000000000000444, 46.00000000000000711, -34.00000000000001421 ) ) ;
#1086 = LINE ( 'NONE', #8456, #8305 ) ;
#1087 = VERTEX_POINT ( 'NONE', #851 ) ;
#1088 = CARTESIAN_POINT ( 'NONE',  ( 0.8074032489587488204, 35.01405659924675717, 39.57469886831032113 ) ) ;
#1089 = AXIS2_PLACEMENT_3D ( 'NONE', #4691, #7356, #1383 ) ;
#1090 = DIRECTION ( 'NONE',  ( 0.000000000000000000, 0.000000000000000000, 1.000000000000000000 ) ) ;
#1091 = ORIENTED_EDGE ( 'NONE', *, *, #5428, .T. ) ;
#1092 = EDGE_LOOP ( 'NONE', ( #4767, #1136, #1175, #7865 ) ) ;
#1093 = DIRECTION ( 'NONE',  ( -1.000000000000000000, -0.000000000000000000, -0.000000000000000000 ) ) ;
#1094 = ORIENTED_EDGE ( 'NONE', *, *, #6362, .T. ) ;
#1095 = EDGE_LOOP ( 'NONE', ( #1042, #4341, #2639, #582 ) ) ;
#1096 = CARTESIAN_POINT ( 'NONE',  ( 0.000000000000000000, -20.66666666666666075, -40.99999999999998579 ) ) ;
#1097 = CIRCLE ( 'NONE', #4856, 1.000000000000003997 ) ;
#1098 = EDGE_CURVE ( 'NONE', #1879, #1419, #3259, .T. ) ;
#1099 = CARTESIAN_POINT ( 'NONE',  ( 1.000000000000000888, -32.06274606680622696, -41.99999999999997868 ) ) ;
#1100 = CARTESIAN_POINT ( 'NONE',  ( 0.000000000000000000, 40.00000000000000000, 39.99999999999999289 ) ) ;
#1101 = ORIENTED_EDGE ( 'NONE', *, *, #8200, .T. ) ;
#1102 = ORIENTED_EDGE ( 'NONE', *, *, #7276, .T. ) ;
#1103 = VERTEX_POINT ( 'NONE', #5323 ) ;
#1104 = AXIS2_PLACEMENT_3D ( 'NONE', #7218, #3354, #4627 ) ;
#1105 = CARTESIAN_POINT ( 'NONE',  ( 0.000000000000000000, 12.66666666666667140, 40.99999999999999289 ) ) ;
#1106 = DIRECTION ( 'NONE',  ( -1.000000000000000000, 0.000000000000000000, 0.000000000000000000 ) ) ;
#1107 = VERTEX_POINT ( 'NONE', #3913 ) ;
#1108 = FACE_OUTER_BOUND ( 'NONE', #1721, .T. ) ;
#1109 = ADVANCED_FACE ( 'NONE', ( #2158 ), #3553, .T. ) ;
#1110 = LINE ( 'NONE', #3761, #8140 ) ;
#1111 = CIRCLE ( 'NONE', #7930, 1.000000000000000888 ) ;
#1112 = EDGE_LOOP ( 'NONE', ( #6463, #2741, #1796, #7028 ) ) ;
#1113 = CARTESIAN_POINT ( 'NONE',  ( 1.000000000000000888, 46.00000000000000711, -34.00000000000001421 ) ) ;
#1114 = DIRECTION ( 'NONE',  ( -0.000000000000000000, -0.000000000000000000, 1.000000000000000000 ) ) ;
#1115 = DIRECTION ( 'NONE',  ( 0.000000000000000000, 0.000000000000000000, 1.000000000000000000 ) ) ;
#1116 = TOROIDAL_SURFACE ( 'NONE', #4019, 2.000000000000000888, 1.000000000000000000 ) ;
#1117 = CIRCLE ( 'NONE', #5991, 1.000000000000000666 ) ;
#1118 = ADVANCED_FACE ( 'NONE', ( #2798 ), #2839, .F. ) ;
#1119 = CARTESIAN_POINT ( 'NONE',  ( 1.000000000000000888, 12.66666666666667318, 34.00000000000000000 ) ) ;
#1120 = EDGE_CURVE ( 'NONE', #8064, #1677, #2607, .T. ) ;
#1121 = CARTESIAN_POINT ( 'NONE',  ( 5.000000000000005329, 16.66666666666667140, -45.00000000000000000 ) ) ;
#1122 = ADVANCED_FACE ( 'NONE', ( #4653 ), #5285, .F. ) ;
#1123 = CARTESIAN_POINT ( 'NONE',  ( 7.500000000000000888, -55.00000000000000000, -9.999999999999996447 ) ) ;
#1124 = DIRECTION ( 'NONE',  ( -1.000000000000000000, 0.000000000000000000, 0.000000000000000000 ) ) ;
#1125 = CARTESIAN_POINT ( 'NONE',  ( 0.9497172746248325748, -43.70876591699936853, -36.49027940765964928 ) ) ;
#1126 = CARTESIAN_POINT ( 'NONE',  ( 1.000000000000000888, -11.66666666666667673, 33.99999999999999289 ) ) ;
#1127 = AXIS2_PLACEMENT_3D ( 'NONE', #5172, #6316, #7824 ) ;
#1128 = CARTESIAN_POINT ( 'NONE',  ( 7.000000000000000000, -46.00000000000000711, 34.00000000000000711 ) ) ;
#1129 =( BOUNDED_SURFACE ( )  B_SPLINE_SURFACE ( 3, 2, ( 
 ( #5203, #3130, #5858 ),
 ( #3871, #1871, #3212 ),
 ( #8421, #5895, #5816 ),
 ( #2360, #5722, #5031 ),
 ( #7685, #1703, #8382 ),
 ( #2404, #5075, #7728 ),
 ( #1749, #7082, #3746 ),
 ( #6433, #5123, #7773 ),
 ( #1789, #7365, #6580 ),
 ( #637, #6665, #8012 ) ),
 .UNSPECIFIED., .F., .F., .T. ) 
 B_SPLINE_SURFACE_WITH_KNOTS ( ( 4, 2, 2, 2, 4 ),
 ( 3, 3 ),
 ( 0.001630159114958354416, 0.001964796791172805646, 0.002299434467387256441, 0.002634072143601707237, 0.002968709819816158467 ),
 ( 0.000000000000000000, 1.000000000000000000 ),
 .UNSPECIFIED. ) 
 GEOMETRIC_REPRESENTATION_ITEM ( )  RATIONAL_B_SPLINE_SURFACE ( (
 ( 1.000000000000000000, 0.7071067811865471286, 1.000000000000000000),
 ( 1.000000000000000000, 0.7262414598851292258, 1.000000000000000000),
 ( 1.000000000000000000, 0.7480289501609399538, 1.000000000000000000),
 ( 1.000000000000000000, 0.7911571451252273901, 1.000000000000000000),
 ( 1.000000000000000000, 0.8125591127182681950, 1.000000000000000000),
 ( 1.000000000000000000, 0.8490373123534772359, 1.000000000000000000),
 ( 1.000000000000000000, 0.8643289108188294545, 1.000000000000000000),
 ( 1.000000000000000000, 0.8856888935372446703, 1.000000000000000000),
 ( 1.000000000000000000, 0.8917326139920431771, 1.000000000000000000),
 ( 1.000000000000000000, 0.8916277250063496806, 1.000000000000000000) ) ) 
 REPRESENTATION_ITEM ( '' )  SURFACE ( )  );
#1130 = CARTESIAN_POINT ( 'NONE',  ( 6.000000000000005329, -12.66666666666667496, -34.00000000000000000 ) ) ;
#1131 = VERTEX_POINT ( 'NONE', #4613 ) ;
#1132 = ADVANCED_FACE ( 'NONE', ( #3954 ), #2310, .T. ) ;
#1133 = DIRECTION ( 'NONE',  ( -0.000000000000000000, -0.000000000000000000, 1.000000000000000000 ) ) ;
#1134 = DIRECTION ( 'NONE',  ( 0.000000000000000000, 0.000000000000000000, 1.000000000000000000 ) ) ;
#1135 = VECTOR ( 'NONE', #3080, 1000.000000000000000 ) ;
#1136 = ORIENTED_EDGE ( 'NONE', *, *, #5533, .F. ) ;
#1137 = EDGE_CURVE ( 'NONE', #3440, #7411, #6499, .T. ) ;
#1138 = ORIENTED_EDGE ( 'NONE', *, *, #2462, .T. ) ;
#1139 = ORIENTED_EDGE ( 'NONE', *, *, #5496, .T. ) ;
#1140 = TOROIDAL_SURFACE ( 'NONE', #7538, 2.000000000000000888, 1.000000000000000000 ) ;
#1141 = CARTESIAN_POINT ( 'NONE',  ( 0.000000000000000000, -50.99999999999999289, 34.00000000000000711 ) ) ;
#1142 = ORIENTED_EDGE ( 'NONE', *, *, #3205, .F. ) ;
#1143 = DIRECTION ( 'NONE',  ( -0.000000000000000000, -1.000000000000000000, -0.000000000000000000 ) ) ;
#1144 = DIRECTION ( 'NONE',  ( 0.000000000000000000, 4.541565021189716104E-15, 1.000000000000000000 ) ) ;
#1145 = DIRECTION ( 'NONE',  ( 0.000000000000000000, 0.000000000000000000, 1.000000000000000000 ) ) ;
#1146 = ORIENTED_EDGE ( 'NONE', *, *, #2900, .F. ) ;
#1147 = ORIENTED_EDGE ( 'NONE', *, *, #7239, .T. ) ;
#1148 = CARTESIAN_POINT ( 'NONE',  ( 6.000000000000005329, -22.66666666666666075, 41.99999999999998579 ) ) ;
#1149 = ORIENTED_EDGE ( 'NONE', *, *, #404, .T. ) ;
#1150 = CARTESIAN_POINT ( 'NONE',  ( 2.320116729148060382E-09, -43.41482140388314548, 36.93051458912834306 ) ) ;
#1151 = VERTEX_POINT ( 'NONE', #5936 ) ;
#1152 = CARTESIAN_POINT ( 'NONE',  ( 0.8180327975791722439, -43.41904621497958061, -36.34370051841112570 ) ) ;
#1153 = LINE ( 'NONE', #7653, #6348 ) ;
#1154 = ORIENTED_EDGE ( 'NONE', *, *, #2410, .F. ) ;
#1155 = CARTESIAN_POINT ( 'NONE',  ( 2.499999999999999556, -57.00000000000000000, -19.99999999999999645 ) ) ;
#1156 = CARTESIAN_POINT ( 'NONE',  ( 1.000000000000000888, 44.00000000000000711, -35.52786404500041328 ) ) ;
#1157 = ADVANCED_FACE ( 'NONE', ( #7279 ), #4822, .F. ) ;
#1158 = LINE ( 'NONE', #3857, #5034 ) ;
#1159 = DIRECTION ( 'NONE',  ( 0.000000000000000000, -1.000000000000000000, 0.000000000000000000 ) ) ;
#1160 = CARTESIAN_POINT ( 'NONE',  ( 5.000000000000013323, -49.99999999999999289, 39.69999999998333351 ) ) ;
#1161 = FACE_OUTER_BOUND ( 'NONE', #813, .T. ) ;
#1162 = CARTESIAN_POINT ( 'NONE',  ( 143.6861997365472519, -12.66666666666666430, 33.00000000000000711 ) ) ;
#1163 = AXIS2_PLACEMENT_3D ( 'NONE', #5269, #3322, #5344 ) ;
#1164 = CARTESIAN_POINT ( 'NONE',  ( 5.000000000000000000, 49.99999999999999289, -39.69999999999045315 ) ) ;
#1165 = DIRECTION ( 'NONE',  ( 0.000000000000000000, 4.541565021189716104E-15, 1.000000000000000000 ) ) ;
#1166 = CARTESIAN_POINT ( 'NONE',  ( 1.000000000000000888, -22.66666666666666075, -42.99999999999999289 ) ) ;
#1167 = EDGE_CURVE ( 'NONE', #8483, #7244, #7604, .T. ) ;
#1168 = EDGE_LOOP ( 'NONE', ( #5265, #5596 ) ) ;
#1169 = ADVANCED_FACE ( 'NONE', ( #7484 ), #2567, .F. ) ;
#1170 = FACE_OUTER_BOUND ( 'NONE', #4810, .T. ) ;
#1171 = CIRCLE ( 'NONE', #6044, 1.850000000000001865 ) ;
#1172 = VECTOR ( 'NONE', #6787, 1000.000000000000000 ) ;
#1173 = CARTESIAN_POINT ( 'NONE',  ( 6.000000000000005329, -11.66666666666667140, 33.99999999999999289 ) ) ;
#1174 = DIRECTION ( 'NONE',  ( 0.000000000000000000, 0.000000000000000000, 1.000000000000000000 ) ) ;
#1175 = ORIENTED_EDGE ( 'NONE', *, *, #7900, .F. ) ;
#1176 = CARTESIAN_POINT ( 'NONE',  ( 1.000000000000000888, 11.66666666666666963, 40.99999999999999289 ) ) ;
#1177 = ORIENTED_EDGE ( 'NONE', *, *, #5894, .T. ) ;
#1178 = TOROIDAL_SURFACE ( 'NONE', #1302, 2.000000000000000888, 1.000000000000000000 ) ;
#1179 = EDGE_CURVE ( 'NONE', #7992, #3247, #5529, .T. ) ;
#1180 = DIRECTION ( 'NONE',  ( 0.000000000000000000, 0.000000000000000000, 1.000000000000000000 ) ) ;
#1181 = CARTESIAN_POINT ( 'NONE',  ( 7.000000000000000000, -44.00000000000000711, -34.00000000000000000 ) ) ;
#1182 = ORIENTED_EDGE ( 'NONE', *, *, #2402, .F. ) ;
#1183 = ADVANCED_FACE ( 'NONE', ( #7969 ), #8178, .T. ) ;
#1184 = AXIS2_PLACEMENT_3D ( 'NONE', #5241, #3869, #7234 ) ;
#1185 = DIRECTION ( 'NONE',  ( 0.000000000000000000, 0.000000000000000000, 1.000000000000000000 ) ) ;
#1186 = AXIS2_PLACEMENT_3D ( 'NONE', #6527, #539, #8636 ) ;
#1187 = FACE_OUTER_BOUND ( 'NONE', #1429, .T. ) ;
#1188 = LINE ( 'NONE', #3839, #3570 ) ;
#1189 = ORIENTED_EDGE ( 'NONE', *, *, #6549, .T. ) ;
#1190 = ORIENTED_EDGE ( 'NONE', *, *, #7422, .T. ) ;
#1191 = CIRCLE ( 'NONE', #5230, 1.000000000000000888 ) ;
#1192 = CARTESIAN_POINT ( 'NONE',  ( 6.000000000000005329, 20.66666666666666785, 32.00000000000000000 ) ) ;
#1193 = VERTEX_POINT ( 'NONE', #1348 ) ;
#1194 = VECTOR ( 'NONE', #3550, 1000.000000000000000 ) ;
#1195 = ADVANCED_FACE ( 'NONE', ( #6871 ), #3993, .F. ) ;
#1196 = DIRECTION ( 'NONE',  ( 0.000000000000000000, 0.000000000000000000, 1.000000000000000000 ) ) ;
#1197 = CARTESIAN_POINT ( 'NONE',  ( 0.2262337156275648076, -43.81036187339102383, 36.52434734652044312 ) ) ;
#1198 = VERTEX_POINT ( 'NONE', #639 ) ;
#1199 = CARTESIAN_POINT ( 'NONE',  ( 0.2973451444294734625, -43.46955141801328182, -36.38132168594585636 ) ) ;
#1200 = AXIS2_PLACEMENT_3D ( 'NONE', #3837, #6512, #7687 ) ;
#1201 = LINE ( 'NONE', #3853, #8558 ) ;
#1202 = ORIENTED_EDGE ( 'NONE', *, *, #4793, .T. ) ;
#1203 = CARTESIAN_POINT ( 'NONE',  ( 143.6861997365472519, -22.66666666666666075, 40.99999999999998579 ) ) ;
#1204 = CIRCLE ( 'NONE', #6503, 1.000000000000000666 ) ;
#1205 = FACE_OUTER_BOUND ( 'NONE', #7004, .T. ) ;
#1206 = AXIS2_PLACEMENT_3D ( 'NONE', #8098, #8237, #106 ) ;
#1207 = DIRECTION ( 'NONE',  ( 0.000000000000000000, 0.000000000000000000, 1.000000000000000000 ) ) ;
#1208 = DIRECTION ( 'NONE',  ( 1.000000000000000000, 0.000000000000000000, 0.000000000000000000 ) ) ;
#1209 = CARTESIAN_POINT ( 'NONE',  ( 143.6861997365472519, -22.66666666666666075, -41.99999999999998579 ) ) ;
#1210 = DIRECTION ( 'NONE',  ( 0.000000000000000000, 0.000000000000000000, 1.000000000000000000 ) ) ;
#1211 = VECTOR ( 'NONE', #361, 1000.000000000000000 ) ;
#1212 = EDGE_CURVE ( 'NONE', #2542, #7081, #323, .T. ) ;
#1213 = CYLINDRICAL_SURFACE ( 'NONE', #3303, 1.000000000000000888 ) ;
#1214 = CYLINDRICAL_SURFACE ( 'NONE', #4369, 1.000000000000000888 ) ;
#1215 = AXIS2_PLACEMENT_3D ( 'NONE', #3005, #8204, #260 ) ;
#1216 = FACE_OUTER_BOUND ( 'NONE', #4775, .T. ) ;
#1217 = DIRECTION ( 'NONE',  ( 0.000000000000000000, 0.000000000000000000, 1.000000000000000000 ) ) ;
#1218 = ORIENTED_EDGE ( 'NONE', *, *, #7032, .F. ) ;
#1219 = EDGE_CURVE ( 'NONE', #7938, #5625, #4973, .T. ) ;
#1220 = CARTESIAN_POINT ( 'NONE',  ( 7.000000000000000000, 12.66666666666667673, -32.00000000000000000 ) ) ;
#1221 = AXIS2_PLACEMENT_3D ( 'NONE', #6753, #3302, #3994 ) ;
#1222 = VERTEX_POINT ( 'NONE', #8228 ) ;
#1223 = CARTESIAN_POINT ( 'NONE',  ( 1.000000000000000888, 51.99999999999999289, 32.00000000000000000 ) ) ;
#1224 = CYLINDRICAL_SURFACE ( 'NONE', #7588, 1.000000000000000888 ) ;
#1225 = DIRECTION ( 'NONE',  ( 0.000000000000000000, 0.000000000000000000, 1.000000000000000000 ) ) ;
#1226 = EDGE_LOOP ( 'NONE', ( #6071, #6124, #2187, #286 ) ) ;
#1227 = DIRECTION ( 'NONE',  ( 0.000000000000000000, -1.000000000000000000, 2.478176394252584592E-16 ) ) ;
#1228 = ADVANCED_FACE ( 'NONE', ( #6923 ), #4332, .T. ) ;
#1229 = EDGE_CURVE ( 'NONE', #8252, #168, #6625, .T. ) ;
#1230 = DIRECTION ( 'NONE',  ( -1.000000000000000000, -0.000000000000000000, -0.000000000000000000 ) ) ;
#1231 = AXIS2_PLACEMENT_3D ( 'NONE', #7902, #7251, #7826 ) ;
#1232 = ORIENTED_EDGE ( 'NONE', *, *, #1804, .T. ) ;
#1233 = ORIENTED_EDGE ( 'NONE', *, *, #7791, .F. ) ;
#1234 = DIRECTION ( 'NONE',  ( 0.000000000000000000, -0.000000000000000000, 1.000000000000000000 ) ) ;
#1235 = VERTEX_POINT ( 'NONE', #3681 ) ;
#1236 = FACE_OUTER_BOUND ( 'NONE', #6892, .T. ) ;
#1237 = CIRCLE ( 'NONE', #4569, 5.000000000000004441 ) ;
#1238 = CARTESIAN_POINT ( 'NONE',  ( 6.000000000000005329, 10.66666666666667496, -34.00000000000000000 ) ) ;
#1239 = EDGE_LOOP ( 'NONE', ( #2958, #7827, #6511, #2734, #4041 ) ) ;
#1240 = DIRECTION ( 'NONE',  ( 0.000000000000000000, 1.000000000000000000, -0.000000000000000000 ) ) ;
#1241 = EDGE_CURVE ( 'NONE', #2334, #6265, #357, .T. ) ;
#1242 = ORIENTED_EDGE ( 'NONE', *, *, #5630, .T. ) ;
#1243 = AXIS2_PLACEMENT_3D ( 'NONE', #5696, #1808, #8356 ) ;
#1244 = DIRECTION ( 'NONE',  ( 0.02829055873697631021, 0.000000000000000000, 0.9995997420399574951 ) ) ;
#1245 = CARTESIAN_POINT ( 'NONE',  ( 143.6861997365472519, -46.00000000000000711, 33.00000000000000711 ) ) ;
#1246 = DIRECTION ( 'NONE',  ( 0.000000000000000000, 0.000000000000000000, 1.000000000000000000 ) ) ;
#1247 = AXIS2_PLACEMENT_3D ( 'NONE', #8133, #4826, #7486 ) ;
#1248 = DIRECTION ( 'NONE',  ( -1.000000000000000000, 0.000000000000000000, -0.000000000000000000 ) ) ;
#1249 = CYLINDRICAL_SURFACE ( 'NONE', #2271, 1.850000000000002309 ) ;
#1250 = CARTESIAN_POINT ( 'NONE',  ( 143.6861997365472519, 43.33333333333333570, -36.27322003750034440 ) ) ;
#1251 = CARTESIAN_POINT ( 'NONE',  ( 0.000000000000000000, -55.00000000000000000, 45.00000000000000000 ) ) ;
#1252 = AXIS2_PLACEMENT_3D ( 'NONE', #383, #6461, #8455 ) ;
#1253 = CARTESIAN_POINT ( 'NONE',  ( 1.000000000000000888, -44.00000000000000711, 35.52786404500041328 ) ) ;
#1254 = FACE_OUTER_BOUND ( 'NONE', #6562, .T. ) ;
#1255 = EDGE_CURVE ( 'NONE', #4838, #3641, #2427, .T. ) ;
#1256 = CARTESIAN_POINT ( 'NONE',  ( 0.000000000000000000, 34.65725893522786549, 40.50615503039842480 ) ) ;
#1257 = DIRECTION ( 'NONE',  ( 0.000000000000000000, 0.000000000000000000, 1.000000000000000000 ) ) ;
#1258 = ORIENTED_EDGE ( 'NONE', *, *, #8585, .T. ) ;
#1259 = CIRCLE ( 'NONE', #4592, 2.000000000000001776 ) ;
#1260 = LINE ( 'NONE', #3906, #7509 ) ;
#1261 = EDGE_LOOP ( 'NONE', ( #2727, #4165, #2324 ) ) ;
#1262 = CARTESIAN_POINT ( 'NONE',  ( 143.6861997365472519, -20.66666666666666785, 33.99999999999999289 ) ) ;
#1263 = ORIENTED_EDGE ( 'NONE', *, *, #2120, .F. ) ;
#1264 = CIRCLE ( 'NONE', #1958, 0.9999999999999940048 ) ;
#1265 = EDGE_CURVE ( 'NONE', #6330, #5163, #1204, .T. ) ;
#1266 = AXIS2_PLACEMENT_3D ( 'NONE', #5717, #4437, #4484 ) ;
#1267 = DIRECTION ( 'NONE',  ( 1.000000000000000000, 0.000000000000000000, 0.000000000000000000 ) ) ;
#1268 = ORIENTED_EDGE ( 'NONE', *, *, #1120, .T. ) ;
#1269 = CARTESIAN_POINT ( 'NONE',  ( 10.00000000000000000, 0.000000000000000000, 0.000000000000000000 ) ) ;
#1270 = VECTOR ( 'NONE', #6007, 1000.000000000000000 ) ;
#1271 = ORIENTED_EDGE ( 'NONE', *, *, #1628, .F. ) ;
#1272 = ORIENTED_EDGE ( 'NONE', *, *, #2054, .T. ) ;
#1273 = DIRECTION ( 'NONE',  ( 0.000000000000000000, -0.000000000000000000, 1.000000000000000000 ) ) ;
#1274 = VERTEX_POINT ( 'NONE', #7706 ) ;
#1275 = EDGE_CURVE ( 'NONE', #5063, #3612, #4392, .T. ) ;
#1276 = AXIS2_PLACEMENT_3D ( 'NONE', #4010, #6724, #5465 ) ;
#1277 = CARTESIAN_POINT ( 'NONE',  ( 0.8074032449773838049, -43.33333333332915061, 36.27322003749659984 ) ) ;
#1278 = CARTESIAN_POINT ( 'NONE',  ( 5.000000000000013323, -49.99999999999999289, 39.50000000000000000 ) ) ;
#1279 = ORIENTED_EDGE ( 'NONE', *, *, #201, .F. ) ;
#1280 = LINE ( 'NONE', #3269, #6811 ) ;
#1281 = DIRECTION ( 'NONE',  ( 0.000000000000000000, 0.000000000000000000, 1.000000000000000000 ) ) ;
#1282 = EDGE_CURVE ( 'NONE', #829, #3085, #3556, .T. ) ;
#1283 = ORIENTED_EDGE ( 'NONE', *, *, #5280, .T. ) ;
#1284 = CARTESIAN_POINT ( 'NONE',  ( 6.000000000000005329, 51.99999999999999289, 32.00000000000000000 ) ) ;
#1285 = CARTESIAN_POINT ( 'NONE',  ( 7.000000000000000000, -32.06274606680621986, 38.99999999999999289 ) ) ;
#1286 = TOROIDAL_SURFACE ( 'NONE', #5748, 2.000000000000000888, 1.000000000000000000 ) ;
#1287 = CARTESIAN_POINT ( 'NONE',  ( 6.000000000000005329, -10.66666666666667140, -40.99999999999998579 ) ) ;
#1288 = VERTEX_POINT ( 'NONE', #417 ) ;
#1289 = CARTESIAN_POINT ( 'NONE',  ( 0.9504075650566260469, 34.83667887509591310, -40.14685472378129560 ) ) ;
#1290 = CARTESIAN_POINT ( 'NONE',  ( 7.000000000000000000, -12.66666666666666607, 33.99999999999999289 ) ) ;
#1291 = DIRECTION ( 'NONE',  ( -1.000000000000000000, -0.000000000000000000, -0.000000000000000000 ) ) ;
#1292 = CIRCLE ( 'NONE', #6176, 1.000000000000000888 ) ;
#1293 = EDGE_LOOP ( 'NONE', ( #5090, #2303, #3103, #2611 ) ) ;
#1294 = DIRECTION ( 'NONE',  ( 0.000000000000000000, 0.000000000000000000, 1.000000000000000000 ) ) ;
#1295 = CARTESIAN_POINT ( 'NONE',  ( 1.000000000000000888, -10.66666666666666785, 40.99999999999998579 ) ) ;
#1296 = DIRECTION ( 'NONE',  ( -1.000000000000000000, 0.000000000000000000, 0.000000000000000000 ) ) ;
#1297 = CIRCLE ( 'NONE', #4507, 1.000000000000000888 ) ;
#1298 = DIRECTION ( 'NONE',  ( 1.000000000000000000, 0.000000000000000000, 0.000000000000000000 ) ) ;
#1299 = CIRCLE ( 'NONE', #8413, 1.000000000000000888 ) ;
#1300 = ORIENTED_EDGE ( 'NONE', *, *, #2817, .T. ) ;
#1301 = DIRECTION ( 'NONE',  ( -1.000000000000000000, 0.000000000000000000, 0.000000000000000000 ) ) ;
#1302 = AXIS2_PLACEMENT_3D ( 'NONE', #8363, #2385, #5058 ) ;
#1303 = ORIENTED_EDGE ( 'NONE', *, *, #5008, .F. ) ;
#1304 = DIRECTION ( 'NONE',  ( -1.000000000000000000, 0.000000000000000000, 0.000000000000000000 ) ) ;
#1305 = EDGE_CURVE ( 'NONE', #5811, #4886, #2996, .T. ) ;
#1306 = EDGE_LOOP ( 'NONE', ( #2789, #385, #4492, #4125 ) ) ;
#1307 = EDGE_LOOP ( 'NONE', ( #3946, #7905, #702, #3008 ) ) ;
#1308 = DIRECTION ( 'NONE',  ( 0.000000000000000000, 0.000000000000000000, 1.000000000000000000 ) ) ;
#1309 = ORIENTED_EDGE ( 'NONE', *, *, #6347, .F. ) ;
#1310 = PRODUCT_DEFINITION_CONTEXT ( 'detailed design', #5423, 'design' ) ;
#1311 = CIRCLE ( 'NONE', #39, 1.000000000000000888 ) ;
#1312 = VECTOR ( 'NONE', #2820, 1000.000000000000000 ) ;
#1313 = CARTESIAN_POINT ( 'NONE',  ( 7.000000000000253131, 49.99999999999999289, -45.00000000000000000 ) ) ;
#1314 = VERTEX_POINT ( 'NONE', #6969 ) ;
#1315 = DIRECTION ( 'NONE',  ( 0.000000000000000000, -1.000000000000000000, -0.000000000000000000 ) ) ;
#1316 = AXIS2_PLACEMENT_3D ( 'NONE', #6977, #7017, #3605 ) ;
#1317 = EDGE_CURVE ( 'NONE', #6996, #4678, #7882, .T. ) ;
#1318 = ORIENTED_EDGE ( 'NONE', *, *, #7741, .T. ) ;
#1319 = AXIS2_PLACEMENT_3D ( 'NONE', #8127, #2842, #6735 ) ;
#1320 = DIRECTION ( 'NONE',  ( 0.000000000000000000, 1.000000000000000000, -0.000000000000000000 ) ) ;
#1321 = VERTEX_POINT ( 'NONE', #8362 ) ;
#1322 = CARTESIAN_POINT ( 'NONE',  ( 143.6861997365472519, -21.66666666666666075, 33.99999999999999289 ) ) ;
#1323 = CIRCLE ( 'NONE', #7747, 1.000000000000000888 ) ;
#1324 = CIRCLE ( 'NONE', #6504, 1.000000000000000888 ) ;
#1325 = ORIENTED_EDGE ( 'NONE', *, *, #4612, .F. ) ;
#1326 = DIRECTION ( 'NONE',  ( 0.000000000000000000, 0.000000000000000000, 1.000000000000000000 ) ) ;
#1327 = CARTESIAN_POINT ( 'NONE',  ( 0.000000000000000000, 40.00000000000000000, -39.99999999999999289 ) ) ;
#1328 = EDGE_CURVE ( 'NONE', #5903, #1836, #2714, .T. ) ;
#1329 = DIRECTION ( 'NONE',  ( -1.000000000000000000, 0.000000000000000000, 0.000000000000000000 ) ) ;
#1330 = ORIENTED_EDGE ( 'NONE', *, *, #4940, .T. ) ;
#1331 = SPHERICAL_SURFACE ( 'NONE', #3995, 1.000000000000000000 ) ;
#1332 = ADVANCED_FACE ( 'NONE', ( #4918 ), #4969, .F. ) ;
#1333 = LINE ( 'NONE', #7225, #479 ) ;
#1334 = AXIS2_PLACEMENT_3D ( 'NONE', #7261, #7181, #504 ) ;
#1335 = AXIS2_PLACEMENT_3D ( 'NONE', #7688, #395, #6301 ) ;
#1336 = LINE ( 'NONE', #5196, #3272 ) ;
#1337 = CARTESIAN_POINT ( 'NONE',  ( 6.000000000000005329, 12.66666666666667673, -33.00000000000000000 ) ) ;
#1338 = TOROIDAL_SURFACE ( 'NONE', #2460, 2.000000000000002665, 1.000000000000000000 ) ;
#1339 = DIRECTION ( 'NONE',  ( 0.000000000000000000, 1.000000000000000000, -0.000000000000000000 ) ) ;
#1340 = DIRECTION ( 'NONE',  ( 0.000000000000000000, 0.000000000000000000, 1.000000000000000000 ) ) ;
#1341 = ADVANCED_FACE ( 'NONE', ( #983 ), #5666, .F. ) ;
#1342 = EDGE_CURVE ( 'NONE', #2293, #5874, #5807, .T. ) ;
#1343 = FACE_OUTER_BOUND ( 'NONE', #2309, .T. ) ;
#1344 = DIRECTION ( 'NONE',  ( -0.000000000000000000, -4.541565021189716104E-15, -1.000000000000000000 ) ) ;
#1345 = AXIS2_PLACEMENT_3D ( 'NONE', #6343, #3051, #2916 ) ;
#1346 = DIRECTION ( 'NONE',  ( 1.000000000000000000, 0.000000000000000000, 0.000000000000000000 ) ) ;
#1347 = VERTEX_POINT ( 'NONE', #7621 ) ;
#1348 = CARTESIAN_POINT ( 'NONE',  ( 1.000000000000000888, 12.66666666666667318, 33.00000000000000000 ) ) ;
#1349 = VECTOR ( 'NONE', #1078, 1000.000000000000000 ) ;
#1350 = VERTEX_POINT ( 'NONE', #1643 ) ;
#1351 = CARTESIAN_POINT ( 'NONE',  ( 4.336808689942017736E-16, -44.00000000000000711, 37.52786404500041328 ) ) ;
#1352 = ORIENTED_EDGE ( 'NONE', *, *, #965, .T. ) ;
#1353 = ORIENTED_EDGE ( 'NONE', *, *, #2851, .T. ) ;
#1354 = DIRECTION ( 'NONE',  ( -1.000000000000000000, 0.000000000000000000, 0.000000000000000000 ) ) ;
#1355 = ORIENTED_EDGE ( 'NONE', *, *, #4657, .F. ) ;
#1356 = EDGE_CURVE ( 'NONE', #6635, #4990, #6216, .T. ) ;
#1357 = FACE_OUTER_BOUND ( 'NONE', #146, .T. ) ;
#1358 = ORIENTED_EDGE ( 'NONE', *, *, #2088, .F. ) ;
#1359 = AXIS2_PLACEMENT_3D ( 'NONE', #448, #4821, #4871 ) ;
#1360 = DIRECTION ( 'NONE',  ( 0.000000000000000000, 0.000000000000000000, 1.000000000000000000 ) ) ;
#1361 = DIRECTION ( 'NONE',  ( 0.000000000000000000, 1.000000000000000000, -0.000000000000000000 ) ) ;
#1362 = ORIENTED_EDGE ( 'NONE', *, *, #1098, .F. ) ;
#1363 = CARTESIAN_POINT ( 'NONE',  ( 2.499999999999999556, -57.00000000000000000, -9.999999999999996447 ) ) ;
#1364 = EDGE_LOOP ( 'NONE', ( #4761, #1177, #4002, #2486, #1828 ) ) ;
#1365 = DIRECTION ( 'NONE',  ( 0.000000000000000000, 0.000000000000000000, 1.000000000000000000 ) ) ;
#1366 = EDGE_CURVE ( 'NONE', #4947, #2311, #1464, .T. ) ;
#1367 = EDGE_CURVE ( 'NONE', #8073, #1131, #500, .T. ) ;
#1368 = VERTEX_POINT ( 'NONE', #6493 ) ;
#1369 = CARTESIAN_POINT ( 'NONE',  ( -1.470576458215031352E-09, -35.40742382206727257, 39.73244334788787313 ) ) ;
#1370 = DIRECTION ( 'NONE',  ( -1.000000000000000000, 0.000000000000000000, 0.000000000000000000 ) ) ;
#1371 = DIRECTION ( 'NONE',  ( -0.000000000000000000, 0.000000000000000000, 1.000000000000000000 ) ) ;
#1372 = AXIS2_PLACEMENT_3D ( 'NONE', #7566, #2289, #3496 ) ;
#1373 = ORIENTED_EDGE ( 'NONE', *, *, #3368, .F. ) ;
#1374 = CARTESIAN_POINT ( 'NONE',  ( 10.00000000000000178, -56.99999999999998579, -9.999999999999996447 ) ) ;
#1375 = DIRECTION ( 'NONE',  ( -0.000000000000000000, -0.000000000000000000, 1.000000000000000000 ) ) ;
#1376 = EDGE_CURVE ( 'NONE', #5864, #2929, #6363, .T. ) ;
#1377 = CARTESIAN_POINT ( 'NONE',  ( 1.000000000000000888, 32.06274606680621986, 38.99999999999999289 ) ) ;
#1378 = CARTESIAN_POINT ( 'NONE',  ( 1.000000000000000888, 51.00000000000000000, -34.00000000000000711 ) ) ;
#1379 = ORIENTED_EDGE ( 'NONE', *, *, #6801, .F. ) ;
#1380 = EDGE_CURVE ( 'NONE', #6573, #599, #1471, .T. ) ;
#1381 = CIRCLE ( 'NONE', #3606, 1.000000000000003997 ) ;
#1382 = EDGE_CURVE ( 'NONE', #3932, #1601, #7456, .T. ) ;
#1383 = DIRECTION ( 'NONE',  ( 0.000000000000000000, 0.000000000000000000, -1.000000000000000000 ) ) ;
#1384 = CARTESIAN_POINT ( 'NONE',  ( 143.6861997365472519, 21.66666666666666785, 34.00000000000000000 ) ) ;
#1385 = DIRECTION ( 'NONE',  ( 0.000000000000000000, -1.000000000000000000, 0.000000000000000000 ) ) ;
#1386 = AXIS2_PLACEMENT_3D ( 'NONE', #6501, #5671, #8327 ) ;
#1387 = DIRECTION ( 'NONE',  ( 0.000000000000000000, 0.6666666666666704044, 0.7453559924999264563 ) ) ;
#1388 = DIRECTION ( 'NONE',  ( -1.000000000000000000, -0.000000000000000000, -0.000000000000000000 ) ) ;
#1389 = FACE_OUTER_BOUND ( 'NONE', #6682, .T. ) ;
#1390 = CARTESIAN_POINT ( 'NONE',  ( 6.000000000000005329, 22.66666666666666785, 34.00000000000000000 ) ) ;
#1391 = VERTEX_POINT ( 'NONE', #7911 ) ;
#1392 = EDGE_CURVE ( 'NONE', #7868, #8591, #3692, .T. ) ;
#1393 = ADVANCED_FACE ( 'NONE', ( #5796 ), #546, .F. ) ;
#1394 = VECTOR ( 'NONE', #797, 1000.000000000000000 ) ;
#1395 = VECTOR ( 'NONE', #8538, 1000.000000000000000 ) ;
#1396 = ORIENTED_EDGE ( 'NONE', *, *, #8417, .T. ) ;
#1397 = DIRECTION ( 'NONE',  ( -1.000000000000000000, -0.000000000000000000, -0.000000000000000000 ) ) ;
#1398 = ORIENTED_EDGE ( 'NONE', *, *, #7631, .T. ) ;
#1399 = ORIENTED_EDGE ( 'NONE', *, *, #4342, .T. ) ;
#1400 = AXIS2_PLACEMENT_3D ( 'NONE', #5983, #5455, #8106 ) ;
#1401 = DIRECTION ( 'NONE',  ( 0.000000000000000000, -1.000000000000000000, 0.000000000000000000 ) ) ;
#1402 = ORIENTED_EDGE ( 'NONE', *, *, #7140, .F. ) ;
#1403 = AXIS2_PLACEMENT_3D ( 'NONE', #5623, #3607, #992 ) ;
#1404 = DIRECTION ( 'NONE',  ( 0.000000000000000000, -1.000000000000000000, 0.000000000000000000 ) ) ;
#1405 = DIRECTION ( 'NONE',  ( 0.000000000000000000, 1.000000000000000000, -0.000000000000000000 ) ) ;
#1406 = ORIENTED_EDGE ( 'NONE', *, *, #5180, .T. ) ;
#1407 = ORIENTED_EDGE ( 'NONE', *, *, #1977, .T. ) ;
#1408 = ORIENTED_EDGE ( 'NONE', *, *, #7943, .F. ) ;
#1409 = FACE_OUTER_BOUND ( 'NONE', #7260, .T. ) ;
#1410 = ORIENTED_EDGE ( 'NONE', *, *, #7791, .T. ) ;
#1411 = DIRECTION ( 'NONE',  ( -0.000000000000000000, 1.000000000000000000, -0.000000000000000000 ) ) ;
#1412 = CARTESIAN_POINT ( 'NONE',  ( 5.000000000000013323, -49.99999999999999289, 45.00000000000000000 ) ) ;
#1413 = DIRECTION ( 'NONE',  ( -1.000000000000000000, -0.000000000000000000, -0.000000000000000000 ) ) ;
#1414 = VERTEX_POINT ( 'NONE', #1935 ) ;
#1415 = DIRECTION ( 'NONE',  ( 0.000000000000000000, 0.000000000000000000, 1.000000000000000000 ) ) ;
#1416 = CARTESIAN_POINT ( 'NONE',  ( 3.150000000000010125, -16.66666666666666430, 39.50000000000000000 ) ) ;
#1417 = ADVANCED_FACE ( 'NONE', ( #3109 ), #3933, .F. ) ;
#1418 = DIRECTION ( 'NONE',  ( 0.000000000000000000, 0.000000000000000000, 1.000000000000000000 ) ) ;
#1419 = VERTEX_POINT ( 'NONE', #8524 ) ;
#1420 = LINE ( 'NONE', #6698, #2736 ) ;
#1421 = CARTESIAN_POINT ( 'NONE',  ( 0.000000000000000000, 32.06274606680621986, -43.00000000000000000 ) ) ;
#1422 = LINE ( 'NONE', #4068, #6087 ) ;
#1423 = EDGE_CURVE ( 'NONE', #1074, #3628, #3265, .T. ) ;
#1424 = CARTESIAN_POINT ( 'NONE',  ( 0.8074032449799473099, -42.66666666665780383, 37.01857602999344010 ) ) ;
#1425 = SPHERICAL_SURFACE ( 'NONE', #3475, 1.000000000000000000 ) ;
#1426 = DIRECTION ( 'NONE',  ( 1.000000000000000000, -0.000000000000000000, -0.000000000000000000 ) ) ;
#1427 = ORIENTED_EDGE ( 'NONE', *, *, #4841, .T. ) ;
#1428 = ADVANCED_FACE ( 'NONE', ( #3276 ), #7141, .F. ) ;
#1429 = EDGE_LOOP ( 'NONE', ( #592, #8285, #8117, #4305 ) ) ;
#1430 = VERTEX_POINT ( 'NONE', #579 ) ;
#1431 = AXIS2_PLACEMENT_3D ( 'NONE', #3897, #2589, #8606 ) ;
#1432 = ADVANCED_FACE ( 'NONE', ( #5955 ), #4554, .F. ) ;
#1433 = CARTESIAN_POINT ( 'NONE',  ( 7.000000000000000000, -51.00000000000000000, 32.00000000000001421 ) ) ;
#1434 = ORIENTED_EDGE ( 'NONE', *, *, #7464, .F. ) ;
#1435 = CIRCLE ( 'NONE', #6474, 0.9999999999999870104 ) ;
#1436 = DIRECTION ( 'NONE',  ( -1.000000000000000000, 0.000000000000000000, 0.000000000000000000 ) ) ;
#1437 = CARTESIAN_POINT ( 'NONE',  ( 3.150000000000003020, 16.66666666666667140, 39.69999999998344009 ) ) ;
#1438 = CARTESIAN_POINT ( 'NONE',  ( 1.397047057679101381E-16, -43.82850417588093705, -37.46719707683172373 ) ) ;
#1439 = ORIENTED_EDGE ( 'NONE', *, *, #1480, .T. ) ;
#1440 = ORIENTED_EDGE ( 'NONE', *, *, #6085, .T. ) ;
#1441 = EDGE_CURVE ( 'NONE', #2215, #1612, #7752, .T. ) ;
#1442 = DIRECTION ( 'NONE',  ( -1.000000000000000000, 0.000000000000000000, 0.000000000000000000 ) ) ;
#1443 = AXIS2_PLACEMENT_3D ( 'NONE', #3375, #8011, #7535 ) ;
#1444 = CIRCLE ( 'NONE', #4362, 2.000000000000001776 ) ;
#1445 = ORIENTED_EDGE ( 'NONE', *, *, #827, .F. ) ;
#1446 = CARTESIAN_POINT ( 'NONE',  ( 6.850000000000008527, -16.66666666666666430, -39.69999999999039630 ) ) ;
#1447 = VERTEX_POINT ( 'NONE', #8563 ) ;
#1448 = DIRECTION ( 'NONE',  ( 1.000000000000000000, 0.000000000000000000, 0.000000000000000000 ) ) ;
#1449 = VECTOR ( 'NONE', #11, 1000.000000000000000 ) ;
#1450 = AXIS2_PLACEMENT_3D ( 'NONE', #3015, #5694, #8353 ) ;
#1451 = CONICAL_SURFACE ( 'NONE', #6350, 4.590000000000003411, 0.7853981633974498333 ) ;
#1452 = CYLINDRICAL_SURFACE ( 'NONE', #7851, 0.5000000000000004441 ) ;
#1453 = EDGE_LOOP ( 'NONE', ( #7686, #1930, #8171, #6197 ) ) ;
#1454 = CARTESIAN_POINT ( 'NONE',  ( 6.000000000000005329, -44.00000000000000711, 36.52786404500041328 ) ) ;
#1455 = CARTESIAN_POINT ( 'NONE',  ( 10.00000000000000178, -56.99999999999998579, 9.999999999999996447 ) ) ;
#1456 = VECTOR ( 'NONE', #6854, 1000.000000000000000 ) ;
#1457 = CARTESIAN_POINT ( 'NONE',  ( 6.000000000000005329, -32.06274606680622696, -40.99999999999997868 ) ) ;
#1458 = CARTESIAN_POINT ( 'NONE',  ( 6.000000000000005329, -44.00000000000000711, 35.52786404500041328 ) ) ;
#1459 = DIRECTION ( 'NONE',  ( 0.000000000000000000, 0.000000000000000000, -1.000000000000000000 ) ) ;
#1460 = EDGE_CURVE ( 'NONE', #4988, #1048, #7797, .T. ) ;
#1461 = DIRECTION ( 'NONE',  ( 1.000000000000000000, 0.000000000000000000, 0.000000000000000000 ) ) ;
#1462 = CYLINDRICAL_SURFACE ( 'NONE', #1517, 1.000000000000000000 ) ;
#1463 = DIRECTION ( 'NONE',  ( 0.000000000000000000, 0.000000000000000000, 1.000000000000000000 ) ) ;
#1464 = CIRCLE ( 'NONE', #4108, 2.000000000000001776 ) ;
#1465 = CIRCLE ( 'NONE', #6365, 1.849999999999999201 ) ;
#1466 = DIRECTION ( 'NONE',  ( 0.000000000000000000, -1.000000000000000000, 0.000000000000000000 ) ) ;
#1467 = LINE ( 'NONE', #6061, #1449 ) ;
#1468 = FACE_OUTER_BOUND ( 'NONE', #6045, .T. ) ;
#1469 = DIRECTION ( 'NONE',  ( -1.000000000000000000, -0.000000000000000000, -0.000000000000000000 ) ) ;
#1470 = EDGE_LOOP ( 'NONE', ( #4577, #7371, #3586, #4401 ) ) ;
#1471 = CIRCLE ( 'NONE', #6371, 1.000000000000000000 ) ;
#1472 = CIRCLE ( 'NONE', #7759, 2.000000000000452083 ) ;
#1473 = EDGE_CURVE ( 'NONE', #3948, #1447, #5114, .T. ) ;
#1474 = ORIENTED_EDGE ( 'NONE', *, *, #4612, .T. ) ;
#1475 = DIRECTION ( 'NONE',  ( 0.000000000000000000, 0.000000000000000000, 1.000000000000000000 ) ) ;
#1476 = CIRCLE ( 'NONE', #7331, 1.000000000000000888 ) ;
#1477 = VERTEX_POINT ( 'NONE', #1284 ) ;
#1478 = CARTESIAN_POINT ( 'NONE',  ( 0.9999999612669131510, 43.87639314251057243, 36.52177161446788034 ) ) ;
#1479 = EDGE_LOOP ( 'NONE', ( #427, #5567, #2262, #864 ) ) ;
#1480 = EDGE_CURVE ( 'NONE', #1767, #2902, #2590, .T. ) ;
#1481 = CARTESIAN_POINT ( 'NONE',  ( 0.8192616788887695511, 43.42304054742095332, -36.34650444325994556 ) ) ;
#1482 = AXIS2_PLACEMENT_3D ( 'NONE', #6897, #4220, #2322 ) ;
#1483 = ADVANCED_FACE ( 'NONE', ( #5842 ), #7837, .T. ) ;
#1484 = DIRECTION ( 'NONE',  ( 1.000000000000000000, 0.000000000000000000, 0.000000000000000000 ) ) ;
#1485 = DIRECTION ( 'NONE',  ( 0.000000000000000000, -0.000000000000000000, -1.000000000000000000 ) ) ;
#1486 = CARTESIAN_POINT ( 'NONE',  ( 143.6861997365472519, -20.66666666666667496, -34.00000000000000000 ) ) ;
#1487 = VERTEX_POINT ( 'NONE', #5186 ) ;
#1488 = VERTEX_POINT ( 'NONE', #6817 ) ;
#1489 = AXIS2_PLACEMENT_3D ( 'NONE', #8335, #998, #2904 ) ;
#1490 = FACE_OUTER_BOUND ( 'NONE', #2953, .T. ) ;
#1491 = ORIENTED_EDGE ( 'NONE', *, *, #245, .F. ) ;
#1492 = CARTESIAN_POINT ( 'NONE',  ( 2.500000000000017764, -59.50000000000000711, 9.999999999999996447 ) ) ;
#1493 = VECTOR ( 'NONE', #7572, 1000.000000000000000 ) ;
#1494 = EDGE_CURVE ( 'NONE', #4803, #4095, #2192, .T. ) ;
#1495 = ORIENTED_EDGE ( 'NONE', *, *, #2233, .F. ) ;
#1496 = CARTESIAN_POINT ( 'NONE',  ( 0.000000000000000000, -43.06000000000000938, -36.57881599442531950 ) ) ;
#1497 = CYLINDRICAL_SURFACE ( 'NONE', #6882, 2.500000000000001332 ) ;
#1498 = ORIENTED_EDGE ( 'NONE', *, *, #5726, .T. ) ;
#1499 = DIRECTION ( 'NONE',  ( -0.000000000000000000, -0.000000000000000000, -1.000000000000000000 ) ) ;
#1500 = DIRECTION ( 'NONE',  ( -1.000000000000000000, 0.000000000000000000, 0.000000000000000000 ) ) ;
#1501 = VECTOR ( 'NONE', #6142, 1000.000000000000000 ) ;
#1502 = CARTESIAN_POINT ( 'NONE',  ( 0.000000000000000000, 40.00000000000000000, 35.40999999999998948 ) ) ;
#1503 = CARTESIAN_POINT ( 'NONE',  ( 1.000000000000000888, 10.66666666666667140, 42.99999999999999289 ) ) ;
#1504 = DIRECTION ( 'NONE',  ( 0.000000000000000000, -1.000000000000000000, 0.000000000000000000 ) ) ;
#1505 = CARTESIAN_POINT ( 'NONE',  ( 143.6861997365472519, -45.00000000000000711, 34.00000000000000711 ) ) ;
#1506 = CARTESIAN_POINT ( 'NONE',  ( 1.000000000000000888, -12.66666666666666963, 33.99999999999999289 ) ) ;
#1507 = AXIS2_PLACEMENT_3D ( 'NONE', #4046, #1527, #2007 ) ;
#1508 = EDGE_CURVE ( 'NONE', #433, #242, #507, .T. ) ;
#1509 = CARTESIAN_POINT ( 'NONE',  ( 0.000000000000000000, 32.06274606680621986, -39.00000000000000000 ) ) ;
#1510 = DIRECTION ( 'NONE',  ( 0.000000000000000000, 0.000000000000000000, 1.000000000000000000 ) ) ;
#1511 = CARTESIAN_POINT ( 'NONE',  ( 143.6861997365472519, 46.00000000000001421, 34.00000000000001421 ) ) ;
#1512 = DIRECTION ( 'NONE',  ( -1.000000000000000000, 0.000000000000000000, 0.000000000000000000 ) ) ;
#1513 = TOROIDAL_SURFACE ( 'NONE', #4709, 4.000000000000001776, 1.000000000000000000 ) ;
#1514 = CARTESIAN_POINT ( 'NONE',  ( 2.340000000000001634, -40.00000000000000000, 37.75000000000000000 ) ) ;
#1515 = CARTESIAN_POINT ( 'NONE',  ( 0.000000000000000000, 40.00000000000000000, 44.58999999999999631 ) ) ;
#1516 = ORIENTED_EDGE ( 'NONE', *, *, #6416, .T. ) ;
#1517 = AXIS2_PLACEMENT_3D ( 'NONE', #8230, #4920, #6926 ) ;
#1518 = EDGE_LOOP ( 'NONE', ( #8279, #7724, #3142, #4190 ) ) ;
#1519 = DIRECTION ( 'NONE',  ( -0.000000000000000000, -1.000000000000000000, 7.384882149680598319E-16 ) ) ;
#1520 = EDGE_LOOP ( 'NONE', ( #1580, #575, #3877, #2124 ) ) ;
#1521 = EDGE_CURVE ( 'NONE', #3691, #4327, #4142, .T. ) ;
#1522 = CARTESIAN_POINT ( 'NONE',  ( 2.794094115209101642E-16, 43.82850417588009151, 37.46719707683194400 ) ) ;
#1523 = ORIENTED_EDGE ( 'NONE', *, *, #7683, .T. ) ;
#1524 = VECTOR ( 'NONE', #6177, 1000.000000000000000 ) ;
#1525 = AXIS2_PLACEMENT_3D ( 'NONE', #2436, #1857, #4481 ) ;
#1526 = CARTESIAN_POINT ( 'NONE',  ( 6.000000000000000000, 50.99999999999999289, 32.00000000000000000 ) ) ;
#1527 = DIRECTION ( 'NONE',  ( 0.000000000000000000, 0.000000000000000000, 1.000000000000000000 ) ) ;
#1528 = CARTESIAN_POINT ( 'NONE',  ( 0.8074032449773838049, 40.00000000000000000, -39.99999999999999289 ) ) ;
#1529 = DIRECTION ( 'NONE',  ( 0.000000000000000000, -1.000000000000000000, 7.384882149680603249E-16 ) ) ;
#1530 = AXIS2_PLACEMENT_3D ( 'NONE', #5524, #4867, #3364 ) ;
#1531 = ORIENTED_EDGE ( 'NONE', *, *, #363, .F. ) ;
#1532 = ORIENTED_EDGE ( 'NONE', *, *, #2584, .F. ) ;
#1533 = EDGE_CURVE ( 'NONE', #2902, #4277, #2065, .T. ) ;
#1534 = DIRECTION ( 'NONE',  ( -1.000000000000000000, -0.000000000000000000, -0.000000000000000000 ) ) ;
#1535 = EDGE_CURVE ( 'NONE', #4983, #2485, #6772, .T. ) ;
#1536 = ORIENTED_EDGE ( 'NONE', *, *, #3125, .F. ) ;
#1537 = DIRECTION ( 'NONE',  ( -1.000000000000000000, 0.000000000000000000, 0.000000000000000000 ) ) ;
#1538 = VECTOR ( 'NONE', #2132, 1000.000000000000000 ) ;
#1539 = CYLINDRICAL_SURFACE ( 'NONE', #1887, 1.000000000000000888 ) ;
#1540 = ORIENTED_EDGE ( 'NONE', *, *, #1533, .F. ) ;
#1541 = CARTESIAN_POINT ( 'NONE',  ( 1.000000000000000888, 46.00000000000001421, 33.00000000000001421 ) ) ;
#1542 = CARTESIAN_POINT ( 'NONE',  ( 1.000000000000000000, -43.86443802271307391, -37.52326449361068228 ) ) ;
#1543 = EDGE_LOOP ( 'NONE', ( #7558, #6127, #7000, #8114 ) ) ;
#1544 = DIRECTION ( 'NONE',  ( -1.000000000000000000, -0.000000000000000000, -0.000000000000000000 ) ) ;
#1545 = EDGE_CURVE ( 'NONE', #2293, #1350, #1621, .T. ) ;
#1546 = FACE_OUTER_BOUND ( 'NONE', #8416, .T. ) ;
#1547 = VECTOR ( 'NONE', #8097, 1000.000000000000000 ) ;
#1548 = CARTESIAN_POINT ( 'NONE',  ( 5.000000000000013323, -49.99999999999999289, 39.50000000000000000 ) ) ;
#1549 = EDGE_CURVE ( 'NONE', #68, #5943, #2583, .T. ) ;
#1550 = CARTESIAN_POINT ( 'NONE',  ( 1.000000000000000888, -45.00000000000000711, 35.52786404500041328 ) ) ;
#1551 = CARTESIAN_POINT ( 'NONE',  ( 6.000000000000005329, -22.66666666666666075, -41.99999999999998579 ) ) ;
#1552 = DIRECTION ( 'NONE',  ( 0.000000000000000000, 0.000000000000000000, 1.000000000000000000 ) ) ;
#1553 = CARTESIAN_POINT ( 'NONE',  ( 5.000000000000000000, 49.99999999999999289, 45.00000000000000000 ) ) ;
#1554 = DIRECTION ( 'NONE',  ( 0.000000000000000000, 0.000000000000000000, 1.000000000000000000 ) ) ;
#1555 = DIRECTION ( 'NONE',  ( -1.000000000000000000, -0.000000000000000000, -0.000000000000000000 ) ) ;
#1556 = FACE_OUTER_BOUND ( 'NONE', #4320, .T. ) ;
#1557 = CARTESIAN_POINT ( 'NONE',  ( 5.000000000000013323, -49.99999999999999289, -45.00000000000000000 ) ) ;
#1559 = CIRCLE ( 'NONE', #4489, 2.500000000000001332 ) ;
#1558 = CARTESIAN_POINT ( 'NONE',  ( 6.000000000000000000, -10.66666666666667496, 33.99999999999999289 ) ) ;
#1560 = DIRECTION ( 'NONE',  ( 1.000000000000000000, 0.000000000000000000, 0.000000000000000000 ) ) ;
#1561 = VERTEX_POINT ( 'NONE', #2146 ) ;
#1562 = VERTEX_POINT ( 'NONE', #1496 ) ;
#1563 = ORIENTED_EDGE ( 'NONE', *, *, #485, .F. ) ;
#1564 = DIRECTION ( 'NONE',  ( 0.000000000000000000, 0.000000000000000000, 1.000000000000000000 ) ) ;
#1565 = DIRECTION ( 'NONE',  ( 0.000000000000000000, -0.9921567416492215186, 0.1250000000000000278 ) ) ;
#1566 = VERTEX_POINT ( 'NONE', #3489 ) ;
#1567 = DIRECTION ( 'NONE',  ( 0.02829055873697626511, 0.000000000000000000, 0.9995997420399574951 ) ) ;
#1568 = EDGE_CURVE ( 'NONE', #3627, #1430, #7461, .T. ) ;
#1569 = FACE_OUTER_BOUND ( 'NONE', #6282, .T. ) ;
#1570 = AXIS2_PLACEMENT_3D ( 'NONE', #8527, #5958, #1897 ) ;
#1571 = DIRECTION ( 'NONE',  ( 0.000000000000000000, 0.000000000000000000, 1.000000000000000000 ) ) ;
#1572 = ORIENTED_EDGE ( 'NONE', *, *, #933, .F. ) ;
#1573 = ORIENTED_EDGE ( 'NONE', *, *, #3391, .F. ) ;
#1574 = AXIS2_PLACEMENT_3D ( 'NONE', #923, #7046, #1537 ) ;
#1575 = ORIENTED_EDGE ( 'NONE', *, *, #3817, .F. ) ;
#1576 = CARTESIAN_POINT ( 'NONE',  ( 6.000000000000005329, 12.66666666666667318, 34.00000000000000000 ) ) ;
#1577 = CIRCLE ( 'NONE', #2130, 4.590000000000003411 ) ;
#1578 = CARTESIAN_POINT ( 'NONE',  ( 2.340000000000001634, -40.00000000000000000, -37.75000000000000000 ) ) ;
#1579 = EDGE_CURVE ( 'NONE', #5548, #6673, #5939, .T. ) ;
#1580 = ORIENTED_EDGE ( 'NONE', *, *, #5340, .F. ) ;
#1581 = FACE_OUTER_BOUND ( 'NONE', #3968, .T. ) ;
#1582 = EDGE_CURVE ( 'NONE', #287, #3389, #6776, .T. ) ;
#1583 = DIRECTION ( 'NONE',  ( 1.000000000000000000, 0.000000000000000000, 0.000000000000000000 ) ) ;
#1584 = ORIENTED_EDGE ( 'NONE', *, *, #2272, .F. ) ;
#1585 = AXIS2_PLACEMENT_3D ( 'NONE', #8646, #7222, #1248 ) ;
#1586 = CARTESIAN_POINT ( 'NONE',  ( 6.000000000000005329, -21.66666666666666075, 33.99999999999999289 ) ) ;
#1587 = LINE ( 'NONE', #4239, #5786 ) ;
#1588 = CARTESIAN_POINT ( 'NONE',  ( 6.000000000000005329, -45.00000000000000711, 34.00000000000000711 ) ) ;
#1589 = CARTESIAN_POINT ( 'NONE',  ( 2.999999999999548361, 49.99999999999999289, 45.00000000000000000 ) ) ;
#1590 = CARTESIAN_POINT ( 'NONE',  ( 7.500000000000000888, -57.00000000000000000, -9.999999999999996447 ) ) ;
#1591 = ORIENTED_EDGE ( 'NONE', *, *, #5976, .T. ) ;
#1592 = VECTOR ( 'NONE', #178, 1000.000000000000000 ) ;
#1593 = AXIS2_PLACEMENT_3D ( 'NONE', #2284, #6312, #313 ) ;
#1594 = ADVANCED_FACE ( 'NONE', ( #38 ), #4402, .T. ) ;
#1595 = CARTESIAN_POINT ( 'NONE',  ( 6.000000000000005329, -32.06274606680621986, 38.99999999999999289 ) ) ;
#1596 = CARTESIAN_POINT ( 'NONE',  ( 1.000000000000000888, -20.66666666666666075, 33.99999999999999289 ) ) ;
#1597 = CARTESIAN_POINT ( 'NONE',  ( 10.00000000000000000, -55.00000000000000000, -19.99999999999999645 ) ) ;
#1598 = EDGE_CURVE ( 'NONE', #2652, #7852, #8038, .T. ) ;
#1599 = CARTESIAN_POINT ( 'NONE',  ( 143.6861997365472519, -12.66666666666666430, 33.00000000000000711 ) ) ;
#1600 = CARTESIAN_POINT ( 'NONE',  ( 143.6861997365472519, 11.66666666666667318, -40.99999999999999289 ) ) ;
#1601 = VERTEX_POINT ( 'NONE', #972 ) ;
#1602 = TOROIDAL_SURFACE ( 'NONE', #5364, 1.999999999999996669, 1.000000000000000000 ) ;
#1603 = CONICAL_SURFACE ( 'NONE', #5101, 4.590000000000003411, 0.7853981633974498333 ) ;
#1604 = DIRECTION ( 'NONE',  ( 0.000000000000000000, 1.000000000000000000, -0.000000000000000000 ) ) ;
#1605 = DIRECTION ( 'NONE',  ( 0.000000000000000000, 0.000000000000000000, 1.000000000000000000 ) ) ;
#1606 = DIRECTION ( 'NONE',  ( -1.000000000000000000, -0.000000000000000000, -0.000000000000000000 ) ) ;
#1607 = ORIENTED_EDGE ( 'NONE', *, *, #6791, .F. ) ;
#1608 = AXIS2_PLACEMENT_3D ( 'NONE', #7931, #8542, #8131 ) ;
#1609 = ORIENTED_EDGE ( 'NONE', *, *, #5133, .T. ) ;
#1610 = ADVANCED_FACE ( 'NONE', ( #1581 ), #4232, .F. ) ;
#1611 = EDGE_CURVE ( 'NONE', #7173, #529, #2169, .T. ) ;
#1612 = VERTEX_POINT ( 'NONE', #3717 ) ;
#1613 = CARTESIAN_POINT ( 'NONE',  ( 6.000000000000000000, -22.66666666666666075, 33.99999999999999289 ) ) ;
#1614 = ORIENTED_EDGE ( 'NONE', *, *, #82, .T. ) ;
#1615 = AXIS2_PLACEMENT_3D ( 'NONE', #1686, #6368, #8273 ) ;
#1616 = CIRCLE ( 'NONE', #5115, 1.000000000000000000 ) ;
#1617 = CARTESIAN_POINT ( 'NONE',  ( 0.8539840342804906337, 43.51314831989920862, 36.40311937532398190 ) ) ;
#1618 = ORIENTED_EDGE ( 'NONE', *, *, #7781, .F. ) ;
#1619 = CARTESIAN_POINT ( 'NONE',  ( 0.8074032449773718145, 43.37681831782388997, -36.31211419002892171 ) ) ;
#1620 = CARTESIAN_POINT ( 'NONE',  ( 1.000000000000000888, -12.66666666666667318, -34.00000000000000711 ) ) ;
#1621 = CIRCLE ( 'NONE', #1898, 1.000000000000000888 ) ;
#1622 = DIRECTION ( 'NONE',  ( 0.000000000000000000, 0.000000000000000000, 1.000000000000000000 ) ) ;
#1623 = DIRECTION ( 'NONE',  ( 0.000000000000000000, -1.000000000000000000, 0.000000000000000000 ) ) ;
#1624 = ORIENTED_EDGE ( 'NONE', *, *, #1342, .F. ) ;
#1625 = VERTEX_POINT ( 'NONE', #6266 ) ;
#1626 = VERTEX_POINT ( 'NONE', #2239 ) ;
#1627 = CIRCLE ( 'NONE', #1215, 1.000000000000000000 ) ;
#1628 = EDGE_CURVE ( 'NONE', #390, #878, #6220, .T. ) ;
#1629 = CARTESIAN_POINT ( 'NONE',  ( 7.000000000000000000, -22.66666666666666075, 40.99999999999998579 ) ) ;
#1630 = DIRECTION ( 'NONE',  ( -2.891205793294675861E-16, -1.000000000000000000, 0.000000000000000000 ) ) ;
#1631 = ORIENTED_EDGE ( 'NONE', *, *, #3245, .T. ) ;
#1632 = DIRECTION ( 'NONE',  ( -0.000000000000000000, -1.000000000000000000, -0.000000000000000000 ) ) ;
#1633 = DIRECTION ( 'NONE',  ( -0.000000000000000000, 0.000000000000000000, -1.000000000000000000 ) ) ;
#1634 = AXIS2_PLACEMENT_3D ( 'NONE', #8450, #7709, #1688 ) ;
#1635 = VERTEX_POINT ( 'NONE', #6311 ) ;
#1636 = DIRECTION ( 'NONE',  ( 0.000000000000000000, 9.083130042379432208E-15, -1.000000000000000000 ) ) ;
#1637 = DIRECTION ( 'NONE',  ( -1.000000000000000000, -0.000000000000000000, -0.000000000000000000 ) ) ;
#1638 = CARTESIAN_POINT ( 'NONE',  ( 7.000000000000000000, 0.000000000000000000, 32.00000000000000711 ) ) ;
#1639 = EDGE_CURVE ( 'NONE', #529, #7692, #7609, .T. ) ;
#1640 = DIRECTION ( 'NONE',  ( -1.000000000000000000, -0.000000000000000000, -0.000000000000000000 ) ) ;
#1641 = CARTESIAN_POINT ( 'NONE',  ( 1.804934636288847855E-09, -35.42950762760093397, -40.44408743608262569 ) ) ;
#1642 = ORIENTED_EDGE ( 'NONE', *, *, #7140, .T. ) ;
#1643 = CARTESIAN_POINT ( 'NONE',  ( 1.000000000000000888, -45.00000000000000711, 34.00000000000000711 ) ) ;
#1644 = FACE_OUTER_BOUND ( 'NONE', #6481, .T. ) ;
#1645 = CARTESIAN_POINT ( 'NONE',  ( 6.000000000000005329, -10.66666666666666785, 40.99999999999998579 ) ) ;
#1646 = CIRCLE ( 'NONE', #8182, 1.000000000000000888 ) ;
#1647 = CYLINDRICAL_SURFACE ( 'NONE', #1800, 1.000000000000000888 ) ;
#1648 = ORIENTED_EDGE ( 'NONE', *, *, #7632, .T. ) ;
#1649 = ADVANCED_FACE ( 'NONE', ( #3013 ), #7066, .T. ) ;
#1650 = CARTESIAN_POINT ( 'NONE',  ( 0.000000000000000000, 22.66666666666666785, 43.00000000000000000 ) ) ;
#1651 = EDGE_CURVE ( 'NONE', #6388, #8252, #3587, .T. ) ;
#1652 = CARTESIAN_POINT ( 'NONE',  ( 0.000000000000000000, -35.52209655803509492, 41.00820670719789263 ) ) ;
#1653 = DIRECTION ( 'NONE',  ( 0.000000000000000000, 0.000000000000000000, -1.000000000000000000 ) ) ;
#1654 = VERTEX_POINT ( 'NONE', #5564 ) ;
#1655 = AXIS2_PLACEMENT_3D ( 'NONE', #2778, #5457, #74 ) ;
#1656 = ORIENTED_EDGE ( 'NONE', *, *, #2362, .F. ) ;
#1657 = ADVANCED_BREP_SHAPE_REPRESENTATION ( 'Magnet_mounting_plate', ( #6187, #4731 ), #7379 ) ;
#1658 = ORIENTED_EDGE ( 'NONE', *, *, #3776, .T. ) ;
#1659 = DIRECTION ( 'NONE',  ( 0.000000000000000000, 0.000000000000000000, 1.000000000000000000 ) ) ;
#1660 = TOROIDAL_SURFACE ( 'NONE', #3449, 6.000000000000007994, 1.000000000000000000 ) ;
#1661 = ORIENTED_EDGE ( 'NONE', *, *, #1900, .F. ) ;
#1662 = EDGE_CURVE ( 'NONE', #6298, #1836, #7559, .T. ) ;
#1663 = CARTESIAN_POINT ( 'NONE',  ( -2.048888136746088120E-09, 43.48977441066391947, 37.01658434921168350 ) ) ;
#1664 = ORIENTED_EDGE ( 'NONE', *, *, #4188, .T. ) ;
#1665 = EDGE_CURVE ( 'NONE', #4331, #5461, #3416, .T. ) ;
#1666 = AXIS2_PLACEMENT_3D ( 'NONE', #2543, #6644, #5219 ) ;
#1667 = FACE_OUTER_BOUND ( 'NONE', #6837, .T. ) ;
#1668 = CARTESIAN_POINT ( 'NONE',  ( 6.850000000000008527, -16.66666666666666430, 39.69999999998334772 ) ) ;
#1669 = DIRECTION ( 'NONE',  ( 1.000000000000000000, 0.000000000000000000, 0.000000000000000000 ) ) ;
#1670 = EDGE_LOOP ( 'NONE', ( #1189, #1146, #2340, #6083 ) ) ;
#1671 = ORIENTED_EDGE ( 'NONE', *, *, #3285, .F. ) ;
#1672 = AXIS2_PLACEMENT_3D ( 'NONE', #5190, #7840, #1853 ) ;
#1673 = EDGE_LOOP ( 'NONE', ( #5043, #6252 ) ) ;
#1674 = DIRECTION ( 'NONE',  ( 0.000000000000000000, 0.000000000000000000, 1.000000000000000000 ) ) ;
#1675 = CARTESIAN_POINT ( 'NONE',  ( 7.000000000000000000, -22.66666666666666075, 0.000000000000000000 ) ) ;
#1676 = CIRCLE ( 'NONE', #3196, 1.000000000000000888 ) ;
#1677 = VERTEX_POINT ( 'NONE', #1718 ) ;
#1678 = LINE ( 'NONE', #4325, #7758 ) ;
#1679 = DIRECTION ( 'NONE',  ( 0.000000000000000000, 1.000000000000000000, 0.000000000000000000 ) ) ;
#1680 = EDGE_LOOP ( 'NONE', ( #7812, #4265, #2043, #5891 ) ) ;
#1681 = CARTESIAN_POINT ( 'NONE',  ( 6.000000000000005329, -46.00000000000000711, -32.00000000000000000 ) ) ;
#1682 = AXIS2_PLACEMENT_3D ( 'NONE', #4072, #6706, #5404 ) ;
#1683 = DIRECTION ( 'NONE',  ( -0.7071067811865464625, 8.659560562354947649E-17, -0.7071067811865486830 ) ) ;
#1684 = CARTESIAN_POINT ( 'NONE',  ( 0.06571778390710847351, -34.67631390355128929, -40.47333088393814648 ) ) ;
#1685 = ORIENTED_EDGE ( 'NONE', *, *, #7580, .T. ) ;
#1686 = CARTESIAN_POINT ( 'NONE',  ( 1.000000000000000888, -53.00000000000000000, 32.00000000000001421 ) ) ;
#1687 = FACE_OUTER_BOUND ( 'NONE', #3484, .T. ) ;
#1688 = DIRECTION ( 'NONE',  ( 1.000000000000000000, 0.000000000000000000, 0.000000000000000000 ) ) ;
#1689 = EDGE_CURVE ( 'NONE', #6996, #6797, #3270, .T. ) ;
#1690 = CARTESIAN_POINT ( 'NONE',  ( 6.000000000000005329, -52.00000000000000711, -32.00000000000000000 ) ) ;
#1691 = VERTEX_POINT ( 'NONE', #2927 ) ;
#1692 = DIRECTION ( 'NONE',  ( 0.000000000000000000, 0.000000000000000000, 1.000000000000000000 ) ) ;
#1693 = CARTESIAN_POINT ( 'NONE',  ( 6.000000000000005329, 32.06274606680621986, -39.00000000000000000 ) ) ;
#1694 = CARTESIAN_POINT ( 'NONE',  ( 2.999999999999759748, -49.99999999999999289, -45.00000000000000000 ) ) ;
#1695 = ORIENTED_EDGE ( 'NONE', *, *, #4518, .T. ) ;
#1696 = CARTESIAN_POINT ( 'NONE',  ( 6.850000000000012079, -49.99999999999999289, 39.50000000000000000 ) ) ;
#1697 = ORIENTED_EDGE ( 'NONE', *, *, #4189, .T. ) ;
#1698 = EDGE_CURVE ( 'NONE', #2368, #599, #4397, .T. ) ;
#1699 = EDGE_CURVE ( 'NONE', #1103, #2334, #7700, .T. ) ;
#1700 = ORIENTED_EDGE ( 'NONE', *, *, #4520, .F. ) ;
#1701 = DIRECTION ( 'NONE',  ( 0.000000000000000000, 0.000000000000000000, 1.000000000000000000 ) ) ;
#1702 = ORIENTED_EDGE ( 'NONE', *, *, #3561, .F. ) ;
#1703 = CARTESIAN_POINT ( 'NONE',  ( 0.2262337156278062256, 43.81036187339100962, -36.52434734652043602 ) ) ;
#1704 = ORIENTED_EDGE ( 'NONE', *, *, #1423, .T. ) ;
#1705 = LINE ( 'NONE', #4446, #2990 ) ;
#1706 = LINE ( 'NONE', #3705, #3266 ) ;
#1707 = EDGE_CURVE ( 'NONE', #5933, #909, #3059, .T. ) ;
#1708 = CARTESIAN_POINT ( 'NONE',  ( 2.999999999999999112, -55.00000000000000000, -19.99999999999999645 ) ) ;
#1709 = EDGE_CURVE ( 'NONE', #3921, #4571, #1678, .T. ) ;
#1710 = FACE_OUTER_BOUND ( 'NONE', #2417, .T. ) ;
#1711 = ORIENTED_EDGE ( 'NONE', *, *, #4682, .F. ) ;
#1712 = EDGE_LOOP ( 'NONE', ( #8383, #2099, #8042 ) ) ;
#1713 = EDGE_LOOP ( 'NONE', ( #1149, #7196, #8024, #6485 ) ) ;
#1714 = CARTESIAN_POINT ( 'NONE',  ( 1.000000000000000888, 10.66666666666666785, -41.99999999999999289 ) ) ;
#1715 = CARTESIAN_POINT ( 'NONE',  ( 0.000000000000000000, 40.00000000000000000, 39.99999999999999289 ) ) ;
#1716 = CIRCLE ( 'NONE', #7974, 1.000000000000000000 ) ;
#1717 = ORIENTED_EDGE ( 'NONE', *, *, #2353, .F. ) ;
#1718 = CARTESIAN_POINT ( 'NONE',  ( 2.499999999999998668, -56.50000000000000000, -19.99999999999999645 ) ) ;
#1719 = SPHERICAL_SURFACE ( 'NONE', #4938, 1.000000000000000000 ) ;
#1720 = ADVANCED_FACE ( 'NONE', ( #7001 ), #2720, .F. ) ;
#1721 = EDGE_LOOP ( 'NONE', ( #727, #7639, #7555, #1536 ) ) ;
#1722 = CYLINDRICAL_SURFACE ( 'NONE', #6953, 0.5000000000000004441 ) ;
#1723 = DIRECTION ( 'NONE',  ( 0.000000000000000000, 0.9921567416492215186, 0.1250000000000000278 ) ) ;
#1724 = AXIS2_PLACEMENT_3D ( 'NONE', #2321, #397, #8387 ) ;
#1725 = VECTOR ( 'NONE', #7961, 1000.000000000000114 ) ;
#1726 = CARTESIAN_POINT ( 'NONE',  ( 5.000000000000005329, 16.66666666666667140, -39.50000000000000000 ) ) ;
#1727 = CARTESIAN_POINT ( 'NONE',  ( -1.051323476186189319E-09, -35.44409431097082575, -40.57076138032866197 ) ) ;
#1728 = VERTEX_POINT ( 'NONE', #4367 ) ;
#1729 = DIRECTION ( 'NONE',  ( 0.000000000000000000, 1.000000000000000000, -0.000000000000000000 ) ) ;
#1730 = CARTESIAN_POINT ( 'NONE',  ( 2.499999999999999556, -57.00000000000000000, 19.99999999999999645 ) ) ;
#1731 = CIRCLE ( 'NONE', #5781, 2.500000000000001332 ) ;
#1732 = LINE ( 'NONE', #5749, #646 ) ;
#1733 = CYLINDRICAL_SURFACE ( 'NONE', #1672, 3.000000000000002665 ) ;
#1734 = CARTESIAN_POINT ( 'NONE',  ( 1.000000000000000888, -43.93221901135654406, 36.52556426930554778 ) ) ;
#1735 = DIRECTION ( 'NONE',  ( -1.000000000000000000, -0.000000000000000000, -0.000000000000000000 ) ) ;
#1736 = FACE_OUTER_BOUND ( 'NONE', #7618, .T. ) ;
#1737 = AXIS2_PLACEMENT_3D ( 'NONE', #8185, #2765, #5487 ) ;
#1738 = CYLINDRICAL_SURFACE ( 'NONE', #115, 2.249999999999995115 ) ;
#1739 = DIRECTION ( 'NONE',  ( 0.000000000000000000, 0.000000000000000000, -1.000000000000000000 ) ) ;
#1740 = CIRCLE ( 'NONE', #41, 4.590000000000003411 ) ;
#1741 = VERTEX_POINT ( 'NONE', #1541 ) ;
#1742 = EDGE_CURVE ( 'NONE', #6842, #31, #7050, .T. ) ;
#1743 = CARTESIAN_POINT ( 'NONE',  ( 0.2996024613022166827, 35.00790645076018848, 39.62351413464714511 ) ) ;
#1744 = CARTESIAN_POINT ( 'NONE',  ( 6.000000000000005329, 20.66666666666667140, 34.00000000000000000 ) ) ;
#1745 = EDGE_LOOP ( 'NONE', ( #4976, #20, #7552, #726 ) ) ;
#1746 = AXIS2_PLACEMENT_3D ( 'NONE', #2389, #462, #3073 ) ;
#1747 = ORIENTED_EDGE ( 'NONE', *, *, #6076, .F. ) ;
#1748 = ORIENTED_EDGE ( 'NONE', *, *, #2450, .F. ) ;
#1749 = CARTESIAN_POINT ( 'NONE',  ( 2.320014789827942474E-09, 43.41482140388285416, -36.93051458912825780 ) ) ;
#1750 = ORIENTED_EDGE ( 'NONE', *, *, #5474, .T. ) ;
#1751 = AXIS2_PLACEMENT_3D ( 'NONE', #4493, #3791, #7161 ) ;
#1752 = ADVANCED_FACE ( 'NONE', ( #6857 ), #879, .T. ) ;
#1753 = CYLINDRICAL_SURFACE ( 'NONE', #1200, 1.000000000000000888 ) ;
#1754 = PLANE ( 'NONE',  #1992 ) ;
#1755 = CARTESIAN_POINT ( 'NONE',  ( 143.6861997365472519, 50.99999999999999289, 33.00000000000000000 ) ) ;
#1756 = AXIS2_PLACEMENT_3D ( 'NONE', #7221, #3231, #3895 ) ;
#1757 = VERTEX_POINT ( 'NONE', #5138 ) ;
#1758 = VERTEX_POINT ( 'NONE', #1842 ) ;
#1759 = AXIS2_PLACEMENT_3D ( 'NONE', #2898, #5582, #6707 ) ;
#1760 = EDGE_LOOP ( 'NONE', ( #5025, #686, #2903, #4222 ) ) ;
#1761 = EDGE_CURVE ( 'NONE', #4439, #2293, #4548, .T. ) ;
#1762 = ADVANCED_FACE ( 'NONE', ( #1108 ), #8018, .F. ) ;
#1763 = EDGE_CURVE ( 'NONE', #4593, #5216, #3849, .T. ) ;
#1764 = AXIS2_PLACEMENT_3D ( 'NONE', #7952, #1814, #3158 ) ;
#1765 = FACE_OUTER_BOUND ( 'NONE', #3652, .T. ) ;
#1766 = ORIENTED_EDGE ( 'NONE', *, *, #3346, .T. ) ;
#1767 = VERTEX_POINT ( 'NONE', #450 ) ;
#1768 = CIRCLE ( 'NONE', #3713, 1.000000000000000888 ) ;
#1769 = CARTESIAN_POINT ( 'NONE',  ( 6.000000000000005329, 32.06274606680621986, 41.99999999999999289 ) ) ;
#1770 = ADVANCED_FACE ( 'NONE', ( #8437 ), #6796, .T. ) ;
#1771 = CARTESIAN_POINT ( 'NONE',  ( 1.000000000000000888, 20.66666666666667140, -34.00000000000000000 ) ) ;
#1772 = CARTESIAN_POINT ( 'NONE',  ( 0.000000000000000000, -35.50024794417343088, -40.91116713271852490 ) ) ;
#1773 = ADVANCED_FACE ( 'NONE', ( #3312 ), #7984, .F. ) ;
#1774 = DIRECTION ( 'NONE',  ( -1.000000000000000000, 3.469446951953614189E-15, 0.000000000000000000 ) ) ;
#1775 = CIRCLE ( 'NONE', #6389, 4.590000000000003411 ) ;
#1776 = CARTESIAN_POINT ( 'NONE',  ( 1.000000000000000888, -44.00000000000001421, -35.52786404500042039 ) ) ;
#1777 = CARTESIAN_POINT ( 'NONE',  ( 1.000000000000000000, 22.66666666666667496, -43.00000000000000000 ) ) ;
#1778 = DIRECTION ( 'NONE',  ( 0.000000000000000000, 0.000000000000000000, -1.000000000000000000 ) ) ;
#1779 = DIRECTION ( 'NONE',  ( 0.000000000000000000, 0.000000000000000000, 1.000000000000000000 ) ) ;
#1780 = CARTESIAN_POINT ( 'NONE',  ( 1.000000000000000888, -12.66666666666666963, -40.99999999999998579 ) ) ;
#1781 = VECTOR ( 'NONE', #3200, 1000.000000000000000 ) ;
#1782 = VERTEX_POINT ( 'NONE', #2821 ) ;
#1783 = CARTESIAN_POINT ( 'NONE',  ( 0.9874327471777473164, 34.75424234740687268, 40.32884414205666701 ) ) ;
#1784 = CIRCLE ( 'NONE', #7778, 5.000000000000004441 ) ;
#1785 = DIRECTION ( 'NONE',  ( -1.000000000000000000, 0.000000000000000000, 0.000000000000000000 ) ) ;
#1786 = ORIENTED_EDGE ( 'NONE', *, *, #7743, .F. ) ;
#1787 = ORIENTED_EDGE ( 'NONE', *, *, #5925, .F. ) ;
#1788 = AXIS2_PLACEMENT_3D ( 'NONE', #6161, #6845, #6029 ) ;
#1789 = CARTESIAN_POINT ( 'NONE',  ( 6.682735541367571305E-10, 43.15529760315371277, -36.66405276069566810 ) ) ;
#1790 = ORIENTED_EDGE ( 'NONE', *, *, #1628, .T. ) ;
#1791 = DIRECTION ( 'NONE',  ( -1.000000000000000000, 0.000000000000000000, 0.000000000000000000 ) ) ;
#1792 = AXIS2_PLACEMENT_3D ( 'NONE', #5262, #2059, #6566 ) ;
#1793 = FACE_OUTER_BOUND ( 'NONE', #4281, .T. ) ;
#1794 = DIRECTION ( 'NONE',  ( 0.000000000000000000, 1.000000000000000000, -0.000000000000000000 ) ) ;
#1795 = ADVANCED_FACE ( 'NONE', ( #6163 ), #696, .F. ) ;
#1796 = ORIENTED_EDGE ( 'NONE', *, *, #3611, .F. ) ;
#1797 = ORIENTED_EDGE ( 'NONE', *, *, #1763, .F. ) ;
#1798 = CARTESIAN_POINT ( 'NONE',  ( 1.000000000000000888, 50.99999999999999289, 32.00000000000000000 ) ) ;
#1799 = EDGE_LOOP ( 'NONE', ( #6152, #1835, #3181, #6470 ) ) ;
#1800 = AXIS2_PLACEMENT_3D ( 'NONE', #1511, #4157, #3507 ) ;
#1801 = CARTESIAN_POINT ( 'NONE',  ( 0.000000000000000000, 22.66666666666667496, -40.99999999999999289 ) ) ;
#1802 = ORIENTED_EDGE ( 'NONE', *, *, #4057, .F. ) ;
#1803 = CARTESIAN_POINT ( 'NONE',  ( 2.499999999999999556, -55.50000000000000000, -19.99999999999999645 ) ) ;
#1804 = EDGE_CURVE ( 'NONE', #4803, #7645, #3002, .T. ) ;
#1805 = AXIS2_PLACEMENT_3D ( 'NONE', #1085, #5755, #5200 ) ;
#1806 = EDGE_CURVE ( 'NONE', #5216, #7868, #30, .T. ) ;
#1807 = EDGE_LOOP ( 'NONE', ( #8390, #2156, #4734, #2591 ) ) ;
#1808 = DIRECTION ( 'NONE',  ( 0.000000000000000000, 0.000000000000000000, -1.000000000000000000 ) ) ;
#1809 = CYLINDRICAL_SURFACE ( 'NONE', #7498, 1.000000000000000888 ) ;
#1810 = CARTESIAN_POINT ( 'NONE',  ( 7.000000000000000000, -46.00000000000000711, -32.00000000000000000 ) ) ;
#1811 = DIRECTION ( 'NONE',  ( 0.000000000000000000, 0.000000000000000000, -1.000000000000000000 ) ) ;
#1812 = AXIS2_PLACEMENT_3D ( 'NONE', #7703, #7101, #543 ) ;
#1813 = AXIS2_PLACEMENT_3D ( 'NONE', #1192, #3846, #6520 ) ;
#1814 = DIRECTION ( 'NONE',  ( -1.000000000000000000, 0.000000000000000000, 0.000000000000000000 ) ) ;
#1815 = SPHERICAL_SURFACE ( 'NONE', #469, 1.000000000000000000 ) ;
#1816 = EDGE_CURVE ( 'NONE', #6173, #4327, #3438, .T. ) ;
#1817 = CARTESIAN_POINT ( 'NONE',  ( 10.00000000000000000, -55.00000000000000000, 45.00000000000000000 ) ) ;
#1818 = CARTESIAN_POINT ( 'NONE',  ( 7.000000000000000888, -55.50000000000000000, 9.999999999999994671 ) ) ;
#1819 = CARTESIAN_POINT ( 'NONE',  ( 1.000000000000002442, -43.81512338894565772, 36.51760911718720592 ) ) ;
#1820 = EDGE_CURVE ( 'NONE', #8431, #4181, #216, .T. ) ;
#1821 = DIRECTION ( 'NONE',  ( 0.000000000000000000, 0.000000000000000000, 1.000000000000000000 ) ) ;
#1822 = AXIS2_PLACEMENT_3D ( 'NONE', #3433, #1273, #6115 ) ;
#1823 = DIRECTION ( 'NONE',  ( 0.000000000000000000, -0.9921567416492215186, -0.1250000000000000278 ) ) ;
#1824 = CARTESIAN_POINT ( 'NONE',  ( -3.610282252809833238E-09, 35.40208725939982770, 40.03680939023726637 ) ) ;
#1825 = AXIS2_PLACEMENT_3D ( 'NONE', #2, #6575, #2758 ) ;
#1826 = DIRECTION ( 'NONE',  ( -1.000000000000000000, -0.000000000000000000, -0.000000000000000000 ) ) ;
#1827 = VERTEX_POINT ( 'NONE', #7465 ) ;
#1828 = ORIENTED_EDGE ( 'NONE', *, *, #5496, .F. ) ;
#1829 = DIRECTION ( 'NONE',  ( 0.000000000000000000, 0.000000000000000000, 1.000000000000000000 ) ) ;
#1830 = DIRECTION ( 'NONE',  ( -0.000000000000000000, -1.000000000000000000, -0.000000000000000000 ) ) ;
#1831 = ORIENTED_EDGE ( 'NONE', *, *, #5726, .F. ) ;
#1832 = DIRECTION ( 'NONE',  ( 0.000000000000000000, -2.478176394252584592E-16, -1.000000000000000000 ) ) ;
#1833 = DIRECTION ( 'NONE',  ( 0.000000000000000000, 0.000000000000000000, 1.000000000000000000 ) ) ;
#1834 = DIRECTION ( 'NONE',  ( -0.000000000000000000, -0.000000000000000000, 1.000000000000000000 ) ) ;
#1835 = ORIENTED_EDGE ( 'NONE', *, *, #4681, .T. ) ;
#1836 = VERTEX_POINT ( 'NONE', #3395 ) ;
#1837 = CARTESIAN_POINT ( 'NONE',  ( 6.000000000000005329, -20.66666666666666785, 33.00000000000000000 ) ) ;
#1838 = ORIENTED_EDGE ( 'NONE', *, *, #3404, .F. ) ;
#1839 = ADVANCED_FACE ( 'NONE', ( #8111 ), #1338, .T. ) ;
#1840 = CARTESIAN_POINT ( 'NONE',  ( 3.150000000000010125, -16.66666666666666430, 39.69999999998334772 ) ) ;
#1841 = ORIENTED_EDGE ( 'NONE', *, *, #4857, .F. ) ;
#1842 = CARTESIAN_POINT ( 'NONE',  ( 10.00000000000000000, -40.00000000000000000, 42.24999999999998579 ) ) ;
#1843 = DIRECTION ( 'NONE',  ( -0.000000000000000000, -0.000000000000000000, 1.000000000000000000 ) ) ;
#1844 = ORIENTED_EDGE ( 'NONE', *, *, #2014, .T. ) ;
#1845 = FACE_OUTER_BOUND ( 'NONE', #2212, .T. ) ;
#1846 = CARTESIAN_POINT ( 'NONE',  ( 7.000000000000000000, 10.66666666666667140, -40.99999999999999289 ) ) ;
#1847 = CARTESIAN_POINT ( 'NONE',  ( 143.6861997365472519, 50.99999999999999289, 32.00000000000000000 ) ) ;
#1848 = ADVANCED_FACE ( 'NONE', ( #7338 ), #4545, .T. ) ;
#1849 = CARTESIAN_POINT ( 'NONE',  ( 0.000000000000000000, -40.00000000000000000, -39.99999999999999289 ) ) ;
#1850 = FACE_OUTER_BOUND ( 'NONE', #3842, .T. ) ;
#1851 = CARTESIAN_POINT ( 'NONE',  ( 6.000000000000005329, -51.00000000000000711, -33.00000000000000000 ) ) ;
#1852 = VECTOR ( 'NONE', #5158, 1000.000000000000000 ) ;
#1853 = DIRECTION ( 'NONE',  ( 0.000000000000000000, 0.000000000000000000, 1.000000000000000000 ) ) ;
#1854 = DIRECTION ( 'NONE',  ( -1.000000000000000000, 0.000000000000000000, 0.000000000000000000 ) ) ;
#1855 = DIRECTION ( 'NONE',  ( 0.000000000000000000, 1.000000000000000000, -3.252606517456512809E-16 ) ) ;
#1856 = ORIENTED_EDGE ( 'NONE', *, *, #4681, .F. ) ;
#1857 = DIRECTION ( 'NONE',  ( 0.000000000000000000, 0.000000000000000000, -1.000000000000000000 ) ) ;
#1858 = DIRECTION ( 'NONE',  ( 0.000000000000000000, 0.000000000000000000, -1.000000000000000000 ) ) ;
#1859 = EDGE_CURVE ( 'NONE', #645, #909, #1476, .T. ) ;
#1860 = ADVANCED_FACE ( 'NONE', ( #8159 ), #8638, .T. ) ;
#1861 = AXIS2_PLACEMENT_3D ( 'NONE', #5576, #5618, #7623 ) ;
#1862 = EDGE_CURVE ( 'NONE', #6345, #8554, #2659, .T. ) ;
#1863 = CARTESIAN_POINT ( 'NONE',  ( 0.2377685253761822048, 34.82792455453379432, 40.17573960023564439 ) ) ;
#1864 = CARTESIAN_POINT ( 'NONE',  ( 10.00000000000000000, 40.00000000000000000, 39.99999999999999289 ) ) ;
#1865 = EDGE_LOOP ( 'NONE', ( #6165, #314, #8139, #6994, #293 ) ) ;
#1866 = LINE ( 'NONE', #7193, #2044 ) ;
#1867 = CIRCLE ( 'NONE', #5635, 2.000000000000253131 ) ;
#1868 = EDGE_LOOP ( 'NONE', ( #488, #7241, #1008, #452 ) ) ;
#1869 = AXIS2_PLACEMENT_3D ( 'NONE', #7010, #1028, #373 ) ;
#1870 = DIRECTION ( 'NONE',  ( 0.000000000000000000, 0.000000000000000000, 1.000000000000000000 ) ) ;
#1871 = CARTESIAN_POINT ( 'NONE',  ( 0.05312028218846728128, 43.94833612123581190, -36.52665930596161559 ) ) ;
#1872 = ORIENTED_EDGE ( 'NONE', *, *, #7732, .F. ) ;
#1873 = EDGE_CURVE ( 'NONE', #3668, #6170, #2863, .T. ) ;
#1874 = DIRECTION ( 'NONE',  ( 0.000000000000000000, 0.000000000000000000, 1.000000000000000000 ) ) ;
#1875 = VECTOR ( 'NONE', #5217, 1000.000000000000000 ) ;
#1876 = FACE_OUTER_BOUND ( 'NONE', #4075, .T. ) ;
#1877 = DIRECTION ( 'NONE',  ( 0.000000000000000000, -0.9921567416492215186, 0.1250000000000000278 ) ) ;
#1878 = ORIENTED_EDGE ( 'NONE', *, *, #4045, .T. ) ;
#1879 = VERTEX_POINT ( 'NONE', #8029 ) ;
#1880 = AXIS2_PLACEMENT_3D ( 'NONE', #1080, #1165, #3163 ) ;
#1881 = FACE_OUTER_BOUND ( 'NONE', #7282, .T. ) ;
#1882 = ORIENTED_EDGE ( 'NONE', *, *, #4247, .F. ) ;
#1883 = VECTOR ( 'NONE', #456, 1000.000000000000000 ) ;
#1884 = PLANE ( 'NONE',  #432 ) ;
#1885 = DIRECTION ( 'NONE',  ( 0.000000000000000000, 0.000000000000000000, 1.000000000000000000 ) ) ;
#1886 = ORIENTED_EDGE ( 'NONE', *, *, #3086, .T. ) ;
#1887 = AXIS2_PLACEMENT_3D ( 'NONE', #2329, #7514, #5646 ) ;
#1888 = CIRCLE ( 'NONE', #7457, 1.000000000000000888 ) ;
#1889 = DIRECTION ( 'NONE',  ( 1.000000000000000000, 0.000000000000000000, 0.000000000000000000 ) ) ;
#1890 = ORIENTED_EDGE ( 'NONE', *, *, #2286, .T. ) ;
#1892 = EDGE_CURVE ( 'NONE', #1488, #3431, #2056, .T. ) ;
#1891 = CARTESIAN_POINT ( 'NONE',  ( 6.850000000000012079, -49.99999999999999289, 39.69999999998333351 ) ) ;
#1893 = AXIS2_PLACEMENT_3D ( 'NONE', #1553, #5479, #1301 ) ;
#1894 = DIRECTION ( 'NONE',  ( -0.000000000000000000, -0.000000000000000000, 1.000000000000000000 ) ) ;
#1895 = DIRECTION ( 'NONE',  ( 0.000000000000000000, 0.000000000000000000, 1.000000000000000000 ) ) ;
#1896 = DIRECTION ( 'NONE',  ( 0.000000000000000000, 0.000000000000000000, 1.000000000000000000 ) ) ;
#1897 = DIRECTION ( 'NONE',  ( -1.000000000000000000, 0.000000000000000000, 0.000000000000000000 ) ) ;
#1898 = AXIS2_PLACEMENT_3D ( 'NONE', #6090, #174, #1326 ) ;
#1899 = CARTESIAN_POINT ( 'NONE',  ( 7.499999999999982236, -59.50000000000000711, 9.999999999999996447 ) ) ;
#1900 = EDGE_CURVE ( 'NONE', #7494, #2207, #2738, .T. ) ;
#1901 = LINE ( 'NONE', #586, #7462 ) ;
#1902 = CIRCLE ( 'NONE', #3706, 1.000000000000000888 ) ;
#1903 = CARTESIAN_POINT ( 'NONE',  ( 0.8074032449773838049, 35.03921629175392383, 39.37499999999970157 ) ) ;
#1904 = FACE_OUTER_BOUND ( 'NONE', #762, .T. ) ;
#1905 = DIRECTION ( 'NONE',  ( 0.000000000000000000, 0.000000000000000000, -1.000000000000000000 ) ) ;
#1906 = DIRECTION ( 'NONE',  ( 0.000000000000000000, 0.000000000000000000, 1.000000000000000000 ) ) ;
#1907 = EDGE_CURVE ( 'NONE', #6157, #654, #3855, .T. ) ;
#1908 = AXIS2_PLACEMENT_3D ( 'NONE', #5798, #7065, #2515 ) ;
#1909 = EDGE_CURVE ( 'NONE', #2323, #7413, #5945, .T. ) ;
#1910 = EDGE_LOOP ( 'NONE', ( #7248, #6852, #831, #8639 ) ) ;
#1911 = EDGE_CURVE ( 'NONE', #5456, #4833, #1768, .T. ) ;
#1912 = CYLINDRICAL_SURFACE ( 'NONE', #6681, 1.000000000000000888 ) ;
#1913 = DIRECTION ( 'NONE',  ( -1.000000000000000000, -0.000000000000000000, -0.000000000000000000 ) ) ;
#1914 = FACE_OUTER_BOUND ( 'NONE', #6103, .T. ) ;
#1915 = ORIENTED_EDGE ( 'NONE', *, *, #2872, .F. ) ;
#1916 = DIRECTION ( 'NONE',  ( 0.000000000000000000, 0.000000000000000000, 1.000000000000000000 ) ) ;
#1917 = EDGE_LOOP ( 'NONE', ( #3124, #1309, #5363, #8241 ) ) ;
#1918 = DIRECTION ( 'NONE',  ( 0.000000000000000000, -1.000000000000000000, 0.000000000000000000 ) ) ;
#1919 = ADVANCED_FACE ( 'NONE', ( #5084 ), #303, .F. ) ;
#1920 = AXIS2_PLACEMENT_3D ( 'NONE', #2201, #6275, #8272 ) ;
#1921 = EDGE_LOOP ( 'NONE', ( #5485, #4704, #6908 ) ) ;
#1922 = VERTEX_POINT ( 'NONE', #871 ) ;
#1923 = EDGE_CURVE ( 'NONE', #3627, #6687, #917, .T. ) ;
#1924 = CARTESIAN_POINT ( 'NONE',  ( 7.000000000000000000, 0.000000000000000000, -32.00000000000000000 ) ) ;
#1925 = ORIENTED_EDGE ( 'NONE', *, *, #152, .T. ) ;
#1926 = VECTOR ( 'NONE', #7432, 1000.000000000000000 ) ;
#1927 = CARTESIAN_POINT ( 'NONE',  ( 6.000000000000005329, -40.00000000000000000, -39.99999999999999289 ) ) ;
#1928 = ORIENTED_EDGE ( 'NONE', *, *, #5819, .F. ) ;
#1929 = FACE_OUTER_BOUND ( 'NONE', #3649, .T. ) ;
#1930 = ORIENTED_EDGE ( 'NONE', *, *, #2286, .F. ) ;
#1931 = AXIS2_PLACEMENT_3D ( 'NONE', #453, #8443, #4506 ) ;
#1932 = FACE_OUTER_BOUND ( 'NONE', #4889, .T. ) ;
#1933 = FACE_OUTER_BOUND ( 'NONE', #6164, .T. ) ;
#1934 = ORIENTED_EDGE ( 'NONE', *, *, #341, .F. ) ;
#1935 = CARTESIAN_POINT ( 'NONE',  ( 0.000000000000000000, 40.00000000000000000, -35.40999999999998948 ) ) ;
#1936 = VECTOR ( 'NONE', #6834, 1000.000000000000000 ) ;
#1937 = DIRECTION ( 'NONE',  ( -1.000000000000000000, -0.000000000000000000, -0.000000000000000000 ) ) ;
#1938 = CARTESIAN_POINT ( 'NONE',  ( 0.000000000000000000, 20.66666666666667496, -34.00000000000000000 ) ) ;
#1939 = VERTEX_POINT ( 'NONE', #6848 ) ;
#1940 = FILL_AREA_STYLE ('',( #5884 ) ) ;
#1941 = CARTESIAN_POINT ( 'NONE',  ( 0.8521711016307854658, 34.96917791554950838, -39.76985738353287303 ) ) ;
#1942 = VECTOR ( 'NONE', #1114, 1000.000000000000000 ) ;
#1943 = AXIS2_PLACEMENT_3D ( 'NONE', #943, #1466, #285 ) ;
#1944 = DIRECTION ( 'NONE',  ( 0.000000000000000000, 0.000000000000000000, 1.000000000000000000 ) ) ;
#1945 = CYLINDRICAL_SURFACE ( 'NONE', #4399, 1.000000000000000888 ) ;
#1946 = DIRECTION ( 'NONE',  ( 0.000000000000000000, 0.000000000000000000, 1.000000000000000000 ) ) ;
#1947 = ADVANCED_FACE ( 'NONE', ( #398 ), #4987, .F. ) ;
#1948 = CARTESIAN_POINT ( 'NONE',  ( 143.6861997365472519, -52.00000000000000711, -32.00000000000000000 ) ) ;
#1949 = ORIENTED_EDGE ( 'NONE', *, *, #6148, .T. ) ;
#1950 = VECTOR ( 'NONE', #2291, 1000.000000000000000 ) ;
#1951 = CIRCLE ( 'NONE', #2908, 2.000000000000452083 ) ;
#1952 = DIRECTION ( 'NONE',  ( 1.000000000000000000, 0.000000000000000000, 0.000000000000000000 ) ) ;
#1953 = VERTEX_POINT ( 'NONE', #7038 ) ;
#1954 = DIRECTION ( 'NONE',  ( 0.000000000000000000, 0.000000000000000000, 1.000000000000000000 ) ) ;
#1955 = DIRECTION ( 'NONE',  ( 0.000000000000000000, 0.000000000000000000, 1.000000000000000000 ) ) ;
#1956 = FACE_OUTER_BOUND ( 'NONE', #3384, .T. ) ;
#1957 = EDGE_LOOP ( 'NONE', ( #8541, #1474, #6642, #1964 ) ) ;
#1958 = AXIS2_PLACEMENT_3D ( 'NONE', #8631, #8593, #2613 ) ;
#1959 = EDGE_CURVE ( 'NONE', #6518, #1782, #1627, .T. ) ;
#1960 = DIRECTION ( 'NONE',  ( 0.000000000000000000, -0.000000000000000000, -1.000000000000000000 ) ) ;
#1961 = VERTEX_POINT ( 'NONE', #3528 ) ;
#1962 = DIRECTION ( 'NONE',  ( 0.000000000000000000, -0.000000000000000000, -1.000000000000000000 ) ) ;
#1963 = CIRCLE ( 'NONE', #4604, 1.000000000000000000 ) ;
#1964 = ORIENTED_EDGE ( 'NONE', *, *, #2010, .T. ) ;
#1965 = ORIENTED_EDGE ( 'NONE', *, *, #2121, .F. ) ;
#1966 = DIRECTION ( 'NONE',  ( -1.000000000000000000, -0.000000000000000000, -0.000000000000000000 ) ) ;
#1967 = ADVANCED_FACE ( 'NONE', ( #3579 ), #5127, .F. ) ;
#1968 = ORIENTED_EDGE ( 'NONE', *, *, #6402, .T. ) ;
#1969 = ADVANCED_FACE ( 'NONE', ( #6208 ), #8343, .T. ) ;
#1970 = EDGE_CURVE ( 'NONE', #4029, #8160, #8588, .T. ) ;
#1971 = CARTESIAN_POINT ( 'NONE',  ( 0.8074032423498794797, -43.37483906093164876, 36.31034388884692277 ) ) ;
#1972 = ORIENTED_EDGE ( 'NONE', *, *, #5831, .F. ) ;
#1973 = DIRECTION ( 'NONE',  ( 1.000000000000000000, 0.000000000000000000, 0.000000000000000000 ) ) ;
#1974 = EDGE_LOOP ( 'NONE', ( #6960, #3387, #2503, #8480 ) ) ;
#1975 = DIRECTION ( 'NONE',  ( 0.000000000000000000, -9.083130042379432208E-15, 1.000000000000000000 ) ) ;
#1976 = CARTESIAN_POINT ( 'NONE',  ( 6.000000000000005329, -35.03921629175388830, 39.37499999999999289 ) ) ;
#1977 = EDGE_CURVE ( 'NONE', #8144, #1728, #777, .T. ) ;
#1978 = ORIENTED_EDGE ( 'NONE', *, *, #7843, .F. ) ;
#1979 = DIRECTION ( 'NONE',  ( -1.000000000000000000, -0.000000000000000000, -0.000000000000000000 ) ) ;
#1980 = DIRECTION ( 'NONE',  ( -1.000000000000000000, 0.000000000000000000, 0.000000000000000000 ) ) ;
#1981 = CARTESIAN_POINT ( 'NONE',  ( 0.8074032449773838049, -35.03921629175388830, 39.37499999999999289 ) ) ;
#1982 = VERTEX_POINT ( 'NONE', #2957 ) ;
#1983 = DIRECTION ( 'NONE',  ( 1.000000000000000000, 0.000000000000000000, 0.000000000000000000 ) ) ;
#1984 = VECTOR ( 'NONE', #5561, 1000.000000000000000 ) ;
#1985 = LINE ( 'NONE', #8575, #93 ) ;
#1986 = LINE ( 'NONE', #4155, #6731 ) ;
#1987 = CIRCLE ( 'NONE', #6864, 5.000000000000004441 ) ;
#1988 = DIRECTION ( 'NONE',  ( -1.000000000000000000, 0.000000000000000000, 0.000000000000000000 ) ) ;
#1989 = CARTESIAN_POINT ( 'NONE',  ( 7.000000000000000888, -55.50000000000000000, 19.99999999999999645 ) ) ;
#1990 = FACE_OUTER_BOUND ( 'NONE', #5833, .T. ) ;
#1991 = ADVANCED_FACE ( 'NONE', ( #1710 ), #2041, .T. ) ;
#1992 = AXIS2_PLACEMENT_3D ( 'NONE', #916, #6991, #4355 ) ;
#1993 = DIRECTION ( 'NONE',  ( 0.000000000000000000, 0.000000000000000000, 1.000000000000000000 ) ) ;
#1994 = CIRCLE ( 'NONE', #6874, 0.9999999999999940048 ) ;
#1995 = ORIENTED_EDGE ( 'NONE', *, *, #7577, .T. ) ;
#1996 = CARTESIAN_POINT ( 'NONE',  ( 6.000000000000005329, 50.99999999999999289, 32.00000000000000000 ) ) ;
#1997 = VECTOR ( 'NONE', #5268, 1000.000000000000000 ) ;
#1998 = ORIENTED_EDGE ( 'NONE', *, *, #15, .F. ) ;
#1999 = CARTESIAN_POINT ( 'NONE',  ( 143.6861997365472519, -12.66666666666666607, 33.99999999999999289 ) ) ;
#2000 = ORIENTED_EDGE ( 'NONE', *, *, #1816, .F. ) ;
#2001 = ORIENTED_EDGE ( 'NONE', *, *, #6428, .T. ) ;
#2002 = EDGE_CURVE ( 'NONE', #268, #2696, #4551, .T. ) ;
#2003 = LINE ( 'NONE', #3998, #3064 ) ;
#2004 = ORIENTED_EDGE ( 'NONE', *, *, #6941, .F. ) ;
#2005 = VECTOR ( 'NONE', #5347, 1000.000000000000000 ) ;
#2006 = AXIS2_PLACEMENT_3D ( 'NONE', #3887, #611, #7945 ) ;
#2007 = DIRECTION ( 'NONE',  ( 1.000000000000000000, 0.000000000000000000, 0.000000000000000000 ) ) ;
#2008 = ORIENTED_EDGE ( 'NONE', *, *, #2602, .T. ) ;
#2009 = CARTESIAN_POINT ( 'NONE',  ( 7.499999999999982236, -59.50000000000000711, 9.999999999999996447 ) ) ;
#2010 = EDGE_CURVE ( 'NONE', #7411, #7236, #6993, .T. ) ;
#2011 = DIRECTION ( 'NONE',  ( -1.245984361695485913E-15, 0.5020516767994774865, -0.8648376228072142125 ) ) ;
#2012 = AXIS2_PLACEMENT_3D ( 'NONE', #4741, #2724, #719 ) ;
#2013 = ORIENTED_EDGE ( 'NONE', *, *, #7693, .F. ) ;
#2014 = EDGE_CURVE ( 'NONE', #3439, #3152, #4267, .T. ) ;
#2015 = DIRECTION ( 'NONE',  ( -1.000000000000000000, -0.000000000000000000, -0.000000000000000000 ) ) ;
#2016 = EDGE_CURVE ( 'NONE', #6023, #2133, #1902, .T. ) ;
#2017 = VERTEX_POINT ( 'NONE', #7644 ) ;
#2018 = DIRECTION ( 'NONE',  ( 0.000000000000000000, -1.000000000000000000, 7.384882149680603249E-16 ) ) ;
#2019 = AXIS2_PLACEMENT_3D ( 'NONE', #8587, #803, #6582 ) ;
#2020 = TOROIDAL_SURFACE ( 'NONE', #54, 1.999999999999999112, 1.000000000000000000 ) ;
#2021 = ORIENTED_EDGE ( 'NONE', *, *, #1742, .T. ) ;
#2022 = CARTESIAN_POINT ( 'NONE',  ( 0.000000000000000000, -35.52209655803509492, 41.00820670719789263 ) ) ;
#2023 = CARTESIAN_POINT ( 'NONE',  ( 0.000000000000000000, -32.06274606680622696, -38.99999999999997868 ) ) ;
#2024 = ADVANCED_FACE ( 'NONE', ( #6552 ), #5938, .F. ) ;
#2025 = CARTESIAN_POINT ( 'NONE',  ( 2.999999999999999112, -55.00000000000000000, -9.999999999999996447 ) ) ;
#2026 = ORIENTED_EDGE ( 'NONE', *, *, #1229, .T. ) ;
#2027 = CARTESIAN_POINT ( 'NONE',  ( 1.000000000000000888, -34.65725893522787260, -40.50615503039841059 ) ) ;
#2028 = CARTESIAN_POINT ( 'NONE',  ( 1.000000000000000888, -45.00000000000000711, 35.52786404500041328 ) ) ;
#2029 = VECTOR ( 'NONE', #2202, 1000.000000000000000 ) ;
#2030 = EDGE_CURVE ( 'NONE', #5548, #4107, #3215, .T. ) ;
#2031 = DIRECTION ( 'NONE',  ( -1.000000000000000000, 0.000000000000000000, 0.000000000000000000 ) ) ;
#2032 = FACE_OUTER_BOUND ( 'NONE', #2273, .T. ) ;
#2033 = EDGE_LOOP ( 'NONE', ( #224, #3918, #5250 ) ) ;
#2034 = DIRECTION ( 'NONE',  ( -0.000000000000000000, 0.000000000000000000, 1.000000000000000000 ) ) ;
#2035 = AXIS2_PLACEMENT_3D ( 'NONE', #6354, #6909, #926 ) ;
#2036 = VECTOR ( 'NONE', #1606, 1000.000000000000000 ) ;
#2037 = DIRECTION ( 'NONE',  ( -1.000000000000000000, 0.000000000000000000, 0.000000000000000000 ) ) ;
#2038 = DIRECTION ( 'NONE',  ( 0.000000000000000000, 4.541565021189716104E-15, 1.000000000000000000 ) ) ;
#2039 = CARTESIAN_POINT ( 'NONE',  ( 6.000000000000005329, -44.00000000000000711, 34.00000000000000711 ) ) ;
#2040 = LINE ( 'NONE', #4205, #3671 ) ;
#2041 = TOROIDAL_SURFACE ( 'NONE', #7894, 4.000000000000007994, 1.000000000000000000 ) ;
#2042 = DIRECTION ( 'NONE',  ( -1.000000000000000000, 0.000000000000000000, 0.000000000000000000 ) ) ;
#2043 = ORIENTED_EDGE ( 'NONE', *, *, #7151, .F. ) ;
#2044 = VECTOR ( 'NONE', #1093, 1000.000000000000000 ) ;
#2045 = ORIENTED_EDGE ( 'NONE', *, *, #4398, .F. ) ;
#2046 = CARTESIAN_POINT ( 'NONE',  ( 0.000000000000000000, -55.00000000000000000, -45.00000000000000000 ) ) ;
#2047 = ORIENTED_EDGE ( 'NONE', *, *, #7237, .T. ) ;
#2048 = ORIENTED_EDGE ( 'NONE', *, *, #5600, .T. ) ;
#2049 = CARTESIAN_POINT ( 'NONE',  ( 7.000000000000000000, 22.66666666666667496, -40.99999999999999289 ) ) ;
#2050 = ORIENTED_EDGE ( 'NONE', *, *, #8280, .T. ) ;
#2051 = DIRECTION ( 'NONE',  ( 0.000000000000000000, 0.000000000000000000, 1.000000000000000000 ) ) ;
#2052 = VERTEX_POINT ( 'NONE', #5287 ) ;
#2053 = AXIS2_PLACEMENT_3D ( 'NONE', #5353, #8005, #2034 ) ;
#2054 = EDGE_CURVE ( 'NONE', #5163, #8627, #6438, .T. ) ;
#2055 = DIRECTION ( 'NONE',  ( 0.000000000000000000, 0.000000000000000000, -1.000000000000000000 ) ) ;
#2056 = LINE ( 'NONE', #7378, #5391 ) ;
#2057 = EDGE_LOOP ( 'NONE', ( #5117, #7165, #4665, #7393 ) ) ;
#2058 = ORIENTED_EDGE ( 'NONE', *, *, #8615, .F. ) ;
#2059 = DIRECTION ( 'NONE',  ( 0.000000000000000000, 0.000000000000000000, 1.000000000000000000 ) ) ;
#2060 = AXIS2_PLACEMENT_3D ( 'NONE', #430, #2439, #6502 ) ;
#2061 = VERTEX_POINT ( 'NONE', #2609 ) ;
#2062 = CONICAL_SURFACE ( 'NONE', #3173, 2.000000000000253131, 0.02829433384850031999 ) ;
#2063 = CYLINDRICAL_SURFACE ( 'NONE', #1276, 1.000000000000000888 ) ;
#2064 = VERTEX_POINT ( 'NONE', #2533 ) ;
#2065 = LINE ( 'NONE', #4724, #6630 ) ;
#2066 = ADVANCED_FACE ( 'NONE', ( #7857 ), #7777, .F. ) ;
#2067 = CARTESIAN_POINT ( 'NONE',  ( 2.500000000000017764, -59.50000000000000711, 19.99999999999999645 ) ) ;
#2068 = CARTESIAN_POINT ( 'NONE',  ( 143.6861997365472519, 21.66666666666667496, -34.00000000000000000 ) ) ;
#2069 = AXIS2_PLACEMENT_3D ( 'NONE', #7255, #32, #8559 ) ;
#2070 = ORIENTED_EDGE ( 'NONE', *, *, #2960, .F. ) ;
#2071 = LINE ( 'NONE', #1374, #949 ) ;
#2072 = CARTESIAN_POINT ( 'NONE',  ( 0.1227374783113447526, 34.71041239714049453, -40.41634031964427720 ) ) ;
#2073 = CARTESIAN_POINT ( 'NONE',  ( 2.999999999999999556, -55.00000000000000000, 9.999999999999994671 ) ) ;
#2074 = CARTESIAN_POINT ( 'NONE',  ( 7.000000000000000000, 0.000000000000000000, 32.00000000000000711 ) ) ;
#2075 = EDGE_LOOP ( 'NONE', ( #8594, #7122, #151, #8628 ) ) ;
#2076 = VECTOR ( 'NONE', #55, 1000.000000000000000 ) ;
#2077 = ADVANCED_FACE ( 'NONE', ( #8429, #565, #3093, #3876, #7127 ), #6475, .F. ) ;
#2078 = DIRECTION ( 'NONE',  ( 1.000000000000000000, -0.000000000000000000, -0.000000000000000000 ) ) ;
#2079 = DIRECTION ( 'NONE',  ( 0.000000000000000000, 0.000000000000000000, 1.000000000000000000 ) ) ;
#2080 = ADVANCED_FACE ( 'NONE', ( #5247 ), #482, .F. ) ;
#2081 = CARTESIAN_POINT ( 'NONE',  ( 6.000000000000005329, -11.66666666666667673, 33.99999999999999289 ) ) ;
#2082 = CARTESIAN_POINT ( 'NONE',  ( 5.000000000000013323, -49.99999999999999289, -45.00000000000000000 ) ) ;
#2083 = AXIS2_PLACEMENT_3D ( 'NONE', #3773, #5061, #6456 ) ;
#2084 = DIRECTION ( 'NONE',  ( 0.000000000000000000, 0.000000000000000000, 1.000000000000000000 ) ) ;
#2085 = DIRECTION ( 'NONE',  ( -0.000000000000000000, -0.000000000000000000, -1.000000000000000000 ) ) ;
#2086 = VECTOR ( 'NONE', #3193, 1000.000000000000000 ) ;
#2087 = VECTOR ( 'NONE', #8476, 1000.000000000000000 ) ;
#2088 = EDGE_CURVE ( 'NONE', #8627, #7243, #4119, .T. ) ;
#2089 = ORIENTED_EDGE ( 'NONE', *, *, #4622, .T. ) ;
#2090 = DIRECTION ( 'NONE',  ( 1.000000000000000000, -0.000000000000000000, -0.000000000000000000 ) ) ;
#2091 = ORIENTED_EDGE ( 'NONE', *, *, #6030, .T. ) ;
#2092 = ORIENTED_EDGE ( 'NONE', *, *, #3817, .T. ) ;
#2093 = DIRECTION ( 'NONE',  ( 0.000000000000000000, 0.000000000000000000, 1.000000000000000000 ) ) ;
#2094 = EDGE_LOOP ( 'NONE', ( #6107, #7131, #6951, #360 ) ) ;
#2095 = FACE_OUTER_BOUND ( 'NONE', #6294, .T. ) ;
#2096 = CONICAL_SURFACE ( 'NONE', #7949, 1.849999999999999201, 0.02829433384850006325 ) ;
#2097 = DIRECTION ( 'NONE',  ( 0.000000000000000000, 0.000000000000000000, 1.000000000000000000 ) ) ;
#2098 = DIRECTION ( 'NONE',  ( 0.000000000000000000, -2.230358754827328253E-15, 1.000000000000000000 ) ) ;
#2099 = ORIENTED_EDGE ( 'NONE', *, *, #1328, .T. ) ;
#2100 = ORIENTED_EDGE ( 'NONE', *, *, #6179, .F. ) ;
#2101 = ORIENTED_EDGE ( 'NONE', *, *, #1255, .T. ) ;
#2102 = EDGE_CURVE ( 'NONE', #4450, #5548, #3139, .T. ) ;
#2103 = DIRECTION ( 'NONE',  ( 0.000000000000000000, 0.000000000000000000, 1.000000000000000000 ) ) ;
#2104 = ORIENTED_EDGE ( 'NONE', *, *, #4470, .F. ) ;
#2105 = CARTESIAN_POINT ( 'NONE',  ( 0.2377685253761855078, -34.82792455453379432, 40.17573960023563018 ) ) ;
#2106 = CYLINDRICAL_SURFACE ( 'NONE', #33, 1.000000000000000888 ) ;
#2107 = DIRECTION ( 'NONE',  ( -1.000000000000000000, 0.000000000000000000, 0.000000000000000000 ) ) ;
#2108 = ORIENTED_EDGE ( 'NONE', *, *, #533, .T. ) ;
#2109 = DIRECTION ( 'NONE',  ( 0.000000000000000000, -1.000000000000000000, 0.000000000000000000 ) ) ;
#2110 = DIRECTION ( 'NONE',  ( 0.000000000000000000, 0.000000000000000000, 1.000000000000000000 ) ) ;
#2111 = DIRECTION ( 'NONE',  ( -1.000000000000000000, -0.000000000000000000, -0.000000000000000000 ) ) ;
#2112 = DIRECTION ( 'NONE',  ( 0.000000000000000000, 0.000000000000000000, 1.000000000000000000 ) ) ;
#2113 = EDGE_CURVE ( 'NONE', #5063, #2238, #372, .T. ) ;
#2114 = DIRECTION ( 'NONE',  ( 0.000000000000000000, 1.000000000000000000, 0.000000000000000000 ) ) ;
#2115 = ORIENTED_EDGE ( 'NONE', *, *, #213, .F. ) ;
#2116 = CARTESIAN_POINT ( 'NONE',  ( 6.000000000000005329, -46.00000000000000711, 33.00000000000000711 ) ) ;
#2117 = DIRECTION ( 'NONE',  ( -0.02829055873697635531, 3.464594220332828145E-18, 0.9995997420399574951 ) ) ;
#2118 = DIRECTION ( 'NONE',  ( 0.000000000000000000, 0.000000000000000000, -1.000000000000000000 ) ) ;
#2119 = VERTEX_POINT ( 'NONE', #7164 ) ;
#2120 = EDGE_CURVE ( 'NONE', #7815, #6265, #2326, .T. ) ;
#2121 = EDGE_CURVE ( 'NONE', #2064, #6996, #3979, .T. ) ;
#2122 = CARTESIAN_POINT ( 'NONE',  ( 1.000000000000000888, 50.99999999999999289, 34.00000000000000000 ) ) ;
#2123 = DIRECTION ( 'NONE',  ( -1.000000000000000000, -0.000000000000000000, -0.000000000000000000 ) ) ;
#2124 = ORIENTED_EDGE ( 'NONE', *, *, #3287, .F. ) ;
#2125 = EDGE_CURVE ( 'NONE', #2323, #4997, #7074, .T. ) ;
#2126 = VECTOR ( 'NONE', #5227, 1000.000000000000000 ) ;
#2127 = ORIENTED_EDGE ( 'NONE', *, *, #3780, .T. ) ;
#2128 = PLANE ( 'NONE',  #5828 ) ;
#2129 = EDGE_LOOP ( 'NONE', ( #5981, #6840, #4135, #6620 ) ) ;
#2130 = AXIS2_PLACEMENT_3D ( 'NONE', #6699, #1291, #6615 ) ;
#2131 = APPLICATION_CONTEXT ( 'automotive_design' ) ;
#2132 = DIRECTION ( 'NONE',  ( -0.000000000000000000, -1.000000000000000000, -0.000000000000000000 ) ) ;
#2133 = VERTEX_POINT ( 'NONE', #7820 ) ;
#2134 = EDGE_CURVE ( 'NONE', #3516, #4719, #1188, .T. ) ;
#2135 = CARTESIAN_POINT ( 'NONE',  ( 143.6861997365472519, 32.06274606680621986, -39.00000000000000000 ) ) ;
#2136 = CARTESIAN_POINT ( 'NONE',  ( 1.000000000000000888, -12.66666666666666430, 34.00000000000000711 ) ) ;
#2137 = SPHERICAL_SURFACE ( 'NONE', #193, 1.000000000000000000 ) ;
#2138 = VERTEX_POINT ( 'NONE', #526 ) ;
#2139 = ORIENTED_EDGE ( 'NONE', *, *, #2134, .F. ) ;
#2140 = DIRECTION ( 'NONE',  ( 0.000000000000000000, -1.000000000000000000, 0.000000000000000000 ) ) ;
#2141 = CIRCLE ( 'NONE', #4223, 1.000000000000000000 ) ;
#2142 = CIRCLE ( 'NONE', #7299, 3.000000000000002665 ) ;
#2143 = EDGE_LOOP ( 'NONE', ( #3257, #1968, #717, #925 ) ) ;
#2144 = CARTESIAN_POINT ( 'NONE',  ( 7.000000000000000000, 40.00000000000000000, -39.99999999999999289 ) ) ;
#2145 = EDGE_LOOP ( 'NONE', ( #8032, #3094, #5734, #5941 ) ) ;
#2146 = CARTESIAN_POINT ( 'NONE',  ( 2.340000000000001634, 40.00000000000000000, 42.24999999999998579 ) ) ;
#2147 = AXIS2_PLACEMENT_3D ( 'NONE', #991, #1604, #330 ) ;
#2148 = EDGE_CURVE ( 'NONE', #3948, #1741, #3279, .T. ) ;
#2149 = EDGE_LOOP ( 'NONE', ( #4444, #434, #3145, #7537 ) ) ;
#2150 = LINE ( 'NONE', #4813, #804 ) ;
#2151 = DIRECTION ( 'NONE',  ( 5.460168833269974144E-16, -0.7453559924999296760, -0.6666666666666669627 ) ) ;
#2152 = DIRECTION ( 'NONE',  ( 0.000000000000000000, 0.000000000000000000, 1.000000000000000000 ) ) ;
#2153 = AXIS2_PLACEMENT_3D ( 'NONE', #1051, #3090, #3704 ) ;
#2154 = DIRECTION ( 'NONE',  ( -1.000000000000000000, 0.000000000000000000, 0.000000000000000000 ) ) ;
#2155 = DIRECTION ( 'NONE',  ( 0.000000000000000000, 0.000000000000000000, -1.000000000000000000 ) ) ;
#2156 = ORIENTED_EDGE ( 'NONE', *, *, #4747, .F. ) ;
#2157 = DIRECTION ( 'NONE',  ( 0.000000000000000000, 0.000000000000000000, 1.000000000000000000 ) ) ;
#2158 = FACE_OUTER_BOUND ( 'NONE', #8514, .T. ) ;
#2159 = CARTESIAN_POINT ( 'NONE',  ( 6.000000000000005329, -12.66666666666666430, 33.00000000000000711 ) ) ;
#2160 = DIRECTION ( 'NONE',  ( 0.000000000000000000, -1.000000000000000000, 0.000000000000000000 ) ) ;
#2161 = AXIS2_PLACEMENT_3D ( 'NONE', #457, #1979, #6452 ) ;
#2162 = ADVANCED_FACE ( 'NONE', ( #3256 ), #8165, .T. ) ;
#2163 = VECTOR ( 'NONE', #241, 1000.000000000000000 ) ;
#2164 = DIRECTION ( 'NONE',  ( 0.000000000000000000, 0.000000000000000000, 1.000000000000000000 ) ) ;
#2165 = DIRECTION ( 'NONE',  ( 1.000000000000000000, -0.000000000000000000, -0.000000000000000000 ) ) ;
#2166 = PLANE ( 'NONE',  #700 ) ;
#2167 = DIRECTION ( 'NONE',  ( 0.000000000000000000, 0.000000000000000000, 1.000000000000000000 ) ) ;
#2168 = VERTEX_POINT ( 'NONE', #1351 ) ;
#2169 = CIRCLE ( 'NONE', #8451, 1.000000000000000000 ) ;
#2170 = EDGE_CURVE ( 'NONE', #2184, #3616, #922, .T. ) ;
#2171 = ORIENTED_EDGE ( 'NONE', *, *, #1392, .T. ) ;
#2172 = CARTESIAN_POINT ( 'NONE',  ( 6.000000000000005329, 12.66666666666667318, 33.00000000000000000 ) ) ;
#2173 = AXIS2_PLACEMENT_3D ( 'NONE', #1269, #4406, #600 ) ;
#2174 = ORIENTED_EDGE ( 'NONE', *, *, #3919, .F. ) ;
#2175 = CARTESIAN_POINT ( 'NONE',  ( 0.2973451444297234292, 43.46955141801326050, 36.38132168594625426 ) ) ;
#2176 = ORIENTED_EDGE ( 'NONE', *, *, #5428, .F. ) ;
#2177 = VECTOR ( 'NONE', #1519, 1000.000000000000000 ) ;
#2178 = DIRECTION ( 'NONE',  ( -1.000000000000000000, 0.000000000000000000, 0.000000000000000000 ) ) ;
#2179 = DIRECTION ( 'NONE',  ( 0.000000000000000000, -0.000000000000000000, 1.000000000000000000 ) ) ;
#2180 = EDGE_CURVE ( 'NONE', #7173, #2651, #6636, .T. ) ;
#2181 = CARTESIAN_POINT ( 'NONE',  ( 1.000000000000000888, 22.66666666666666785, 40.99999999999999289 ) ) ;
#2182 = EDGE_CURVE ( 'NONE', #8003, #4104, #783, .T. ) ;
#2183 = DIRECTION ( 'NONE',  ( 0.000000000000000000, -2.478176394252584592E-16, 1.000000000000000000 ) ) ;
#2184 = VERTEX_POINT ( 'NONE', #4126 ) ;
#2185 = ORIENTED_EDGE ( 'NONE', *, *, #2615, .T. ) ;
#2186 = VECTOR ( 'NONE', #6370, 1000.000000000000000 ) ;
#2187 = ORIENTED_EDGE ( 'NONE', *, *, #2730, .F. ) ;
#2188 = DIRECTION ( 'NONE',  ( 0.000000000000000000, 0.000000000000000000, 1.000000000000000000 ) ) ;
#2189 = AXIS2_PLACEMENT_3D ( 'NONE', #3923, #5331, #3800 ) ;
#2190 = DIRECTION ( 'NONE',  ( 0.000000000000000000, -2.602085213965226419E-15, 1.000000000000000000 ) ) ;
#2191 = ORIENTED_EDGE ( 'NONE', *, *, #4795, .F. ) ;
#2192 = LINE ( 'NONE', #3358, #1062 ) ;
#2193 = CARTESIAN_POINT ( 'NONE',  ( 6.000000000000005329, 50.99999999999999289, 33.00000000000000000 ) ) ;
#2194 = ORIENTED_EDGE ( 'NONE', *, *, #8405, .T. ) ;
#2195 = FACE_OUTER_BOUND ( 'NONE', #1760, .T. ) ;
#2196 = MECHANICAL_DESIGN_GEOMETRIC_PRESENTATION_REPRESENTATION (  '', ( #7784 ), #3732 ) ;
#2197 = CARTESIAN_POINT ( 'NONE',  ( 7.000000000000000000, -40.00000000000000000, 39.99999999999999289 ) ) ;
#2198 = LINE ( 'NONE', #935, #8368 ) ;
#2199 = DIRECTION ( 'NONE',  ( -1.000000000000000000, -0.000000000000000000, -0.000000000000000000 ) ) ;
#2200 = ORIENTED_EDGE ( 'NONE', *, *, #7632, .F. ) ;
#2201 = CARTESIAN_POINT ( 'NONE',  ( 6.000000000000005329, 32.06274606680621986, 38.99999999999999289 ) ) ;
#2202 = DIRECTION ( 'NONE',  ( -0.000000000000000000, -1.000000000000000000, -2.775557561562896479E-15 ) ) ;
#2203 = CONICAL_SURFACE ( 'NONE', #5560, 1.850000000000001865, 0.02829433384850000774 ) ;
#2204 = CYLINDRICAL_SURFACE ( 'NONE', #7022, 1.000000000000000888 ) ;
#2205 = CARTESIAN_POINT ( 'NONE',  ( 1.000000000000000888, -20.66666666666666785, 34.00000000000000711 ) ) ;
#2206 = LINE ( 'NONE', #2301, #4870 ) ;
#2207 = VERTEX_POINT ( 'NONE', #7409 ) ;
#2208 = DIRECTION ( 'NONE',  ( 1.000000000000000000, 0.000000000000000000, 0.000000000000000000 ) ) ;
#2209 = CIRCLE ( 'NONE', #1104, 2.000000000000001776 ) ;
#2210 = DIRECTION ( 'NONE',  ( 0.000000000000000000, 0.000000000000000000, -1.000000000000000000 ) ) ;
#2211 = DIRECTION ( 'NONE',  ( 0.000000000000000000, -1.000000000000000000, 0.000000000000000000 ) ) ;
#2212 = EDGE_LOOP ( 'NONE', ( #6400, #5317, #3175, #6082 ) ) ;
#2213 = ADVANCED_FACE ( 'NONE', ( #816 ), #3429, .F. ) ;
#2214 = AXIS2_PLACEMENT_3D ( 'NONE', #7362, #4527, #1954 ) ;
#2215 = VERTEX_POINT ( 'NONE', #725 ) ;
#2216 = ORIENTED_EDGE ( 'NONE', *, *, #143, .F. ) ;
#2217 = CARTESIAN_POINT ( 'NONE',  ( -6.827995601039548522E-10, 43.15520845258715354, 36.66397302448591233 ) ) ;
#2218 = VERTEX_POINT ( 'NONE', #7370 ) ;
#2219 = EDGE_CURVE ( 'NONE', #7243, #5765, #1775, .T. ) ;
#2220 = AXIS2_PLACEMENT_3D ( 'NONE', #1457, #2246, #5659 ) ;
#2221 = CIRCLE ( 'NONE', #2636, 0.9999999999999987788 ) ;
#2222 = ADVANCED_FACE ( 'NONE', ( #7936 ), #4555, .T. ) ;
#2223 = CARTESIAN_POINT ( 'NONE',  ( 7.000000000000000000, 40.00000000000000000, -39.99999999999999289 ) ) ;
#2224 = DIRECTION ( 'NONE',  ( 1.000000000000000000, 0.000000000000000000, 0.000000000000000000 ) ) ;
#2225 = DIRECTION ( 'NONE',  ( -1.000000000000000000, -0.000000000000000000, -0.000000000000000000 ) ) ;
#2226 = VECTOR ( 'NONE', #559, 1000.000000000000000 ) ;
#2227 = ORIENTED_EDGE ( 'NONE', *, *, #4260, .F. ) ;
#2228 = ORIENTED_EDGE ( 'NONE', *, *, #2088, .T. ) ;
#2229 = EDGE_CURVE ( 'NONE', #1561, #220, #6522, .T. ) ;
#2230 = CARTESIAN_POINT ( 'NONE',  ( 6.000000000000005329, 32.06274606680621986, -40.99999999999999289 ) ) ;
#2231 = ADVANCED_FACE ( 'NONE', ( #3385 ), #2128, .F. ) ;
#2232 = ORIENTED_EDGE ( 'NONE', *, *, #2691, .F. ) ;
#2233 = EDGE_CURVE ( 'NONE', #6691, #3440, #8062, .T. ) ;
#2234 = EDGE_CURVE ( 'NONE', #4283, #5325, #2729, .T. ) ;
#2235 = CIRCLE ( 'NONE', #833, 4.590000000000003411 ) ;
#2236 = CYLINDRICAL_SURFACE ( 'NONE', #5929, 1.000000000000000888 ) ;
#2237 = CIRCLE ( 'NONE', #8233, 1.000000000000000888 ) ;
#2238 = VERTEX_POINT ( 'NONE', #6671 ) ;
#2239 = CARTESIAN_POINT ( 'NONE',  ( 6.850000000000006750, 16.66666666666667140, 39.69999999998344009 ) ) ;
#2240 = LINE ( 'NONE', #7474, #3525 ) ;
#2241 = ORIENTED_EDGE ( 'NONE', *, *, #1473, .F. ) ;
#2242 = CARTESIAN_POINT ( 'NONE',  ( 0.000000000000000000, 43.86443802271307391, -37.52326449361068939 ) ) ;
#2243 = CARTESIAN_POINT ( 'NONE',  ( 10.00000000000000000, 55.00000000000000000, 45.00000000000000000 ) ) ;
#2244 = AXIS2_PLACEMENT_3D ( 'NONE', #8620, #5283, #1298 ) ;
#2245 = CARTESIAN_POINT ( 'NONE',  ( 3.150000000000013678, -49.99999999999999289, 39.69999999998333351 ) ) ;
#2246 = DIRECTION ( 'NONE',  ( 0.000000000000000000, -1.000000000000000000, 0.000000000000000000 ) ) ;
#2247 = FACE_OUTER_BOUND ( 'NONE', #7354, .T. ) ;
#2248 = ORIENTED_EDGE ( 'NONE', *, *, #4843, .T. ) ;
#2249 = ADVANCED_FACE ( 'NONE', ( #685 ), #8017, .F. ) ;
#2250 = LINE ( 'NONE', #4917, #1493 ) ;
#2251 = DIRECTION ( 'NONE',  ( 1.000000000000000000, -0.000000000000000000, -0.000000000000000000 ) ) ;
#2252 = DIRECTION ( 'NONE',  ( 0.000000000000000000, -0.000000000000000000, 1.000000000000000000 ) ) ;
#2253 = DIRECTION ( 'NONE',  ( 0.000000000000000000, -1.000000000000000000, 0.000000000000000000 ) ) ;
#2254 = FACE_OUTER_BOUND ( 'NONE', #1261, .T. ) ;
#2255 = VERTEX_POINT ( 'NONE', #5980 ) ;
#2256 = DIRECTION ( 'NONE',  ( -0.000000000000000000, -1.000000000000000000, -0.000000000000000000 ) ) ;
#2257 = CIRCLE ( 'NONE', #2644, 1.000000000000000000 ) ;
#2258 = CYLINDRICAL_SURFACE ( 'NONE', #987, 1.000000000000000888 ) ;
#2259 = CYLINDRICAL_SURFACE ( 'NONE', #3965, 5.000000000000004441 ) ;
#2260 = ORIENTED_EDGE ( 'NONE', *, *, #3873, .F. ) ;
#2261 = ORIENTED_EDGE ( 'NONE', *, *, #4487, .T. ) ;
#2262 = ORIENTED_EDGE ( 'NONE', *, *, #8053, .F. ) ;
#2263 = DIRECTION ( 'NONE',  ( -1.000000000000000000, -0.000000000000000000, -0.000000000000000000 ) ) ;
#2264 = ADVANCED_FACE ( 'NONE', ( #8625 ), #19, .T. ) ;
#2265 = ORIENTED_EDGE ( 'NONE', *, *, #6411, .T. ) ;
#2266 = CARTESIAN_POINT ( 'NONE',  ( 0.000000000000000000, -50.99999999999999289, 34.00000000000001421 ) ) ;
#2267 = ORIENTED_EDGE ( 'NONE', *, *, #5060, .F. ) ;
#2268 = DIRECTION ( 'NONE',  ( 0.000000000000000000, 0.000000000000000000, 1.000000000000000000 ) ) ;
#2269 = DIRECTION ( 'NONE',  ( -1.000000000000000000, -0.000000000000000000, -0.000000000000000000 ) ) ;
#2270 = DIRECTION ( 'NONE',  ( 0.000000000000000000, 1.000000000000000000, -0.000000000000000000 ) ) ;
#2271 = AXIS2_PLACEMENT_3D ( 'NONE', #7954, #6572, #1329 ) ;
#2272 = EDGE_CURVE ( 'NONE', #1741, #2138, #2649, .T. ) ;
#2273 = EDGE_LOOP ( 'NONE', ( #6525, #6194, #4996 ) ) ;
#2274 = VERTEX_POINT ( 'NONE', #7330 ) ;
#2275 = EDGE_CURVE ( 'NONE', #3641, #3353, #2686, .T. ) ;
#2276 = LINE ( 'NONE', #5462, #7104 ) ;
#2277 = VERTEX_POINT ( 'NONE', #5629 ) ;
#2278 = CIRCLE ( 'NONE', #6872, 4.590000000000003411 ) ;
#2279 = DIRECTION ( 'NONE',  ( 1.000000000000000000, 0.000000000000000000, 0.000000000000000000 ) ) ;
#2280 = AXIS2_PLACEMENT_3D ( 'NONE', #6660, #672, #3905 ) ;
#2281 = FACE_OUTER_BOUND ( 'NONE', #5387, .T. ) ;
#2282 = ORIENTED_EDGE ( 'NONE', *, *, #3515, .F. ) ;
#2283 = CARTESIAN_POINT ( 'NONE',  ( 1.000000000000000888, 22.66666666666667496, -40.99999999999999289 ) ) ;
#2284 = CARTESIAN_POINT ( 'NONE',  ( 1.000000000000000444, -35.52209655803509492, 41.00820670719788552 ) ) ;
#2285 = ADVANCED_FACE ( 'NONE', ( #4266 ), #8289, .F. ) ;
#2286 = EDGE_CURVE ( 'NONE', #7859, #4542, #4986, .T. ) ;
#2287 = ORIENTED_EDGE ( 'NONE', *, *, #7924, .F. ) ;
#2288 = CIRCLE ( 'NONE', #4217, 2.000000000000452083 ) ;
#2289 = DIRECTION ( 'NONE',  ( 0.000000000000000000, 0.000000000000000000, 1.000000000000000000 ) ) ;
#2290 = CARTESIAN_POINT ( 'NONE',  ( 6.000000000000005329, -44.00000000000000711, 35.52786404500041328 ) ) ;
#2291 = DIRECTION ( 'NONE',  ( 0.000000000000000000, 0.000000000000000000, -1.000000000000000000 ) ) ;
#2292 = CARTESIAN_POINT ( 'NONE',  ( 0.2078464396333500330, -34.78631055417670837, -40.26680052479431282 ) ) ;
#2293 = VERTEX_POINT ( 'NONE', #5028 ) ;
#2294 = AXIS2_PLACEMENT_3D ( 'NONE', #2479, #1855, #5752 ) ;
#2295 = AXIS2_PLACEMENT_3D ( 'NONE', #7548, #4801, #4850 ) ;
#2296 = LINE ( 'NONE', #4968, #1501 ) ;
#2297 = DIRECTION ( 'NONE',  ( -1.000000000000000000, 0.000000000000000000, 0.000000000000000000 ) ) ;
#2298 = CARTESIAN_POINT ( 'NONE',  ( 5.000000000000009770, -16.66666666666666430, -39.69999999999039630 ) ) ;
#2299 = EDGE_CURVE ( 'NONE', #1131, #8073, #4412, .T. ) ;
#2300 = CARTESIAN_POINT ( 'NONE',  ( 1.000000000000000888, 20.66666666666667496, -34.00000000000000000 ) ) ;
#2301 = CARTESIAN_POINT ( 'NONE',  ( 6.850000000000006750, 16.66666666666667140, -39.50000000000000000 ) ) ;
#2302 = EDGE_CURVE ( 'NONE', #1691, #3058, #3720, .T. ) ;
#2303 = ORIENTED_EDGE ( 'NONE', *, *, #8552, .F. ) ;
#2304 = AXIS2_PLACEMENT_3D ( 'NONE', #5665, #2160, #236 ) ;
#2305 = AXIS2_PLACEMENT_3D ( 'NONE', #2934, #5613, #1115 ) ;
#2306 = DIRECTION ( 'NONE',  ( 1.000000000000000000, -0.000000000000000000, -0.000000000000000000 ) ) ;
#2307 = FACE_OUTER_BOUND ( 'NONE', #4943, .T. ) ;
#2308 = CYLINDRICAL_SURFACE ( 'NONE', #5667, 1.000000000000000888 ) ;
#2309 = EDGE_LOOP ( 'NONE', ( #4324, #2115, #109, #4956 ) ) ;
#2310 = TOROIDAL_SURFACE ( 'NONE', #8298, 2.000000000000000888, 1.000000000000000000 ) ;
#2311 = VERTEX_POINT ( 'NONE', #2313 ) ;
#2312 = ORIENTED_EDGE ( 'NONE', *, *, #877, .F. ) ;
#2313 = CARTESIAN_POINT ( 'NONE',  ( 0.000000000000000000, -10.66666666666666785, -42.99999999999999289 ) ) ;
#2314 = VERTEX_POINT ( 'NONE', #6889 ) ;
#2315 = AXIS2_PLACEMENT_3D ( 'NONE', #7305, #1895, #3859 ) ;
#2316 = CIRCLE ( 'NONE', #6073, 1.000000000000000888 ) ;
#2317 = CARTESIAN_POINT ( 'NONE',  ( 7.500000000000000888, -57.00000000000000000, -9.999999999999996447 ) ) ;
#2318 = EDGE_LOOP ( 'NONE', ( #2856, #3595 ) ) ;
#2319 = DIRECTION ( 'NONE',  ( -0.000000000000000000, -0.000000000000000000, -1.000000000000000000 ) ) ;
#2320 = AXIS2_PLACEMENT_3D ( 'NONE', #5517, #6727, #4105 ) ;
#2321 = CARTESIAN_POINT ( 'NONE',  ( 143.6861997365472519, 51.00000000000000000, -33.00000000000000711 ) ) ;
#2322 = DIRECTION ( 'NONE',  ( 0.000000000000000000, -1.000000000000000000, -6.938893903907222067E-15 ) ) ;
#2323 = VERTEX_POINT ( 'NONE', #1043 ) ;
#2324 = ORIENTED_EDGE ( 'NONE', *, *, #984, .F. ) ;
#2325 = EDGE_LOOP ( 'NONE', ( #5131, #83, #8336, #6273 ) ) ;
#2326 = CIRCLE ( 'NONE', #1069, 2.000000000000001776 ) ;
#2327 = CARTESIAN_POINT ( 'NONE',  ( 0.8074032449773838049, 40.00000000000000000, 39.99999999999999289 ) ) ;
#2328 = EDGE_CURVE ( 'NONE', #6230, #6313, #1084, .T. ) ;
#2329 = CARTESIAN_POINT ( 'NONE',  ( 6.000000000000005329, 20.66666666666667496, -32.00000000000000000 ) ) ;
#2330 = EDGE_LOOP ( 'NONE', ( #272, #2822, #5284, #6581 ) ) ;
#2331 = DIRECTION ( 'NONE',  ( 0.000000000000000000, 0.000000000000000000, 1.000000000000000000 ) ) ;
#2332 = FACE_OUTER_BOUND ( 'NONE', #2145, .T. ) ;
#2333 = AXIS2_PLACEMENT_3D ( 'NONE', #1613, #2861, #6293 ) ;
#2334 = VERTEX_POINT ( 'NONE', #6247 ) ;
#2335 = LINE ( 'NONE', #7656, #3308 ) ;
#2336 = DIRECTION ( 'NONE',  ( 1.000000000000000000, 0.000000000000000000, 0.000000000000000000 ) ) ;
#2337 = LINE ( 'NONE', #5007, #7670 ) ;
#2338 = DIRECTION ( 'NONE',  ( -1.000000000000000000, -0.000000000000000000, -0.000000000000000000 ) ) ;
#2339 = CARTESIAN_POINT ( 'NONE',  ( 6.000000000000005329, 46.00000000000000711, -33.00000000000002132 ) ) ;
#2340 = ORIENTED_EDGE ( 'NONE', *, *, #1873, .F. ) ;
#2341 = ADVANCED_FACE ( 'NONE', ( #248 ), #80, .T. ) ;
#2342 = DIRECTION ( 'NONE',  ( 0.000000000000000000, 0.000000000000000000, 1.000000000000000000 ) ) ;
#2343 = DIRECTION ( 'NONE',  ( -1.000000000000000000, 0.000000000000000000, 0.000000000000000000 ) ) ;
#2344 = VECTOR ( 'NONE', #6638, 1000.000000000000114 ) ;
#2345 = FACE_OUTER_BOUND ( 'NONE', #5947, .T. ) ;
#2346 = ORIENTED_EDGE ( 'NONE', *, *, #7452, .F. ) ;
#2347 = DIRECTION ( 'NONE',  ( -1.000000000000000000, -0.000000000000000000, -0.000000000000000000 ) ) ;
#2348 = CARTESIAN_POINT ( 'NONE',  ( 1.000000000000000000, -12.66666666666666963, -40.99999999999998579 ) ) ;
#2349 = CARTESIAN_POINT ( 'NONE',  ( 0.000000000000000000, 43.06000000000000227, 36.57881599442531240 ) ) ;
#2350 = ORIENTED_EDGE ( 'NONE', *, *, #953, .T. ) ;
#2351 = EDGE_CURVE ( 'NONE', #4450, #3191, #8192, .T. ) ;
#2352 = CIRCLE ( 'NONE', #2610, 5.000000000000004441 ) ;
#2353 = EDGE_CURVE ( 'NONE', #5625, #7938, #4830, .T. ) ;
#2354 = CARTESIAN_POINT ( 'NONE',  ( 0.9500087135186205956, -34.84160476330244904, -40.14768218209373885 ) ) ;
#2355 = VERTEX_POINT ( 'NONE', #2172 ) ;
#2356 = ORIENTED_EDGE ( 'NONE', *, *, #3719, .T. ) ;
#2357 = DIRECTION ( 'NONE',  ( 0.000000000000000000, 0.000000000000000000, 1.000000000000000000 ) ) ;
#2358 = AXIS2_PLACEMENT_3D ( 'NONE', #7478, #5523, #2837 ) ;
#2359 = EDGE_LOOP ( 'NONE', ( #5783, #3543, #3603, #1300 ) ) ;
#2360 = CARTESIAN_POINT ( 'NONE',  ( -1.260919914987496295E-09, 43.68316241609395689, -37.25954224428985384 ) ) ;
#2361 = ORIENTED_EDGE ( 'NONE', *, *, #667, .T. ) ;
#2362 = EDGE_CURVE ( 'NONE', #2843, #7490, #5397, .T. ) ;
#2363 = AXIS2_PLACEMENT_3D ( 'NONE', #188, #2800, #854 ) ;
#2364 = DIRECTION ( 'NONE',  ( 0.000000000000000000, -1.000000000000000000, 0.000000000000000000 ) ) ;
#2365 = CARTESIAN_POINT ( 'NONE',  ( 6.000000000000005329, 11.66666666666667673, -34.00000000000000000 ) ) ;
#2366 = DIRECTION ( 'NONE',  ( 0.000000000000000000, 1.000000000000000000, 0.000000000000000000 ) ) ;
#2367 = DIRECTION ( 'NONE',  ( 0.000000000000000000, 0.000000000000000000, 1.000000000000000000 ) ) ;
#2368 = VERTEX_POINT ( 'NONE', #5588 ) ;
#2369 = ORIENTED_EDGE ( 'NONE', *, *, #7150, .F. ) ;
#2370 = AXIS2_PLACEMENT_3D ( 'NONE', #4430, #1124, #4336 ) ;
#2371 = ORIENTED_EDGE ( 'NONE', *, *, #4518, .F. ) ;
#2372 = LINE ( 'NONE', #5601, #3096 ) ;
#2373 = CARTESIAN_POINT ( 'NONE',  ( 7.000000000000000000, -12.66666666666667496, -34.00000000000000000 ) ) ;
#2374 = ORIENTED_EDGE ( 'NONE', *, *, #4735, .F. ) ;
#2375 = DIRECTION ( 'NONE',  ( -0.000000000000000000, 1.000000000000000000, -0.000000000000000000 ) ) ;
#2376 = VECTOR ( 'NONE', #3144, 1000.000000000000000 ) ;
#2377 = LINE ( 'NONE', #5049, #7444 ) ;
#2378 = VERTEX_POINT ( 'NONE', #2995 ) ;
#2380 = EDGE_CURVE ( 'NONE', #5811, #7626, #1076, .T. ) ;
#2379 = CARTESIAN_POINT ( 'NONE',  ( 0.000000000000000000, 20.66666666666667496, -40.99999999999999289 ) ) ;
#2381 = DIRECTION ( 'NONE',  ( 0.000000000000000000, -1.040834085586083310E-14, 1.000000000000000000 ) ) ;
#2382 = CARTESIAN_POINT ( 'NONE',  ( 0.2996024613016350924, -35.00790645076033769, -39.62351413464600114 ) ) ;
#2383 = ORIENTED_EDGE ( 'NONE', *, *, #3790, .T. ) ;
#2384 = CARTESIAN_POINT ( 'NONE',  ( 6.000000000000000000, -34.04705955010467022, 39.24999999999999289 ) ) ;
#2385 = DIRECTION ( 'NONE',  ( -1.000000000000000000, 0.000000000000000000, 0.000000000000000000 ) ) ;
#2386 = FACE_OUTER_BOUND ( 'NONE', #5047, .T. ) ;
#2387 = AXIS2_PLACEMENT_3D ( 'NONE', #1253, #5275, #753 ) ;
#2388 = CARTESIAN_POINT ( 'NONE',  ( 1.000000000000000888, -22.66666666666666075, 40.99999999999998579 ) ) ;
#2389 = CARTESIAN_POINT ( 'NONE',  ( 5.000000000000005329, 16.66666666666667140, -39.69999999999049578 ) ) ;
#2390 = CARTESIAN_POINT ( 'NONE',  ( 1.000000000000000888, -20.66666666666667496, -33.00000000000000711 ) ) ;
#2391 = EDGE_CURVE ( 'NONE', #3255, #2314, #7680, .T. ) ;
#2392 = DIRECTION ( 'NONE',  ( 0.000000000000000000, -3.252606517456512809E-16, -1.000000000000000000 ) ) ;
#2393 = CARTESIAN_POINT ( 'NONE',  ( 10.00000000000000000, -40.00000000000000000, -39.99999999999999289 ) ) ;
#2394 = ORIENTED_EDGE ( 'NONE', *, *, #7250, .F. ) ;
#2395 = CARTESIAN_POINT ( 'NONE',  ( 1.000000000000000000, -51.00000000000000711, -34.00000000000000000 ) ) ;
#2396 = LINE ( 'NONE', #2484, #1852 ) ;
#2397 = EDGE_LOOP ( 'NONE', ( #7274, #4180, #3957, #7846, #5535 ) ) ;
#2398 = VERTEX_POINT ( 'NONE', #3697 ) ;
#2399 = DIRECTION ( 'NONE',  ( 1.000000000000000000, 0.000000000000000000, 0.000000000000000000 ) ) ;
#2400 = EDGE_CURVE ( 'NONE', #1368, #6157, #4837, .T. ) ;
#2401 = ORIENTED_EDGE ( 'NONE', *, *, #7888, .T. ) ;
#2402 = EDGE_CURVE ( 'NONE', #7173, #5461, #4167, .T. ) ;
#2403 = DIRECTION ( 'NONE',  ( -0.7071067811865464625, 0.000000000000000000, 0.7071067811865486830 ) ) ;
#2404 = CARTESIAN_POINT ( 'NONE',  ( -1.885405591556200949E-09, 43.48963836685106088, -37.01641847563851684 ) ) ;
#2405 = ORIENTED_EDGE ( 'NONE', *, *, #5245, .F. ) ;
#2406 = DIRECTION ( 'NONE',  ( -1.000000000000000000, -0.000000000000000000, -0.000000000000000000 ) ) ;
#2407 = CARTESIAN_POINT ( 'NONE',  ( 6.000000000000005329, -44.00000000000001421, -35.52786404500042039 ) ) ;
#2408 = CARTESIAN_POINT ( 'NONE',  ( 3.149999999999999023, 49.99999999999999289, -39.50000000000000000 ) ) ;
#2409 = DIRECTION ( 'NONE',  ( 1.000000000000000000, -0.000000000000000000, -0.000000000000000000 ) ) ;
#2410 = EDGE_CURVE ( 'NONE', #342, #5466, #227, .T. ) ;
#2411 = ORIENTED_EDGE ( 'NONE', *, *, #2400, .F. ) ;
#2412 = ORIENTED_EDGE ( 'NONE', *, *, #6425, .T. ) ;
#2413 = EDGE_CURVE ( 'NONE', #1414, #6410, #7901, .T. ) ;
#2414 = ORIENTED_EDGE ( 'NONE', *, *, #3621, .F. ) ;
#2415 = CARTESIAN_POINT ( 'NONE',  ( 1.000000000000000888, -52.00000000000000711, -32.00000000000000000 ) ) ;
#2416 = AXIS2_PLACEMENT_3D ( 'NONE', #2430, #5844, #5014 ) ;
#2417 = EDGE_LOOP ( 'NONE', ( #212, #765, #2371, #5641 ) ) ;
#2418 = CARTESIAN_POINT ( 'NONE',  ( 1.000000000000000888, -51.00000000000000711, -32.00000000000000000 ) ) ;
#2419 = CYLINDRICAL_SURFACE ( 'NONE', #6745, 5.000000000000004441 ) ;
#2420 = ORIENTED_EDGE ( 'NONE', *, *, #5168, .T. ) ;
#2421 = CARTESIAN_POINT ( 'NONE',  ( 0.8074032449773766995, 40.00000000000000000, -39.99999999999999289 ) ) ;
#2422 = DIRECTION ( 'NONE',  ( 0.000000000000000000, 0.000000000000000000, 1.000000000000000000 ) ) ;
#2423 = CIRCLE ( 'NONE', #4932, 1.000000000000000000 ) ;
#2424 = CIRCLE ( 'NONE', #7856, 1.849999999999999201 ) ;
#2425 = CARTESIAN_POINT ( 'NONE',  ( 6.850000000000006750, 16.66666666666667140, 39.69999999998344009 ) ) ;
#2426 = DIRECTION ( 'NONE',  ( -0.000000000000000000, -0.000000000000000000, 1.000000000000000000 ) ) ;
#2427 = LINE ( 'NONE', #1026, #2578 ) ;
#2428 = DIRECTION ( 'NONE',  ( -1.000000000000000000, 0.000000000000000000, 0.000000000000000000 ) ) ;
#2429 = AXIS2_PLACEMENT_3D ( 'NONE', #1542, #3540, #6728 ) ;
#2430 = CARTESIAN_POINT ( 'NONE',  ( 1.000000000000000888, 12.66666666666667318, -40.99999999999999289 ) ) ;
#2431 = DIRECTION ( 'NONE',  ( 0.000000000000000000, 0.000000000000000000, 1.000000000000000000 ) ) ;
#2432 = DIRECTION ( 'NONE',  ( -1.000000000000000000, -0.000000000000000000, -0.000000000000000000 ) ) ;
#2433 = CARTESIAN_POINT ( 'NONE',  ( 5.000000000000005329, 16.66666666666667140, -45.00000000000000000 ) ) ;
#2434 = CYLINDRICAL_SURFACE ( 'NONE', #4233, 1.000000000000000888 ) ;
#2435 = CIRCLE ( 'NONE', #4077, 4.590000000000003411 ) ;
#2436 = CARTESIAN_POINT ( 'NONE',  ( 1.000000000000000444, 20.66666666666667140, -34.00000000000000000 ) ) ;
#2437 = AXIS2_PLACEMENT_3D ( 'NONE', #6596, #4585, #7171 ) ;
#2438 = ORIENTED_EDGE ( 'NONE', *, *, #15, .T. ) ;
#2439 = DIRECTION ( 'NONE',  ( -1.000000000000000000, -0.000000000000000000, -0.000000000000000000 ) ) ;
#2440 = EDGE_CURVE ( 'NONE', #8144, #6239, #640, .T. ) ;
#2441 = DIRECTION ( 'NONE',  ( 0.000000000000000000, 0.000000000000000000, 1.000000000000000000 ) ) ;
#2442 = ORIENTED_EDGE ( 'NONE', *, *, #5857, .F. ) ;
#2443 = VECTOR ( 'NONE', #7446, 1000.000000000000000 ) ;
#2444 = ORIENTED_EDGE ( 'NONE', *, *, #5542, .F. ) ;
#2445 = ORIENTED_EDGE ( 'NONE', *, *, #3780, .F. ) ;
#2446 = CARTESIAN_POINT ( 'NONE',  ( 7.000000000000000000, 40.00000000000000000, 39.99999999999999289 ) ) ;
#2447 = EDGE_LOOP ( 'NONE', ( #7998, #3039 ) ) ;
#2448 = AXIS2_PLACEMENT_3D ( 'NONE', #1004, #6205, #214 ) ;
#2449 = ADVANCED_FACE ( 'NONE', ( #295 ), #3907, .F. ) ;
#2450 = EDGE_CURVE ( 'NONE', #3068, #5243, #7340, .T. ) ;
#2451 = CARTESIAN_POINT ( 'NONE',  ( 2.999999999999999556, -55.50000000000000000, 9.999999999999996447 ) ) ;
#2452 = LINE ( 'NONE', #302, #7574 ) ;
#2453 = DIRECTION ( 'NONE',  ( 0.000000000000000000, 0.000000000000000000, 1.000000000000000000 ) ) ;
#2454 = EDGE_LOOP ( 'NONE', ( #7472, #8621, #8632, #7372 ) ) ;
#2455 = ORIENTED_EDGE ( 'NONE', *, *, #300, .T. ) ;
#2456 = AXIS2_PLACEMENT_3D ( 'NONE', #150, #8058, #7493 ) ;
#2457 = ORIENTED_EDGE ( 'NONE', *, *, #6428, .F. ) ;
#2458 = CARTESIAN_POINT ( 'NONE',  ( 1.000000000000000444, -46.00000000000000711, -34.00000000000000000 ) ) ;
#2459 = EDGE_CURVE ( 'NONE', #2969, #5959, #6932, .T. ) ;
#2460 = AXIS2_PLACEMENT_3D ( 'NONE', #5506, #651, #6081 ) ;
#2461 = AXIS2_PLACEMENT_3D ( 'NONE', #5066, #8283, #4389 ) ;
#2462 = EDGE_CURVE ( 'NONE', #6039, #5745, #3127, .T. ) ;
#2463 = CARTESIAN_POINT ( 'NONE',  ( 1.000000000000000888, -21.66666666666666075, 33.99999999999999289 ) ) ;
#2464 = ORIENTED_EDGE ( 'NONE', *, *, #1611, .F. ) ;
#2465 = CARTESIAN_POINT ( 'NONE',  ( 0.2996024619727362670, -43.33333333333334991, -36.27322003750034440 ) ) ;
#2466 = DIRECTION ( 'NONE',  ( 0.000000000000000000, 1.000000000000000000, -0.000000000000000000 ) ) ;
#2467 = EDGE_LOOP ( 'NONE', ( #4347, #1998, #2369, #7551 ) ) ;
#2468 = DIRECTION ( 'NONE',  ( 0.000000000000000000, -0.9921567416492215186, -0.1250000000000000278 ) ) ;
#2469 = VECTOR ( 'NONE', #824, 1000.000000000000000 ) ;
#2470 = FACE_OUTER_BOUND ( 'NONE', #2811, .T. ) ;
#2471 = DIRECTION ( 'NONE',  ( -1.000000000000000000, 0.000000000000000000, 0.000000000000000000 ) ) ;
#2472 = CARTESIAN_POINT ( 'NONE',  ( 6.000000000000005329, 50.99999999999999289, 32.00000000000000000 ) ) ;
#2473 = DIRECTION ( 'NONE',  ( 0.000000000000000000, 0.000000000000000000, -1.000000000000000000 ) ) ;
#2474 = AXIS2_PLACEMENT_3D ( 'NONE', #7635, #7026, #1659 ) ;
#2475 = CARTESIAN_POINT ( 'NONE',  ( 0.000000000000000000, -40.00000000000000000, 35.40999999999998948 ) ) ;
#2476 = CARTESIAN_POINT ( 'NONE',  ( 6.850000000000008527, -16.66666666666666430, 39.50000000000000000 ) ) ;
#2477 = DIRECTION ( 'NONE',  ( 1.000000000000000000, 0.000000000000000000, -0.000000000000000000 ) ) ;
#2478 = CYLINDRICAL_SURFACE ( 'NONE', #6611, 1.000000000000000888 ) ;
#2479 = CARTESIAN_POINT ( 'NONE',  ( 1.000000000000000888, 10.66666666666666785, -43.00000000000000000 ) ) ;
#2480 = ORIENTED_EDGE ( 'NONE', *, *, #8019, .F. ) ;
#2481 = VERTEX_POINT ( 'NONE', #7079 ) ;
#2482 = CARTESIAN_POINT ( 'NONE',  ( 143.6861997365472519, -46.00000000000000711, -34.00000000000000000 ) ) ;
#2483 = AXIS2_PLACEMENT_3D ( 'NONE', #6870, #4413, #3100 ) ;
#2484 = CARTESIAN_POINT ( 'NONE',  ( 3.150000000000003020, 16.66666666666667140, 39.50000000000000000 ) ) ;
#2485 = VERTEX_POINT ( 'NONE', #1176 ) ;
#2486 = ORIENTED_EDGE ( 'NONE', *, *, #734, .T. ) ;
#2487 = AXIS2_PLACEMENT_3D ( 'NONE', #8084, #2109, #4768 ) ;
#2488 = EDGE_CURVE ( 'NONE', #8554, #2485, #1866, .T. ) ;
#2489 = CARTESIAN_POINT ( 'NONE',  ( 0.000000000000000000, -55.00000000000000000, 45.00000000000000000 ) ) ;
#2490 = ORIENTED_EDGE ( 'NONE', *, *, #5716, .F. ) ;
#2491 = B_SPLINE_CURVE_WITH_KNOTS ( 'NONE', 3,
 ( #8173, #6914, #932, #795, #134, #6863 ),
 .UNSPECIFIED., .F., .F.,
 ( 4, 2, 4 ),
 ( 2.168404344971008868E-19, 0.0006075856372237379730, 0.001215171274447475729 ),
 .UNSPECIFIED. ) ;
#2492 = CARTESIAN_POINT ( 'NONE',  ( 0.000000000000000000, -40.00000000000000000, 44.58999999999999631 ) ) ;
#2493 = AXIS2_PLACEMENT_3D ( 'NONE', #3153, #6405, #2468 ) ;
#2494 = CYLINDRICAL_SURFACE ( 'NONE', #3518, 1.000000000000000888 ) ;
#2495 = DIRECTION ( 'NONE',  ( 0.000000000000000000, 0.000000000000000000, -1.000000000000000000 ) ) ;
#2496 = VERTEX_POINT ( 'NONE', #1220 ) ;
#2497 = ORIENTED_EDGE ( 'NONE', *, *, #6945, .T. ) ;
#2498 = EDGE_CURVE ( 'NONE', #5864, #1074, #3828, .T. ) ;
#2499 = SPHERICAL_SURFACE ( 'NONE', #8630, 1.000000000000000000 ) ;
#2500 = VERTEX_POINT ( 'NONE', #5890 ) ;
#2501 = CIRCLE ( 'NONE', #5019, 1.000000000000000888 ) ;
#2502 = CARTESIAN_POINT ( 'NONE',  ( 0.9514269844322196246, -43.71409422329629990, 36.48770008846157253 ) ) ;
#2503 = ORIENTED_EDGE ( 'NONE', *, *, #429, .F. ) ;
#2504 = CARTESIAN_POINT ( 'NONE',  ( -1.049979003121734984E-09, -43.68222948915806114, -37.25825927377676550 ) ) ;
#2505 = DIRECTION ( 'NONE',  ( 0.000000000000000000, 1.000000000000000000, 0.000000000000000000 ) ) ;
#2506 = VECTOR ( 'NONE', #7711, 1000.000000000000000 ) ;
#2507 = VERTEX_POINT ( 'NONE', #8536 ) ;
#2508 = EDGE_CURVE ( 'NONE', #6349, #6631, #2558, .T. ) ;
#2509 = FACE_BOUND ( 'NONE', #1673, .T. ) ;
#2510 = EDGE_CURVE ( 'NONE', #1222, #2368, #6241, .T. ) ;
#2511 = CARTESIAN_POINT ( 'NONE',  ( 0.000000000000000000, 12.66666666666667318, 34.00000000000000000 ) ) ;
#2512 = VECTOR ( 'NONE', #718, 1000.000000000000000 ) ;
#2513 = DIRECTION ( 'NONE',  ( 0.000000000000000000, 0.000000000000000000, 1.000000000000000000 ) ) ;
#2514 = DIRECTION ( 'NONE',  ( 0.000000000000000000, 0.000000000000000000, 1.000000000000000000 ) ) ;
#2515 = DIRECTION ( 'NONE',  ( 0.000000000000000000, 0.000000000000000000, 1.000000000000000000 ) ) ;
#2516 = DIRECTION ( 'NONE',  ( 1.000000000000000000, 0.000000000000000000, 0.000000000000000000 ) ) ;
#2517 = DIRECTION ( 'NONE',  ( 0.000000000000000000, 0.000000000000000000, 1.000000000000000000 ) ) ;
#2518 = VECTOR ( 'NONE', #644, 1000.000000000000000 ) ;
#2519 = ADVANCED_FACE ( 'NONE', ( #7144 ), #519, .F. ) ;
#2520 = EDGE_LOOP ( 'NONE', ( #2947, #8196, #364, #1575 ) ) ;
#2521 = LINE ( 'NONE', #3820, #551 ) ;
#2522 = DIRECTION ( 'NONE',  ( 1.224646799147351728E-16, 1.000000000000000000, 0.000000000000000000 ) ) ;
#2523 = CIRCLE ( 'NONE', #2650, 2.000000000000001776 ) ;
#2524 = DIRECTION ( 'NONE',  ( 1.000000000000000000, 0.000000000000000000, 0.000000000000000000 ) ) ;
#2525 = ORIENTED_EDGE ( 'NONE', *, *, #5857, .T. ) ;
#2526 = CARTESIAN_POINT ( 'NONE',  ( 10.00000000000000000, -55.00000000000000000, 19.99999999999999645 ) ) ;
#2527 = LINE ( 'NONE', #7965, #5642 ) ;
#2528 = DIRECTION ( 'NONE',  ( 1.000000000000000000, -0.000000000000000000, -0.000000000000000000 ) ) ;
#2529 = ORIENTED_EDGE ( 'NONE', *, *, #36, .T. ) ;
#2530 = DIRECTION ( 'NONE',  ( 0.000000000000000000, 0.000000000000000000, -1.000000000000000000 ) ) ;
#2531 = EDGE_CURVE ( 'NONE', #5640, #5943, #3683, .T. ) ;
#2532 = FACE_OUTER_BOUND ( 'NONE', #7094, .T. ) ;
#2533 = CARTESIAN_POINT ( 'NONE',  ( 0.000000000000000000, 35.44600055583006792, 39.42624999999999602 ) ) ;
#2534 = ORIENTED_EDGE ( 'NONE', *, *, #4722, .T. ) ;
#2535 = EDGE_LOOP ( 'NONE', ( #279, #7345, #3571, #298, #89, #6521, #1410, #6243, #7783, #6983, #4451, #1671 ) ) ;
#2536 = FACE_OUTER_BOUND ( 'NONE', #5508, .T. ) ;
#2537 = EDGE_LOOP ( 'NONE', ( #6529, #2648 ) ) ;
#2538 = ORIENTED_EDGE ( 'NONE', *, *, #2016, .T. ) ;
#2539 = CARTESIAN_POINT ( 'NONE',  ( 1.000000000000000888, -46.00000000000000711, 33.00000000000000711 ) ) ;
#2540 = ADVANCED_FACE ( 'NONE', ( #7183 ), #7666, .F. ) ;
#2541 = CARTESIAN_POINT ( 'NONE',  ( 5.000000000000000000, 49.99999999999999289, 39.50000000000000000 ) ) ;
#2542 = VERTEX_POINT ( 'NONE', #7107 ) ;
#2543 = CARTESIAN_POINT ( 'NONE',  ( 1.000000000000000444, -12.66666666666667496, -34.00000000000000000 ) ) ;
#2544 = CARTESIAN_POINT ( 'NONE',  ( 7.000000000000257572, 16.66666666666667140, -45.00000000000000000 ) ) ;
#2545 = AXIS2_PLACEMENT_3D ( 'NONE', #6997, #7696, #266 ) ;
#2546 = EDGE_CURVE ( 'NONE', #8419, #6019, #928, .T. ) ;
#2547 = DIRECTION ( 'NONE',  ( -1.000000000000000000, 0.000000000000000000, 0.000000000000000000 ) ) ;
#2548 = EDGE_CURVE ( 'NONE', #3450, #3661, #5104, .T. ) ;
#2549 = PLANE ( 'NONE',  #5918 ) ;
#2550 = CARTESIAN_POINT ( 'NONE',  ( 6.000000000000005329, 20.66666666666667496, -33.00000000000000000 ) ) ;
#2551 = AXIS2_PLACEMENT_3D ( 'NONE', #2751, #3408, #2107 ) ;
#2552 = DIRECTION ( 'NONE',  ( 1.000000000000000000, 0.000000000000000000, 0.000000000000000000 ) ) ;
#2553 = TOROIDAL_SURFACE ( 'NONE', #6334, 1.999999999999991340, 1.000000000000000000 ) ;
#2554 = DIRECTION ( 'NONE',  ( 0.000000000000000000, 1.000000000000000000, 0.000000000000000000 ) ) ;
#2555 = CARTESIAN_POINT ( 'NONE',  ( 2.999999999999752642, 16.66666666666667140, -45.00000000000000000 ) ) ;
#2556 = ORIENTED_EDGE ( 'NONE', *, *, #7296, .T. ) ;
#2557 = EDGE_CURVE ( 'NONE', #3818, #6673, #8489, .T. ) ;
#2558 = LINE ( 'NONE', #3171, #1349 ) ;
#2559 = AXIS2_PLACEMENT_3D ( 'NONE', #2713, #3411, #2630 ) ;
#2560 = ORIENTED_EDGE ( 'NONE', *, *, #577, .F. ) ;
#2561 = CIRCLE ( 'NONE', #5491, 1.000000000000000888 ) ;
#2562 = CARTESIAN_POINT ( 'NONE',  ( 143.6861997365472519, 32.06274606680621986, 41.99999999999999289 ) ) ;
#2563 = CARTESIAN_POINT ( 'NONE',  ( -2.449293598294688665E-16, -56.99999999999998579, 9.999999999999996447 ) ) ;
#2564 = CARTESIAN_POINT ( 'NONE',  ( 6.000000000000005329, 46.00000000000000711, -34.00000000000001421 ) ) ;
#2565 = ORIENTED_EDGE ( 'NONE', *, *, #2972, .T. ) ;
#2566 = VECTOR ( 'NONE', #3631, 1000.000000000000227 ) ;
#2567 = SPHERICAL_SURFACE ( 'NONE', #4538, 1.000000000000000000 ) ;
#2568 = VECTOR ( 'NONE', #4733, 1000.000000000000000 ) ;
#2569 = CARTESIAN_POINT ( 'NONE',  ( 7.000000000000000888, -55.00000000000000000, 45.00000000000000000 ) ) ;
#2570 = ORIENTED_EDGE ( 'NONE', *, *, #6299, .T. ) ;
#2571 = ORIENTED_EDGE ( 'NONE', *, *, #2380, .T. ) ;
#2572 = CIRCLE ( 'NONE', #7451, 1.000000000000000888 ) ;
#2573 = CARTESIAN_POINT ( 'NONE',  ( 6.000000000000002665, 50.99999999999999289, 32.00000000000000000 ) ) ;
#2574 = ORIENTED_EDGE ( 'NONE', *, *, #7843, .T. ) ;
#2575 = LINE ( 'NONE', #3882, #8392 ) ;
#2576 = DIRECTION ( 'NONE',  ( 0.000000000000000000, -9.083130042379432208E-15, 1.000000000000000000 ) ) ;
#2577 = CARTESIAN_POINT ( 'NONE',  ( 0.8074032477684621734, -43.37481224861987528, -36.31031990718579294 ) ) ;
#2578 = VECTOR ( 'NONE', #3642, 1000.000000000000000 ) ;
#2579 = VECTOR ( 'NONE', #1567, 1000.000000000000114 ) ;
#2580 = PLANE ( 'NONE',  #607 ) ;
#2581 = ORIENTED_EDGE ( 'NONE', *, *, #2683, .T. ) ;
#2582 = DIRECTION ( 'NONE',  ( -1.000000000000000000, -0.000000000000000000, -0.000000000000000000 ) ) ;
#2583 = CIRCLE ( 'NONE', #5385, 2.000000000000253131 ) ;
#2584 = EDGE_CURVE ( 'NONE', #405, #707, #4335, .T. ) ;
#2585 =( NAMED_UNIT ( * ) PLANE_ANGLE_UNIT ( ) SI_UNIT ( $, .RADIAN. ) );
#2586 = DIRECTION ( 'NONE',  ( 0.000000000000000000, 0.000000000000000000, -1.000000000000000000 ) ) ;
#2587 = CARTESIAN_POINT ( 'NONE',  ( 143.6861997365472519, 44.00000000000000711, 36.52786404500042039 ) ) ;
#2588 = CARTESIAN_POINT ( 'NONE',  ( 10.00000000000000000, -55.00000000000000000, -9.999999999999996447 ) ) ;
#2589 = DIRECTION ( 'NONE',  ( 0.000000000000000000, 0.000000000000000000, 1.000000000000000000 ) ) ;
#2590 = CIRCLE ( 'NONE', #1764, 3.000000000000002665 ) ;
#2591 = ORIENTED_EDGE ( 'NONE', *, *, #4532, .F. ) ;
#2592 = DIRECTION ( 'NONE',  ( 0.000000000000000000, 0.000000000000000000, -1.000000000000000000 ) ) ;
#2593 = DIRECTION ( 'NONE',  ( 0.000000000000000000, 1.000000000000000000, 0.000000000000000000 ) ) ;
#2594 = EDGE_CURVE ( 'NONE', #4884, #3152, #7084, .T. ) ;
#2595 = VECTOR ( 'NONE', #4274, 1000.000000000000000 ) ;
#2596 = DIRECTION ( 'NONE',  ( -1.000000000000000000, -0.000000000000000000, -0.000000000000000000 ) ) ;
#2597 = FACE_OUTER_BOUND ( 'NONE', #8530, .T. ) ;
#2598 = VERTEX_POINT ( 'NONE', #419 ) ;
#2599 = VECTOR ( 'NONE', #2090, 1000.000000000000000 ) ;
#2600 = ORIENTED_EDGE ( 'NONE', *, *, #4898, .T. ) ;
#2601 = DIRECTION ( 'NONE',  ( -1.000000000000000000, 0.000000000000000000, 0.000000000000000000 ) ) ;
#2602 = EDGE_CURVE ( 'NONE', #4095, #8554, #8176, .T. ) ;
#2603 = CARTESIAN_POINT ( 'NONE',  ( 6.000000000000005329, 22.66666666666667496, -40.99999999999999289 ) ) ;
#2604 = VERTEX_POINT ( 'NONE', #6536 ) ;
#2605 = EDGE_CURVE ( 'NONE', #342, #4016, #1732, .T. ) ;
#2606 = AXIS2_PLACEMENT_3D ( 'NONE', #8553, #7291, #2576 ) ;
#2607 = LINE ( 'NONE', #3503, #617 ) ;
#2608 = ORIENTED_EDGE ( 'NONE', *, *, #6065, .T. ) ;
#2609 = CARTESIAN_POINT ( 'NONE',  ( 6.000000000000005329, -21.66666666666666430, -34.00000000000000000 ) ) ;
#2610 = AXIS2_PLACEMENT_3D ( 'NONE', #6078, #1436, #692 ) ;
#2611 = ORIENTED_EDGE ( 'NONE', *, *, #8384, .F. ) ;
#2612 = ORIENTED_EDGE ( 'NONE', *, *, #6402, .F. ) ;
#2613 = DIRECTION ( 'NONE',  ( 0.000000000000000000, 0.000000000000000000, 1.000000000000000000 ) ) ;
#2614 = ORIENTED_EDGE ( 'NONE', *, *, #1282, .F. ) ;
#2615 = EDGE_CURVE ( 'NONE', #994, #2323, #7799, .T. ) ;
#2616 = AXIS2_PLACEMENT_3D ( 'NONE', #27, #4130, #822 ) ;
#2617 = CARTESIAN_POINT ( 'NONE',  ( 0.8541065785565348234, -43.51331770448471303, 36.40317208865747745 ) ) ;
#2618 = CARTESIAN_POINT ( 'NONE',  ( 0.000000000000000000, -12.66666666666668561, -34.00000000000000000 ) ) ;
#2619 = ORIENTED_EDGE ( 'NONE', *, *, #2851, .F. ) ;
#2620 = DIRECTION ( 'NONE',  ( 0.000000000000000000, 0.000000000000000000, -1.000000000000000000 ) ) ;
#2621 = CARTESIAN_POINT ( 'NONE',  ( 0.000000000000000000, -40.00000000000000000, -39.99999999999999289 ) ) ;
#2622 = ORIENTED_EDGE ( 'NONE', *, *, #6516, .F. ) ;
#2623 = DIRECTION ( 'NONE',  ( -1.000000000000000000, -0.000000000000000000, -0.000000000000000000 ) ) ;
#2624 = AXIS2_PLACEMENT_3D ( 'NONE', #2784, #920, #4760 ) ;
#2625 = DIRECTION ( 'NONE',  ( -1.000000000000000000, 0.000000000000000000, 0.000000000000000000 ) ) ;
#2626 = CARTESIAN_POINT ( 'NONE',  ( 7.000000000000000000, 46.00000000000001421, 32.00000000000001421 ) ) ;
#2627 = EDGE_CURVE ( 'NONE', #5817, #5745, #3161, .T. ) ;
#2628 = ORIENTED_EDGE ( 'NONE', *, *, #3245, .F. ) ;
#2629 = PRESENTATION_STYLE_ASSIGNMENT (( #3938 ) ) ;
#2630 = DIRECTION ( 'NONE',  ( -1.000000000000000000, 0.000000000000000000, 0.000000000000000000 ) ) ;
#2631 = VECTOR ( 'NONE', #4202, 1000.000000000000000 ) ;
#2632 = DIRECTION ( 'NONE',  ( 0.000000000000000000, -3.469446951953611033E-15, -1.000000000000000000 ) ) ;
#2633 = DIRECTION ( 'NONE',  ( -0.000000000000000000, 1.000000000000000000, -7.384882149680598319E-16 ) ) ;
#2634 = CARTESIAN_POINT ( 'NONE',  ( 2.999999999999746869, 49.99999999999999289, -45.00000000000000000 ) ) ;
#2635 = VERTEX_POINT ( 'NONE', #8404 ) ;
#2636 = AXIS2_PLACEMENT_3D ( 'NONE', #3988, #593, #1387 ) ;
#2637 = ADVANCED_FACE ( 'NONE', ( #2386 ), #3862, .T. ) ;
#2638 = DIRECTION ( 'NONE',  ( 1.000000000000000000, 0.000000000000000000, 0.000000000000000000 ) ) ;
#2639 = ORIENTED_EDGE ( 'NONE', *, *, #7259, .F. ) ;
#2640 = DIRECTION ( 'NONE',  ( 1.000000000000000000, 0.000000000000000000, 0.000000000000000000 ) ) ;
#2641 = DIRECTION ( 'NONE',  ( 1.000000000000000000, 0.000000000000000000, 0.000000000000000000 ) ) ;
#2642 = ORIENTED_EDGE ( 'NONE', *, *, #428, .T. ) ;
#2643 = CIRCLE ( 'NONE', #3900, 4.590000000000003411 ) ;
#2644 = AXIS2_PLACEMENT_3D ( 'NONE', #2458, #3848, #6523 ) ;
#2645 = CARTESIAN_POINT ( 'NONE',  ( 7.000000000000000000, 8.881784197001309121E-14, -32.00000000000014921 ) ) ;
#2646 = ADVANCED_FACE ( 'NONE', ( #8322 ), #2873, .T. ) ;
#2647 = ADVANCED_FACE ( 'NONE', ( #3112 ), #1029, .F. ) ;
#2648 = ORIENTED_EDGE ( 'NONE', *, *, #4695, .T. ) ;
#2649 = LINE ( 'NONE', #4656, #7482 ) ;
#2650 = AXIS2_PLACEMENT_3D ( 'NONE', #4890, #8153, #8198 ) ;
#2651 = VERTEX_POINT ( 'NONE', #1851 ) ;
#2652 = VERTEX_POINT ( 'NONE', #5883 ) ;
#2653 = CARTESIAN_POINT ( 'NONE',  ( 0.000000000000000000, 12.66666666666667318, 34.00000000000000000 ) ) ;
#2654 = ORIENTED_EDGE ( 'NONE', *, *, #7681, .F. ) ;
#2655 = DIRECTION ( 'NONE',  ( 0.000000000000000000, 1.000000000000000000, -0.000000000000000000 ) ) ;
#2656 = ORIENTED_EDGE ( 'NONE', *, *, #7870, .T. ) ;
#2657 = CARTESIAN_POINT ( 'NONE',  ( 7.000000000000000000, 0.000000000000000000, 0.000000000000000000 ) ) ;
#2658 = EDGE_CURVE ( 'NONE', #6331, #4053, #4778, .T. ) ;
#2659 = LINE ( 'NONE', #5379, #2469 ) ;
#2660 = EDGE_LOOP ( 'NONE', ( #4096, #7381, #7527, #7678 ) ) ;
#2661 = SPHERICAL_SURFACE ( 'NONE', #4299, 1.000000000000000000 ) ;
#2662 =( BOUNDED_SURFACE ( )  B_SPLINE_SURFACE ( 3, 2, ( 
 ( #6524, #4623, #7133 ),
 ( #6480, #5174, #3961 ),
 ( #647, #536, #5987 ),
 ( #8597, #3309, #2502 ),
 ( #7169, #1197, #7981 ),
 ( #8633, #5870, #6561 ),
 ( #1150, #4582, #2617 ),
 ( #4501, #3850, #7942 ),
 ( #572, #4546, #1971 ),
 ( #3221, #3264, #1277 ) ),
 .UNSPECIFIED., .F., .F., .T. ) 
 B_SPLINE_SURFACE_WITH_KNOTS ( ( 4, 2, 2, 2, 4 ),
 ( 3, 3 ),
 ( 0.001630159114958341406, 0.001964796791172796538, 0.002299434467387251671, 0.002634072143601706804, 0.002968709819816161936 ),
 ( 0.000000000000000000, 1.000000000000000000 ),
 .UNSPECIFIED. ) 
 GEOMETRIC_REPRESENTATION_ITEM ( )  RATIONAL_B_SPLINE_SURFACE ( (
 ( 1.000000000000000000, 0.7071067811865443531, 1.000000000000000000),
 ( 1.000000000000000000, 0.7262414598851079095, 1.000000000000000000),
 ( 1.000000000000000000, 0.7480289501609567182, 1.000000000000000000),
 ( 1.000000000000000000, 0.7911571451252075171, 1.000000000000000000),
 ( 1.000000000000000000, 0.8125591127181829298, 1.000000000000000000),
 ( 1.000000000000000000, 0.8490373123535656097, 1.000000000000000000),
 ( 1.000000000000000000, 0.8643289108188045855, 1.000000000000000000),
 ( 1.000000000000000000, 0.8856888935372695393, 1.000000000000000000),
 ( 1.000000000000000000, 0.8917326139920191963, 1.000000000000000000),
 ( 1.000000000000000000, 0.8916277250063486814, 1.000000000000000000) ) ) 
 REPRESENTATION_ITEM ( '' )  SURFACE ( )  );
#2663 = ORIENTED_EDGE ( 'NONE', *, *, #3089, .T. ) ;
#2664 = CARTESIAN_POINT ( 'NONE',  ( 6.000000000000005329, -46.00000000000000711, 34.00000000000000711 ) ) ;
#2665 = ORIENTED_EDGE ( 'NONE', *, *, #2121, .T. ) ;
#2666 = CARTESIAN_POINT ( 'NONE',  ( -1.516052135454359538E-16, -35.50024794417171137, 40.91116713271901517 ) ) ;
#2667 = CARTESIAN_POINT ( 'NONE',  ( 10.00000000000000000, -55.00000000000000000, 45.00000000000000000 ) ) ;
#2668 = CARTESIAN_POINT ( 'NONE',  ( 2.499999999999999556, -55.00000000000000000, 9.999999999999996447 ) ) ;
#2669 = ORIENTED_EDGE ( 'NONE', *, *, #4747, .T. ) ;
#2670 = CARTESIAN_POINT ( 'NONE',  ( 0.9257962900745752011, 34.87320448729852274, -40.05419641778762241 ) ) ;
#2671 = CARTESIAN_POINT ( 'NONE',  ( 6.000000000000005329, 32.06274606680621986, -39.00000000000000000 ) ) ;
#2672 = CYLINDRICAL_SURFACE ( 'NONE', #49, 1.000000000000000888 ) ;
#2673 = DIRECTION ( 'NONE',  ( 0.000000000000000000, 0.000000000000000000, 1.000000000000000000 ) ) ;
#2674 = DIRECTION ( 'NONE',  ( -1.000000000000000000, -0.000000000000000000, -0.000000000000000000 ) ) ;
#2675 = VECTOR ( 'NONE', #713, 1000.000000000000000 ) ;
#2676 = ORIENTED_EDGE ( 'NONE', *, *, #2229, .F. ) ;
#2677 = CARTESIAN_POINT ( 'NONE',  ( 5.000000000000013323, -49.99999999999999289, 39.69999999998333351 ) ) ;
#2678 = CARTESIAN_POINT ( 'NONE',  ( 6.000000000000005329, 21.66666666666667496, -34.00000000000000000 ) ) ;
#2679 = TOROIDAL_SURFACE ( 'NONE', #3105, 6.000000000000007994, 1.000000000000000000 ) ;
#2680 = DIRECTION ( 'NONE',  ( 0.000000000000000000, 0.000000000000000000, 1.000000000000000000 ) ) ;
#2681 = AXIS2_PLACEMENT_3D ( 'NONE', #1948, #5967, #7272 ) ;
#2682 = ORIENTED_EDGE ( 'NONE', *, *, #6846, .F. ) ;
#2683 = EDGE_CURVE ( 'NONE', #1757, #1758, #8110, .T. ) ;
#2684 = CIRCLE ( 'NONE', #883, 3.999999999999996447 ) ;
#2685 = EDGE_LOOP ( 'NONE', ( #18, #2497, #3752, #690 ) ) ;
#2686 = LINE ( 'NONE', #2046, #5950 ) ;
#2687 = ORIENTED_EDGE ( 'NONE', *, *, #3548, .F. ) ;
#2688 = EDGE_LOOP ( 'NONE', ( #4455, #3366, #3832, #1790 ) ) ;
#2689 = DIRECTION ( 'NONE',  ( 0.000000000000000000, 0.000000000000000000, 1.000000000000000000 ) ) ;
#2690 = ORIENTED_EDGE ( 'NONE', *, *, #5766, .F. ) ;
#2691 = EDGE_CURVE ( 'NONE', #3006, #3691, #3278, .T. ) ;
#2692 = TOROIDAL_SURFACE ( 'NONE', #7862, 2.000000000000000888, 1.000000000000000000 ) ;
#2693 = EDGE_CURVE ( 'NONE', #2218, #3661, #1292, .T. ) ;
#2694 = AXIS2_PLACEMENT_3D ( 'NONE', #2541, #1843, #1889 ) ;
#2695 = DIRECTION ( 'NONE',  ( -1.000000000000000000, 0.000000000000000000, 0.000000000000000000 ) ) ;
#2696 = VERTEX_POINT ( 'NONE', #5919 ) ;
#2697 = CARTESIAN_POINT ( 'NONE',  ( 1.000000000000000888, 45.00000000000001421, 35.52786404500041328 ) ) ;
#2698 = DIRECTION ( 'NONE',  ( -1.000000000000000000, 0.000000000000000000, 0.000000000000000000 ) ) ;
#2699 = VECTOR ( 'NONE', #2432, 1000.000000000000000 ) ;
#2700 = VERTEX_POINT ( 'NONE', #2025 ) ;
#2701 = AXIS2_PLACEMENT_3D ( 'NONE', #1024, #6318, #3727 ) ;
#2702 = CARTESIAN_POINT ( 'NONE',  ( 10.00000000000000000, -55.00000000000000000, 19.99999999999999645 ) ) ;
#2703 = ORIENTED_EDGE ( 'NONE', *, *, #8254, .F. ) ;
#2704 = EDGE_CURVE ( 'NONE', #1626, #4496, #870, .T. ) ;
#2705 = DIRECTION ( 'NONE',  ( 0.000000000000000000, -0.000000000000000000, -1.000000000000000000 ) ) ;
#2706 = EDGE_CURVE ( 'NONE', #6258, #3781, #5214, .T. ) ;
#2707 = AXIS2_PLACEMENT_3D ( 'NONE', #7240, #6627, #1267 ) ;
#2708 = ORIENTED_EDGE ( 'NONE', *, *, #7580, .F. ) ;
#2709 = CARTESIAN_POINT ( 'NONE',  ( -3.610288750523576339E-09, -35.40208725939984191, 40.03680939023725927 ) ) ;
#2710 = LINE ( 'NONE', #3896, #598 ) ;
#2711 = DIRECTION ( 'NONE',  ( 0.000000000000000000, 1.000000000000000000, -0.000000000000000000 ) ) ;
#2712 = ORIENTED_EDGE ( 'NONE', *, *, #956, .F. ) ;
#2713 = CARTESIAN_POINT ( 'NONE',  ( 5.000000000000009770, -16.66666666666666430, 39.69999999998334772 ) ) ;
#2714 = CIRCLE ( 'NONE', #8444, 1.000000000000000000 ) ;
#2715 = AXIS2_PLACEMENT_3D ( 'NONE', #2982, #4921, #8134 ) ;
#2716 = CARTESIAN_POINT ( 'NONE',  ( 143.6861997365472519, 45.00000000000000711, -34.00000000000001421 ) ) ;
#2717 = LINE ( 'NONE', #798, #4654 ) ;
#2718 = ORIENTED_EDGE ( 'NONE', *, *, #1015, .T. ) ;
#2719 = LINE ( 'NONE', #8048, #3992 ) ;
#2720 = CONICAL_SURFACE ( 'NONE', #8311, 1.850000000000000977, 0.02829433384850015346 ) ;
#2721 = DIRECTION ( 'NONE',  ( 0.000000000000000000, -1.000000000000000000, -2.775557561562896479E-15 ) ) ;
#2722 = CARTESIAN_POINT ( 'NONE',  ( 143.6861997365472519, 46.00000000000001421, 33.00000000000001421 ) ) ;
#2723 = DIRECTION ( 'NONE',  ( 0.000000000000000000, -1.084202172485504187E-16, -1.000000000000000000 ) ) ;
#2724 = DIRECTION ( 'NONE',  ( 1.000000000000000000, -0.000000000000000000, -0.000000000000000000 ) ) ;
#2725 = CARTESIAN_POINT ( 'NONE',  ( 1.000000000000000888, 20.66666666666666785, 34.00000000000000000 ) ) ;
#2726 = DIRECTION ( 'NONE',  ( 0.000000000000000000, 0.000000000000000000, -1.000000000000000000 ) ) ;
#2727 = ORIENTED_EDGE ( 'NONE', *, *, #1545, .F. ) ;
#2728 = VECTOR ( 'NONE', #6984, 1000.000000000000000 ) ;
#2729 = LINE ( 'NONE', #3956, #2599 ) ;
#2730 = EDGE_CURVE ( 'NONE', #1151, #4104, #4727, .T. ) ;
#2731 = ORIENTED_EDGE ( 'NONE', *, *, #7347, .F. ) ;
#2732 = ORIENTED_EDGE ( 'NONE', *, *, #4471, .F. ) ;
#2733 = DIRECTION ( 'NONE',  ( 0.000000000000000000, 0.000000000000000000, 1.000000000000000000 ) ) ;
#2734 = ORIENTED_EDGE ( 'NONE', *, *, #2938, .F. ) ;
#2735 = LINE ( 'NONE', #5415, #534 ) ;
#2736 = VECTOR ( 'NONE', #3241, 1000.000000000000000 ) ;
#2737 = CARTESIAN_POINT ( 'NONE',  ( 5.000000000000000000, 49.99999999999999289, 39.50000000000000000 ) ) ;
#2738 = LINE ( 'NONE', #8070, #6779 ) ;
#2739 = EDGE_CURVE ( 'NONE', #4204, #5289, #581, .T. ) ;
#2740 = ORIENTED_EDGE ( 'NONE', *, *, #6450, .T. ) ;
#2741 = ORIENTED_EDGE ( 'NONE', *, *, #849, .F. ) ;
#2742 = FACE_OUTER_BOUND ( 'NONE', #3797, .T. ) ;
#2743 = VERTEX_POINT ( 'NONE', #7392 ) ;
#2744 = AXIS2_PLACEMENT_3D ( 'NONE', #7477, #3494, #1415 ) ;
#2745 = DIRECTION ( 'NONE',  ( 0.000000000000000000, -0.000000000000000000, 1.000000000000000000 ) ) ;
#2746 = ORIENTED_EDGE ( 'NONE', *, *, #6560, .T. ) ;
#2747 = CARTESIAN_POINT ( 'NONE',  ( 1.805144537892114042E-09, -35.42950762760051475, 40.44408743608292411 ) ) ;
#2748 = CARTESIAN_POINT ( 'NONE',  ( 5.000000000000013323, -49.99999999999999289, 39.50000000000000000 ) ) ;
#2749 = EDGE_CURVE ( 'NONE', #7590, #6239, #6725, .T. ) ;
#2750 = EDGE_CURVE ( 'NONE', #390, #5290, #7875, .T. ) ;
#2751 = CARTESIAN_POINT ( 'NONE',  ( 1.000000000000000888, -46.00000000000000711, 34.00000000000000711 ) ) ;
#2752 = VECTOR ( 'NONE', #1636, 1000.000000000000000 ) ;
#2753 = ORIENTED_EDGE ( 'NONE', *, *, #5690, .F. ) ;
#2754 = CARTESIAN_POINT ( 'NONE',  ( 3.149999999999998579, 49.99999999999999289, -39.50000000000000000 ) ) ;
#2755 = EDGE_CURVE ( 'NONE', #645, #5042, #705, .T. ) ;
#2756 = DIRECTION ( 'NONE',  ( 0.000000000000000000, 0.000000000000000000, -1.000000000000000000 ) ) ;
#2757 = LINE ( 'NONE', #8265, #5414 ) ;
#2758 = DIRECTION ( 'NONE',  ( -1.000000000000000000, 0.000000000000000000, 0.000000000000000000 ) ) ;
#2759 = CARTESIAN_POINT ( 'NONE',  ( 143.6861997365472519, 46.00000000000000711, -33.00000000000002132 ) ) ;
#2760 = CARTESIAN_POINT ( 'NONE',  ( 5.000000000000013323, -49.99999999999999289, -39.69999999999038209 ) ) ;
#2761 = LINE ( 'NONE', #5862, #633 ) ;
#2762 = CARTESIAN_POINT ( 'NONE',  ( 0.000000000000000000, 35.52209655803509492, 41.00820670719789263 ) ) ;
#2763 = EDGE_CURVE ( 'NONE', #268, #3345, #5076, .T. ) ;
#2764 = AXIS2_PLACEMENT_3D ( 'NONE', #1693, #7018, #1035 ) ;
#2765 = DIRECTION ( 'NONE',  ( 0.000000000000000000, 0.000000000000000000, 1.000000000000000000 ) ) ;
#2766 = DIRECTION ( 'NONE',  ( 0.000000000000000000, 0.000000000000000000, 1.000000000000000000 ) ) ;
#2767 = VERTEX_POINT ( 'NONE', #3935 ) ;
#2768 = VECTOR ( 'NONE', #1683, 1000.000000000000000 ) ;
#2769 = CIRCLE ( 'NONE', #4882, 1.000000000000000888 ) ;
#2770 = ORIENTED_EDGE ( 'NONE', *, *, #7228, .F. ) ;
#2771 = DIRECTION ( 'NONE',  ( 0.000000000000000000, 0.000000000000000000, 1.000000000000000000 ) ) ;
#2772 = ORIENTED_EDGE ( 'NONE', *, *, #3263, .T. ) ;
#2773 = ORIENTED_EDGE ( 'NONE', *, *, #1382, .F. ) ;
#2774 = CIRCLE ( 'NONE', #4316, 6.000000000000005329 ) ;
#2775 = DIRECTION ( 'NONE',  ( 0.000000000000000000, 0.000000000000000000, 1.000000000000000000 ) ) ;
#2776 = ORIENTED_EDGE ( 'NONE', *, *, #1568, .F. ) ;
#2777 = EDGE_CURVE ( 'NONE', #4496, #1626, #2956, .T. ) ;
#2778 = CARTESIAN_POINT ( 'NONE',  ( 1.000000000000000888, -32.06274606680621986, 38.99999999999999289 ) ) ;
#2779 = CIRCLE ( 'NONE', #2244, 1.849999999999999201 ) ;
#2780 = CARTESIAN_POINT ( 'NONE',  ( 6.850000000000001421, 49.99999999999999289, 39.50000000000000000 ) ) ;
#2781 = DIRECTION ( 'NONE',  ( -2.891205793294675861E-16, -1.000000000000000000, -0.000000000000000000 ) ) ;
#2782 = ORIENTED_EDGE ( 'NONE', *, *, #734, .F. ) ;
#2783 = VERTEX_POINT ( 'NONE', #2550 ) ;
#2784 = CARTESIAN_POINT ( 'NONE',  ( 5.000000000000000000, 49.99999999999999289, -39.50000000000000000 ) ) ;
#2785 = DIRECTION ( 'NONE',  ( -1.000000000000000000, 0.000000000000000000, 0.000000000000000000 ) ) ;
#2786 = EDGE_CURVE ( 'NONE', #5042, #5933, #6038, .T. ) ;
#2787 = ORIENTED_EDGE ( 'NONE', *, *, #5639, .F. ) ;
#2788 = CARTESIAN_POINT ( 'NONE',  ( 5.000000000000000000, 49.99999999999999289, -45.00000000000000000 ) ) ;
#2789 = ORIENTED_EDGE ( 'NONE', *, *, #6945, .F. ) ;
#2790 = DIRECTION ( 'NONE',  ( 0.000000000000000000, -0.000000000000000000, 1.000000000000000000 ) ) ;
#2791 = DIRECTION ( 'NONE',  ( 0.000000000000000000, -0.000000000000000000, 1.000000000000000000 ) ) ;
#2792 = CYLINDRICAL_SURFACE ( 'NONE', #7119, 1.000000000000000888 ) ;
#2793 = CARTESIAN_POINT ( 'NONE',  ( 0.000000000000000000, -46.00000000000000711, -34.00000000000000000 ) ) ;
#2794 = VERTEX_POINT ( 'NONE', #2626 ) ;
#2795 = EDGE_CURVE ( 'NONE', #4459, #6039, #4056, .T. ) ;
#2796 = ADVANCED_FACE ( 'NONE', ( #8041 ), #1249, .F. ) ;
#2797 = CARTESIAN_POINT ( 'NONE',  ( 0.000000000000000000, -35.44600055583007503, -39.42624999999997470 ) ) ;
#2798 = FACE_OUTER_BOUND ( 'NONE', #5306, .T. ) ;
#2799 = CARTESIAN_POINT ( 'NONE',  ( 6.000000000000005329, -50.99999999999999289, 32.00000000000001421 ) ) ;
#2800 = DIRECTION ( 'NONE',  ( -0.000000000000000000, 0.000000000000000000, 1.000000000000000000 ) ) ;
#2801 = CARTESIAN_POINT ( 'NONE',  ( 1.000000000000000888, -21.66666666666666075, -40.99999999999998579 ) ) ;
#2802 = DIRECTION ( 'NONE',  ( 0.000000000000000000, 0.000000000000000000, 1.000000000000000000 ) ) ;
#2803 = ORIENTED_EDGE ( 'NONE', *, *, #3293, .F. ) ;
#2804 = FACE_OUTER_BOUND ( 'NONE', #8299, .T. ) ;
#2805 = LINE ( 'NONE', #5489, #4467 ) ;
#2806 = DIRECTION ( 'NONE',  ( -1.000000000000000000, 0.000000000000000000, 0.000000000000000000 ) ) ;
#2807 = ORIENTED_EDGE ( 'NONE', *, *, #8329, .F. ) ;
#2808 = EDGE_CURVE ( 'NONE', #8627, #1767, #6956, .T. ) ;
#2809 = AXIS2_PLACEMENT_3D ( 'NONE', #5853, #7076, #7677 ) ;
#2810 = ADVANCED_FACE ( 'NONE', ( #8647 ), #4766, .T. ) ;
#2811 = EDGE_LOOP ( 'NONE', ( #6730, #4011, #4753, #3447 ) ) ;
#2812 = DIRECTION ( 'NONE',  ( 0.000000000000000000, 1.000000000000000000, -0.000000000000000000 ) ) ;
#2813 = EDGE_LOOP ( 'NONE', ( #8161, #699, #6395, #6093 ) ) ;
#2814 = AXIS2_PLACEMENT_3D ( 'NONE', #2799, #7839, #5797 ) ;
#2815 = CARTESIAN_POINT ( 'NONE',  ( 0.2702352771222086281, 43.68476285025945316, 36.48862151230507322 ) ) ;
#2816 = ORIENTED_EDGE ( 'NONE', *, *, #1707, .T. ) ;
#2817 = EDGE_CURVE ( 'NONE', #6583, #5170, #6778, .T. ) ;
#2818 = AXIS2_PLACEMENT_3D ( 'NONE', #704, #4636, #1370 ) ;
#2819 = DIRECTION ( 'NONE',  ( -1.000000000000000000, 0.000000000000000000, 0.000000000000000000 ) ) ;
#2820 = DIRECTION ( 'NONE',  ( 0.000000000000000000, 1.000000000000000000, -0.000000000000000000 ) ) ;
#2821 = CARTESIAN_POINT ( 'NONE',  ( 7.000000000000000000, -44.00000000000000711, 34.00000000000000711 ) ) ;
#2822 = ORIENTED_EDGE ( 'NONE', *, *, #5416, .T. ) ;
#2823 = ORIENTED_EDGE ( 'NONE', *, *, #2691, .T. ) ;
#2824 = CIRCLE ( 'NONE', #2968, 1.000000000000000888 ) ;
#2825 = CIRCLE ( 'NONE', #1593, 0.9999999999999997780 ) ;
#2826 = ORIENTED_EDGE ( 'NONE', *, *, #6774, .F. ) ;
#2827 = LINE ( 'NONE', #1492, #296 ) ;
#2828 = DIRECTION ( 'NONE',  ( -1.000000000000000000, -0.000000000000000000, -0.000000000000000000 ) ) ;
#2829 = ORIENTED_EDGE ( 'NONE', *, *, #619, .T. ) ;
#2830 = DIRECTION ( 'NONE',  ( 0.000000000000000000, 0.000000000000000000, 1.000000000000000000 ) ) ;
#2831 = VECTOR ( 'NONE', #3560, 1000.000000000000000 ) ;
#2832 = LINE ( 'NONE', #2193, #7585 ) ;
#2833 = AXIS2_PLACEMENT_3D ( 'NONE', #4047, #1485, #4091 ) ;
#2834 = ORIENTED_EDGE ( 'NONE', *, *, #5112, .F. ) ;
#2835 = CARTESIAN_POINT ( 'NONE',  ( 0.8074032449773838049, 35.03921629175388830, 39.37499999999999289 ) ) ;
#2836 = CARTESIAN_POINT ( 'NONE',  ( 3.149999999999998579, 49.99999999999999289, -39.69999999999045315 ) ) ;
#2838 = ADVANCED_FACE ( 'NONE', ( #8082 ), #1452, .F. ) ;
#2837 = DIRECTION ( 'NONE',  ( 1.000000000000000000, 0.000000000000000000, 0.000000000000000000 ) ) ;
#2839 = CONICAL_SURFACE ( 'NONE', #2019, 4.590000000000003411, 0.7853981633974498333 ) ;
#2840 = CARTESIAN_POINT ( 'NONE',  ( 7.000000000000000888, -56.50000000000000000, -9.999999999999996447 ) ) ;
#2841 = CIRCLE ( 'NONE', #6356, 0.9999999999999940048 ) ;
#2842 = DIRECTION ( 'NONE',  ( -0.000000000000000000, -0.000000000000000000, 1.000000000000000000 ) ) ;
#2843 = VERTEX_POINT ( 'NONE', #7023 ) ;
#2844 = CARTESIAN_POINT ( 'NONE',  ( 6.000000000000005329, 50.99999999999999289, 32.00000000000000000 ) ) ;
#2845 = DIRECTION ( 'NONE',  ( 0.000000000000000000, -2.478176394252584592E-16, -1.000000000000000000 ) ) ;
#2846 = LINE ( 'NONE', #2159, #3937 ) ;
#2847 = DIRECTION ( 'NONE',  ( 1.000000000000000000, 0.000000000000000000, 0.000000000000000000 ) ) ;
#2848 = AXIS2_PLACEMENT_3D ( 'NONE', #1849, #5147, #2513 ) ;
#2849 = CIRCLE ( 'NONE', #1206, 1.000000000000000888 ) ;
#2850 = CARTESIAN_POINT ( 'NONE',  ( 1.000000000000000888, -46.00000000000000711, 34.00000000000000711 ) ) ;
#2851 = EDGE_CURVE ( 'NONE', #5243, #4496, #2396, .T. ) ;
#2852 = EDGE_CURVE ( 'NONE', #4593, #3409, #1038, .T. ) ;
#2853 = CARTESIAN_POINT ( 'NONE',  ( 2.999999999999999556, -55.50000000000000000, 19.99999999999999645 ) ) ;
#2854 = FACE_OUTER_BOUND ( 'NONE', #7455, .T. ) ;
#2855 = CARTESIAN_POINT ( 'NONE',  ( 10.00000000000000000, 55.00000000000000000, -45.00000000000000000 ) ) ;
#2856 = ORIENTED_EDGE ( 'NONE', *, *, #2864, .T. ) ;
#2857 = VECTOR ( 'NONE', #225, 1000.000000000000000 ) ;
#2858 = AXIS2_PLACEMENT_3D ( 'NONE', #6462, #6287, #290 ) ;
#2859 = ORIENTED_EDGE ( 'NONE', *, *, #2510, .T. ) ;
#2860 = ORIENTED_EDGE ( 'NONE', *, *, #6360, .F. ) ;
#2861 = DIRECTION ( 'NONE',  ( 0.000000000000000000, 0.000000000000000000, 1.000000000000000000 ) ) ;
#2862 = EDGE_CURVE ( 'NONE', #6861, #5466, #4067, .T. ) ;
#2863 = CIRCLE ( 'NONE', #8319, 1.000000000000003109 ) ;
#2864 = EDGE_CURVE ( 'NONE', #8152, #5868, #7012, .T. ) ;
#2865 = CARTESIAN_POINT ( 'NONE',  ( 0.8074032449773838049, 35.03921629175388830, 39.37499999999999289 ) ) ;
#2866 = EDGE_LOOP ( 'NONE', ( #3801, #4794, #2732, #6944 ) ) ;
#2867 = DIRECTION ( 'NONE',  ( 0.000000000000000000, 0.000000000000000000, -1.000000000000000000 ) ) ;
#2868 = CARTESIAN_POINT ( 'NONE',  ( 0.8074032449773838049, 40.00000000000000000, -39.99999999999999289 ) ) ;
#2869 = DIRECTION ( 'NONE',  ( 0.000000000000000000, 0.000000000000000000, 1.000000000000000000 ) ) ;
#2870 = VERTEX_POINT ( 'NONE', #5718 ) ;
#2871 = EDGE_LOOP ( 'NONE', ( #5500, #5608, #8246, #6809 ) ) ;
#2872 = EDGE_CURVE ( 'NONE', #268, #7494, #3741, .T. ) ;
#2873 = TOROIDAL_SURFACE ( 'NONE', #3659, 2.000000000000009770, 1.000000000000000000 ) ;
#2874 = ORIENTED_EDGE ( 'NONE', *, *, #5288, .T. ) ;
#2875 = FACE_OUTER_BOUND ( 'NONE', #3007, .T. ) ;
#2876 = AXIS2_PLACEMENT_3D ( 'NONE', #7399, #7439, #4643 ) ;
#2877 = CARTESIAN_POINT ( 'NONE',  ( 0.000000000000000000, -40.00000000000000000, 42.24999999999998579 ) ) ;
#2878 = ORIENTED_EDGE ( 'NONE', *, *, #5973, .T. ) ;
#2879 = DIRECTION ( 'NONE',  ( 1.000000000000000000, -0.000000000000000000, -0.000000000000000000 ) ) ;
#2880 = CARTESIAN_POINT ( 'NONE',  ( 6.000000000000005329, -10.66666666666668206, -34.00000000000000000 ) ) ;
#2881 = ORIENTED_EDGE ( 'NONE', *, *, #7539, .T. ) ;
#2882 = CARTESIAN_POINT ( 'NONE',  ( 6.000000000000005329, 32.06274606680621986, 38.99999999999999289 ) ) ;
#2883 = VECTOR ( 'NONE', #5393, 1000.000000000000000 ) ;
#2884 = DIRECTION ( 'NONE',  ( 0.000000000000000000, 0.000000000000000000, 1.000000000000000000 ) ) ;
#2885 = CARTESIAN_POINT ( 'NONE',  ( 0.8074032489587488204, -35.01405659924670744, -39.57469886831053429 ) ) ;
#2886 = ORIENTED_EDGE ( 'NONE', *, *, #4847, .T. ) ;
#2887 =( BOUNDED_SURFACE ( )  B_SPLINE_SURFACE ( 3, 2, ( 
 ( #5922, #4018, #8568 ),
 ( #6692, #6004, #5272 ),
 ( #7917, #3363, #1941 ),
 ( #7267, #6047, #2670 ),
 ( #44, #5395, #1289 ),
 ( #5960, #2072, #4060 ),
 ( #4730, #3939, #8609 ),
 ( #6733, #750, #6094 ) ),
 .UNSPECIFIED., .F., .F., .T. ) 
 B_SPLINE_SURFACE_WITH_KNOTS ( ( 4, 2, 2, 4 ),
 ( 3, 3 ),
 ( 0.001912652397232977993, 0.002727508764181223091, 0.003134936947655345314, 0.003542365131129467971 ),
 ( 0.000000000000000000, 1.000000000000000000 ),
 .UNSPECIFIED. ) 
 GEOMETRIC_REPRESENTATION_ITEM ( )  RATIONAL_B_SPLINE_SURFACE ( (
 ( 1.000000000000000000, 0.8916277250063486814, 1.000000000000000000),
 ( 1.000000000000000000, 0.8919381975241467142, 1.000000000000000000),
 ( 1.000000000000000000, 0.8711721823698054257, 1.000000000000000000),
 ( 1.000000000000000000, 0.8195381867817944643, 1.000000000000000000),
 ( 1.000000000000000000, 0.7991417260203340645, 1.000000000000000000),
 ( 1.000000000000000000, 0.7548872248829024967, 1.000000000000000000),
 ( 1.000000000000000000, 0.7310289589549651135, 1.000000000000000000),
 ( 1.000000000000000000, 0.7071067811865451302, 1.000000000000000000) ) ) 
 REPRESENTATION_ITEM ( '' )  SURFACE ( )  );
#2888 = DIRECTION ( 'NONE',  ( 0.000000000000000000, 0.000000000000000000, 1.000000000000000000 ) ) ;
#2889 = CARTESIAN_POINT ( 'NONE',  ( 1.000000000000000888, -46.00000000000000711, 34.00000000000000711 ) ) ;
#2890 = AXIS2_PLACEMENT_3D ( 'NONE', #1155, #365, #6359 ) ;
#2891 = EDGE_CURVE ( 'NONE', #5737, #909, #4343, .T. ) ;
#2892 = DIRECTION ( 'NONE',  ( 0.000000000000000000, 0.000000000000000000, 1.000000000000000000 ) ) ;
#2893 = PLANE ( 'NONE',  #4097 ) ;
#2894 = SPHERICAL_SURFACE ( 'NONE', #3748, 1.000000000000000000 ) ;
#2895 = CARTESIAN_POINT ( 'NONE',  ( 2.999999999999999556, -55.00000000000000000, 9.999999999999996447 ) ) ;
#2896 = CIRCLE ( 'NONE', #2363, 1.000000000000000000 ) ;
#2897 = DIRECTION ( 'NONE',  ( 0.000000000000000000, 0.000000000000000000, -1.000000000000000000 ) ) ;
#2898 = CARTESIAN_POINT ( 'NONE',  ( 0.000000000000000000, 44.00000000000000711, -35.52786404500041328 ) ) ;
#2899 = ORIENTED_EDGE ( 'NONE', *, *, #169, .F. ) ;
#2900 = EDGE_CURVE ( 'NONE', #6170, #774, #6009, .T. ) ;
#2901 = EDGE_CURVE ( 'NONE', #157, #6553, #317, .T. ) ;
#2902 = VERTEX_POINT ( 'NONE', #7809 ) ;
#2903 = ORIENTED_EDGE ( 'NONE', *, *, #6858, .F. ) ;
#2904 = DIRECTION ( 'NONE',  ( -1.000000000000000000, 0.000000000000000000, 0.000000000000000000 ) ) ;
#2905 = CARTESIAN_POINT ( 'NONE',  ( 0.000000000000000000, 50.99999999999999289, 34.00000000000000000 ) ) ;
#2906 = ORIENTED_EDGE ( 'NONE', *, *, #7096, .F. ) ;
#2907 = CIRCLE ( 'NONE', #1812, 1.000000000000002220 ) ;
#2908 = AXIS2_PLACEMENT_3D ( 'NONE', #3374, #4648, #2601 ) ;
#2909 = EDGE_CURVE ( 'NONE', #6518, #5714, #5473, .T. ) ;
#2910 = CARTESIAN_POINT ( 'NONE',  ( 0.8556879741724779942, 43.51676438997364471, -36.40509699968536950 ) ) ;
#2911 = EDGE_CURVE ( 'NONE', #7852, #265, #1716, .T. ) ;
#2912 = DIRECTION ( 'NONE',  ( 0.000000000000000000, -1.000000000000000000, 0.000000000000000000 ) ) ;
#2913 = PRODUCT_RELATED_PRODUCT_CATEGORY ( 'part', '', ( #4457 ) ) ;
#2914 = DIRECTION ( 'NONE',  ( 0.000000000000000000, 0.000000000000000000, -1.000000000000000000 ) ) ;
#2915 = CARTESIAN_POINT ( 'NONE',  ( 0.000000000000000000, 40.00000000000000000, 42.24999999999998579 ) ) ;
#2916 = DIRECTION ( 'NONE',  ( 0.000000000000000000, 0.000000000000000000, 1.000000000000000000 ) ) ;
#2917 = VECTOR ( 'NONE', #6547, 1000.000000000000000 ) ;
#2918 = ORIENTED_EDGE ( 'NONE', *, *, #3216, .F. ) ;
#2919 = ORIENTED_EDGE ( 'NONE', *, *, #259, .F. ) ;
#2920 = ORIENTED_EDGE ( 'NONE', *, *, #3176, .T. ) ;
#2921 = CARTESIAN_POINT ( 'NONE',  ( 5.000000000000000000, 49.99999999999999289, -39.50000000000000000 ) ) ;
#2922 = EDGE_CURVE ( 'NONE', #5341, #1635, #7424, .T. ) ;
#2923 = AXIS2_PLACEMENT_3D ( 'NONE', #5447, #2766, #4785 ) ;
#2924 = CARTESIAN_POINT ( 'NONE',  ( 0.8557024805119922695, 43.51491898092468347, 36.40863474519234444 ) ) ;
#2925 = ADVANCED_FACE ( 'NONE', ( #5810 ), #22, .T. ) ;
#2926 = ORIENTED_EDGE ( 'NONE', *, *, #3065, .T. ) ;
#2927 = CARTESIAN_POINT ( 'NONE',  ( 6.850000000000012079, -49.99999999999999289, -39.50000000000000000 ) ) ;
#2928 = DIRECTION ( 'NONE',  ( 0.000000000000000000, -0.000000000000000000, 1.000000000000000000 ) ) ;
#2929 = VERTEX_POINT ( 'NONE', #1696 ) ;
#2930 = DIRECTION ( 'NONE',  ( 0.000000000000000000, 0.000000000000000000, 1.000000000000000000 ) ) ;
#2931 = DIRECTION ( 'NONE',  ( 0.000000000000000000, 0.000000000000000000, 1.000000000000000000 ) ) ;
#2932 = CARTESIAN_POINT ( 'NONE',  ( 1.000000000000000888, -20.66666666666666785, 33.00000000000000000 ) ) ;
#2933 = CARTESIAN_POINT ( 'NONE',  ( -2.449293598294688665E-16, -56.99999999999998579, -9.999999999999996447 ) ) ;
#2934 = CARTESIAN_POINT ( 'NONE',  ( 143.6861997365472519, 22.66666666666667496, -40.99999999999999289 ) ) ;
#2935 = ORIENTED_EDGE ( 'NONE', *, *, #7732, .T. ) ;
#2936 = CARTESIAN_POINT ( 'NONE',  ( 1.000000000000000000, -12.66666666666667318, -34.00000000000000711 ) ) ;
#2937 = DIRECTION ( 'NONE',  ( -1.000000000000000000, 0.000000000000000000, 0.000000000000000000 ) ) ;
#2938 = EDGE_CURVE ( 'NONE', #3612, #774, #4523, .T. ) ;
#2939 = DIRECTION ( 'NONE',  ( -0.000000000000000000, -0.000000000000000000, 1.000000000000000000 ) ) ;
#2940 = CARTESIAN_POINT ( 'NONE',  ( 7.000000000000000000, -10.66666666666668739, -34.00000000000000000 ) ) ;
#2941 = FACE_OUTER_BOUND ( 'NONE', #6726, .T. ) ;
#2942 = ORIENTED_EDGE ( 'NONE', *, *, #4246, .T. ) ;
#2943 = LINE ( 'NONE', #8325, #4377 ) ;
#2944 = LINE ( 'NONE', #3562, #3071 ) ;
#2945 = DIRECTION ( 'NONE',  ( 0.000000000000000000, -2.478176394252584592E-16, 1.000000000000000000 ) ) ;
#2946 = ORIENTED_EDGE ( 'NONE', *, *, #8138, .F. ) ;
#2947 = ORIENTED_EDGE ( 'NONE', *, *, #7047, .T. ) ;
#2948 = ORIENTED_EDGE ( 'NONE', *, *, #3368, .T. ) ;
#2949 = CARTESIAN_POINT ( 'NONE',  ( 143.6861997365472519, 22.66666666666666785, 41.99999999999999289 ) ) ;
#2950 = EDGE_LOOP ( 'NONE', ( #4435, #5328, #1787, #730 ) ) ;
#2951 = EDGE_CURVE ( 'NONE', #3340, #5448, #162, .T. ) ;
#2952 = CARTESIAN_POINT ( 'NONE',  ( 0.9510769892693584637, 43.71316530999165906, 36.48745415854853036 ) ) ;
#2953 = EDGE_LOOP ( 'NONE', ( #1925, #5451, #2703, #2004 ) ) ;
#2954 = DIRECTION ( 'NONE',  ( 0.000000000000000000, 0.000000000000000000, 1.000000000000000000 ) ) ;
#2955 = PLANE ( 'NONE',  #1724 ) ;
#2956 = CIRCLE ( 'NONE', #1570, 1.850000000000002309 ) ;
#2957 = CARTESIAN_POINT ( 'NONE',  ( 6.000000000000005329, -45.00000000000000711, -34.00000000000000000 ) ) ;
#2958 = ORIENTED_EDGE ( 'NONE', *, *, #2730, .T. ) ;
#2959 = EDGE_LOOP ( 'NONE', ( #7516, #204, #1355, #1540 ) ) ;
#2960 = EDGE_CURVE ( 'NONE', #2355, #6345, #4631, .T. ) ;
#2961 = EDGE_CURVE ( 'NONE', #774, #1827, #1987, .T. ) ;
#2962 = ORIENTED_EDGE ( 'NONE', *, *, #8244, .F. ) ;
#2963 = CARTESIAN_POINT ( 'NONE',  ( 6.000000000000005329, 21.66666666666666785, 34.00000000000000000 ) ) ;
#2964 = CARTESIAN_POINT ( 'NONE',  ( 0.8074032449773838049, -35.03921629175389540, -39.37499999999997868 ) ) ;
#2965 = ORIENTED_EDGE ( 'NONE', *, *, #8200, .F. ) ;
#2966 = CARTESIAN_POINT ( 'NONE',  ( 0.000000000000000000, 20.66666666666666785, 34.00000000000000000 ) ) ;
#2967 = CARTESIAN_POINT ( 'NONE',  ( 6.850000000000002309, 49.99999999999999289, -39.50000000000000000 ) ) ;
#2968 = AXIS2_PLACEMENT_3D ( 'NONE', #3495, #931, #2931 ) ;
#2969 = VERTEX_POINT ( 'NONE', #5116 ) ;
#2970 = AXIS2_PLACEMENT_3D ( 'NONE', #1327, #4595, #3277 ) ;
#2971 = DIRECTION ( 'NONE',  ( -1.000000000000000000, 0.000000000000000000, 0.000000000000000000 ) ) ;
#2972 = EDGE_CURVE ( 'NONE', #4029, #828, #6543, .T. ) ;
#2973 = LINE ( 'NONE', #6315, #104 ) ;
#2974 = EDGE_CURVE ( 'NONE', #6023, #1048, #3099, .T. ) ;
#2975 = CARTESIAN_POINT ( 'NONE',  ( 1.000000000000000888, 52.99999999999999289, 32.00000000000000000 ) ) ;
#2976 = CARTESIAN_POINT ( 'NONE',  ( 3.150000000000010125, -16.66666666666666430, -39.50000000000000000 ) ) ;
#2977 = CARTESIAN_POINT ( 'NONE',  ( 1.051322608824452365E-09, -35.47947081776821676, -40.80427681105296500 ) ) ;
#2978 = ORIENTED_EDGE ( 'NONE', *, *, #1229, .F. ) ;
#2979 = AXIS2_PLACEMENT_3D ( 'NONE', #7394, #1, #7351 ) ;
#2980 = DIRECTION ( 'NONE',  ( -1.000000000000000000, 0.000000000000000000, 0.000000000000000000 ) ) ;
#2981 = CARTESIAN_POINT ( 'NONE',  ( 0.000000000000000000, 55.00000000000000000, -45.00000000000000000 ) ) ;
#2982 = CARTESIAN_POINT ( 'NONE',  ( 6.000000000000000000, 46.00000000000001421, 32.00000000000001421 ) ) ;
#2983 = CARTESIAN_POINT ( 'NONE',  ( 0.000000000000000000, 40.00000000000000000, -39.99999999999999289 ) ) ;
#2984 = ORIENTED_EDGE ( 'NONE', *, *, #1959, .F. ) ;
#2985 = EDGE_CURVE ( 'NONE', #1222, #2743, #6577, .T. ) ;
#2986 = DIRECTION ( 'NONE',  ( 1.000000000000000000, 0.000000000000000000, 0.000000000000000000 ) ) ;
#2987 = EDGE_CURVE ( 'NONE', #1447, #6331, #5278, .T. ) ;
#2988 = DIRECTION ( 'NONE',  ( 1.000000000000000000, 0.000000000000000000, 0.000000000000000000 ) ) ;
#2989 = ORIENTED_EDGE ( 'NONE', *, *, #4907, .F. ) ;
#2990 = VECTOR ( 'NONE', #440, 1000.000000000000000 ) ;
#2991 = CARTESIAN_POINT ( 'NONE',  ( 0.000000000000000000, -40.00000000000000000, -37.75000000000000000 ) ) ;
#2993 = ORIENTED_EDGE ( 'NONE', *, *, #3656, .T. ) ;
#2992 = AXIS2_PLACEMENT_3D ( 'NONE', #1847, #7257, #1281 ) ;
#2994 = EDGE_LOOP ( 'NONE', ( #6624, #3397, #6548, #5655 ) ) ;
#2995 = CARTESIAN_POINT ( 'NONE',  ( 6.000000000000005329, 45.00000000000001421, 35.52786404500041328 ) ) ;
#2996 = CIRCLE ( 'NONE', #6764, 1.000000000000000000 ) ;
#2997 = AXIS2_PLACEMENT_3D ( 'NONE', #384, #3033, #1739 ) ;
#2998 = CARTESIAN_POINT ( 'NONE',  ( 1.049925356250917323E-09, 43.78533403383974587, 37.40246221410298233 ) ) ;
#2999 = VERTEX_POINT ( 'NONE', #7318 ) ;
#3000 = FACE_OUTER_BOUND ( 'NONE', #7675, .T. ) ;
#3001 = CARTESIAN_POINT ( 'NONE',  ( 0.000000000000000000, -40.00000000000000000, -39.99999999999999289 ) ) ;
#3002 = CIRCLE ( 'NONE', #3565, 1.000000000000000000 ) ;
#3003 = ADVANCED_FACE ( 'NONE', ( #2597 ), #4644, .F. ) ;
#3004 = DIRECTION ( 'NONE',  ( 0.000000000000000000, -1.000000000000000000, 0.000000000000000000 ) ) ;
#3005 = CARTESIAN_POINT ( 'NONE',  ( 6.000000000000005329, -44.00000000000000711, 34.00000000000000711 ) ) ;
#3006 = VERTEX_POINT ( 'NONE', #8006 ) ;
#3007 = EDGE_LOOP ( 'NONE', ( #7976, #7886, #1915, #8379 ) ) ;
#3008 = ORIENTED_EDGE ( 'NONE', *, *, #7631, .F. ) ;
#3009 = AXIS2_PLACEMENT_3D ( 'NONE', #4449, #442, #7087 ) ;
#3010 = CARTESIAN_POINT ( 'NONE',  ( 0.000000000000000000, 40.00000000000000000, -42.24999999999998579 ) ) ;
#3011 = DIRECTION ( 'NONE',  ( -0.000000000000000000, 0.000000000000000000, -1.000000000000000000 ) ) ;
#3012 = ORIENTED_EDGE ( 'NONE', *, *, #7186, .F. ) ;
#3013 = FACE_OUTER_BOUND ( 'NONE', #4264, .T. ) ;
#3014 = ADVANCED_FACE ( 'NONE', ( #7 ), #2553, .F. ) ;
#3015 = CARTESIAN_POINT ( 'NONE',  ( 143.6861997365472519, 51.00000000000000000, -32.00000000000001421 ) ) ;
#3016 = AXIS2_PLACEMENT_3D ( 'NONE', #154, #8103, #1475 ) ;
#3017 = ORIENTED_EDGE ( 'NONE', *, *, #1582, .T. ) ;
#3018 = CARTESIAN_POINT ( 'NONE',  ( 2.500000000000017764, -59.50000000000000711, -9.999999999999996447 ) ) ;
#3019 = DIRECTION ( 'NONE',  ( -1.000000000000000000, 0.000000000000000000, 0.000000000000000000 ) ) ;
#3020 = DIRECTION ( 'NONE',  ( 0.000000000000000000, 0.000000000000000000, -1.000000000000000000 ) ) ;
#3021 = ORIENTED_EDGE ( 'NONE', *, *, #2786, .F. ) ;
#3022 = EDGE_CURVE ( 'NONE', #4196, #3131, #3807, .T. ) ;
#3023 = DIRECTION ( 'NONE',  ( -0.000000000000000000, -0.000000000000000000, -1.000000000000000000 ) ) ;
#3024 = FACE_OUTER_BOUND ( 'NONE', #1060, .T. ) ;
#3025 = EDGE_CURVE ( 'NONE', #220, #1561, #4934, .T. ) ;
#3026 = DIRECTION ( 'NONE',  ( 0.000000000000000000, 1.000000000000000000, -0.000000000000000000 ) ) ;
#3027 = AXIS2_PLACEMENT_3D ( 'NONE', #6739, #4737, #2673 ) ;
#3028 = CARTESIAN_POINT ( 'NONE',  ( 7.000000000000000000, 0.000000000000000000, -32.00000000000000000 ) ) ;
#3029 = DIRECTION ( 'NONE',  ( 0.000000000000000000, 1.000000000000000000, -0.000000000000000000 ) ) ;
#3030 = ORIENTED_EDGE ( 'NONE', *, *, #1611, .T. ) ;
#3031 = DIRECTION ( 'NONE',  ( 0.000000000000000000, 0.000000000000000000, 1.000000000000000000 ) ) ;
#3032 = CARTESIAN_POINT ( 'NONE',  ( 6.000000000000000000, 34.04705955010467022, 39.24999999999999289 ) ) ;
#3033 = DIRECTION ( 'NONE',  ( 0.000000000000000000, -1.000000000000000000, 0.000000000000000000 ) ) ;
#3034 = ORIENTED_EDGE ( 'NONE', *, *, #3185, .T. ) ;
#3035 = AXIS2_PLACEMENT_3D ( 'NONE', #8026, #6716, #2051 ) ;
#3036 = EDGE_CURVE ( 'NONE', #8419, #6345, #595, .T. ) ;
#3037 = CARTESIAN_POINT ( 'NONE',  ( 0.9504075650566260469, 34.83667887509599126, 40.14685472378111797 ) ) ;
#3038 = DIRECTION ( 'NONE',  ( 0.000000000000000000, 0.000000000000000000, 1.000000000000000000 ) ) ;
#3039 = ORIENTED_EDGE ( 'NONE', *, *, #2302, .F. ) ;
#3040 = ADVANCED_FACE ( 'NONE', ( #5354 ), #6012, .F. ) ;
#3041 = EDGE_LOOP ( 'NONE', ( #5940, #2612, #5778, #4701 ) ) ;
#3042 = DIRECTION ( 'NONE',  ( 0.000000000000000000, -5.204170427930416550E-15, 1.000000000000000000 ) ) ;
#3043 = CIRCLE ( 'NONE', #1243, 1.000000000000000000 ) ;
#3044 = DIRECTION ( 'NONE',  ( 0.000000000000000000, 0.000000000000000000, 1.000000000000000000 ) ) ;
#3045 = ORIENTED_EDGE ( 'NONE', *, *, #416, .F. ) ;
#3046 = AXIS2_PLACEMENT_3D ( 'NONE', #7297, #653, #3192 ) ;
#3047 = CARTESIAN_POINT ( 'NONE',  ( 1.000000000000000888, 44.00000000000000711, 36.52786404500042039 ) ) ;
#3048 = DIRECTION ( 'NONE',  ( 0.000000000000000000, 0.000000000000000000, -1.000000000000000000 ) ) ;
#3049 = EDGE_CURVE ( 'NONE', #3006, #6173, #3289, .T. ) ;
#3050 = FACE_OUTER_BOUND ( 'NONE', #6651, .T. ) ;
#3051 = DIRECTION ( 'NONE',  ( -1.000000000000000000, 0.000000000000000000, 0.000000000000000000 ) ) ;
#3052 = ORIENTED_EDGE ( 'NONE', *, *, #4844, .T. ) ;
#3053 = EDGE_LOOP ( 'NONE', ( #2600, #4985, #7723, #5367 ) ) ;
#3054 = AXIS2_PLACEMENT_3D ( 'NONE', #5879, #7058, #7833 ) ;
#3055 = CIRCLE ( 'NONE', #8361, 4.590000000000003411 ) ;
#3056 = ORIENTED_EDGE ( 'NONE', *, *, #8366, .F. ) ;
#3057 = CYLINDRICAL_SURFACE ( 'NONE', #4, 1.850000000000000977 ) ;
#3058 = VERTEX_POINT ( 'NONE', #5927 ) ;
#3059 = LINE ( 'NONE', #312, #6224 ) ;
#3060 = CIRCLE ( 'NONE', #8370, 2.000000000000452083 ) ;
#3061 = DIRECTION ( 'NONE',  ( -0.000000000000000000, -0.000000000000000000, 1.000000000000000000 ) ) ;
#3062 = ORIENTED_EDGE ( 'NONE', *, *, #5263, .F. ) ;
#3063 = FACE_OUTER_BOUND ( 'NONE', #6849, .T. ) ;
#3064 = VECTOR ( 'NONE', #6674, 1000.000000000000000 ) ;
#3065 = EDGE_CURVE ( 'NONE', #8391, #7992, #4692, .T. ) ;
#3066 = DIRECTION ( 'NONE',  ( -1.000000000000000000, 0.000000000000000000, 0.000000000000000000 ) ) ;
#3067 = CARTESIAN_POINT ( 'NONE',  ( 0.000000000000000000, -20.66666666666666075, 40.99999999999998579 ) ) ;
#3068 = VERTEX_POINT ( 'NONE', #7358 ) ;
#3069 = DIRECTION ( 'NONE',  ( 0.000000000000000000, 0.000000000000000000, 1.000000000000000000 ) ) ;
#3070 = CARTESIAN_POINT ( 'NONE',  ( 6.000000000000002665, 10.66666666666667140, 40.99999999999999289 ) ) ;
#3071 = VECTOR ( 'NONE', #7628, 1000.000000000000000 ) ;
#3072 = CARTESIAN_POINT ( 'NONE',  ( 0.000000000000000000, 40.00000000000000000, 39.99999999999999289 ) ) ;
#3073 = DIRECTION ( 'NONE',  ( 1.000000000000000000, 0.000000000000000000, 0.000000000000000000 ) ) ;
#3074 = DIRECTION ( 'NONE',  ( 0.000000000000000000, 0.000000000000000000, 1.000000000000000000 ) ) ;
#3075 = ADVANCED_FACE ( 'NONE', ( #1904 ), #8578, .F. ) ;
#3076 = FACE_OUTER_BOUND ( 'NONE', #8334, .T. ) ;
#3077 = EDGE_CURVE ( 'NONE', #2398, #1562, #1577, .T. ) ;
#3078 = CARTESIAN_POINT ( 'NONE',  ( 7.000000000000452083, 49.99999999999999289, 45.00000000000000000 ) ) ;
#3079 = ORIENTED_EDGE ( 'NONE', *, *, #2120, .T. ) ;
#3080 = DIRECTION ( 'NONE',  ( 0.000000000000000000, -2.478176394252584592E-16, -1.000000000000000000 ) ) ;
#3081 = DIRECTION ( 'NONE',  ( -1.000000000000000000, 0.000000000000000000, 0.000000000000000000 ) ) ;
#3082 = ORIENTED_EDGE ( 'NONE', *, *, #7359, .F. ) ;
#3083 = ORIENTED_EDGE ( 'NONE', *, *, #1137, .F. ) ;
#3084 = VECTOR ( 'NONE', #5254, 1000.000000000000000 ) ;
#3085 = VERTEX_POINT ( 'NONE', #4066 ) ;
#3086 = EDGE_CURVE ( 'NONE', #7081, #1198, #5399, .T. ) ;
#3087 = CYLINDRICAL_SURFACE ( 'NONE', #5040, 1.000000000000000888 ) ;
#3088 = ORIENTED_EDGE ( 'NONE', *, *, #8426, .T. ) ;
#3089 = EDGE_CURVE ( 'NONE', #1488, #5648, #5911, .T. ) ;
#3090 = DIRECTION ( 'NONE',  ( -1.000000000000000000, -0.000000000000000000, -0.000000000000000000 ) ) ;
#3091 = AXIS2_PLACEMENT_3D ( 'NONE', #1322, #4721, #2745 ) ;
#3092 = DIRECTION ( 'NONE',  ( 0.000000000000000000, 0.000000000000000000, -1.000000000000000000 ) ) ;
#3093 = FACE_BOUND ( 'NONE', #789, .T. ) ;
#3094 = ORIENTED_EDGE ( 'NONE', *, *, #4030, .F. ) ;
#3095 = VERTEX_POINT ( 'NONE', #8613 ) ;
#3096 = VECTOR ( 'NONE', #968, 1000.000000000000000 ) ;
#3097 = ORIENTED_EDGE ( 'NONE', *, *, #7139, .F. ) ;
#3098 = CARTESIAN_POINT ( 'NONE',  ( 6.850000000000012079, -49.99999999999999289, -39.69999999999038209 ) ) ;
#3099 = CIRCLE ( 'NONE', #460, 1.000000000000007772 ) ;
#3100 = DIRECTION ( 'NONE',  ( 0.000000000000000000, 0.000000000000000000, 1.000000000000000000 ) ) ;
#3101 = EDGE_LOOP ( 'NONE', ( #7398, #7750, #6639, #2899 ) ) ;
#3102 = CARTESIAN_POINT ( 'NONE',  ( -1.084202172485504434E-16, -43.06000000000000938, -36.57881599442531950 ) ) ;
#3103 = ORIENTED_EDGE ( 'NONE', *, *, #379, .F. ) ;
#3104 = FACE_BOUND ( 'NONE', #6921, .T. ) ;
#3105 = AXIS2_PLACEMENT_3D ( 'NONE', #4273, #3658, #1053 ) ;
#3106 = AXIS2_PLACEMENT_3D ( 'NONE', #8532, #8050, #51 ) ;
#3107 = DIRECTION ( 'NONE',  ( 1.000000000000000000, 0.000000000000000000, 0.000000000000000000 ) ) ;
#3108 = FACE_OUTER_BOUND ( 'NONE', #7726, .T. ) ;
#3109 = FACE_OUTER_BOUND ( 'NONE', #8190, .T. ) ;
#3110 = DIRECTION ( 'NONE',  ( 0.000000000000000000, -0.6666666666666704044, 0.7453559924999264563 ) ) ;
#3111 = AXIS2_PLACEMENT_3D ( 'NONE', #5148, #7064, #7708 ) ;
#3112 = FACE_OUTER_BOUND ( 'NONE', #7408, .T. ) ;
#3113 = EDGE_CURVE ( 'NONE', #262, #68, #4738, .T. ) ;
#3114 = DIRECTION ( 'NONE',  ( 1.000000000000000000, 0.000000000000000000, 0.000000000000000000 ) ) ;
#3115 = CARTESIAN_POINT ( 'NONE',  ( 0.8074032449773786979, -43.42085270746247971, -36.35149974546074958 ) ) ;
#3116 = CARTESIAN_POINT ( 'NONE',  ( 2.999999999999746869, 49.99999999999999289, -45.00000000000000000 ) ) ;
#3117 = ORIENTED_EDGE ( 'NONE', *, *, #8529, .F. ) ;
#3118 = DIRECTION ( 'NONE',  ( 0.000000000000000000, 0.000000000000000000, 1.000000000000000000 ) ) ;
#3119 = CARTESIAN_POINT ( 'NONE',  ( 10.00000000000000000, 55.00000000000000000, 45.00000000000000000 ) ) ;
#3120 = AXIS2_PLACEMENT_3D ( 'NONE', #8555, #4625, #7293 ) ;
#3121 = ORIENTED_EDGE ( 'NONE', *, *, #6656, .T. ) ;
#3122 = DIRECTION ( 'NONE',  ( 0.000000000000000000, 0.000000000000000000, 1.000000000000000000 ) ) ;
#3123 = DIRECTION ( 'NONE',  ( -1.000000000000000000, 0.000000000000000000, 0.000000000000000000 ) ) ;
#3124 = ORIENTED_EDGE ( 'NONE', *, *, #4069, .T. ) ;
#3125 = EDGE_CURVE ( 'NONE', #1625, #3696, #5315, .T. ) ;
#3126 = EDGE_CURVE ( 'NONE', #4488, #4182, #1986, .T. ) ;
#3127 = LINE ( 'NONE', #2526, #5134 ) ;
#3128 = CIRCLE ( 'NONE', #7445, 1.000000000000000888 ) ;
#3129 = EDGE_LOOP ( 'NONE', ( #4058, #697, #387, #8112 ) ) ;
#3130 = CARTESIAN_POINT ( 'NONE',  ( -4.336808689942008368E-16, 43.93221901135652985, -36.52556426930555489 ) ) ;
#3131 = VERTEX_POINT ( 'NONE', #4250 ) ;
#3132 = AXIS2_PLACEMENT_3D ( 'NONE', #394, #7125, #1874 ) ;
#3133 = AXIS2_PLACEMENT_3D ( 'NONE', #2205, #5532, #1510 ) ;
#3134 = CIRCLE ( 'NONE', #4245, 1.000000000000000888 ) ;
#3135 = DIRECTION ( 'NONE',  ( 1.000000000000000000, 0.000000000000000000, -0.000000000000000000 ) ) ;
#3136 = ADVANCED_FACE ( 'NONE', ( #1644 ), #805, .T. ) ;
#3137 = DIRECTION ( 'NONE',  ( 1.000000000000000000, 0.000000000000000000, 0.000000000000000000 ) ) ;
#3138 = EDGE_CURVE ( 'NONE', #6868, #2277, #5221, .T. ) ;
#3139 = LINE ( 'NONE', #2569, #7475 ) ;
#3140 = AXIS2_PLACEMENT_3D ( 'NONE', #2889, #5575, #6276 ) ;
#3141 = EDGE_LOOP ( 'NONE', ( #2401, #8624, #2374, #5107 ) ) ;
#3142 = ORIENTED_EDGE ( 'NONE', *, *, #5907, .F. ) ;
#3143 = VECTOR ( 'NONE', #6391, 1000.000000000000000 ) ;
#3144 = DIRECTION ( 'NONE',  ( -0.000000000000000000, 1.000000000000000000, -0.000000000000000000 ) ) ;
#3145 = ORIENTED_EDGE ( 'NONE', *, *, #2440, .F. ) ;
#3146 = CARTESIAN_POINT ( 'NONE',  ( 143.6861997365472519, -43.33333333333333570, 36.27322003750034440 ) ) ;
#3147 = AXIS2_PLACEMENT_3D ( 'NONE', #4861, #5467, #129 ) ;
#3148 = SPHERICAL_SURFACE ( 'NONE', #5961, 1.000000000000000000 ) ;
#3149 = CARTESIAN_POINT ( 'NONE',  ( 0.2702352771220980499, -43.68476285025946027, -36.48862151230431294 ) ) ;
#3150 = DIRECTION ( 'NONE',  ( 0.000000000000000000, 0.000000000000000000, 1.000000000000000000 ) ) ;
#3151 = EDGE_CURVE ( 'NONE', #5512, #6975, #6183, .T. ) ;
#3152 = VERTEX_POINT ( 'NONE', #3461 ) ;
#3153 = CARTESIAN_POINT ( 'NONE',  ( 6.000000000000005329, -34.04705955010467022, -39.24999999999997868 ) ) ;
#3154 = AXIS2_PLACEMENT_3D ( 'NONE', #1486, #4714, #6807 ) ;
#3155 = DIRECTION ( 'NONE',  ( -0.02829055873697631021, 3.464594220332822752E-18, 0.9995997420399574951 ) ) ;
#3156 = CARTESIAN_POINT ( 'NONE',  ( 0.8074032449773838049, -35.03921629175388830, 39.37499999999999289 ) ) ;
#3157 = CARTESIAN_POINT ( 'NONE',  ( 7.000000000000000000, -22.66666666666666075, 0.000000000000000000 ) ) ;
#3158 = DIRECTION ( 'NONE',  ( 0.000000000000000000, 0.000000000000000000, 1.000000000000000000 ) ) ;
#3159 = AXIS2_PLACEMENT_3D ( 'NONE', #6384, #3653, #389 ) ;
#3160 = FACE_OUTER_BOUND ( 'NONE', #8548, .T. ) ;
#3161 = LINE ( 'NONE', #1817, #1781 ) ;
#3162 = LINE ( 'NONE', #5846, #2506 ) ;
#3163 = DIRECTION ( 'NONE',  ( 0.000000000000000000, -1.000000000000000000, 6.938893903907222067E-15 ) ) ;
#3164 = CARTESIAN_POINT ( 'NONE',  ( 143.6861997365472519, 10.66666666666667140, 40.99999999999999289 ) ) ;
#3165 = VERTEX_POINT ( 'NONE', #282 ) ;
#3166 = CARTESIAN_POINT ( 'NONE',  ( 6.000000000000005329, 40.00000000000000000, -39.99999999999999289 ) ) ;
#3167 = EDGE_CURVE ( 'NONE', #3834, #4947, #6278, .T. ) ;
#3168 = CARTESIAN_POINT ( 'NONE',  ( 0.2078464396324637142, 34.78631055417807261, 40.26680052479472494 ) ) ;
#3169 = DIRECTION ( 'NONE',  ( 0.000000000000000000, 0.000000000000000000, 1.000000000000000000 ) ) ;
#3170 = EDGE_LOOP ( 'NONE', ( #7008, #7786, #2464, #3469 ) ) ;
#3171 = CARTESIAN_POINT ( 'NONE',  ( 0.000000000000000000, -55.00000000000000000, -19.99999999999999645 ) ) ;
#3172 = ORIENTED_EDGE ( 'NONE', *, *, #5079, .F. ) ;
#3173 = AXIS2_PLACEMENT_3D ( 'NONE', #4865, #1499, #4146 ) ;
#3174 = DIRECTION ( 'NONE',  ( -1.000000000000000000, 0.000000000000000000, 0.000000000000000000 ) ) ;
#3175 = ORIENTED_EDGE ( 'NONE', *, *, #4069, .F. ) ;
#3176 = EDGE_CURVE ( 'NONE', #4997, #7413, #1435, .T. ) ;
#3177 = CARTESIAN_POINT ( 'NONE',  ( 5.000000000000013323, -49.99999999999999289, -39.50000000000000000 ) ) ;
#3178 = VECTOR ( 'NONE', #179, 1000.000000000000000 ) ;
#3179 = CARTESIAN_POINT ( 'NONE',  ( 1.000000000000000888, -22.66666666666666075, 41.99999999999998579 ) ) ;
#3180 = EDGE_LOOP ( 'NONE', ( #2628, #5634, #443, #3258 ) ) ;
#3181 = ORIENTED_EDGE ( 'NONE', *, *, #3151, .T. ) ;
#3182 = DIRECTION ( 'NONE',  ( -0.000000000000000000, -1.000000000000000000, -0.000000000000000000 ) ) ;
#3183 = ORIENTED_EDGE ( 'NONE', *, *, #6297, .F. ) ;
#3184 = CIRCLE ( 'NONE', #8060, 1.000000000000000888 ) ;
#3185 = EDGE_CURVE ( 'NONE', #7571, #4450, #8543, .T. ) ;
#3186 = CARTESIAN_POINT ( 'NONE',  ( 7.000000000000000000, 20.66666666666667496, -32.00000000000000000 ) ) ;
#3187 = EDGE_LOOP ( 'NONE', ( #642, #5621, #754, #7937 ) ) ;
#3188 = DIRECTION ( 'NONE',  ( -0.000000000000000000, 0.000000000000000000, 1.000000000000000000 ) ) ;
#3189 = DIRECTION ( 'NONE',  ( 0.000000000000000000, -1.000000000000000000, 0.000000000000000000 ) ) ;
#3190 = CIRCLE ( 'NONE', #1386, 4.590000000000003411 ) ;
#3191 = VERTEX_POINT ( 'NONE', #1597 ) ;
#3192 = DIRECTION ( 'NONE',  ( -1.000000000000000000, 0.000000000000000000, 0.000000000000000000 ) ) ;
#3193 = DIRECTION ( 'NONE',  ( 0.000000000000000000, -1.000000000000000000, 0.000000000000000000 ) ) ;
#3194 = LINE ( 'NONE', #3157, #5510 ) ;
#3195 = ADVANCED_FACE ( 'NONE', ( #6741 ), #2204, .F. ) ;
#3196 = AXIS2_PLACEMENT_3D ( 'NONE', #3808, #501, #7006 ) ;
#3197 = CIRCLE ( 'NONE', #557, 1.000000000000000888 ) ;
#3198 = DIRECTION ( 'NONE',  ( 0.000000000000000000, -1.000000000000000000, 7.384882149680603249E-16 ) ) ;
#3199 = FACE_OUTER_BOUND ( 'NONE', #7449, .T. ) ;
#3200 = DIRECTION ( 'NONE',  ( 0.000000000000000000, 0.000000000000000000, -1.000000000000000000 ) ) ;
#3201 = DIRECTION ( 'NONE',  ( 0.000000000000000000, 1.000000000000000000, -0.000000000000000000 ) ) ;
#3202 = LINE ( 'NONE', #2390, #7306 ) ;
#3203 = AXIS2_PLACEMENT_3D ( 'NONE', #4443, #6510, #7814 ) ;
#3204 = DIRECTION ( 'NONE',  ( -1.000000000000000000, -0.000000000000000000, -0.000000000000000000 ) ) ;
#3205 = EDGE_CURVE ( 'NONE', #7590, #7626, #7485, .T. ) ;
#3206 = DIRECTION ( 'NONE',  ( 0.000000000000000000, 0.000000000000000000, 1.000000000000000000 ) ) ;
#3207 = AXIS2_PLACEMENT_3D ( 'NONE', #6095, #5310, #8611 ) ;
#3208 = DIRECTION ( 'NONE',  ( 0.000000000000000000, 1.000000000000000000, 0.000000000000000000 ) ) ;
#3209 = ORIENTED_EDGE ( 'NONE', *, *, #8459, .F. ) ;
#3210 = ORIENTED_EDGE ( 'NONE', *, *, #2402, .T. ) ;
#3211 = CARTESIAN_POINT ( 'NONE',  ( 6.000000000000005329, -44.00000000000000711, -34.00000000000000000 ) ) ;
#3212 = CARTESIAN_POINT ( 'NONE',  ( 0.9999999656257890779, 43.87585439790108666, -36.52173501365195563 ) ) ;
#3213 = ORIENTED_EDGE ( 'NONE', *, *, #473, .F. ) ;
#3214 = CARTESIAN_POINT ( 'NONE',  ( 0.000000000000000000, 40.00000000000000000, 39.99999999999999289 ) ) ;
#3215 = LINE ( 'NONE', #3916, #6924 ) ;
#3216 = EDGE_CURVE ( 'NONE', #1982, #4593, #6873, .T. ) ;
#3217 = ORIENTED_EDGE ( 'NONE', *, *, #3623, .T. ) ;
#3218 = ORIENTED_EDGE ( 'NONE', *, *, #3036, .F. ) ;
#3219 = DIRECTION ( 'NONE',  ( -1.000000000000000000, 0.000000000000000000, 0.000000000000000000 ) ) ;
#3220 = ORIENTED_EDGE ( 'NONE', *, *, #4416, .F. ) ;
#3221 = CARTESIAN_POINT ( 'NONE',  ( -1.301042606982605321E-15, -43.05999999999038863, 36.57881599441671483 ) ) ;
#3222 = VERTEX_POINT ( 'NONE', #8132 ) ;
#3223 = CARTESIAN_POINT ( 'NONE',  ( 0.8074032449773838049, -43.33333333333334991, -36.27322003750034440 ) ) ;
#3224 = LINE ( 'NONE', #5178, #6486 ) ;
#3225 = EDGE_CURVE ( 'NONE', #3131, #7590, #2846, .T. ) ;
#3226 = VERTEX_POINT ( 'NONE', #6100 ) ;
#3227 = DIRECTION ( 'NONE',  ( 0.000000000000000000, 1.000000000000000000, -0.000000000000000000 ) ) ;
#3228 = SHAPE_DEFINITION_REPRESENTATION ( #4227, #1657 ) ;
#3229 = CARTESIAN_POINT ( 'NONE',  ( 6.000000000000005329, -50.99999999999999289, 32.00000000000001421 ) ) ;
#3230 = VECTOR ( 'NONE', #1413, 1000.000000000000000 ) ;
#3231 = DIRECTION ( 'NONE',  ( 0.000000000000000000, 1.000000000000000000, -0.000000000000000000 ) ) ;
#3232 = DIRECTION ( 'NONE',  ( 0.000000000000000000, 0.000000000000000000, 1.000000000000000000 ) ) ;
#3233 = ADVANCED_FACE ( 'NONE', ( #5441 ), #6234, .T. ) ;
#3234 = CARTESIAN_POINT ( 'NONE',  ( 7.000000000000000888, -55.00000000000000000, 19.99999999999999645 ) ) ;
#3235 = ORIENTED_EDGE ( 'NONE', *, *, #4398, .T. ) ;
#3236 = AXIS2_PLACEMENT_3D ( 'NONE', #5531, #3599, #1554 ) ;
#3237 = ADVANCED_FACE ( 'NONE', ( #3554 ), #894, .T. ) ;
#3238 = DIRECTION ( 'NONE',  ( 0.000000000000000000, 0.000000000000000000, -1.000000000000000000 ) ) ;
#3239 = DIRECTION ( 'NONE',  ( -1.000000000000000000, -0.000000000000000000, -0.000000000000000000 ) ) ;
#3240 = LINE ( 'NONE', #97, #7180 ) ;
#3241 = DIRECTION ( 'NONE',  ( -1.000000000000000000, -0.000000000000000000, -0.000000000000000000 ) ) ;
#3242 = DIRECTION ( 'NONE',  ( 0.000000000000000000, 0.000000000000000000, 1.000000000000000000 ) ) ;
#3243 = EDGE_LOOP ( 'NONE', ( #5849, #2108, #43 ) ) ;
#3244 = EDGE_CURVE ( 'NONE', #5289, #2052, #2424, .T. ) ;
#3245 = EDGE_CURVE ( 'NONE', #6803, #8483, #8093, .T. ) ;
#3246 = VECTOR ( 'NONE', #4599, 1000.000000000000000 ) ;
#3247 = VERTEX_POINT ( 'NONE', #4777 ) ;
#3248 = AXIS2_PLACEMENT_3D ( 'NONE', #974, #7749, #7095 ) ;
#3249 = CARTESIAN_POINT ( 'NONE',  ( 5.000000000000000000, 49.99999999999999289, -39.69999999999045315 ) ) ;
#3250 = LINE ( 'NONE', #2563, #7033 ) ;
#3251 = DIRECTION ( 'NONE',  ( 0.000000000000000000, 1.000000000000000000, -0.000000000000000000 ) ) ;
#3252 = EDGE_LOOP ( 'NONE', ( #5032, #7280, #3787, #7039 ) ) ;
#3253 = VECTOR ( 'NONE', #6186, 1000.000000000000000 ) ;
#3254 = DIRECTION ( 'NONE',  ( -1.000000000000000000, 0.000000000000000000, 0.000000000000000000 ) ) ;
#3255 = VERTEX_POINT ( 'NONE', #7440 ) ;
#3256 = FACE_OUTER_BOUND ( 'NONE', #799, .T. ) ;
#3257 = ORIENTED_EDGE ( 'NONE', *, *, #2852, .T. ) ;
#3258 = ORIENTED_EDGE ( 'NONE', *, *, #1167, .F. ) ;
#3259 = CIRCLE ( 'NONE', #1049, 4.590000000000003411 ) ;
#3260 = CARTESIAN_POINT ( 'NONE',  ( 143.6861997365472519, 40.00000000000000000, -34.99999999999999289 ) ) ;
#3261 = ORIENTED_EDGE ( 'NONE', *, *, #7781, .T. ) ;
#3262 = LINE ( 'NONE', #1105, #6021 ) ;
#3263 = EDGE_CURVE ( 'NONE', #2743, #1879, #8116, .T. ) ;
#3264 = CARTESIAN_POINT ( 'NONE',  ( 0.2996024619727405969, -43.33333333332682002, 36.27322003749451795 ) ) ;
#3265 = CIRCLE ( 'NONE', #5514, 1.849999999999999201 ) ;
#3266 = VECTOR ( 'NONE', #960, 1000.000000000000000 ) ;
#3267 = CYLINDRICAL_SURFACE ( 'NONE', #2694, 1.850000000000000977 ) ;
#3268 = ORIENTED_EDGE ( 'NONE', *, *, #8101, .T. ) ;
#3269 = CARTESIAN_POINT ( 'NONE',  ( 6.000000000000005329, 45.00000000000000000, -34.00000000000001421 ) ) ;
#3270 = CIRCLE ( 'NONE', #8156, 4.000000000000003553 ) ;
#3271 =( NAMED_UNIT ( * ) SI_UNIT ( $, .STERADIAN. ) SOLID_ANGLE_UNIT ( ) );
#3272 = VECTOR ( 'NONE', #7807, 1000.000000000000000 ) ;
#3273 = DIRECTION ( 'NONE',  ( -1.000000000000000000, -0.000000000000000000, -0.000000000000000000 ) ) ;
#3274 = EDGE_CURVE ( 'NONE', #1103, #7692, #6593, .T. ) ;
#3275 = EDGE_LOOP ( 'NONE', ( #848, #6883, #3021, #7737 ) ) ;
#3276 = FACE_OUTER_BOUND ( 'NONE', #999, .T. ) ;
#3277 = DIRECTION ( 'NONE',  ( 0.000000000000000000, 0.000000000000000000, 1.000000000000000000 ) ) ;
#3278 = LINE ( 'NONE', #2668, #5768 ) ;
#3279 = CIRCLE ( 'NONE', #8458, 1.000000000000000888 ) ;
#3280 = ORIENTED_EDGE ( 'NONE', *, *, #6713, .T. ) ;
#3281 =( LENGTH_UNIT ( ) NAMED_UNIT ( * ) SI_UNIT ( .MILLI., .METRE. ) );
#3282 = DIRECTION ( 'NONE',  ( 0.000000000000000000, 0.000000000000000000, 1.000000000000000000 ) ) ;
#3283 = DIRECTION ( 'NONE',  ( 0.000000000000000000, -1.000000000000000000, 3.469446951953610639E-15 ) ) ;
#3284 = CARTESIAN_POINT ( 'NONE',  ( 0.000000000000000000, 0.000000000000000000, 0.000000000000000000 ) ) ;
#3285 = EDGE_CURVE ( 'NONE', #6500, #3516, #1077, .T. ) ;
#3286 = EDGE_CURVE ( 'NONE', #3247, #7288, #5082, .T. ) ;
#3287 = EDGE_CURVE ( 'NONE', #4039, #6780, #6321, .T. ) ;
#3288 = CARTESIAN_POINT ( 'NONE',  ( 6.850000000000006750, 16.66666666666667140, -39.69999999999049578 ) ) ;
#3289 = LINE ( 'NONE', #4026, #5904 ) ;
#3290 = ORIENTED_EDGE ( 'NONE', *, *, #905, .F. ) ;
#3291 = AXIS2_PLACEMENT_3D ( 'NONE', #3731, #3771, #4514 ) ;
#3292 = EDGE_LOOP ( 'NONE', ( #6794, #5909, #1056, #7159 ) ) ;
#3293 = EDGE_CURVE ( 'NONE', #878, #6842, #1299, .T. ) ;
#3294 = DIRECTION ( 'NONE',  ( 1.000000000000000000, 0.000000000000000000, 0.000000000000000000 ) ) ;
#3295 = CARTESIAN_POINT ( 'NONE',  ( 143.6861997365472519, 12.66666666666667673, -34.00000000000000000 ) ) ;
#3296 = FACE_OUTER_BOUND ( 'NONE', #3711, .T. ) ;
#3297 = ORIENTED_EDGE ( 'NONE', *, *, #3940, .F. ) ;
#3298 = ADVANCED_FACE ( 'NONE', ( #418 ), #3770, .F. ) ;
#3299 = VECTOR ( 'NONE', #1459, 1000.000000000000000 ) ;
#3300 = EDGE_CURVE ( 'NONE', #8073, #5765, #985, .T. ) ;
#3301 = CARTESIAN_POINT ( 'NONE',  ( 1.000000000000000888, -12.66666666666666607, 33.99999999999999289 ) ) ;
#3302 = DIRECTION ( 'NONE',  ( -1.000000000000000000, -0.000000000000000000, -0.000000000000000000 ) ) ;
#3303 = AXIS2_PLACEMENT_3D ( 'NONE', #273, #5568, #4909 ) ;
#3304 = ORIENTED_EDGE ( 'NONE', *, *, #6135, .F. ) ;
#3305 = ORIENTED_EDGE ( 'NONE', *, *, #6450, .F. ) ;
#3306 = DIRECTION ( 'NONE',  ( 0.000000000000000000, 0.000000000000000000, -1.000000000000000000 ) ) ;
#3307 = ORIENTED_EDGE ( 'NONE', *, *, #3575, .T. ) ;
#3308 = VECTOR ( 'NONE', #4109, 1000.000000000000000 ) ;
#3309 = CARTESIAN_POINT ( 'NONE',  ( 0.1929279010998188049, -43.86534810920996108, 36.53129352287882625 ) ) ;
#3310 = ORIENTED_EDGE ( 'NONE', *, *, #7209, .F. ) ;
#3311 = FACE_OUTER_BOUND ( 'NONE', #4128, .T. ) ;
#3312 = FACE_OUTER_BOUND ( 'NONE', #6755, .T. ) ;
#3313 = ORIENTED_EDGE ( 'NONE', *, *, #5969, .T. ) ;
#3314 = VECTOR ( 'NONE', #7383, 1000.000000000000000 ) ;
#3315 = DIRECTION ( 'NONE',  ( 0.000000000000000000, 0.000000000000000000, 1.000000000000000000 ) ) ;
#3316 = EDGE_LOOP ( 'NONE', ( #8441, #5920, #2622, #8099 ) ) ;
#3317 = CYLINDRICAL_SURFACE ( 'NONE', #4606, 1.849999999999999645 ) ;
#3318 = EDGE_LOOP ( 'NONE', ( #2619, #1748, #5332, #5492 ) ) ;
#3319 = CARTESIAN_POINT ( 'NONE',  ( 0.8074032449773838049, -35.03921629175392383, 39.37499999999970157 ) ) ;
#3320 = AXIS2_PLACEMENT_3D ( 'NONE', #461, #3114, #332 ) ;
#3321 = CARTESIAN_POINT ( 'NONE',  ( 1.000000000000000888, 32.06274606680621986, 41.99999999999999289 ) ) ;
#3322 = DIRECTION ( 'NONE',  ( -1.000000000000000000, -0.000000000000000000, -0.000000000000000000 ) ) ;
#3323 = ORIENTED_EDGE ( 'NONE', *, *, #4410, .F. ) ;
#3324 = LINE ( 'NONE', #1416, #5357 ) ;
#3325 = EDGE_CURVE ( 'NONE', #3165, #3409, #1994, .T. ) ;
#3326 = AXIS2_PLACEMENT_3D ( 'NONE', #6271, #3455, #136 ) ;
#3327 = LINE ( 'NONE', #2073, #1270 ) ;
#3328 = DIRECTION ( 'NONE',  ( 0.000000000000000000, 0.000000000000000000, 1.000000000000000000 ) ) ;
#3329 = CARTESIAN_POINT ( 'NONE',  ( 2.340000000000001634, 40.00000000000000000, 39.99999999999999289 ) ) ;
#3330 = FACE_OUTER_BOUND ( 'NONE', #321, .T. ) ;
#3331 = VECTOR ( 'NONE', #6200, 1000.000000000000000 ) ;
#3332 = CARTESIAN_POINT ( 'NONE',  ( 1.000000000000000888, -45.00000000000000711, -34.00000000000000000 ) ) ;
#3333 = EDGE_CURVE ( 'NONE', #1562, #4394, #7980, .T. ) ;
#3334 = ADVANCED_FACE ( 'NONE', ( #1161 ), #1815, .F. ) ;
#3335 = DIRECTION ( 'NONE',  ( 0.000000000000000000, 0.000000000000000000, 1.000000000000000000 ) ) ;
#3336 = CARTESIAN_POINT ( 'NONE',  ( 5.000000000000009770, -16.66666666666666430, 39.50000000000000000 ) ) ;
#3337 = ORIENTED_EDGE ( 'NONE', *, *, #6694, .F. ) ;
#3338 = AXIS2_PLACEMENT_3D ( 'NONE', #71, #7373, #8023 ) ;
#3339 = AXIS2_PLACEMENT_3D ( 'NONE', #470, #6464, #3122 ) ;
#3340 = VERTEX_POINT ( 'NONE', #6369 ) ;
#3341 = DIRECTION ( 'NONE',  ( -0.000000000000000000, -1.084202172485504187E-16, 1.000000000000000000 ) ) ;
#3342 = ADVANCED_FACE ( 'NONE', ( #3160 ), #1036, .F. ) ;
#3343 = TOROIDAL_SURFACE ( 'NONE', #8239, 4.000000000000002665, 1.000000000000000000 ) ;
#3344 = ORIENTED_EDGE ( 'NONE', *, *, #3919, .T. ) ;
#3345 = VERTEX_POINT ( 'NONE', #6415 ) ;
#3346 = EDGE_CURVE ( 'NONE', #6410, #6210, #5346, .T. ) ;
#3347 = CARTESIAN_POINT ( 'NONE',  ( 143.6861997365472519, 22.66666666666667496, -41.99999999999999289 ) ) ;
#3348 = EDGE_LOOP ( 'NONE', ( #3728, #8499 ) ) ;
#3349 = FACE_OUTER_BOUND ( 'NONE', #7350, .T. ) ;
#3350 = ORIENTED_EDGE ( 'NONE', *, *, #2030, .T. ) ;
#3351 = FACE_OUTER_BOUND ( 'NONE', #3699, .T. ) ;
#3352 = CARTESIAN_POINT ( 'NONE',  ( 1.000000000000000444, 12.66666666666667673, -34.00000000000000000 ) ) ;
#3353 = VERTEX_POINT ( 'NONE', #2981 ) ;
#3354 = DIRECTION ( 'NONE',  ( 1.000000000000000000, -0.000000000000000000, -0.000000000000000000 ) ) ;
#3355 = ORIENTED_EDGE ( 'NONE', *, *, #2909, .T. ) ;
#3356 = DIRECTION ( 'NONE',  ( 0.000000000000000000, 0.000000000000000000, 1.000000000000000000 ) ) ;
#3357 = ORIENTED_EDGE ( 'NONE', *, *, #7870, .F. ) ;
#3358 = CARTESIAN_POINT ( 'NONE',  ( 7.000000000000000000, 0.000000000000000000, 40.99999999999998579 ) ) ;
#3359 = DIRECTION ( 'NONE',  ( 0.000000000000000000, 0.000000000000000000, 1.000000000000000000 ) ) ;
#3360 = DIRECTION ( 'NONE',  ( 1.000000000000000000, -0.000000000000000000, -0.000000000000000000 ) ) ;
#3361 = ORIENTED_EDGE ( 'NONE', *, *, #5913, .T. ) ;
#3362 = CARTESIAN_POINT ( 'NONE',  ( 7.000000000000000000, -32.06274606680622696, -40.99999999999997868 ) ) ;
#3363 = CARTESIAN_POINT ( 'NONE',  ( 0.2950245123688461923, 34.94144710664646425, -39.87573460082305132 ) ) ;
#3364 = DIRECTION ( 'NONE',  ( 0.000000000000000000, 0.000000000000000000, 1.000000000000000000 ) ) ;
#3365 = CARTESIAN_POINT ( 'NONE',  ( 6.000000000000002665, -10.66666666666666785, 40.99999999999998579 ) ) ;
#3366 = ORIENTED_EDGE ( 'NONE', *, *, #5493, .T. ) ;
#3367 = FACE_OUTER_BOUND ( 'NONE', #3318, .T. ) ;
#3368 = EDGE_CURVE ( 'NONE', #2743, #8288, #2561, .T. ) ;
#3369 = CARTESIAN_POINT ( 'NONE',  ( 1.000000000000000888, 22.66666666666666785, 43.00000000000000000 ) ) ;
#3370 = VECTOR ( 'NONE', #1826, 1000.000000000000000 ) ;
#3371 = CARTESIAN_POINT ( 'NONE',  ( 3.000000000000002665, -57.00000000000000000, -9.999999999999996447 ) ) ;
#3372 = CARTESIAN_POINT ( 'NONE',  ( 6.999999999999996447, -57.00000000000000000, 19.99999999999999645 ) ) ;
#3373 = ORIENTED_EDGE ( 'NONE', *, *, #4967, .T. ) ;
#3374 = CARTESIAN_POINT ( 'NONE',  ( 5.000000000000009770, -16.66666666666666430, 45.00000000000000000 ) ) ;
#3375 = CARTESIAN_POINT ( 'NONE',  ( 2.999999999999999112, -55.50000000000000000, -20.00000000000000355 ) ) ;
#3376 = CIRCLE ( 'NONE', #3541, 1.000000000000000000 ) ;
#3377 = DIRECTION ( 'NONE',  ( 1.000000000000000000, 0.000000000000000000, 0.000000000000000000 ) ) ;
#3378 = FACE_OUTER_BOUND ( 'NONE', #5769, .T. ) ;
#3379 = VECTOR ( 'NONE', #7531, 1000.000000000000000 ) ;
#3380 = ORIENTED_EDGE ( 'NONE', *, *, #6193, .F. ) ;
#3381 = ADVANCED_FACE ( 'NONE', ( #1687 ), #4334, .T. ) ;
#3382 = ADVANCED_FACE ( 'NONE', ( #3024 ), #1178, .T. ) ;
#3383 = VECTOR ( 'NONE', #226, 1000.000000000000000 ) ;
#3384 = EDGE_LOOP ( 'NONE', ( #6712, #466, #1797, #2918 ) ) ;
#3385 = FACE_OUTER_BOUND ( 'NONE', #3053, .T. ) ;
#3386 = ORIENTED_EDGE ( 'NONE', *, *, #3534, .F. ) ;
#3387 = ORIENTED_EDGE ( 'NONE', *, *, #3844, .T. ) ;
#3388 = DIRECTION ( 'NONE',  ( -1.000000000000000000, -0.000000000000000000, -0.000000000000000000 ) ) ;
#3389 = VERTEX_POINT ( 'NONE', #5705 ) ;
#3390 = TOROIDAL_SURFACE ( 'NONE', #8287, 6.000000000000001776, 1.000000000000000000 ) ;
#3391 = EDGE_CURVE ( 'NONE', #3604, #2500, #1731, .T. ) ;
#3392 = EDGE_CURVE ( 'NONE', #1430, #4929, #5226, .T. ) ;
#3393 = CARTESIAN_POINT ( 'NONE',  ( 1.000000000000000888, 43.93221901135653695, 36.52556426930555489 ) ) ;
#3394 = CARTESIAN_POINT ( 'NONE',  ( 1.000000000000000888, -12.66666666666666430, 33.00000000000000711 ) ) ;
#3395 = CARTESIAN_POINT ( 'NONE',  ( 0.000000000000000000, 20.66666666666667140, 34.00000000000000000 ) ) ;
#3396 = CIRCLE ( 'NONE', #486, 1.000000000000000888 ) ;
#3397 = ORIENTED_EDGE ( 'NONE', *, *, #2817, .F. ) ;
#3398 = ORIENTED_EDGE ( 'NONE', *, *, #6259, .T. ) ;
#3399 = VECTOR ( 'NONE', #8277, 1000.000000000000000 ) ;
#3400 = AXIS2_PLACEMENT_3D ( 'NONE', #3229, #3767, #8447 ) ;
#3401 = ORIENTED_EDGE ( 'NONE', *, *, #4482, .T. ) ;
#3402 = DIRECTION ( 'NONE',  ( 0.000000000000000000, -1.000000000000000000, 0.000000000000000000 ) ) ;
#3403 = AXIS2_PLACEMENT_3D ( 'NONE', #5165, #1227, #1832 ) ;
#3404 = EDGE_CURVE ( 'NONE', #3191, #4838, #7307, .T. ) ;
#3405 = ORIENTED_EDGE ( 'NONE', *, *, #4433, .F. ) ;
#3406 = CARTESIAN_POINT ( 'NONE',  ( 2.499999999999998668, -56.50000000000000000, 9.999999999999996447 ) ) ;
#3407 = DIRECTION ( 'NONE',  ( 1.000000000000000000, 0.000000000000000000, 0.000000000000000000 ) ) ;
#3408 = DIRECTION ( 'NONE',  ( 0.000000000000000000, 0.000000000000000000, -1.000000000000000000 ) ) ;
#3409 = VERTEX_POINT ( 'NONE', #6535 ) ;
#3410 = DIRECTION ( 'NONE',  ( 0.000000000000000000, 0.000000000000000000, 1.000000000000000000 ) ) ;
#3411 = DIRECTION ( 'NONE',  ( 0.000000000000000000, 0.000000000000000000, 1.000000000000000000 ) ) ;
#3412 = AXIS2_PLACEMENT_3D ( 'NONE', #8623, #7328, #186 ) ;
#3413 = DIRECTION ( 'NONE',  ( 0.000000000000000000, 0.000000000000000000, 1.000000000000000000 ) ) ;
#3414 = ORIENTED_EDGE ( 'NONE', *, *, #292, .F. ) ;
#3415 = DIRECTION ( 'NONE',  ( -0.7071067811865464625, 8.659560562354947649E-17, -0.7071067811865486830 ) ) ;
#3416 = CIRCLE ( 'NONE', #7470, 1.000000000000000888 ) ;
#3417 = DIRECTION ( 'NONE',  ( 0.000000000000000000, 0.000000000000000000, 1.000000000000000000 ) ) ;
#3418 = DIRECTION ( 'NONE',  ( 0.000000000000000000, -5.551115123125777653E-14, 1.000000000000000000 ) ) ;
#3419 = DIRECTION ( 'NONE',  ( -1.000000000000000000, 0.000000000000000000, 0.000000000000000000 ) ) ;
#3420 = ORIENTED_EDGE ( 'NONE', *, *, #7924, .T. ) ;
#3421 = CARTESIAN_POINT ( 'NONE',  ( 6.000000000000005329, 40.00000000000000000, -39.99999999999999289 ) ) ;
#3422 = VECTOR ( 'NONE', #2225, 1000.000000000000000 ) ;
#3423 = EDGE_CURVE ( 'NONE', #6330, #6900, #1444, .T. ) ;
#3424 = FACE_OUTER_BOUND ( 'NONE', #5583, .T. ) ;
#3425 = PLANE ( 'NONE',  #5935 ) ;
#3426 = ORIENTED_EDGE ( 'NONE', *, *, #3610, .F. ) ;
#3427 = AXIS2_PLACEMENT_3D ( 'NONE', #2949, #1564, #910 ) ;
#3428 = ORIENTED_EDGE ( 'NONE', *, *, #6506, .T. ) ;
#3429 = PLANE ( 'NONE',  #5537 ) ;
#3430 = ORIENTED_EDGE ( 'NONE', *, *, #2010, .F. ) ;
#3431 = VERTEX_POINT ( 'NONE', #3321 ) ;
#3432 = EDGE_CURVE ( 'NONE', #5170, #1488, #2710, .T. ) ;
#3433 = CARTESIAN_POINT ( 'NONE',  ( 1.000000000000000888, -12.66666666666666963, 40.99999999999998579 ) ) ;
#3434 = ORIENTED_EDGE ( 'NONE', *, *, #3715, .T. ) ;
#3435 = CARTESIAN_POINT ( 'NONE',  ( 1.000000000000000888, -46.00000000000000711, 35.52786404500041328 ) ) ;
#3436 = VECTOR ( 'NONE', #587, 1000.000000000000000 ) ;
#3437 = CARTESIAN_POINT ( 'NONE',  ( 1.000000000000000888, -11.66666666666666963, 40.99999999999998579 ) ) ;
#3438 = LINE ( 'NONE', #737, #4981 ) ;
#3439 = VERTEX_POINT ( 'NONE', #5389 ) ;
#3440 = VERTEX_POINT ( 'NONE', #623 ) ;
#3441 = ADVANCED_FACE ( 'NONE', ( #3199 ), #3943, .F. ) ;
#3442 = DIRECTION ( 'NONE',  ( 0.000000000000000000, 1.000000000000000000, 0.000000000000000000 ) ) ;
#3443 = EDGE_CURVE ( 'NONE', #6780, #6803, #7438, .T. ) ;
#3444 = ORIENTED_EDGE ( 'NONE', *, *, #8253, .F. ) ;
#3445 = COLOUR_RGB ( '',0.7921568627450980005, 0.8196078431372548767, 0.9333333333333333481 ) ;
#3446 = DIRECTION ( 'NONE',  ( 0.000000000000000000, -1.000000000000000000, 0.000000000000000000 ) ) ;
#3447 = ORIENTED_EDGE ( 'NONE', *, *, #3635, .F. ) ;
#3448 = DIRECTION ( 'NONE',  ( 0.000000000000000000, 0.000000000000000000, -1.000000000000000000 ) ) ;
#3449 = AXIS2_PLACEMENT_3D ( 'NONE', #6449, #7612, #6961 ) ;
#3450 = VERTEX_POINT ( 'NONE', #4556 ) ;
#3451 = CARTESIAN_POINT ( 'NONE',  ( 7.500000000000000888, -56.50000000000000000, -9.999999999999996447 ) ) ;
#3452 = DIRECTION ( 'NONE',  ( -1.000000000000000000, -0.000000000000000000, -0.000000000000000000 ) ) ;
#3453 = CARTESIAN_POINT ( 'NONE',  ( 3.000000000000002665, -57.00000000000000000, -9.999999999999996447 ) ) ;
#3454 = ADVANCED_FACE ( 'NONE', ( #1850 ), #2549, .F. ) ;
#3455 = DIRECTION ( 'NONE',  ( -1.000000000000000000, -0.000000000000000000, -0.000000000000000000 ) ) ;
#3456 = DIRECTION ( 'NONE',  ( 0.000000000000000000, 1.000000000000000000, 0.000000000000000000 ) ) ;
#3457 = ORIENTED_EDGE ( 'NONE', *, *, #6751, .T. ) ;
#3458 = AXIS2_PLACEMENT_3D ( 'NONE', #4694, #1385, #1905 ) ;
#3459 = DIRECTION ( 'NONE',  ( -1.000000000000000000, -0.000000000000000000, -0.000000000000000000 ) ) ;
#3460 = CARTESIAN_POINT ( 'NONE',  ( 1.000000000000000888, -22.66666666666666075, 40.99999999999998579 ) ) ;
#3461 = CARTESIAN_POINT ( 'NONE',  ( 7.000000000000000000, 44.00000000000000711, -35.52786404500041328 ) ) ;
#3462 = CARTESIAN_POINT ( 'NONE',  ( 1.000000000000000888, 44.00000000000000711, 35.52786404500041328 ) ) ;
#3463 = CARTESIAN_POINT ( 'NONE',  ( 6.000000000000005329, -46.00000000000000711, -32.00000000000000000 ) ) ;
#3464 = CIRCLE ( 'NONE', #4304, 1.000000000000007772 ) ;
#3465 = ORIENTED_EDGE ( 'NONE', *, *, #3490, .F. ) ;
#3466 = CARTESIAN_POINT ( 'NONE',  ( 143.6861997365472519, -32.06274606680621986, 41.99999999999999289 ) ) ;
#3467 = PLANE ( 'NONE',  #3904 ) ;
#3468 = CARTESIAN_POINT ( 'NONE',  ( 0.000000000000000000, 51.00000000000000000, -32.00000000000001421 ) ) ;
#3469 = ORIENTED_EDGE ( 'NONE', *, *, #6259, .F. ) ;
#3470 = AXIS2_PLACEMENT_3D ( 'NONE', #6317, #3549, #319 ) ;
#3471 = AXIS2_PLACEMENT_3D ( 'NONE', #1295, #7275, #4567 ) ;
#3472 = ORIENTED_EDGE ( 'NONE', *, *, #2498, .F. ) ;
#3473 = CARTESIAN_POINT ( 'NONE',  ( 143.6861997365472519, 11.66666666666667318, -40.99999999999999289 ) ) ;
#3474 = ORIENTED_EDGE ( 'NONE', *, *, #6015, .T. ) ;
#3475 = AXIS2_PLACEMENT_3D ( 'NONE', #6018, #3251, #2680 ) ;
#3476 = CARTESIAN_POINT ( 'NONE',  ( 0.8528190073562169626, 34.96837106548038321, 39.77238165000721182 ) ) ;
#3477 = ORIENTED_EDGE ( 'NONE', *, *, #8585, .F. ) ;
#3478 = CARTESIAN_POINT ( 'NONE',  ( 1.000000000000000888, 10.66666666666667140, 41.99999999999998579 ) ) ;
#3479 = VECTOR ( 'NONE', #980, 1000.000000000000000 ) ;
#3480 = EDGE_CURVE ( 'NONE', #4571, #6583, #3673, .T. ) ;
#3481 = DIRECTION ( 'NONE',  ( 0.000000000000000000, 1.000000000000000000, -0.000000000000000000 ) ) ;
#3482 = CARTESIAN_POINT ( 'NONE',  ( 1.000000000000000444, -35.52209655803508781, -41.00820670719788552 ) ) ;
#3483 = ORIENTED_EDGE ( 'NONE', *, *, #4123, .T. ) ;
#3484 = EDGE_LOOP ( 'NONE', ( #6662, #2361, #4750, #5760 ) ) ;
#3485 = ORIENTED_EDGE ( 'NONE', *, *, #1639, .T. ) ;
#3486 = FACE_OUTER_BOUND ( 'NONE', #311, .T. ) ;
#3487 = CARTESIAN_POINT ( 'NONE',  ( 7.000000000000266454, -49.99999999999999289, -45.00000000000000000 ) ) ;
#3488 = ORIENTED_EDGE ( 'NONE', *, *, #4307, .T. ) ;
#3489 = CARTESIAN_POINT ( 'NONE',  ( 2.499999999999999556, -55.50000000000000000, -9.999999999999996447 ) ) ;
#3490 = EDGE_CURVE ( 'NONE', #3691, #7156, #6052, .T. ) ;
#3491 = DIRECTION ( 'NONE',  ( 0.000000000000000000, 0.000000000000000000, 1.000000000000000000 ) ) ;
#3492 = VECTOR ( 'NONE', #490, 1000.000000000000000 ) ;
#3493 = ORIENTED_EDGE ( 'NONE', *, *, #4168, .F. ) ;
#3494 = DIRECTION ( 'NONE',  ( -1.000000000000000000, 0.000000000000000000, 0.000000000000000000 ) ) ;
#3495 = CARTESIAN_POINT ( 'NONE',  ( 1.000000000000000000, 51.00000000000000000, -34.00000000000000711 ) ) ;
#3496 = DIRECTION ( 'NONE',  ( 1.000000000000000000, 0.000000000000000000, 0.000000000000000000 ) ) ;
#3497 = DIRECTION ( 'NONE',  ( 1.000000000000000000, -0.000000000000000000, -0.000000000000000000 ) ) ;
#3498 = LINE ( 'NONE', #7479, #3617 ) ;
#3499 = ORIENTED_EDGE ( 'NONE', *, *, #5540, .F. ) ;
#3500 =( BOUNDED_SURFACE ( )  B_SPLINE_SURFACE ( 3, 2, ( 
 ( #1903, #4562, #4391 ),
 ( #1088, #1743, #6576 ),
 ( #553, #5758, #1824 ),
 ( #7766, #1863, #7116 ),
 ( #3037, #3168, #8414 ),
 ( #1783, #8531, #514 ),
 ( #7227, #5852, #3740 ),
 ( #7808, #1256, #6542 ) ),
 .UNSPECIFIED., .F., .F., .T. ) 
 B_SPLINE_SURFACE_WITH_KNOTS ( ( 4, 2, 2, 4 ),
 ( 3, 3 ),
 ( 0.001912652397232963899, 0.002727508764181209213, 0.003134936947655331870, 0.003542365131129454527 ),
 ( 0.000000000000000000, 1.000000000000000000 ),
 .UNSPECIFIED. ) 
 GEOMETRIC_REPRESENTATION_ITEM ( )  RATIONAL_B_SPLINE_SURFACE ( (
 ( 1.000000000000000000, 0.8916277250063479043, 1.000000000000000000),
 ( 1.000000000000000000, 0.8919381975241481575, 1.000000000000000000),
 ( 1.000000000000000000, 0.8711721823698056477, 1.000000000000000000),
 ( 1.000000000000000000, 0.8195381867817946864, 1.000000000000000000),
 ( 1.000000000000000000, 0.7991417260203266260, 1.000000000000000000),
 ( 1.000000000000000000, 0.7548872248829099352, 1.000000000000000000),
 ( 1.000000000000000000, 0.7310289589549576750, 1.000000000000000000),
 ( 1.000000000000000000, 0.7071067811865472397, 1.000000000000000000) ) ) 
 REPRESENTATION_ITEM ( '' )  SURFACE ( )  );
#3501 = EDGE_CURVE ( 'NONE', #3668, #8003, #2684, .T. ) ;
#3502 = CARTESIAN_POINT ( 'NONE',  ( 143.6861997365472519, -44.00000000000000711, 36.52786404500041328 ) ) ;
#3503 = CARTESIAN_POINT ( 'NONE',  ( 2.499999999999998668, -56.50000000000000000, -9.999999999999996447 ) ) ;
#3504 = CARTESIAN_POINT ( 'NONE',  ( 1.000000000000000888, -20.66666666666666075, 33.99999999999999289 ) ) ;
#3505 = ADVANCED_FACE ( 'NONE', ( #5999 ), #5882, .F. ) ;
#3506 = CARTESIAN_POINT ( 'NONE',  ( 143.6861997365472519, -45.00000000000000711, -34.00000000000000000 ) ) ;
#3507 = DIRECTION ( 'NONE',  ( 0.000000000000000000, 0.000000000000000000, 1.000000000000000000 ) ) ;
#3508 = EDGE_LOOP ( 'NONE', ( #7541, #4617, #563 ) ) ;
#3509 = DIRECTION ( 'NONE',  ( 0.000000000000000000, 0.000000000000000000, 1.000000000000000000 ) ) ;
#3510 = DIRECTION ( 'NONE',  ( -0.000000000000000000, 1.000000000000000000, 2.775557561562896479E-15 ) ) ;
#3511 = DIRECTION ( 'NONE',  ( 0.000000000000000000, 0.000000000000000000, 1.000000000000000000 ) ) ;
#3512 = ORIENTED_EDGE ( 'NONE', *, *, #8610, .T. ) ;
#3513 = VECTOR ( 'NONE', #7913, 1000.000000000000000 ) ;
#3514 = CIRCLE ( 'NONE', #6860, 1.850000000000000977 ) ;
#3515 = EDGE_CURVE ( 'NONE', #3431, #6697, #2142, .T. ) ;
#3516 = VERTEX_POINT ( 'NONE', #4680 ) ;
#3517 = DIRECTION ( 'NONE',  ( 0.000000000000000000, 1.000000000000000000, -0.000000000000000000 ) ) ;
#3518 = AXIS2_PLACEMENT_3D ( 'NONE', #5355, #7855, #6515 ) ;
#3519 = ORIENTED_EDGE ( 'NONE', *, *, #4365, .T. ) ;
#3520 = VECTOR ( 'NONE', #3643, 1000.000000000000000 ) ;
#3521 = CARTESIAN_POINT ( 'NONE',  ( 6.000000000000005329, -43.33333333333333570, 36.27322003750034440 ) ) ;
#3522 = ORIENTED_EDGE ( 'NONE', *, *, #8138, .T. ) ;
#3523 = CLOSED_SHELL ( 'NONE', ( #1720, #6606, #8031, #4421, #5464, #1762, #1341, #413, #374, #3003, #6309, #7513, #2646, #6300, #1991, #8295, #3441, #2066, #1068, #439, #1118, #3927, #13, #1428, #7803, #7089, #5274, #1610, #5394, #2796, #5234, #4078, #3830, #3798, #8321, #3664, #3735, #4834, #2077, #6541, #6637, #4352, #6496, #6740, #4263, #7062, #5808, #1752, #3721, #8136, #3972, #906, #889, #3454, #1332, #4824, #3831, #891, #3040, #5928, #3381, #4179, #3783, #6655, #5192, #2024, #6990, #4200, #7620, #5142, #7132, #2285, #3195, #4192, #3233, #6097, #840, #1795, #17, #8067, #1071, #1046, #2264, #2540, #7396, #5314, #6559, #1773, #6248, #8469, #5233, #1082, #4308, #4984, #1393, #3075, #4845, #4092, #5654, #5291, #5653, #3709, #4685, #3559, #5772, #4782, #1860, #3505, #7442, #5071, #5370, #597, #1122, #2213, #307, #8149, #706, #4581, #5017, #7553, #8189, #4629, #3910, #3558, #5146, #7312, #1947, #856, #7707, #7262, #4854, #3884, #6192, #6528, #309, #1483, #7978, #5669, #6972, #7721, #2810, #1770, #1839, #8570, #5952, #5020, #1649, #2222, #1594, #79, #6123, #246, #5330, #568, #1132, #561, #3136, #4543, #5615, #838, #6020, #610, #1183, #6812, #1109, #91, #7344, #2925, #1969, #2637, #656, #5971, #4483, #4462, #1228, #6667, #6885, #6001, #3698, #3382, #4475, #8440, #3929, #1848, #7989, #205, #8267, #857, #5584, #7932, #2162, #6514, #7818, #7847, #4333, #6609, #4203, #4859, #6930, #2341, #8043, #7563, #5875, #6903, #5281, #3334, #3883, #6112, #4966, #5914, #7336, #1417, #7003, #4229, #6920, #3567, #8629, #1967, #7933, #1195, #1432, #3014, #4137, #4912, #7772, #4037, #2449, #4464, #2249, #6180, #6810, #4745, #775, #5396, #118, #7592, #4736, #4319, #7946, #4632, #2080, #8371, #6237, #7045, #4558, #6244, #5322, #7054, #7879, #2647, #817, #736, #95, #5361, #6762, #5179, #7935, #1169, #3666, #3984, #7249, #691, #257, #3986, #7968, #8040, #1919, #6954, #3768, #3342, #6290, #6585, #5486, #2519, #5424, #5776, #6375, #6392, #2838, #3964, #6702, #3894, #7835, #351, #8147, #3650, #3845, #3237, #5551, #4998, #2231, #6077, #3298, #8124, #8091, #6619, #788, #1157, #945 ) ) ;
#3524 = DIRECTION ( 'NONE',  ( 0.000000000000000000, 0.000000000000000000, 1.000000000000000000 ) ) ;
#3525 = VECTOR ( 'NONE', #7391, 1000.000000000000000 ) ;
#3526 = CARTESIAN_POINT ( 'NONE',  ( 0.000000000000000000, -40.00000000000000000, -39.99999999999999289 ) ) ;
#3527 = DIRECTION ( 'NONE',  ( 0.000000000000000000, 0.000000000000000000, 1.000000000000000000 ) ) ;
#3528 = CARTESIAN_POINT ( 'NONE',  ( 7.000000000000002665, 40.00000000000000000, -33.99999999999998579 ) ) ;
#3529 = EDGE_LOOP ( 'NONE', ( #8255, #7581, #8164, #1584 ) ) ;
#3530 = ORIENTED_EDGE ( 'NONE', *, *, #4351, .T. ) ;
#3531 = CIRCLE ( 'NONE', #2559, 1.849999999999999645 ) ;
#3532 = AXIS2_PLACEMENT_3D ( 'NONE', #2657, #5333, #7983 ) ;
#3533 = ORIENTED_EDGE ( 'NONE', *, *, #5753, .T. ) ;
#3534 = EDGE_CURVE ( 'NONE', #6803, #6780, #6738, .T. ) ;
#3535 = FACE_OUTER_BOUND ( 'NONE', #6269, .T. ) ;
#3536 = DIRECTION ( 'NONE',  ( 0.000000000000000000, 1.000000000000000000, -0.000000000000000000 ) ) ;
#3537 = ORIENTED_EDGE ( 'NONE', *, *, #837, .F. ) ;
#3538 = CARTESIAN_POINT ( 'NONE',  ( 5.000000000000005329, 16.66666666666667140, 39.50000000000000000 ) ) ;
#3539 = CIRCLE ( 'NONE', #8293, 0.9999999999999974465 ) ;
#3540 = DIRECTION ( 'NONE',  ( 0.000000000000000000, 0.9977002243051337205, 0.06778098864346907004 ) ) ;
#3541 = AXIS2_PLACEMENT_3D ( 'NONE', #4941, #7689, #1006 ) ;
#3542 = VECTOR ( 'NONE', #2426, 1000.000000000000000 ) ;
#3543 = ORIENTED_EDGE ( 'NONE', *, *, #1892, .T. ) ;
#3544 = FACE_OUTER_BOUND ( 'NONE', #5373, .T. ) ;
#3545 = DIRECTION ( 'NONE',  ( 0.000000000000000000, 0.000000000000000000, 1.000000000000000000 ) ) ;
#3546 = DIRECTION ( 'NONE',  ( 1.000000000000000000, 0.000000000000000000, 0.000000000000000000 ) ) ;
#3547 = AXIS2_PLACEMENT_3D ( 'NONE', #5683, #6989, #8339 ) ;
#3548 = EDGE_CURVE ( 'NONE', #1193, #7768, #7035, .T. ) ;
#3549 = DIRECTION ( 'NONE',  ( 1.000000000000000000, -0.000000000000000000, -0.000000000000000000 ) ) ;
#3550 = DIRECTION ( 'NONE',  ( -0.000000000000000000, 1.000000000000000000, -0.000000000000000000 ) ) ;
#3551 = AXIS2_PLACEMENT_3D ( 'NONE', #4469, #544, #8523 ) ;
#3552 = DIRECTION ( 'NONE',  ( -1.000000000000000000, -0.000000000000000000, -0.000000000000000000 ) ) ;
#3553 = CYLINDRICAL_SURFACE ( 'NONE', #4385, 1.000000000000000888 ) ;
#3554 = FACE_OUTER_BOUND ( 'NONE', #5761, .T. ) ;
#3555 = CARTESIAN_POINT ( 'NONE',  ( 7.000000000000000888, -55.00000000000000000, -19.99999999999999645 ) ) ;
#3556 = CIRCLE ( 'NONE', #7189, 1.000000000000003997 ) ;
#3557 = DIRECTION ( 'NONE',  ( 0.000000000000000000, 0.000000000000000000, 1.000000000000000000 ) ) ;
#3558 = ADVANCED_FACE ( 'NONE', ( #40 ), #4513, .F. ) ;
#3559 = ADVANCED_FACE ( 'NONE', ( #6571 ), #3861, .F. ) ;
#3560 = DIRECTION ( 'NONE',  ( -1.000000000000000000, -0.000000000000000000, -0.000000000000000000 ) ) ;
#3561 = EDGE_CURVE ( 'NONE', #4107, #1314, #8564, .T. ) ;
#3562 = CARTESIAN_POINT ( 'NONE',  ( 6.000000000000005329, 51.00000000000000000, -33.00000000000000711 ) ) ;
#3563 = CARTESIAN_POINT ( 'NONE',  ( 6.000000000000005329, 51.99999999999999289, 32.00000000000000000 ) ) ;
#3564 = ORIENTED_EDGE ( 'NONE', *, *, #6277, .F. ) ;
#3565 = AXIS2_PLACEMENT_3D ( 'NONE', #4757, #5990, #4851 ) ;
#3566 = ORIENTED_EDGE ( 'NONE', *, *, #6015, .F. ) ;
#3567 = ADVANCED_FACE ( 'NONE', ( #6605 ), #271, .F. ) ;
#3568 = ORIENTED_EDGE ( 'NONE', *, *, #454, .T. ) ;
#3569 = CARTESIAN_POINT ( 'NONE',  ( 0.000000000000000000, -51.00000000000000711, -32.00000000000000000 ) ) ;
#3570 = VECTOR ( 'NONE', #6517, 1000.000000000000000 ) ;
#3571 = ORIENTED_EDGE ( 'NONE', *, *, #2275, .F. ) ;
#3572 = EDGE_CURVE ( 'NONE', #6902, #1087, #7727, .T. ) ;
#3573 = CARTESIAN_POINT ( 'NONE',  ( 1.328289483460458322E-09, 43.41463150619050282, 36.93024403089740559 ) ) ;
#3574 = ORIENTED_EDGE ( 'NONE', *, *, #2960, .T. ) ;
#3575 = EDGE_CURVE ( 'NONE', #4204, #8120, #5352, .T. ) ;
#3576 = AXIS2_PLACEMENT_3D ( 'NONE', #1999, #4702, #4792 ) ;
#3577 = CARTESIAN_POINT ( 'NONE',  ( 6.000000000000005329, -10.66666666666666785, 41.99999999999998579 ) ) ;
#3578 = CARTESIAN_POINT ( 'NONE',  ( 10.00000000000000000, -55.00000000000000000, -9.999999999999996447 ) ) ;
#3579 = FACE_OUTER_BOUND ( 'NONE', #8226, .T. ) ;
#3580 = ORIENTED_EDGE ( 'NONE', *, *, #7414, .T. ) ;
#3581 = ORIENTED_EDGE ( 'NONE', *, *, #7550, .F. ) ;
#3582 = CARTESIAN_POINT ( 'NONE',  ( 6.850000000000002309, 49.99999999999999289, 39.69999999998340456 ) ) ;
#3583 = EDGE_LOOP ( 'NONE', ( #613, #2571, #1142, #5803 ) ) ;
#3584 = VECTOR ( 'NONE', #3459, 1000.000000000000000 ) ;
#3585 = FACE_OUTER_BOUND ( 'NONE', #5979, .T. ) ;
#3586 = ORIENTED_EDGE ( 'NONE', *, *, #6362, .F. ) ;
#3587 = LINE ( 'NONE', #8307, #4675 ) ;
#3588 = CARTESIAN_POINT ( 'NONE',  ( 6.000000000000005329, 46.00000000000001421, 34.00000000000001421 ) ) ;
#3589 = ORIENTED_EDGE ( 'NONE', *, *, #7097, .T. ) ;
#3590 = CIRCLE ( 'NONE', #6254, 1.000000000000000000 ) ;
#3591 = LINE ( 'NONE', #6137, #6413 ) ;
#3592 = DIRECTION ( 'NONE',  ( 0.000000000000000000, 0.000000000000000000, -1.000000000000000000 ) ) ;
#3593 = CARTESIAN_POINT ( 'NONE',  ( 7.000000000000000000, 10.66666666666667140, 34.00000000000000000 ) ) ;
#3594 = PLANE ( 'NONE',  #900 ) ;
#3595 = ORIENTED_EDGE ( 'NONE', *, *, #5060, .T. ) ;
#3596 = CYLINDRICAL_SURFACE ( 'NONE', #1359, 1.850000000000001865 ) ;
#3597 = DIRECTION ( 'NONE',  ( -1.000000000000000000, 0.000000000000000000, 0.000000000000000000 ) ) ;
#3598 = CIRCLE ( 'NONE', #7226, 1.000000000000000666 ) ;
#3599 = DIRECTION ( 'NONE',  ( -1.000000000000000000, -0.000000000000000000, -0.000000000000000000 ) ) ;
#3600 = DIRECTION ( 'NONE',  ( 0.000000000000000000, 0.000000000000000000, 1.000000000000000000 ) ) ;
#3601 = EDGE_CURVE ( 'NONE', #5688, #5175, #880, .T. ) ;
#3602 = CARTESIAN_POINT ( 'NONE',  ( 6.000000000000005329, -21.66666666666666075, -40.99999999999998579 ) ) ;
#3603 = ORIENTED_EDGE ( 'NONE', *, *, #7414, .F. ) ;
#3604 = VERTEX_POINT ( 'NONE', #2067 ) ;
#3605 = DIRECTION ( 'NONE',  ( 0.000000000000000000, 0.000000000000000000, 1.000000000000000000 ) ) ;
#3606 = AXIS2_PLACEMENT_3D ( 'NONE', #5598, #5511, #5558 ) ;
#3607 = DIRECTION ( 'NONE',  ( 0.000000000000000000, -1.000000000000000000, 0.000000000000000000 ) ) ;
#3608 = ORIENTED_EDGE ( 'NONE', *, *, #2531, .T. ) ;
#3609 = ORIENTED_EDGE ( 'NONE', *, *, #4473, .F. ) ;
#3610 = EDGE_CURVE ( 'NONE', #3068, #1626, #4726, .T. ) ;
#3611 = EDGE_CURVE ( 'NONE', #4181, #4411, #334, .T. ) ;
#3612 = VERTEX_POINT ( 'NONE', #4906 ) ;
#3613 = DIRECTION ( 'NONE',  ( -1.000000000000000000, -0.000000000000000000, -0.000000000000000000 ) ) ;
#3614 = ORIENTED_EDGE ( 'NONE', *, *, #1265, .F. ) ;
#3615 = DIRECTION ( 'NONE',  ( 0.000000000000000000, 0.000000000000000000, 1.000000000000000000 ) ) ;
#3616 = VERTEX_POINT ( 'NONE', #4187 ) ;
#3617 = VECTOR ( 'NONE', #6965, 1000.000000000000000 ) ;
#3618 = VECTOR ( 'NONE', #3639, 1000.000000000000000 ) ;
#3619 = DIRECTION ( 'NONE',  ( -1.000000000000000000, -0.000000000000000000, -0.000000000000000000 ) ) ;
#3620 = CYLINDRICAL_SURFACE ( 'NONE', #8569, 1.000000000000000888 ) ;
#3621 = EDGE_CURVE ( 'NONE', #2398, #3165, #5089, .T. ) ;
#3622 = CARTESIAN_POINT ( 'NONE',  ( 1.000000000000000888, -10.66666666666666785, 42.99999999999999289 ) ) ;
#3623 = EDGE_CURVE ( 'NONE', #2651, #7333, #2240, .T. ) ;
#3624 = DIRECTION ( 'NONE',  ( 0.000000000000000000, -0.7453559924999296760, 0.6666666666666669627 ) ) ;
#3625 = CIRCLE ( 'NONE', #8635, 1.000000000000000666 ) ;
#3626 = EDGE_LOOP ( 'NONE', ( #6768, #6383, #7764, #7941, #971, #7083 ) ) ;
#3627 = VERTEX_POINT ( 'NONE', #6091 ) ;
#3628 = VERTEX_POINT ( 'NONE', #6267 ) ;
#3629 = DIRECTION ( 'NONE',  ( 0.000000000000000000, 0.000000000000000000, -1.000000000000000000 ) ) ;
#3630 = AXIS2_PLACEMENT_3D ( 'NONE', #4687, #3941, #4022 ) ;
#3631 = DIRECTION ( 'NONE',  ( 0.02829055873697648021, 3.464594220332843552E-18, -0.9995997420399574951 ) ) ;
#3632 = ORIENTED_EDGE ( 'NONE', *, *, #2510, .F. ) ;
#3633 = DIRECTION ( 'NONE',  ( 0.000000000000000000, 0.000000000000000000, 1.000000000000000000 ) ) ;
#3634 = DIRECTION ( 'NONE',  ( -1.000000000000000000, 0.000000000000000000, 0.000000000000000000 ) ) ;
#3635 = EDGE_CURVE ( 'NONE', #1391, #8059, #2288, .T. ) ;
#3636 = ORIENTED_EDGE ( 'NONE', *, *, #4447, .T. ) ;
#3637 = FACE_OUTER_BOUND ( 'NONE', #5597, .T. ) ;
#3638 = DIRECTION ( 'NONE',  ( 0.000000000000000000, 1.000000000000000000, 0.000000000000000000 ) ) ;
#3639 = DIRECTION ( 'NONE',  ( -0.000000000000000000, -0.000000000000000000, 1.000000000000000000 ) ) ;
#3640 = CARTESIAN_POINT ( 'NONE',  ( 6.000000000000005329, -44.00000000000000711, 35.52786404500041328 ) ) ;
#3641 = VERTEX_POINT ( 'NONE', #4234 ) ;
#3642 = DIRECTION ( 'NONE',  ( -1.000000000000000000, -0.000000000000000000, -0.000000000000000000 ) ) ;
#3643 = DIRECTION ( 'NONE',  ( -0.000000000000000000, -0.000000000000000000, 1.000000000000000000 ) ) ;
#3644 = CARTESIAN_POINT ( 'NONE',  ( 6.000000000000005329, 44.00000000000000711, 35.52786404500041328 ) ) ;
#3645 = DIRECTION ( 'NONE',  ( 0.000000000000000000, 0.000000000000000000, 1.000000000000000000 ) ) ;
#3646 = ORIENTED_EDGE ( 'NONE', *, *, #5886, .F. ) ;
#3647 = DIRECTION ( 'NONE',  ( -0.000000000000000000, -0.000000000000000000, 1.000000000000000000 ) ) ;
#3648 = DIRECTION ( 'NONE',  ( 0.000000000000000000, -0.000000000000000000, 1.000000000000000000 ) ) ;
#3649 = EDGE_LOOP ( 'NONE', ( #4674, #4350, #1878, #1190 ) ) ;
#3650 = ADVANCED_FACE ( 'NONE', ( #175 ), #1497, .T. ) ;
#3651 = ORIENTED_EDGE ( 'NONE', *, *, #6703, .F. ) ;
#3652 = EDGE_LOOP ( 'NONE', ( #5545, #5863, #3117, #4221 ) ) ;
#3653 = DIRECTION ( 'NONE',  ( -1.000000000000000000, -0.000000000000000000, -0.000000000000000000 ) ) ;
#3654 = CARTESIAN_POINT ( 'NONE',  ( 0.000000000000000000, -55.00000000000000000, -9.999999999999996447 ) ) ;
#3655 = ORIENTED_EDGE ( 'NONE', *, *, #1219, .T. ) ;
#3656 = EDGE_CURVE ( 'NONE', #6673, #7571, #8081, .T. ) ;
#3657 = CARTESIAN_POINT ( 'NONE',  ( 1.000000000000000888, -44.00000000000000711, 35.52786404500041328 ) ) ;
#3658 = DIRECTION ( 'NONE',  ( -1.000000000000000000, 0.000000000000000000, 0.000000000000000000 ) ) ;
#3659 = AXIS2_PLACEMENT_3D ( 'NONE', #5189, #7757, #459 ) ;
#3660 = DIRECTION ( 'NONE',  ( -1.000000000000000000, 0.000000000000000000, 0.000000000000000000 ) ) ;
#3661 = VERTEX_POINT ( 'NONE', #6172 ) ;
#3662 = ORIENTED_EDGE ( 'NONE', *, *, #6710, .T. ) ;
#3663 = ORIENTED_EDGE ( 'NONE', *, *, #4670, .F. ) ;
#3664 = ADVANCED_FACE ( 'NONE', ( #5565 ), #745, .F. ) ;
#3665 = CARTESIAN_POINT ( 'NONE',  ( 0.000000000000000000, 40.00000000000000000, -44.58999999999999631 ) ) ;
#3666 = ADVANCED_FACE ( 'NONE', ( #836 ), #2106, .F. ) ;
#3667 = SPHERICAL_SURFACE ( 'NONE', #6209, 1.000000000000000000 ) ;
#3668 = VERTEX_POINT ( 'NONE', #6132 ) ;
#3669 = DIRECTION ( 'NONE',  ( 0.000000000000000000, 0.000000000000000000, 1.000000000000000000 ) ) ;
#3670 = DIRECTION ( 'NONE',  ( 0.000000000000000000, 0.000000000000000000, 1.000000000000000000 ) ) ;
#3671 = VECTOR ( 'NONE', #6104, 1000.000000000000000 ) ;
#3672 = ORIENTED_EDGE ( 'NONE', *, *, #1873, .T. ) ;
#3673 = CIRCLE ( 'NONE', #740, 1.000000000000000888 ) ;
#3674 = DIRECTION ( 'NONE',  ( 0.000000000000000000, 0.000000000000000000, 1.000000000000000000 ) ) ;
#3675 = LINE ( 'NONE', #4329, #825 ) ;
#3676 = CARTESIAN_POINT ( 'NONE',  ( 143.6861997365472519, -11.66666666666667140, -40.99999999999998579 ) ) ;
#3677 = ORIENTED_EDGE ( 'NONE', *, *, #4844, .F. ) ;
#3678 = EDGE_CURVE ( 'NONE', #8216, #6902, #2832, .T. ) ;
#3679 = VECTOR ( 'NONE', #3647, 1000.000000000000000 ) ;
#3680 = CIRCLE ( 'NONE', #4224, 1.849999999999999201 ) ;
#3681 = CARTESIAN_POINT ( 'NONE',  ( 10.00000000000000178, -56.99999999999998579, -19.99999999999999645 ) ) ;
#3682 = CARTESIAN_POINT ( 'NONE',  ( 0.8074032449773820286, -42.66666666666667851, -37.01857603000026842 ) ) ;
#3683 = LINE ( 'NONE', #8364, #3860 ) ;
#3684 = PLANE ( 'NONE',  #675 ) ;
#3685 = LINE ( 'NONE', #378, #4652 ) ;
#3686 = CARTESIAN_POINT ( 'NONE',  ( 6.000000000000005329, 44.00000000000000711, 35.52786404500041328 ) ) ;
#3687 = CIRCLE ( 'NONE', #1751, 1.000000000000000888 ) ;
#3688 = VECTOR ( 'NONE', #6279, 1000.000000000000000 ) ;
#3689 = DIRECTION ( 'NONE',  ( 0.000000000000000000, 0.000000000000000000, -1.000000000000000000 ) ) ;
#3690 = CARTESIAN_POINT ( 'NONE',  ( 7.000000000000000000, -10.66666666666666963, 40.99999999999998579 ) ) ;
#3691 = VERTEX_POINT ( 'NONE', #927 ) ;
#3692 = CIRCLE ( 'NONE', #8014, 2.000000000000001776 ) ;
#3693 = CIRCLE ( 'NONE', #4393, 6.000000000000005329 ) ;
#3694 = CARTESIAN_POINT ( 'NONE',  ( 1.000000000000000888, -46.00000000000000711, -34.00000000000000000 ) ) ;
#3695 = ORIENTED_EDGE ( 'NONE', *, *, #4572, .T. ) ;
#3696 = VERTEX_POINT ( 'NONE', #4463 ) ;
#3697 = CARTESIAN_POINT ( 'NONE',  ( 0.000000000000000000, -43.86443802271307391, -37.52326449361068228 ) ) ;
#3698 = ADVANCED_FACE ( 'NONE', ( #5139 ), #1719, .T. ) ;
#3699 = EDGE_LOOP ( 'NONE', ( #2881, #1325, #7923, #8436 ) ) ;
#3700 = AXIS2_PLACEMENT_3D ( 'NONE', #8217, #1064, #3633 ) ;
#3701 = AXIS2_PLACEMENT_3D ( 'NONE', #426, #6327, #4340 ) ;
#3702 = CARTESIAN_POINT ( 'NONE',  ( 1.000000000000000888, 12.66666666666667318, 34.00000000000000000 ) ) ;
#3703 = ORIENTED_EDGE ( 'NONE', *, *, #576, .F. ) ;
#3704 = DIRECTION ( 'NONE',  ( 0.000000000000000000, 0.000000000000000000, 1.000000000000000000 ) ) ;
#3705 = CARTESIAN_POINT ( 'NONE',  ( 1.000000000000000888, -52.00000000000000000, 32.00000000000001421 ) ) ;
#3706 = AXIS2_PLACEMENT_3D ( 'NONE', #5638, #8297, #4994 ) ;
#3707 = DIRECTION ( 'NONE',  ( -1.000000000000000000, -0.000000000000000000, -0.000000000000000000 ) ) ;
#3708 = DIRECTION ( 'NONE',  ( 0.000000000000000000, 0.000000000000000000, 1.000000000000000000 ) ) ;
#3709 = ADVANCED_FACE ( 'NONE', ( #8309 ), #2419, .T. ) ;
#3710 = ORIENTED_EDGE ( 'NONE', *, *, #2602, .F. ) ;
#3711 = EDGE_LOOP ( 'NONE', ( #4564, #693, #1624, #6929 ) ) ;
#3712 = ORIENTED_EDGE ( 'NONE', *, *, #4168, .T. ) ;
#3713 = AXIS2_PLACEMENT_3D ( 'NONE', #6256, #8250, #1007 ) ;
#3714 = DIRECTION ( 'NONE',  ( -1.000000000000000000, 0.000000000000000000, 0.000000000000000000 ) ) ;
#3715 = EDGE_CURVE ( 'NONE', #2311, #8389, #1110, .T. ) ;
#3716 = ORIENTED_EDGE ( 'NONE', *, *, #5288, .F. ) ;
#3717 = CARTESIAN_POINT ( 'NONE',  ( 0.000000000000000000, -43.86443802271307391, 37.52326449361068939 ) ) ;
#3718 = FACE_OUTER_BOUND ( 'NONE', #6565, .T. ) ;
#3719 = EDGE_CURVE ( 'NONE', #5073, #4803, #1153, .T. ) ;
#3720 = CIRCLE ( 'NONE', #4835, 1.849999999999999201 ) ;
#3721 = ADVANCED_FACE ( 'NONE', ( #2332 ), #451, .F. ) ;
#3722 = VERTEX_POINT ( 'NONE', #1803 ) ;
#3723 = DIRECTION ( 'NONE',  ( 0.000000000000000000, 0.000000000000000000, -1.000000000000000000 ) ) ;
#3724 = DIRECTION ( 'NONE',  ( -5.868307537996670915E-15, 0.1250000000000000278, -0.9921567416492215186 ) ) ;
#3725 = CIRCLE ( 'NONE', #6394, 1.999999999999994893 ) ;
#3726 = CARTESIAN_POINT ( 'NONE',  ( 0.8074032449773810294, -40.00000000000000000, -39.99999999999999289 ) ) ;
#3727 = DIRECTION ( 'NONE',  ( 1.000000000000000000, 0.000000000000000000, 0.000000000000000000 ) ) ;
#3728 = ORIENTED_EDGE ( 'NONE', *, *, #1549, .T. ) ;
#3729 = DIRECTION ( 'NONE',  ( -0.000000000000000000, -0.000000000000000000, -1.000000000000000000 ) ) ;
#3730 = DIRECTION ( 'NONE',  ( -0.7071067811865464625, 8.659560562354947649E-17, -0.7071067811865486830 ) ) ;
#3731 = CARTESIAN_POINT ( 'NONE',  ( 6.000000000000005329, 44.00000000000001421, -35.52786404500041328 ) ) ;
#3732 =( GEOMETRIC_REPRESENTATION_CONTEXT ( 3 ) GLOBAL_UNCERTAINTY_ASSIGNED_CONTEXT ( ( #4708 ) ) GLOBAL_UNIT_ASSIGNED_CONTEXT ( ( #3281, #7956, #6223 ) ) REPRESENTATION_CONTEXT ( 'NONE', 'WORKASPACE' ) );
#3733 = DIRECTION ( 'NONE',  ( 0.000000000000000000, 1.000000000000000000, -0.000000000000000000 ) ) ;
#3734 = CARTESIAN_POINT ( 'NONE',  ( 0.9501909101649221867, -43.70977060699284067, 36.49062356213367764 ) ) ;
#3735 = ADVANCED_FACE ( 'NONE', ( #8439 ), #6483, .F. ) ;
#3736 = CARTESIAN_POINT ( 'NONE',  ( 0.000000000000000000, -40.00000000000000000, -39.99999999999999289 ) ) ;
#3737 = PLANE ( 'NONE',  #7867 ) ;
#3738 = ORIENTED_EDGE ( 'NONE', *, *, #2693, .F. ) ;
#3739 = AXIS2_PLACEMENT_3D ( 'NONE', #5141, #5006, #7657 ) ;
#3740 = CARTESIAN_POINT ( 'NONE',  ( 0.000000000000000000, 35.50024794417304719, 40.91116713271868122 ) ) ;
#3741 = LINE ( 'NONE', #5675, #6329 ) ;
#3742 = ORIENTED_EDGE ( 'NONE', *, *, #7915, .F. ) ;
#3743 = ORIENTED_EDGE ( 'NONE', *, *, #130, .T. ) ;
#3744 = AXIS2_PLACEMENT_3D ( 'NONE', #7751, #6361, #2422 ) ;
#3745 = ORIENTED_EDGE ( 'NONE', *, *, #8348, .F. ) ;
#3746 = CARTESIAN_POINT ( 'NONE',  ( 0.8541065785565346014, 43.51331770448470593, -36.40317208865748455 ) ) ;
#3747 = ORIENTED_EDGE ( 'NONE', *, *, #1002, .F. ) ;
#3748 = AXIS2_PLACEMENT_3D ( 'NONE', #4828, #5445, #6185 ) ;
#3749 = DIRECTION ( 'NONE',  ( 1.000000000000000000, 0.000000000000000000, 0.000000000000000000 ) ) ;
#3750 = DIRECTION ( 'NONE',  ( 0.000000000000000000, 0.000000000000000000, 1.000000000000000000 ) ) ;
#3751 = CARTESIAN_POINT ( 'NONE',  ( 143.6861997365472519, -35.03921629175388830, 39.37499999999999289 ) ) ;
#3752 = ORIENTED_EDGE ( 'NONE', *, *, #682, .T. ) ;
#3753 = ORIENTED_EDGE ( 'NONE', *, *, #3501, .T. ) ;
#3754 = AXIS2_PLACEMENT_3D ( 'NONE', #2983, #8323, #5015 ) ;
#3755 = ORIENTED_EDGE ( 'NONE', *, *, #7744, .T. ) ;
#3756 = EDGE_CURVE ( 'NONE', #8301, #828, #8425, .T. ) ;
#3757 = CARTESIAN_POINT ( 'NONE',  ( 1.000000000000000888, 50.99999999999999289, 32.00000000000000000 ) ) ;
#3758 = EDGE_LOOP ( 'NONE', ( #3017, #7294, #2787, #7587 ) ) ;
#3759 = DIRECTION ( 'NONE',  ( -1.000000000000000000, 0.000000000000000000, 0.000000000000000000 ) ) ;
#3760 = AXIS2_PLACEMENT_3D ( 'NONE', #3249, #8619, #2640 ) ;
#3761 = CARTESIAN_POINT ( 'NONE',  ( 0.000000000000000000, 10.66666666666666785, -43.00000000000000000 ) ) ;
#3762 = ORIENTED_EDGE ( 'NONE', *, *, #4189, .F. ) ;
#3763 = FACE_OUTER_BOUND ( 'NONE', #2094, .T. ) ;
#3764 = CARTESIAN_POINT ( 'NONE',  ( 6.000000000000005329, 20.66666666666666785, 33.00000000000000000 ) ) ;
#3765 = AXIS2_PLACEMENT_3D ( 'NONE', #6336, #156, #3615 ) ;
#3766 = DIRECTION ( 'NONE',  ( -1.000000000000000000, -0.000000000000000000, -0.000000000000000000 ) ) ;
#3767 = DIRECTION ( 'NONE',  ( 1.000000000000000000, 0.000000000000000000, 0.000000000000000000 ) ) ;
#3768 = ADVANCED_FACE ( 'NONE', ( #6959 ), #5495, .F. ) ;
#3769 = DIRECTION ( 'NONE',  ( 0.000000000000000000, 0.000000000000000000, 1.000000000000000000 ) ) ;
#3770 = PLANE ( 'NONE',  #4639 ) ;
#3771 = DIRECTION ( 'NONE',  ( 0.000000000000000000, 0.000000000000000000, -1.000000000000000000 ) ) ;
#3772 = CIRCLE ( 'NONE', #3207, 1.850000000000001865 ) ;
#3773 = CARTESIAN_POINT ( 'NONE',  ( 143.6861997365472519, -40.00000000000000000, -39.99999999999999289 ) ) ;
#3774 = CARTESIAN_POINT ( 'NONE',  ( 0.8794303709302895289, -43.56382905132849004, 36.42927385781272420 ) ) ;
#3775 = CARTESIAN_POINT ( 'NONE',  ( 6.000000000000005329, 20.66666666666667140, -34.00000000000000000 ) ) ;
#3776 = EDGE_CURVE ( 'NONE', #2598, #5874, #6447, .T. ) ;
#3777 = EDGE_LOOP ( 'NONE', ( #2803, #4936, #4254 ) ) ;
#3778 = DIRECTION ( 'NONE',  ( 1.000000000000000000, 0.000000000000000000, 0.000000000000000000 ) ) ;
#3779 = CYLINDRICAL_SURFACE ( 'NONE', #2858, 3.000000000000002665 ) ;
#3780 = EDGE_CURVE ( 'NONE', #1767, #8079, #2825, .T. ) ;
#3781 = VERTEX_POINT ( 'NONE', #2967 ) ;
#3782 = EDGE_CURVE ( 'NONE', #2138, #7831, #746, .T. ) ;
#3783 = ADVANCED_FACE ( 'NONE', ( #4326 ), #7002, .F. ) ;
#3784 = SPHERICAL_SURFACE ( 'NONE', #3339, 1.000000000000000000 ) ;
#3785 = CARTESIAN_POINT ( 'NONE',  ( 0.8074032449773838049, -40.00000000000000000, -39.99999999999999289 ) ) ;
#3786 = TOROIDAL_SURFACE ( 'NONE', #7142, 2.000000000000000888, 1.000000000000000000 ) ;
#3787 = ORIENTED_EDGE ( 'NONE', *, *, #8308, .T. ) ;
#3788 = DIRECTION ( 'NONE',  ( -0.000000000000000000, -1.000000000000000000, -0.000000000000000000 ) ) ;
#3789 = ORIENTED_EDGE ( 'NONE', *, *, #4657, .T. ) ;
#3790 = EDGE_CURVE ( 'NONE', #1566, #8064, #2377, .T. ) ;
#3791 = DIRECTION ( 'NONE',  ( -1.000000000000000000, 0.000000000000000000, 0.000000000000000000 ) ) ;
#3792 = SPHERICAL_SURFACE ( 'NONE', #731, 1.000000000000000000 ) ;
#3793 = CARTESIAN_POINT ( 'NONE',  ( 0.000000000000000000, 40.00000000000000000, -39.99999999999999289 ) ) ;
#3794 = ORIENTED_EDGE ( 'NONE', *, *, #5630, .F. ) ;
#3795 = EDGE_LOOP ( 'NONE', ( #6116, #5453, #738, #7215 ) ) ;
#3796 = CYLINDRICAL_SURFACE ( 'NONE', #683, 1.000000000000000888 ) ;
#3797 = EDGE_LOOP ( 'NONE', ( #4414, #3581, #7985, #1271 ) ) ;
#3798 = ADVANCED_FACE ( 'NONE', ( #3718 ), #6403, .F. ) ;
#3799 = VECTOR ( 'NONE', #5759, 1000.000000000000000 ) ;
#3800 = DIRECTION ( 'NONE',  ( -1.000000000000000000, 0.000000000000000000, 0.000000000000000000 ) ) ;
#3801 = ORIENTED_EDGE ( 'NONE', *, *, #8162, .F. ) ;
#3802 = CARTESIAN_POINT ( 'NONE',  ( 1.328324987933051961E-09, -43.41463150619055256, -36.93024403089737007 ) ) ;
#3803 = EDGE_LOOP ( 'NONE', ( #625, #4927, #5687 ) ) ;
#3805 = EDGE_CURVE ( 'NONE', #4358, #8431, #8396, .T. ) ;
#3804 = DIRECTION ( 'NONE',  ( 0.000000000000000000, 0.000000000000000000, -1.000000000000000000 ) ) ;
#3806 = VECTOR ( 'NONE', #6473, 1000.000000000000000 ) ;
#3807 = CIRCLE ( 'NONE', #2280, 0.9999999999999940048 ) ;
#3808 = CARTESIAN_POINT ( 'NONE',  ( 6.000000000000000000, -32.06274606680621986, 40.99999999999999289 ) ) ;
#3809 = CARTESIAN_POINT ( 'NONE',  ( 7.000000000000000000, -44.00000000000001421, -35.52786404500042039 ) ) ;
#3810 = DIRECTION ( 'NONE',  ( 0.000000000000000000, 0.000000000000000000, -1.000000000000000000 ) ) ;
#3811 = CARTESIAN_POINT ( 'NONE',  ( 6.000000000000005329, -44.00000000000000711, 35.52786404500041328 ) ) ;
#3812 = AXIS2_PLACEMENT_3D ( 'NONE', #5103, #7756, #7105 ) ;
#3813 = DIRECTION ( 'NONE',  ( 1.000000000000000000, 0.000000000000000000, 0.000000000000000000 ) ) ;
#3814 = CARTESIAN_POINT ( 'NONE',  ( 3.000000000000002665, -57.00000000000000000, 9.999999999999996447 ) ) ;
#3815 = CARTESIAN_POINT ( 'NONE',  ( 6.000000000000000000, -12.66666666666666252, 32.00000000000000711 ) ) ;
#3816 = EDGE_CURVE ( 'NONE', #2929, #5864, #3680, .T. ) ;
#3817 = EDGE_CURVE ( 'NONE', #5737, #2783, #3224, .T. ) ;
#3818 = VERTEX_POINT ( 'NONE', #7830 ) ;
#3819 = AXIS2_PLACEMENT_3D ( 'NONE', #3775, #7802, #1821 ) ;
#3820 = CARTESIAN_POINT ( 'NONE',  ( 6.850000000000012079, -49.99999999999999289, 39.50000000000000000 ) ) ;
#3821 = CARTESIAN_POINT ( 'NONE',  ( 0.000000000000000000, 40.00000000000000000, -39.99999999999999289 ) ) ;
#3822 = AXIS2_PLACEMENT_3D ( 'NONE', #2009, #1240, #3150 ) ;
#3823 = LINE ( 'NONE', #5887, #6006 ) ;
#3824 = CARTESIAN_POINT ( 'NONE',  ( 1.000000000000000888, -20.66666666666666075, 40.99999999999998579 ) ) ;
#3825 = EDGE_CURVE ( 'NONE', #7156, #2184, #8517, .T. ) ;
#3826 = ORIENTED_EDGE ( 'NONE', *, *, #2862, .F. ) ;
#3827 = AXIS2_PLACEMENT_3D ( 'NONE', #1128, #2306, #5622 ) ;
#3828 = LINE ( 'NONE', #6507, #7212 ) ;
#3829 = AXIS2_PLACEMENT_3D ( 'NONE', #6451, #1894, #6601 ) ;
#3830 = ADVANCED_FACE ( 'NONE', ( #7866 ), #3267, .F. ) ;
#3831 = ADVANCED_FACE ( 'NONE', ( #1929 ), #4003, .F. ) ;
#3832 = ORIENTED_EDGE ( 'NONE', *, *, #2750, .F. ) ;
#3833 = DIRECTION ( 'NONE',  ( 0.000000000000000000, -9.083130042379432208E-15, 1.000000000000000000 ) ) ;
#3834 = VERTEX_POINT ( 'NONE', #2618 ) ;
#3835 = AXIS2_PLACEMENT_3D ( 'NONE', #3177, #7733, #3135 ) ;
#3836 = VECTOR ( 'NONE', #5184, 1000.000000000000000 ) ;
#3837 = CARTESIAN_POINT ( 'NONE',  ( 143.6861997365472519, -10.66666666666666785, 40.99999999999998579 ) ) ;
#3838 = DIRECTION ( 'NONE',  ( 0.000000000000000000, 0.000000000000000000, 1.000000000000000000 ) ) ;
#3839 = CARTESIAN_POINT ( 'NONE',  ( 2.499999999999999556, -55.00000000000000000, 19.99999999999999645 ) ) ;
#3840 = EDGE_CURVE ( 'NONE', #2783, #5959, #7589, .T. ) ;
#3841 = AXIS2_PLACEMENT_3D ( 'NONE', #371, #2297, #5746 ) ;
#3842 = EDGE_LOOP ( 'NONE', ( #6936, #4497 ) ) ;
#3843 = ORIENTED_EDGE ( 'NONE', *, *, #2170, .T. ) ;
#3844 = EDGE_CURVE ( 'NONE', #2207, #3095, #7308, .T. ) ;
#3845 = ADVANCED_FACE ( 'NONE', ( #7253 ), #5835, .F. ) ;
#3846 = DIRECTION ( 'NONE',  ( 0.000000000000000000, -1.000000000000000000, 0.000000000000000000 ) ) ;
#3847 = ORIENTED_EDGE ( 'NONE', *, *, #2440, .T. ) ;
#3848 = DIRECTION ( 'NONE',  ( 0.000000000000000000, 0.000000000000000000, -1.000000000000000000 ) ) ;
#3849 = CIRCLE ( 'NONE', #3969, 1.000000000000000000 ) ;
#3850 = CARTESIAN_POINT ( 'NONE',  ( 0.2972070393605785732, -43.47145041071325977, 36.38247005780672083 ) ) ;
#3851 = ORIENTED_EDGE ( 'NONE', *, *, #5701, .F. ) ;
#3852 = CARTESIAN_POINT ( 'NONE',  ( 0.9267950802467782578, -43.66149559481908682, -36.47039198547197714 ) ) ;
#3853 = CARTESIAN_POINT ( 'NONE',  ( 143.6861997365472519, -21.66666666666666075, 33.99999999999999289 ) ) ;
#3854 = ORIENTED_EDGE ( 'NONE', *, *, #4057, .T. ) ;
#3855 = CIRCLE ( 'NONE', #5821, 2.000000000000001776 ) ;
#3856 = FACE_BOUND ( 'NONE', #7848, .T. ) ;
#3857 = CARTESIAN_POINT ( 'NONE',  ( 7.499999999999982236, -59.50000000000000711, 19.99999999999999645 ) ) ;
#3858 = LINE ( 'NONE', #5792, #1883 ) ;
#3859 = DIRECTION ( 'NONE',  ( 1.000000000000000000, 0.000000000000000000, 0.000000000000000000 ) ) ;
#3860 = VECTOR ( 'NONE', #4476, 1000.000000000000227 ) ;
#3861 = PLANE ( 'NONE',  #8121 ) ;
#3862 = CYLINDRICAL_SURFACE ( 'NONE', #2416, 1.000000000000000888 ) ;
#3863 = FACE_OUTER_BOUND ( 'NONE', #2454, .T. ) ;
#3864 = CIRCLE ( 'NONE', #6531, 1.000000000000000000 ) ;
#3865 = EDGE_CURVE ( 'NONE', #6239, #5811, #1201, .T. ) ;
#3866 = DIRECTION ( 'NONE',  ( 1.000000000000000000, -0.000000000000000000, -0.000000000000000000 ) ) ;
#3867 = ORIENTED_EDGE ( 'NONE', *, *, #2683, .F. ) ;
#3868 = DIRECTION ( 'NONE',  ( 0.000000000000000000, 0.000000000000000000, 1.000000000000000000 ) ) ;
#3869 = DIRECTION ( 'NONE',  ( 0.000000000000000000, 0.000000000000000000, -1.000000000000000000 ) ) ;
#3870 = CIRCLE ( 'NONE', #243, 2.000000000000001776 ) ;
#3871 = CARTESIAN_POINT ( 'NONE',  ( 0.000000000000000000, 43.82813170003377934, -37.46661590341332726 ) ) ;
#3872 = ORIENTED_EDGE ( 'NONE', *, *, #5664, .T. ) ;
#3873 = EDGE_CURVE ( 'NONE', #7288, #6635, #4371, .T. ) ;
#3874 = FACE_OUTER_BOUND ( 'NONE', #4141, .T. ) ;
#3875 = AXIS2_PLACEMENT_3D ( 'NONE', #1548, #884, #3546 ) ;
#3876 = FACE_BOUND ( 'NONE', #2537, .T. ) ;
#3877 = ORIENTED_EDGE ( 'NONE', *, *, #3534, .T. ) ;
#3878 = ORIENTED_EDGE ( 'NONE', *, *, #7671, .F. ) ;
#3879 = DIRECTION ( 'NONE',  ( 1.000000000000000000, 0.000000000000000000, 0.000000000000000000 ) ) ;
#3880 = ORIENTED_EDGE ( 'NONE', *, *, #4887, .F. ) ;
#3881 = CIRCLE ( 'NONE', #3046, 1.000000000000000000 ) ;
#3882 = CARTESIAN_POINT ( 'NONE',  ( 1.000000000000000888, 21.66666666666667496, -34.00000000000000000 ) ) ;
#3883 = ADVANCED_FACE ( 'NONE', ( #6564 ), #574, .F. ) ;
#3884 = ADVANCED_FACE ( 'NONE', ( #5908 ), #6887, .T. ) ;
#3885 = DIRECTION ( 'NONE',  ( 0.000000000000000000, 0.000000000000000000, -1.000000000000000000 ) ) ;
#3886 = ORIENTED_EDGE ( 'NONE', *, *, #5877, .T. ) ;
#3887 = CARTESIAN_POINT ( 'NONE',  ( 6.000000000000000000, 44.00000000000000711, -34.00000000000002132 ) ) ;
#3888 = CIRCLE ( 'NONE', #2370, 1.000000000000000888 ) ;
#3889 = ORIENTED_EDGE ( 'NONE', *, *, #180, .F. ) ;
#3890 = CARTESIAN_POINT ( 'NONE',  ( 6.000000000000005329, 45.00000000000000711, -34.00000000000001421 ) ) ;
#3891 =( LENGTH_UNIT ( ) NAMED_UNIT ( * ) SI_UNIT ( .MILLI., .METRE. ) );
#3892 = CARTESIAN_POINT ( 'NONE',  ( 143.6861997365472519, 40.00000000000000000, 39.99999999999999289 ) ) ;
#3893 = AXIS2_PLACEMENT_3D ( 'NONE', #7323, #635, #57 ) ;
#3894 = ADVANCED_FACE ( 'NONE', ( #650 ), #2580, .T. ) ;
#3895 = DIRECTION ( 'NONE',  ( 0.000000000000000000, 0.000000000000000000, 1.000000000000000000 ) ) ;
#3896 = CARTESIAN_POINT ( 'NONE',  ( 143.6861997365472519, 22.66666666666666785, 41.99999999999999289 ) ) ;
#3897 = CARTESIAN_POINT ( 'NONE',  ( 5.000000000000000000, 49.99999999999999289, -39.50000000000000000 ) ) ;
#3898 = ORIENTED_EDGE ( 'NONE', *, *, #4090, .F. ) ;
#3899 = DIRECTION ( 'NONE',  ( -1.000000000000000000, 0.000000000000000000, 0.000000000000000000 ) ) ;
#3900 = AXIS2_PLACEMENT_3D ( 'NONE', #6027, #23, #5371 ) ;
#3901 = VECTOR ( 'NONE', #1133, 1000.000000000000000 ) ;
#3902 = CARTESIAN_POINT ( 'NONE',  ( 0.000000000000000000, 40.00000000000000000, -37.75000000000000000 ) ) ;
#3903 = CARTESIAN_POINT ( 'NONE',  ( 7.000000000000000000, 34.04705955010467022, 39.24999999999999289 ) ) ;
#3904 = AXIS2_PLACEMENT_3D ( 'NONE', #947, #6934, #6792 ) ;
#3905 = DIRECTION ( 'NONE',  ( 0.000000000000000000, 0.000000000000000000, 1.000000000000000000 ) ) ;
#3906 = CARTESIAN_POINT ( 'NONE',  ( 6.850000000000001421, 49.99999999999999289, 39.69999999998340456 ) ) ;
#3907 = CYLINDRICAL_SURFACE ( 'NONE', #4124, 1.000000000000000888 ) ;
#3908 = LINE ( 'NONE', #2562, #2226 ) ;
#3909 = DIRECTION ( 'NONE',  ( 0.000000000000000000, 0.000000000000000000, 1.000000000000000000 ) ) ;
#3910 = ADVANCED_FACE ( 'NONE', ( #3311 ), #5989, .T. ) ;
#3911 = FACE_OUTER_BOUND ( 'NONE', #4655, .T. ) ;
#3912 = ORIENTED_EDGE ( 'NONE', *, *, #1282, .T. ) ;
#3913 = CARTESIAN_POINT ( 'NONE',  ( 10.00000000000000000, 55.00000000000000000, 45.00000000000000000 ) ) ;
#3914 = AXIS2_PLACEMENT_3D ( 'NONE', #6215, #4948, #7556 ) ;
#3915 = ORIENTED_EDGE ( 'NONE', *, *, #2353, .T. ) ;
#3916 = CARTESIAN_POINT ( 'NONE',  ( 10.00000000000000000, -55.00000000000000000, -9.999999999999996447 ) ) ;
#3917 = ORIENTED_EDGE ( 'NONE', *, *, #8510, .F. ) ;
#3918 = ORIENTED_EDGE ( 'NONE', *, *, #1305, .T. ) ;
#3919 = EDGE_CURVE ( 'NONE', #4678, #2133, #1740, .T. ) ;
#3920 = LINE ( 'NONE', #3347, #4461 ) ;
#3921 = VERTEX_POINT ( 'NONE', #6679 ) ;
#3922 = LINE ( 'NONE', #3146, #3084 ) ;
#3923 = CARTESIAN_POINT ( 'NONE',  ( 2.999999999999999112, -55.50000000000000000, -9.999999999999994671 ) ) ;
#3924 = VERTEX_POINT ( 'NONE', #735 ) ;
#3925 = DIRECTION ( 'NONE',  ( 0.000000000000000000, 0.000000000000000000, -1.000000000000000000 ) ) ;
#3926 = ORIENTED_EDGE ( 'NONE', *, *, #1662, .F. ) ;
#3927 = ADVANCED_FACE ( 'NONE', ( #161 ), #8203, .F. ) ;
#3928 = CARTESIAN_POINT ( 'NONE',  ( 7.000000000000000888, -55.50000000000000000, -9.999999999999996447 ) ) ;
#3929 = ADVANCED_FACE ( 'NONE', ( #869 ), #3949, .T. ) ;
#3930 = LINE ( 'NONE', #1245, #755 ) ;
#3931 = VECTOR ( 'NONE', #7428, 1000.000000000000000 ) ;
#3932 = VERTEX_POINT ( 'NONE', #8028 ) ;
#3933 = CYLINDRICAL_SURFACE ( 'NONE', #4252, 1.000000000000000888 ) ;
#3934 = DIRECTION ( 'NONE',  ( 0.000000000000000000, -1.000000000000000000, 0.000000000000000000 ) ) ;
#3935 = CARTESIAN_POINT ( 'NONE',  ( 0.000000000000000000, -40.00000000000000000, -35.40999999999998948 ) ) ;
#3936 = ORIENTED_EDGE ( 'NONE', *, *, #1521, .T. ) ;
#3937 = VECTOR ( 'NONE', #6925, 1000.000000000000000 ) ;
#3938 = SURFACE_STYLE_USAGE ( .BOTH. , #4598 ) ;
#3939 = CARTESIAN_POINT ( 'NONE',  ( 0.06571778390703894579, 34.67631390354966214, -40.47333088393827438 ) ) ;
#3940 = EDGE_CURVE ( 'NONE', #994, #1654, #4946, .T. ) ;
#3941 = DIRECTION ( 'NONE',  ( -0.000000000000000000, -0.000000000000000000, 1.000000000000000000 ) ) ;
#3942 = PLANE ( 'NONE',  #7883 ) ;
#3943 = CONICAL_SURFACE ( 'NONE', #2970, 4.590000000000003411, 0.7853981633974498333 ) ;
#3944 = CARTESIAN_POINT ( 'NONE',  ( 143.6861997365472519, -22.66666666666666075, -40.99999999999998579 ) ) ;
#3945 = DIRECTION ( 'NONE',  ( -0.000000000000000000, 1.084202172485504187E-16, -1.000000000000000000 ) ) ;
#3946 = ORIENTED_EDGE ( 'NONE', *, *, #6516, .T. ) ;
#3947 = AXIS2_PLACEMENT_3D ( 'NONE', #1166, #8453, #3074 ) ;
#3948 = VERTEX_POINT ( 'NONE', #7463 ) ;
#3949 = TOROIDAL_SURFACE ( 'NONE', #6059, 2.000000000000000888, 1.000000000000000000 ) ;
#3950 = CARTESIAN_POINT ( 'NONE',  ( 3.150000000000013678, -49.99999999999999289, -39.50000000000000000 ) ) ;
#3951 = DIRECTION ( 'NONE',  ( 0.000000000000000000, 1.000000000000000000, -0.000000000000000000 ) ) ;
#3952 = ORIENTED_EDGE ( 'NONE', *, *, #5083, .T. ) ;
#3953 = CIRCLE ( 'NONE', #2012, 2.000000000000001776 ) ;
#3954 = FACE_OUTER_BOUND ( 'NONE', #8584, .T. ) ;
#3955 = CIRCLE ( 'NONE', #1319, 0.5000000000000004441 ) ;
#3956 = CARTESIAN_POINT ( 'NONE',  ( 6.999999999999996447, -57.00000000000000000, -9.999999999999996447 ) ) ;
#3957 = ORIENTED_EDGE ( 'NONE', *, *, #6133, .T. ) ;
#3958 = ORIENTED_EDGE ( 'NONE', *, *, #2002, .F. ) ;
#3959 = DIRECTION ( 'NONE',  ( 1.000000000000000000, -0.000000000000000000, -0.000000000000000000 ) ) ;
#3960 = VERTEX_POINT ( 'NONE', #4177 ) ;
#3961 = CARTESIAN_POINT ( 'NONE',  ( 0.9999999656257890779, -43.87585439790082376, 36.52173501365193431 ) ) ;
#3962 = ORIENTED_EDGE ( 'NONE', *, *, #7176, .T. ) ;
#3963 = AXIS2_PLACEMENT_3D ( 'NONE', #621, #6570, #5915 ) ;
#3964 = ADVANCED_FACE ( 'NONE', ( #4894 ), #5417, .T. ) ;
#3965 = AXIS2_PLACEMENT_3D ( 'NONE', #6063, #2123, #61 ) ;
#3966 = ORIENTED_EDGE ( 'NONE', *, *, #6377, .T. ) ;
#3967 = DIRECTION ( 'NONE',  ( -1.000000000000000000, 0.000000000000000000, 0.000000000000000000 ) ) ;
#3968 = EDGE_LOOP ( 'NONE', ( #5408, #609, #5257, #6950 ) ) ;
#3969 = AXIS2_PLACEMENT_3D ( 'NONE', #5784, #3188, #6446 ) ;
#3970 = CIRCLE ( 'NONE', #4676, 2.249999999999995115 ) ;
#3971 = DIRECTION ( 'NONE',  ( 0.000000000000000000, 0.000000000000000000, -1.000000000000000000 ) ) ;
#3972 = ADVANCED_FACE ( 'NONE', ( #1569 ), #4713, .F. ) ;
#3973 = EDGE_CURVE ( 'NONE', #7626, #8589, #823, .T. ) ;
#3974 = EDGE_LOOP ( 'NONE', ( #3097, #3851, #4169, #8187 ) ) ;
#3975 = CARTESIAN_POINT ( 'NONE',  ( 0.2996024619727423732, -35.03921629175393804, 39.37499999999963762 ) ) ;
#3976 = EDGE_CURVE ( 'NONE', #1193, #5903, #695, .T. ) ;
#3977 = DIRECTION ( 'NONE',  ( 0.000000000000000000, -1.000000000000000000, 0.000000000000000000 ) ) ;
#3978 = CARTESIAN_POINT ( 'NONE',  ( 0.9500087135186253695, -34.84160476330243483, 40.14768218209373885 ) ) ;
#3979 = CIRCLE ( 'NONE', #7622, 4.590000000000003411 ) ;
#3980 = EDGE_LOOP ( 'NONE', ( #219, #590 ) ) ;
#3981 = DIRECTION ( 'NONE',  ( 0.000000000000000000, 0.000000000000000000, 1.000000000000000000 ) ) ;
#3982 = CARTESIAN_POINT ( 'NONE',  ( 1.000000000000000888, 45.00000000000001421, -35.52786404500041328 ) ) ;
#3983 = AXIS2_PLACEMENT_3D ( 'NONE', #4885, #8146, #2357 ) ;
#3984 = ADVANCED_FACE ( 'NONE', ( #3351 ), #6031, .F. ) ;
#3985 = LINE ( 'NONE', #7921, #7088 ) ;
#3986 = ADVANCED_FACE ( 'NONE', ( #75 ), #7505, .F. ) ;
#3987 = CARTESIAN_POINT ( 'NONE',  ( 2.499999999999998668, -56.50000000000000000, 19.99999999999999645 ) ) ;
#3988 = CARTESIAN_POINT ( 'NONE',  ( 0.8074032449773782538, 42.66666666666666430, -37.01857603000026842 ) ) ;
#3989 = CARTESIAN_POINT ( 'NONE',  ( 6.000000000000005329, -43.33333333333334991, -36.27322003750034440 ) ) ;
#3990 = FACE_OUTER_BOUND ( 'NONE', #3529, .T. ) ;
#3991 = ORIENTED_EDGE ( 'NONE', *, *, #1098, .T. ) ;
#3992 = VECTOR ( 'NONE', #3415, 1000.000000000000000 ) ;
#3993 = CYLINDRICAL_SURFACE ( 'NONE', #7326, 1.000000000000000888 ) ;
#3994 = DIRECTION ( 'NONE',  ( 0.000000000000000000, 0.000000000000000000, 1.000000000000000000 ) ) ;
#3995 = AXIS2_PLACEMENT_3D ( 'NONE', #6538, #3201, #3981 ) ;
#3996 = ORIENTED_EDGE ( 'NONE', *, *, #4841, .F. ) ;
#3997 = VERTEX_POINT ( 'NONE', #2697 ) ;
#3998 = CARTESIAN_POINT ( 'NONE',  ( 10.00000000000000000, -55.00000000000000000, 9.999999999999996447 ) ) ;
#3999 = ORIENTED_EDGE ( 'NONE', *, *, #5715, .F. ) ;
#4000 = CIRCLE ( 'NONE', #3739, 1.850000000000001865 ) ;
#4001 = DIRECTION ( 'NONE',  ( -1.000000000000000000, 0.000000000000000000, 0.000000000000000000 ) ) ;
#4002 = ORIENTED_EDGE ( 'NONE', *, *, #622, .T. ) ;
#4003 = CYLINDRICAL_SURFACE ( 'NONE', #5788, 1.850000000000000977 ) ;
#4004 = CARTESIAN_POINT ( 'NONE',  ( 0.9879199426727931499, -43.82123951946773133, -36.51332435166491308 ) ) ;
#4005 = ORIENTED_EDGE ( 'NONE', *, *, #523, .T. ) ;
#4006 = CIRCLE ( 'NONE', #254, 1.000000000000007772 ) ;
#4007 = DIRECTION ( 'NONE',  ( -1.000000000000000000, 0.000000000000000000, 0.000000000000000000 ) ) ;
#4008 = EDGE_LOOP ( 'NONE', ( #8345, #4213, #6708, #2216 ) ) ;
#4009 = EDGE_CURVE ( 'NONE', #8243, #6687, #4087, .T. ) ;
#4010 = CARTESIAN_POINT ( 'NONE',  ( 143.6861997365472519, -44.00000000000000711, 35.52786404500041328 ) ) ;
#4011 = ORIENTED_EDGE ( 'NONE', *, *, #7355, .F. ) ;
#4012 = DIRECTION ( 'NONE',  ( 0.000000000000000000, 0.000000000000000000, 1.000000000000000000 ) ) ;
#4013 = AXIS2_PLACEMENT_3D ( 'NONE', #7013, #4478, #7800 ) ;
#4014 = CARTESIAN_POINT ( 'NONE',  ( 1.000000000000000888, 12.66666666666667318, 34.00000000000000000 ) ) ;
#4015 = CARTESIAN_POINT ( 'NONE',  ( 1.000000000000000000, 20.66666666666667496, -34.00000000000000000 ) ) ;
#4016 = VERTEX_POINT ( 'NONE', #8069 ) ;
#4017 = CARTESIAN_POINT ( 'NONE',  ( 2.499999999999999556, -55.50000000000000000, 19.99999999999999645 ) ) ;
#4018 = CARTESIAN_POINT ( 'NONE',  ( 0.2996024619727413185, 35.03921629175393804, -39.37499999999963052 ) ) ;
#4019 = AXIS2_PLACEMENT_3D ( 'NONE', #5840, #2471, #7795 ) ;
#4020 = AXIS2_PLACEMENT_3D ( 'NONE', #4031, #5402, #3294 ) ;
#4021 = EDGE_CURVE ( 'NONE', #2485, #3340, #7162, .T. ) ;
#4022 = DIRECTION ( 'NONE',  ( 1.000000000000000000, 0.000000000000000000, 0.000000000000000000 ) ) ;
#4023 = CARTESIAN_POINT ( 'NONE',  ( 0.000000000000000000, -20.66666666666666075, 33.99999999999999289 ) ) ;
#4024 = ORIENTED_EDGE ( 'NONE', *, *, #499, .F. ) ;
#4025 = CARTESIAN_POINT ( 'NONE',  ( 0.8074032449773838049, 43.33333333333333570, 36.27322003750034440 ) ) ;
#4026 = CARTESIAN_POINT ( 'NONE',  ( 2.499999999999999556, -55.50000000000000000, 19.99999999999999645 ) ) ;
#4027 = TOROIDAL_SURFACE ( 'NONE', #3203, 2.000000000000001776, 1.000000000000000000 ) ;
#4028 = LINE ( 'NONE', #5401, #959 ) ;
#4029 = VERTEX_POINT ( 'NONE', #5378 ) ;
#4030 = EDGE_CURVE ( 'NONE', #4039, #1487, #5773, .T. ) ;
#4031 = CARTESIAN_POINT ( 'NONE',  ( 6.000000000000005329, 22.66666666666667496, -34.00000000000000000 ) ) ;
#4032 = EDGE_CURVE ( 'NONE', #4496, #5625, #7416, .T. ) ;
#4033 = CYLINDRICAL_SURFACE ( 'NONE', #6202, 2.249999999999995115 ) ;
#4034 = CARTESIAN_POINT ( 'NONE',  ( 7.000000000000000000, 51.00000000000000000, -32.00000000000001421 ) ) ;
#4035 = FACE_OUTER_BOUND ( 'NONE', #2688, .T. ) ;
#4036 = VERTEX_POINT ( 'NONE', #3437 ) ;
#4037 = ADVANCED_FACE ( 'NONE', ( #6121 ), #2137, .F. ) ;
#4038 = AXIS2_PLACEMENT_3D ( 'NONE', #628, #3283, #2632 ) ;
#4039 = VERTEX_POINT ( 'NONE', #2780 ) ;
#4040 = DIRECTION ( 'NONE',  ( -0.000000000000000000, -0.000000000000000000, 1.000000000000000000 ) ) ;
#4041 = ORIENTED_EDGE ( 'NONE', *, *, #26, .T. ) ;
#4042 = VERTEX_POINT ( 'NONE', #7086 ) ;
#4043 = CARTESIAN_POINT ( 'NONE',  ( 6.000000000000005329, -46.00000000000000711, -34.00000000000000000 ) ) ;
#4044 = EDGE_LOOP ( 'NONE', ( #3519, #528, #7662, #8251 ) ) ;
#4045 = EDGE_CURVE ( 'NONE', #6258, #262, #6896, .T. ) ;
#4046 = CARTESIAN_POINT ( 'NONE',  ( 7.000000000000000888, -56.50000000000000000, 9.999999999999996447 ) ) ;
#4047 = CARTESIAN_POINT ( 'NONE',  ( 1.000000000000000888, 12.66666666666666963, 40.99999999999999289 ) ) ;
#4048 = DIRECTION ( 'NONE',  ( -0.000000000000000000, -0.000000000000000000, 1.000000000000000000 ) ) ;
#4049 = ORIENTED_EDGE ( 'NONE', *, *, #2627, .F. ) ;
#4050 = EDGE_LOOP ( 'NONE', ( #6784, #2746, #4573, #7130 ) ) ;
#4051 = ORIENTED_EDGE ( 'NONE', *, *, #2413, .F. ) ;
#4052 = CYLINDRICAL_SURFACE ( 'NONE', #4773, 1.000000000000000888 ) ;
#4053 = VERTEX_POINT ( 'NONE', #5774 ) ;
#4054 = DIRECTION ( 'NONE',  ( 0.000000000000000000, 1.000000000000000000, -0.000000000000000000 ) ) ;
#4055 = CARTESIAN_POINT ( 'NONE',  ( 5.000000000000009770, -16.66666666666666430, -39.50000000000000000 ) ) ;
#4056 = LINE ( 'NONE', #3234, #8406 ) ;
#4057 = EDGE_CURVE ( 'NONE', #4838, #4607, #2452, .T. ) ;
#4058 = ORIENTED_EDGE ( 'NONE', *, *, #6335, .T. ) ;
#4059 = CYLINDRICAL_SURFACE ( 'NONE', #5552, 3.000000000000002665 ) ;
#4060 = CARTESIAN_POINT ( 'NONE',  ( 0.9874327471777473164, 34.75424234740695084, -40.32884414205648227 ) ) ;
#4061 = DIRECTION ( 'NONE',  ( 0.000000000000000000, 1.000000000000000000, 0.000000000000000000 ) ) ;
#4062 = FACE_OUTER_BOUND ( 'NONE', #4318, .T. ) ;
#4063 = DIRECTION ( 'NONE',  ( -0.000000000000000000, 1.000000000000000000, -2.775557561562904367E-15 ) ) ;
#4064 = ORIENTED_EDGE ( 'NONE', *, *, #1911, .T. ) ;
#4065 = DIRECTION ( 'NONE',  ( 0.000000000000000000, 0.000000000000000000, 1.000000000000000000 ) ) ;
#4066 = CARTESIAN_POINT ( 'NONE',  ( 6.000000000000005329, 43.33333333333333570, 36.27322003750034440 ) ) ;
#4067 = CIRCLE ( 'NONE', #4349, 1.000000000000000888 ) ;
#4068 = CARTESIAN_POINT ( 'NONE',  ( 6.000000000000005329, 45.00000000000001421, 34.00000000000001421 ) ) ;
#4069 = EDGE_CURVE ( 'NONE', #2274, #157, #5100, .T. ) ;
#4070 = DIRECTION ( 'NONE',  ( 0.000000000000000000, -1.000000000000000000, 0.000000000000000000 ) ) ;
#4071 = DIRECTION ( 'NONE',  ( 0.000000000000000000, 0.000000000000000000, 1.000000000000000000 ) ) ;
#4072 = CARTESIAN_POINT ( 'NONE',  ( 6.000000000000005329, -44.00000000000000711, -35.52786404500042039 ) ) ;
#4073 = CARTESIAN_POINT ( 'NONE',  ( 7.000000000000000000, 32.06274606680621986, 40.99999999999999289 ) ) ;
#4074 = AXIS2_PLACEMENT_3D ( 'NONE', #3329, #2674, #554 ) ;
#4075 = EDGE_LOOP ( 'NONE', ( #2525, #5004, #2241, #5239 ) ) ;
#4076 = EDGE_CURVE ( 'NONE', #8152, #1561, #5038, .T. ) ;
#4077 = AXIS2_PLACEMENT_3D ( 'NONE', #679, #5360, #4071 ) ;
#4078 = ADVANCED_FACE ( 'NONE', ( #8427 ), #5081, .F. ) ;
#4079 = AXIS2_PLACEMENT_3D ( 'NONE', #6221, #2928, #3407 ) ;
#4080 = ORIENTED_EDGE ( 'NONE', *, *, #2328, .F. ) ;
#4081 = CARTESIAN_POINT ( 'NONE',  ( 1.000000000000000888, -32.06274606680622696, -38.99999999999997868 ) ) ;
#4082 = VERTEX_POINT ( 'NONE', #1708 ) ;
#4083 = EDGE_LOOP ( 'NONE', ( #2228, #7476, #2445, #5298 ) ) ;
#4084 = CARTESIAN_POINT ( 'NONE',  ( 2.340000000000001634, -40.00000000000000000, -39.99999999999999289 ) ) ;
#4085 = ORIENTED_EDGE ( 'NONE', *, *, #7561, .F. ) ;
#4086 = AXIS2_PLACEMENT_3D ( 'NONE', #5515, #4184, #358 ) ;
#4087 = CIRCLE ( 'NONE', #337, 5.000000000000004441 ) ;
#4088 = LINE ( 'NONE', #4754, #5589 ) ;
#4089 = FACE_OUTER_BOUND ( 'NONE', #7154, .T. ) ;
#4090 = EDGE_CURVE ( 'NONE', #5289, #8271, #7776, .T. ) ;
#4091 = DIRECTION ( 'NONE',  ( -1.000000000000000000, 0.000000000000000000, 0.000000000000000000 ) ) ;
#4092 = ADVANCED_FACE ( 'NONE', ( #1793 ), #1754, .F. ) ;
#4093 = CARTESIAN_POINT ( 'NONE',  ( 0.05264995416117167204, -43.94819340868870228, -36.52664961251934272 ) ) ;
#4094 = CIRCLE ( 'NONE', #6066, 0.9999999999999974465 ) ;
#4095 = VERTEX_POINT ( 'NONE', #5637 ) ;
#4096 = ORIENTED_EDGE ( 'NONE', *, *, #429, .T. ) ;
#4097 = AXIS2_PLACEMENT_3D ( 'NONE', #7441, #6322, #7578 ) ;
#4098 = AXIS2_PLACEMENT_3D ( 'NONE', #3365, #6096, #8046 ) ;
#4099 = DIRECTION ( 'NONE',  ( 0.000000000000000000, 0.000000000000000000, 1.000000000000000000 ) ) ;
#4100 = EDGE_LOOP ( 'NONE', ( #4211, #5676, #1445, #4864 ) ) ;
#4101 = CARTESIAN_POINT ( 'NONE',  ( 10.00000000000000000, 40.00000000000000000, -37.75000000000000000 ) ) ;
#4102 = AXIS2_PLACEMENT_3D ( 'NONE', #2373, #4949, #2190 ) ;
#4103 = VECTOR ( 'NONE', #1555, 1000.000000000000000 ) ;
#4104 = VERTEX_POINT ( 'NONE', #1099 ) ;
#4105 = DIRECTION ( 'NONE',  ( 0.000000000000000000, 0.9921567416492215186, -0.1250000000000000278 ) ) ;
#4106 = CARTESIAN_POINT ( 'NONE',  ( 2.999999999999999112, -56.50000000000000000, -9.999999999999996447 ) ) ;
#4107 = VERTEX_POINT ( 'NONE', #3578 ) ;
#4108 = AXIS2_PLACEMENT_3D ( 'NONE', #5012, #7664, #4472 ) ;
#4109 = DIRECTION ( 'NONE',  ( -0.000000000000000000, -1.000000000000000000, 7.384882149680603249E-16 ) ) ;
#4110 = AXIS2_PLACEMENT_3D ( 'NONE', #4301, #993, #3648 ) ;
#4111 = DIRECTION ( 'NONE',  ( 0.000000000000000000, 0.000000000000000000, 1.000000000000000000 ) ) ;
#4112 = ORIENTED_EDGE ( 'NONE', *, *, #3225, .F. ) ;
#4113 = LINE ( 'NONE', #98, #6108 ) ;
#4114 = VECTOR ( 'NONE', #4186, 1000.000000000000000 ) ;
#4115 = DIRECTION ( 'NONE',  ( 1.000000000000000000, -0.000000000000000000, -0.000000000000000000 ) ) ;
#4116 = DIRECTION ( 'NONE',  ( 0.000000000000000000, -1.000000000000000000, 0.000000000000000000 ) ) ;
#4117 = LINE ( 'NONE', #7625, #1936 ) ;
#4118 = DIRECTION ( 'NONE',  ( 1.000000000000000000, 0.000000000000000000, 0.000000000000000000 ) ) ;
#4119 = CIRCLE ( 'NONE', #5261, 1.000000000000000666 ) ;
#4120 = CARTESIAN_POINT ( 'NONE',  ( 0.000000000000000000, 51.00000000000000000, -34.00000000000000711 ) ) ;
#4121 = CARTESIAN_POINT ( 'NONE',  ( 143.6861997365472519, 12.66666666666667318, 33.00000000000000000 ) ) ;
#4122 = EDGE_LOOP ( 'NONE', ( #1037, #3062, #3304, #2529 ) ) ;
#4123 = EDGE_CURVE ( 'NONE', #7992, #4995, #3376, .T. ) ;
#4124 = AXIS2_PLACEMENT_3D ( 'NONE', #7725, #472, #5762 ) ;
#4125 = ORIENTED_EDGE ( 'NONE', *, *, #8263, .T. ) ;
#4126 = CARTESIAN_POINT ( 'NONE',  ( 6.999999999999996447, -57.00000000000000000, 9.999999999999996447 ) ) ;
#4127 = CARTESIAN_POINT ( 'NONE',  ( 0.000000000000000000, 43.86443802271306680, 37.52326449361067517 ) ) ;
#4128 = EDGE_LOOP ( 'NONE', ( #4550, #2248, #1283, #4588, #4302, #7369, #7292, #401, #3962, #4396, #6002, #862, #1516, #5813, #8477, #2026, #8493, #6125, #5627, #5805, #1498, #6434, #2171, #304, #3485, #1330, #4005, #7367, #5591, #291, #2350, #5050, #1407, #7115, #3533, #2356, #5587, #2194, #7459, #5002, #6981, #5253, #21, #3952, #3420, #5825, #1648, #6070, #2926, #7947 ) ) ;
#4129 = EDGE_CURVE ( 'NONE', #5410, #1879, #2278, .T. ) ;
#4130 = DIRECTION ( 'NONE',  ( 1.000000000000000000, -0.000000000000000000, -0.000000000000000000 ) ) ;
#4131 = CIRCLE ( 'NONE', #391, 1.000000000000000888 ) ;
#4132 = CARTESIAN_POINT ( 'NONE',  ( 6.000000000000005329, -10.66666666666666785, 40.99999999999998579 ) ) ;
#4133 = DIRECTION ( 'NONE',  ( 0.000000000000000000, 0.000000000000000000, 1.000000000000000000 ) ) ;
#4134 = ORIENTED_EDGE ( 'NONE', *, *, #5442, .T. ) ;
#4135 = ORIENTED_EDGE ( 'NONE', *, *, #4076, .T. ) ;
#4136 = ORIENTED_EDGE ( 'NONE', *, *, #515, .T. ) ;
#4137 = ADVANCED_FACE ( 'NONE', ( #3050 ), #2679, .F. ) ;
#4138 = AXIS2_PLACEMENT_3D ( 'NONE', #3526, #6120, #8155 ) ;
#4139 = CARTESIAN_POINT ( 'NONE',  ( 143.6861997365472519, -45.00000000000000711, -35.52786404500042039 ) ) ;
#4140 = EDGE_CURVE ( 'NONE', #1288, #7692, #5794, .T. ) ;
#4141 = EDGE_LOOP ( 'NONE', ( #3361, #4579, #5856, #5463 ) ) ;
#4142 = LINE ( 'NONE', #3406, #366 ) ;
#4143 = DIRECTION ( 'NONE',  ( 1.000000000000000000, 0.000000000000000000, 0.000000000000000000 ) ) ;
#4144 = AXIS2_PLACEMENT_3D ( 'NONE', #4286, #3638, #6225 ) ;
#4145 = ORIENTED_EDGE ( 'NONE', *, *, #776, .T. ) ;
#4146 = DIRECTION ( 'NONE',  ( -1.000000000000000000, 0.000000000000000000, 0.000000000000000000 ) ) ;
#4147 = DIRECTION ( 'NONE',  ( -1.000000000000000000, -0.000000000000000000, -0.000000000000000000 ) ) ;
#4148 = DIRECTION ( 'NONE',  ( 0.000000000000000000, 0.000000000000000000, -1.000000000000000000 ) ) ;
#4149 = LINE ( 'NONE', #2933, #3479 ) ;
#4150 = CARTESIAN_POINT ( 'NONE',  ( 1.000000000000000888, 10.66666666666667140, 41.99999999999998579 ) ) ;
#4151 = ORIENTED_EDGE ( 'NONE', *, *, #6014, .F. ) ;
#4152 = EDGE_CURVE ( 'NONE', #8238, #5341, #8296, .T. ) ;
#4153 = CIRCLE ( 'NONE', #5855, 2.000000000000253131 ) ;
#4154 = CARTESIAN_POINT ( 'NONE',  ( 6.000000000000005329, -12.66666666666666430, 32.00000000000000711 ) ) ;
#4155 = CARTESIAN_POINT ( 'NONE',  ( 143.6861997365472519, 11.66666666666667673, -34.00000000000000000 ) ) ;
#4156 = CARTESIAN_POINT ( 'NONE',  ( 6.000000000000000000, -20.66666666666666785, 32.00000000000000711 ) ) ;
#4157 = DIRECTION ( 'NONE',  ( -1.000000000000000000, -0.000000000000000000, -0.000000000000000000 ) ) ;
#4158 = CIRCLE ( 'NONE', #3054, 0.9999999999999997780 ) ;
#4159 = CIRCLE ( 'NONE', #5164, 1.000000000000000888 ) ;
#4160 = DIRECTION ( 'NONE',  ( -0.000000000000000000, -0.000000000000000000, -1.000000000000000000 ) ) ;
#4161 = FACE_OUTER_BOUND ( 'NONE', #5086, .T. ) ;
#4162 = LINE ( 'NONE', #6422, #359 ) ;
#4163 = ORIENTED_EDGE ( 'NONE', *, *, #545, .F. ) ;
#4164 = CIRCLE ( 'NONE', #6825, 1.000000000000000000 ) ;
#4165 = ORIENTED_EDGE ( 'NONE', *, *, #1342, .T. ) ;
#4166 = EDGE_LOOP ( 'NONE', ( #4303, #6064, #468, #6545 ) ) ;
#4167 = LINE ( 'NONE', #6841, #6098 ) ;
#4168 = EDGE_CURVE ( 'NONE', #5345, #882, #1297, .T. ) ;
#4169 = ORIENTED_EDGE ( 'NONE', *, *, #7298, .F. ) ;
#4170 = CIRCLE ( 'NONE', #126, 2.249999999999995115 ) ;
#4172 = CIRCLE ( 'NONE', #6833, 2.000000000000001776 ) ;
#4171 = LINE ( 'NONE', #6843, #3331 ) ;
#4173 = ORIENTED_EDGE ( 'NONE', *, *, #7259, .T. ) ;
#4174 = DIRECTION ( 'NONE',  ( -1.000000000000000000, 0.000000000000000000, 0.000000000000000000 ) ) ;
#4175 = DIRECTION ( 'NONE',  ( 0.000000000000000000, 0.000000000000000000, 1.000000000000000000 ) ) ;
#4176 = AXIS2_PLACEMENT_3D ( 'NONE', #6049, #2114, #1418 ) ;
#4177 = CARTESIAN_POINT ( 'NONE',  ( 1.000000000000000888, -44.00000000000000711, 36.52786404500041328 ) ) ;
#4178 = CARTESIAN_POINT ( 'NONE',  ( 143.6861997365472519, 35.03921629175388830, -39.37499999999999289 ) ) ;
#4179 = ADVANCED_FACE ( 'NONE', ( #4405 ), #2955, .F. ) ;
#4180 = ORIENTED_EDGE ( 'NONE', *, *, #59, .T. ) ;
#4181 = VERTEX_POINT ( 'NONE', #4993 ) ;
#4182 = VERTEX_POINT ( 'NONE', #5729 ) ;
#4183 = CARTESIAN_POINT ( 'NONE',  ( 5.000000000000000000, 49.99999999999999289, -45.00000000000000000 ) ) ;
#4184 = DIRECTION ( 'NONE',  ( 0.000000000000000000, 0.000000000000000000, -1.000000000000000000 ) ) ;
#4185 = ORIENTED_EDGE ( 'NONE', *, *, #8019, .T. ) ;
#4186 = DIRECTION ( 'NONE',  ( 0.000000000000000000, 1.000000000000000000, 0.000000000000000000 ) ) ;
#4187 = CARTESIAN_POINT ( 'NONE',  ( 7.500000000000000888, -56.50000000000000000, 9.999999999999996447 ) ) ;
#4188 = EDGE_CURVE ( 'NONE', #8288, #2368, #7643, .T. ) ;
#4189 = EDGE_CURVE ( 'NONE', #5714, #1288, #8342, .T. ) ;
#4190 = ORIENTED_EDGE ( 'NONE', *, *, #5866, .T. ) ;
#4191 = CARTESIAN_POINT ( 'NONE',  ( 0.000000000000000000, -10.66666666666666785, 40.99999999999998579 ) ) ;
#4192 = ADVANCED_FACE ( 'NONE', ( #1187 ), #8507, .F. ) ;
#4193 = CARTESIAN_POINT ( 'NONE',  ( 1.000000000000000888, 32.06274606680621986, 43.00000000000000000 ) ) ;
#4194 = LINE ( 'NONE', #6865, #6429 ) ;
#4195 = DIRECTION ( 'NONE',  ( 0.000000000000000000, 0.000000000000000000, 1.000000000000000000 ) ) ;
#4196 = VERTEX_POINT ( 'NONE', #2081 ) ;
#4197 = LINE ( 'NONE', #3502, #3584 ) ;
#4198 = DIRECTION ( 'NONE',  ( 0.000000000000000000, 0.000000000000000000, -1.000000000000000000 ) ) ;
#4199 = DIRECTION ( 'NONE',  ( -1.000000000000000000, -0.000000000000000000, -0.000000000000000000 ) ) ;
#4200 = ADVANCED_FACE ( 'NONE', ( #8094 ), #8051, .F. ) ;
#4201 = CYLINDRICAL_SURFACE ( 'NONE', #760, 1.000000000000000888 ) ;
#4202 = DIRECTION ( 'NONE',  ( -1.000000000000000000, -0.000000000000000000, -0.000000000000000000 ) ) ;
#4203 = ADVANCED_FACE ( 'NONE', ( #1876 ), #2494, .T. ) ;
#4204 = VERTEX_POINT ( 'NONE', #4739 ) ;
#4205 = CARTESIAN_POINT ( 'NONE',  ( 2.499999999999999556, -55.00000000000000000, -9.999999999999996447 ) ) ;
#4206 = DIRECTION ( 'NONE',  ( 0.000000000000000000, -2.478176394252584592E-16, -1.000000000000000000 ) ) ;
#4207 = CARTESIAN_POINT ( 'NONE',  ( 6.000000000000005329, 10.66666666666666785, -40.99999999999999289 ) ) ;
#4208 = EDGE_LOOP ( 'NONE', ( #5368, #5720, #4390 ) ) ;
#4209 = AXIS2_PLACEMENT_3D ( 'NONE', #1864, #5198, #1090 ) ;
#4210 = ORIENTED_EDGE ( 'NONE', *, *, #195, .T. ) ;
#4211 = ORIENTED_EDGE ( 'NONE', *, *, #139, .T. ) ;
#4212 = CARTESIAN_POINT ( 'NONE',  ( 5.000000000000013323, -49.99999999999999289, -39.50000000000000000 ) ) ;
#4213 = ORIENTED_EDGE ( 'NONE', *, *, #7422, .F. ) ;
#4214 = AXIS2_PLACEMENT_3D ( 'NONE', #3682, #4427, #3110 ) ;
#4215 = CARTESIAN_POINT ( 'NONE',  ( 7.500000000000000888, -57.00000000000000000, -19.99999999999999645 ) ) ;
#4216 = ORIENTED_EDGE ( 'NONE', *, *, #2180, .F. ) ;
#4217 = AXIS2_PLACEMENT_3D ( 'NONE', #1412, #6910, #7560 ) ;
#4218 = DIRECTION ( 'NONE',  ( 1.000000000000000000, -0.000000000000000000, -0.000000000000000000 ) ) ;
#4219 = DIRECTION ( 'NONE',  ( -1.000000000000000000, 0.000000000000000000, 0.000000000000000000 ) ) ;
#4220 = DIRECTION ( 'NONE',  ( 0.000000000000000000, -9.083130042379432208E-15, 1.000000000000000000 ) ) ;
#4221 = ORIENTED_EDGE ( 'NONE', *, *, #3423, .F. ) ;
#4222 = ORIENTED_EDGE ( 'NONE', *, *, #130, .F. ) ;
#4223 = AXIS2_PLACEMENT_3D ( 'NONE', #7999, #5433, #3899 ) ;
#4224 = AXIS2_PLACEMENT_3D ( 'NONE', #1278, #8482, #1973 ) ;
#4225 = ORIENTED_EDGE ( 'NONE', *, *, #1002, .T. ) ;
#4226 = CARTESIAN_POINT ( 'NONE',  ( 1.000000000000000888, -46.00000000000000711, -33.00000000000000000 ) ) ;
#4227 = PRODUCT_DEFINITION_SHAPE ( 'NONE', 'NONE',  #376 ) ;
#4228 = CARTESIAN_POINT ( 'NONE',  ( 2.499999999999999556, -55.00000000000000000, 9.999999999999996447 ) ) ;
#4229 = ADVANCED_FACE ( 'NONE', ( #7163 ), #3792, .F. ) ;
#4230 = CARTESIAN_POINT ( 'NONE',  ( 10.00000000000000178, -56.99999999999998579, 9.999999999999996447 ) ) ;
#4231 = ORIENTED_EDGE ( 'NONE', *, *, #6869, .F. ) ;
#4232 = CYLINDRICAL_SURFACE ( 'NONE', #3700, 1.000000000000007772 ) ;
#4233 = AXIS2_PLACEMENT_3D ( 'NONE', #1780, #946, #4434 ) ;
#4234 = CARTESIAN_POINT ( 'NONE',  ( 0.000000000000000000, -55.00000000000000000, -45.00000000000000000 ) ) ;
#4235 = AXIS2_PLACEMENT_3D ( 'NONE', #6948, #7037, #7735 ) ;
#4236 = VECTOR ( 'NONE', #2199, 1000.000000000000000 ) ;
#4237 = EDGE_LOOP ( 'NONE', ( #4712, #4270, #4788 ) ) ;
#4238 = DIRECTION ( 'NONE',  ( -1.000000000000000000, 0.000000000000000000, 0.000000000000000000 ) ) ;
#4239 = CARTESIAN_POINT ( 'NONE',  ( 143.6861997365472519, 21.66666666666666785, 34.00000000000000000 ) ) ;
#4240 = LINE ( 'NONE', #4911, #7502 ) ;
#4241 = DIRECTION ( 'NONE',  ( -0.000000000000000000, -0.000000000000000000, 1.000000000000000000 ) ) ;
#4242 = CIRCLE ( 'NONE', #494, 1.000000000000000888 ) ;
#4243 = CARTESIAN_POINT ( 'NONE',  ( 0.2950245123696319527, -34.94144710664455999, -39.87573460082509058 ) ) ;
#4244 = ORIENTED_EDGE ( 'NONE', *, *, #1698, .F. ) ;
#4245 = AXIS2_PLACEMENT_3D ( 'NONE', #7138, #1159, #4553 ) ;
#4246 = EDGE_CURVE ( 'NONE', #829, #2378, #2423, .T. ) ;
#4247 = EDGE_CURVE ( 'NONE', #1347, #1274, #1171, .T. ) ;
#4248 = DIRECTION ( 'NONE',  ( -1.000000000000000000, 0.000000000000000000, -6.938893903907228378E-15 ) ) ;
#4249 = DIRECTION ( 'NONE',  ( 0.000000000000000000, 0.000000000000000000, -1.000000000000000000 ) ) ;
#4250 = CARTESIAN_POINT ( 'NONE',  ( 6.000000000000005329, -12.66666666666666430, 33.00000000000000711 ) ) ;
#4251 = CARTESIAN_POINT ( 'NONE',  ( 0.8074032449773838049, -43.33333333333334991, -36.27322003750034440 ) ) ;
#4252 = AXIS2_PLACEMENT_3D ( 'NONE', #8448, #3198, #2473 ) ;
#4253 = CARTESIAN_POINT ( 'NONE',  ( 3.150000000000013678, -49.99999999999999289, -39.69999999999038209 ) ) ;
#4254 = ORIENTED_EDGE ( 'NONE', *, *, #5321, .F. ) ;
#4255 = ORIENTED_EDGE ( 'NONE', *, *, #5180, .F. ) ;
#4256 = CARTESIAN_POINT ( 'NONE',  ( 1.000000000000000888, -20.66666666666666075, -40.99999999999998579 ) ) ;
#4257 = FACE_OUTER_BOUND ( 'NONE', #7166, .T. ) ;
#4258 = FACE_OUTER_BOUND ( 'NONE', #4100, .T. ) ;
#4259 = ORIENTED_EDGE ( 'NONE', *, *, #956, .T. ) ;
#4260 = EDGE_CURVE ( 'NONE', #7645, #4036, #2761, .T. ) ;
#4261 = AXIS2_PLACEMENT_3D ( 'NONE', #4512, #4054, #4012 ) ;
#4262 = CIRCLE ( 'NONE', #7067, 1.000000000000000888 ) ;
#4263 = ADVANCED_FACE ( 'NONE', ( #3330 ), #6661, .F. ) ;
#4264 = EDGE_LOOP ( 'NONE', ( #4791, #2394, #5336, #1358, #8375 ) ) ;
#4265 = ORIENTED_EDGE ( 'NONE', *, *, #1059, .T. ) ;
#4266 = FACE_OUTER_BOUND ( 'NONE', #2359, .T. ) ;
#4267 = CIRCLE ( 'NONE', #5679, 1.000000000000003997 ) ;
#4268 = EDGE_LOOP ( 'NONE', ( #132, #687, #4634, #5153, #1695, #8037 ) ) ;
#4269 = FACE_OUTER_BOUND ( 'NONE', #6775, .T. ) ;
#4270 = ORIENTED_EDGE ( 'NONE', *, *, #4793, .F. ) ;
#4271 = CARTESIAN_POINT ( 'NONE',  ( 0.8074032449773838049, 43.33333333333333570, -36.27322003750034440 ) ) ;
#4272 = CYLINDRICAL_SURFACE ( 'NONE', #6757, 1.000000000000000000 ) ;
#4273 = CARTESIAN_POINT ( 'NONE',  ( 6.000000000000005329, -40.00000000000000000, -39.99999999999999289 ) ) ;
#4274 = DIRECTION ( 'NONE',  ( 0.000000000000000000, 1.084202172485504187E-16, -1.000000000000000000 ) ) ;
#4275 = EDGE_LOOP ( 'NONE', ( #785, #6153, #7406 ) ) ;
#4276 = ORIENTED_EDGE ( 'NONE', *, *, #1317, .T. ) ;
#4277 = VERTEX_POINT ( 'NONE', #3179 ) ;
#4278 = CARTESIAN_POINT ( 'NONE',  ( 2.500000000000017764, -59.50000000000000711, -9.999999999999996447 ) ) ;
#4279 = CIRCLE ( 'NONE', #1231, 1.000000000000000888 ) ;
#4280 = DIRECTION ( 'NONE',  ( -1.000000000000000000, 0.000000000000000000, 0.000000000000000000 ) ) ;
#4281 = EDGE_LOOP ( 'NONE', ( #4370, #7384, #5111, #3217 ) ) ;
#4282 = DIRECTION ( 'NONE',  ( -1.000000000000000000, 0.000000000000000000, 0.000000000000000000 ) ) ;
#4283 = VERTEX_POINT ( 'NONE', #3371 ) ;
#4284 = CARTESIAN_POINT ( 'NONE',  ( 7.499999999999982236, -59.50000000000000711, -9.999999999999996447 ) ) ;
#4285 = CIRCLE ( 'NONE', #2890, 2.500000000000001332 ) ;
#4287 = EDGE_CURVE ( 'NONE', #6902, #1741, #52, .T. ) ;
#4286 = CARTESIAN_POINT ( 'NONE',  ( 6.999999999999996447, -57.00000000000000000, -9.999999999999996447 ) ) ;
#4288 = DIRECTION ( 'NONE',  ( 0.000000000000000000, -1.084202172485504187E-16, 1.000000000000000000 ) ) ;
#4289 = CARTESIAN_POINT ( 'NONE',  ( 2.999999999999999112, -55.00000000000000000, 45.00000000000000000 ) ) ;
#4290 = DIRECTION ( 'NONE',  ( 0.000000000000000000, 2.230358754827328253E-15, -1.000000000000000000 ) ) ;
#4291 = ORIENTED_EDGE ( 'NONE', *, *, #1441, .F. ) ;
#4292 = CARTESIAN_POINT ( 'NONE',  ( 6.000000000000005329, 46.00000000000000711, -34.00000000000001421 ) ) ;
#4293 = CIRCLE ( 'NONE', #541, 3.000000000000002665 ) ;
#4294 = CARTESIAN_POINT ( 'NONE',  ( 7.000000000000000000, 46.00000000000000711, -34.00000000000001421 ) ) ;
#4295 = DIRECTION ( 'NONE',  ( 0.000000000000000000, -1.000000000000000000, 0.000000000000000000 ) ) ;
#4296 = ORIENTED_EDGE ( 'NONE', *, *, #7139, .T. ) ;
#4297 = B_SPLINE_CURVE_WITH_KNOTS ( 'NONE', 3,
 ( #1734, #1819, #3734, #3774, #4383, #4479, #7069, #509 ),
 .UNSPECIFIED., .F., .F.,
 ( 4, 2, 2, 4 ),
 ( 0.000000000000000000, 0.0003520965169365177731, 0.0005281447754047766596, 0.0007041930338730355461 ),
 .UNSPECIFIED. ) ;
#4298 = EDGE_CURVE ( 'NONE', #1087, #2378, #1422, .T. ) ;
#4299 = AXIS2_PLACEMENT_3D ( 'NONE', #4589, #3227, #4718 ) ;
#4300 = LINE ( 'NONE', #861, #1547 ) ;
#4301 = CARTESIAN_POINT ( 'NONE',  ( 143.6861997365472519, -21.66666666666666075, -40.99999999999998579 ) ) ;
#4302 = ORIENTED_EDGE ( 'NONE', *, *, #3392, .T. ) ;
#4303 = ORIENTED_EDGE ( 'NONE', *, *, #8212, .F. ) ;
#4304 = AXIS2_PLACEMENT_3D ( 'NONE', #8495, #3778, #4521 ) ;
#4305 = ORIENTED_EDGE ( 'NONE', *, *, #4152, .T. ) ;
#4306 = DIRECTION ( 'NONE',  ( 0.000000000000000000, 0.000000000000000000, -1.000000000000000000 ) ) ;
#4307 = EDGE_CURVE ( 'NONE', #1612, #2168, #6212, .T. ) ;
#4308 = ADVANCED_FACE ( 'NONE', ( #5443 ), #6013, .T. ) ;
#4309 = CARTESIAN_POINT ( 'NONE',  ( 0.8782903521558749205, 43.56150002360433149, 36.42823170412498257 ) ) ;
#4310 = ORIENTED_EDGE ( 'NONE', *, *, #6513, .F. ) ;
#4311 = AXIS2_PLACEMENT_3D ( 'NONE', #4578, #6270, #275 ) ;
#4312 = CARTESIAN_POINT ( 'NONE',  ( 0.8074032449773766995, 40.00000000000000000, -39.99999999999999289 ) ) ;
#4313 = CARTESIAN_POINT ( 'NONE',  ( 5.000000000000013323, -49.99999999999999289, -39.69999999999038209 ) ) ;
#4314 = DIRECTION ( 'NONE',  ( 0.000000000000000000, 0.000000000000000000, -1.000000000000000000 ) ) ;
#4315 = DIRECTION ( 'NONE',  ( 1.000000000000000000, 0.000000000000000000, 0.000000000000000000 ) ) ;
#4316 = AXIS2_PLACEMENT_3D ( 'NONE', #2446, #2528, #1225 ) ;
#4317 = ORIENTED_EDGE ( 'NONE', *, *, #7977, .F. ) ;
#4318 = EDGE_LOOP ( 'NONE', ( #7982, #6771, #4716, #2282 ) ) ;
#4319 = ADVANCED_FACE ( 'NONE', ( #4494 ), #2020, .F. ) ;
#4320 = EDGE_LOOP ( 'NONE', ( #4216, #3030, #5260 ) ) ;
#4321 = CARTESIAN_POINT ( 'NONE',  ( 1.000000000000000888, -10.66666666666666785, 41.99999999999998579 ) ) ;
#4322 = CIRCLE ( 'NONE', #6986, 1.000000000000000888 ) ;
#4323 = DIRECTION ( 'NONE',  ( 0.000000000000000000, -1.000000000000000000, -6.938893903907222067E-15 ) ) ;
#4324 = ORIENTED_EDGE ( 'NONE', *, *, #8610, .F. ) ;
#4325 = CARTESIAN_POINT ( 'NONE',  ( 7.000000000000000000, 0.000000000000000000, 40.99999999999999289 ) ) ;
#4326 = FACE_OUTER_BOUND ( 'NONE', #1745, .T. ) ;
#4327 = VERTEX_POINT ( 'NONE', #3987 ) ;
#4328 = CARTESIAN_POINT ( 'NONE',  ( 7.000000000000000000, 0.000000000000000000, -40.99999999999999289 ) ) ;
#4329 = CARTESIAN_POINT ( 'NONE',  ( 3.149999999999999023, 49.99999999999999289, 39.50000000000000000 ) ) ;
#4330 = FACE_OUTER_BOUND ( 'NONE', #1479, .T. ) ;
#4331 = VERTEX_POINT ( 'NONE', #6700 ) ;
#4332 = SPHERICAL_SURFACE ( 'NONE', #6905, 1.000000000000000000 ) ;
#4333 = ADVANCED_FACE ( 'NONE', ( #2532 ), #6618, .T. ) ;
#4334 = CYLINDRICAL_SURFACE ( 'NONE', #1869, 1.000000000000000888 ) ;
#4335 = LINE ( 'NONE', #2476, #5956 ) ;
#4336 = DIRECTION ( 'NONE',  ( 0.000000000000000000, 0.000000000000000000, 1.000000000000000000 ) ) ;
#4337 = SPHERICAL_SURFACE ( 'NONE', #46, 1.000000000000000000 ) ;
#4338 = ORIENTED_EDGE ( 'NONE', *, *, #5898, .F. ) ;
#4339 = DIRECTION ( 'NONE',  ( 1.000000000000000000, 0.000000000000000000, 0.000000000000000000 ) ) ;
#4340 = DIRECTION ( 'NONE',  ( 0.000000000000000000, 0.000000000000000000, 1.000000000000000000 ) ) ;
#4341 = ORIENTED_EDGE ( 'NONE', *, *, #5818, .F. ) ;
#4342 = EDGE_CURVE ( 'NONE', #4053, #1048, #6901, .T. ) ;
#4343 = LINE ( 'NONE', #6381, #3370 ) ;
#4344 = ORIENTED_EDGE ( 'NONE', *, *, #416, .T. ) ;
#4345 = ORIENTED_EDGE ( 'NONE', *, *, #139, .F. ) ;
#4346 = CARTESIAN_POINT ( 'NONE',  ( 7.499999999999982236, -59.50000000000000711, -9.999999999999996447 ) ) ;
#4347 = ORIENTED_EDGE ( 'NONE', *, *, #341, .T. ) ;
#4348 = CARTESIAN_POINT ( 'NONE',  ( 2.499999999999999556, -55.00000000000000000, -19.99999999999999645 ) ) ;
#4349 = AXIS2_PLACEMENT_3D ( 'NONE', #3694, #2524, #516 ) ;
#4350 = ORIENTED_EDGE ( 'NONE', *, *, #6760, .T. ) ;
#4351 = EDGE_CURVE ( 'NONE', #1982, #6861, #144, .T. ) ;
#4352 = ADVANCED_FACE ( 'NONE', ( #4827 ), #2893, .F. ) ;
#4353 = DIRECTION ( 'NONE',  ( 0.000000000000000000, 0.000000000000000000, 1.000000000000000000 ) ) ;
#4354 = DIRECTION ( 'NONE',  ( 0.000000000000000000, 0.000000000000000000, 1.000000000000000000 ) ) ;
#4355 = DIRECTION ( 'NONE',  ( -1.000000000000000000, 0.000000000000000000, -0.000000000000000000 ) ) ;
#4356 = AXIS2_PLACEMENT_3D ( 'NONE', #1509, #4115, #142 ) ;
#4357 = DIRECTION ( 'NONE',  ( 0.000000000000000000, 0.000000000000000000, 1.000000000000000000 ) ) ;
#4358 = VERTEX_POINT ( 'NONE', #7487 ) ;
#4359 = ORIENTED_EDGE ( 'NONE', *, *, #1535, .T. ) ;
#4360 = ORIENTED_EDGE ( 'NONE', *, *, #1356, .F. ) ;
#4361 = DIRECTION ( 'NONE',  ( 1.000000000000000000, 0.000000000000000000, 0.000000000000000000 ) ) ;
#4362 = AXIS2_PLACEMENT_3D ( 'NONE', #1285, #5343, #7995 ) ;
#4363 = EDGE_CURVE ( 'NONE', #7626, #4886, #7321, .T. ) ;
#4364 = DIRECTION ( 'NONE',  ( 0.000000000000000000, 0.000000000000000000, 1.000000000000000000 ) ) ;
#4365 = EDGE_CURVE ( 'NONE', #3131, #8589, #6184, .T. ) ;
#4366 = ORIENTED_EDGE ( 'NONE', *, *, #2328, .T. ) ;
#4367 = CARTESIAN_POINT ( 'NONE',  ( 7.000000000000000000, -20.66666666666666785, 32.00000000000000711 ) ) ;
#4368 = CARTESIAN_POINT ( 'NONE',  ( 143.6861997365472519, -40.00000000000000000, -39.99999999999999289 ) ) ;
#4369 = AXIS2_PLACEMENT_3D ( 'NONE', #6539, #2593, #3282 ) ;
#4370 = ORIENTED_EDGE ( 'NONE', *, *, #7106, .T. ) ;
#4371 = CIRCLE ( 'NONE', #2006, 1.000000000000000888 ) ;
#4372 = CARTESIAN_POINT ( 'NONE',  ( 7.000000000000000888, -56.50000000000000000, -9.999999999999996447 ) ) ;
#4373 = DIRECTION ( 'NONE',  ( -0.000000000000000000, -1.000000000000000000, -0.000000000000000000 ) ) ;
#4374 = DIRECTION ( 'NONE',  ( 0.000000000000000000, 0.000000000000000000, 1.000000000000000000 ) ) ;
#4375 = CARTESIAN_POINT ( 'NONE',  ( 0.000000000000000000, -34.65725893522786549, -40.50615503039841059 ) ) ;
#4376 = EDGE_LOOP ( 'NONE', ( #1102, #24, #1491, #2946 ) ) ;
#4377 = VECTOR ( 'NONE', #4339, 1000.000000000000000 ) ;
#4378 = AXIS2_PLACEMENT_3D ( 'NONE', #6783, #7480, #4195 ) ;
#4379 = CARTESIAN_POINT ( 'NONE',  ( 7.000000000000000000, -20.66666666666667496, -34.00000000000000000 ) ) ;
#4380 = DIRECTION ( 'NONE',  ( 0.000000000000000000, 0.000000000000000000, -1.000000000000000000 ) ) ;
#4381 = CARTESIAN_POINT ( 'NONE',  ( 143.6861997365472519, -22.66666666666666075, -41.99999999999998579 ) ) ;
#4382 = FACE_OUTER_BOUND ( 'NONE', #7951, .T. ) ;
#4383 = CARTESIAN_POINT ( 'NONE',  ( 0.8556879741724768840, -43.51676438997364471, 36.40509699968536239 ) ) ;
#4384 = CARTESIAN_POINT ( 'NONE',  ( 1.000000000000000888, -10.66666666666666785, -41.99999999999998579 ) ) ;
#4385 = AXIS2_PLACEMENT_3D ( 'NONE', #1506, #2845, #7893 ) ;
#4386 = AXIS2_PLACEMENT_3D ( 'NONE', #283, #4874, #6788 ) ;
#4387 = FACE_OUTER_BOUND ( 'NONE', #449, .T. ) ;
#4388 = CARTESIAN_POINT ( 'NONE',  ( 0.000000000000000000, 40.00000000000000000, -39.99999999999999289 ) ) ;
#4389 = DIRECTION ( 'NONE',  ( -1.000000000000000000, 0.000000000000000000, 0.000000000000000000 ) ) ;
#4390 = ORIENTED_EDGE ( 'NONE', *, *, #7194, .F. ) ;
#4391 = CARTESIAN_POINT ( 'NONE',  ( -2.710505431213761085E-15, 35.44600055583013187, 39.42624999999954838 ) ) ;
#4392 = CIRCLE ( 'NONE', #3841, 5.000000000000004441 ) ;
#4393 = AXIS2_PLACEMENT_3D ( 'NONE', #2223, #4218, #6895 ) ;
#4394 = VERTEX_POINT ( 'NONE', #4251 ) ;
#4395 = ORIENTED_EDGE ( 'NONE', *, *, #3049, .F. ) ;
#4396 = ORIENTED_EDGE ( 'NONE', *, *, #7429, .T. ) ;
#4397 = CIRCLE ( 'NONE', #631, 1.000000000000000888 ) ;
#4398 = EDGE_CURVE ( 'NONE', #1728, #7590, #4242, .T. ) ;
#4399 = AXIS2_PLACEMENT_3D ( 'NONE', #6540, #4641, #552 ) ;
#4400 = CARTESIAN_POINT ( 'NONE',  ( 6.000000000000005329, 40.00000000000000000, 39.99999999999999289 ) ) ;
#4401 = ORIENTED_EDGE ( 'NONE', *, *, #475, .F. ) ;
#4402 =( BOUNDED_SURFACE ( )  B_SPLINE_SURFACE ( 3, 2, ( 
 ( #660, #3975, #3319 ),
 ( #1369, #5998, #86 ),
 ( #2709, #8645, #744 ),
 ( #2747, #2105, #6688 ),
 ( #5388, #6130, #8118 ),
 ( #4811, #7473, #8080 ),
 ( #2666, #5342, #7993 ),
 ( #2022, #4679, #703 ) ),
 .UNSPECIFIED., .F., .F., .T. ) 
 B_SPLINE_SURFACE_WITH_KNOTS ( ( 4, 2, 2, 4 ),
 ( 3, 3 ),
 ( 0.001912652397232963465, 0.002727508764181208779, 0.003134936947655331436, 0.003542365131129454527 ),
 ( 0.000000000000000000, 1.000000000000000000 ),
 .UNSPECIFIED. ) 
 GEOMETRIC_REPRESENTATION_ITEM ( )  RATIONAL_B_SPLINE_SURFACE ( (
 ( 1.000000000000000000, 0.8916277250063495696, 1.000000000000000000),
 ( 1.000000000000000000, 0.8919381975241582605, 1.000000000000000000),
 ( 1.000000000000000000, 0.8711721823697904377, 1.000000000000000000),
 ( 1.000000000000000000, 0.8195381867818020138, 1.000000000000000000),
 ( 1.000000000000000000, 0.7991417260203267370, 1.000000000000000000),
 ( 1.000000000000000000, 0.7548872248829100462, 1.000000000000000000),
 ( 1.000000000000000000, 0.7310289589549580080, 1.000000000000000000),
 ( 1.000000000000000000, 0.7071067811865451302, 1.000000000000000000) ) ) 
 REPRESENTATION_ITEM ( '' )  SURFACE ( )  );
#4403 = CARTESIAN_POINT ( 'NONE',  ( 1.000000000000000888, 12.66666666666667673, -33.00000000000000000 ) ) ;
#4404 = AXIS2_PLACEMENT_3D ( 'NONE', #5555, #4315, #1571 ) ;
#4405 = FACE_OUTER_BOUND ( 'NONE', #5586, .T. ) ;
#4406 = DIRECTION ( 'NONE',  ( -1.000000000000000000, 0.000000000000000000, 0.000000000000000000 ) ) ;
#4407 = ORIENTED_EDGE ( 'NONE', *, *, #6846, .T. ) ;
#4408 = ORIENTED_EDGE ( 'NONE', *, *, #5372, .T. ) ;
#4409 = EDGE_CURVE ( 'NONE', #8554, #7859, #2841, .T. ) ;
#4410 = EDGE_CURVE ( 'NONE', #7413, #1654, #8181, .T. ) ;
#4411 = VERTEX_POINT ( 'NONE', #2940 ) ;
#4412 = CIRCLE ( 'NONE', #3159, 2.249999999999995115 ) ;
#4413 = DIRECTION ( 'NONE',  ( 1.000000000000000000, 0.000000000000000000, 0.000000000000000000 ) ) ;
#4414 = ORIENTED_EDGE ( 'NONE', *, *, #7402, .T. ) ;
#4415 = DIRECTION ( 'NONE',  ( 0.000000000000000000, 0.000000000000000000, 1.000000000000000000 ) ) ;
#4416 = EDGE_CURVE ( 'NONE', #3921, #8238, #7748, .T. ) ;
#4417 = AXIS2_PLACEMENT_3D ( 'NONE', #3070, #1210, #6455 ) ;
#4418 = ORIENTED_EDGE ( 'NONE', *, *, #322, .T. ) ;
#4419 = DIRECTION ( 'NONE',  ( 0.000000000000000000, 0.000000000000000000, 1.000000000000000000 ) ) ;
#4420 = EDGE_CURVE ( 'NONE', #829, #4988, #1324, .T. ) ;
#4421 = ADVANCED_FACE ( 'NONE', ( #7532 ), #5377, .F. ) ;
#4422 = DIRECTION ( 'NONE',  ( 0.000000000000000000, 0.000000000000000000, 1.000000000000000000 ) ) ;
#4423 = EDGE_CURVE ( 'NONE', #2794, #6902, #8446, .T. ) ;
#4424 = AXIS2_PLACEMENT_3D ( 'NONE', #3757, #5136, #2157 ) ;
#4425 = FACE_OUTER_BOUND ( 'NONE', #1307, .T. ) ;
#4426 = CYLINDRICAL_SURFACE ( 'NONE', #2701, 0.5000000000000004441 ) ;
#4427 = DIRECTION ( 'NONE',  ( 6.187742793816937937E-16, 0.7453559924999282327, 0.6666666666666685170 ) ) ;
#4428 = DIRECTION ( 'NONE',  ( -0.000000000000000000, -0.000000000000000000, 1.000000000000000000 ) ) ;
#4429 = AXIS2_PLACEMENT_3D ( 'NONE', #2882, #4238, #8262 ) ;
#4430 = CARTESIAN_POINT ( 'NONE',  ( 1.000000000000000888, -22.66666666666666075, -40.99999999999998579 ) ) ;
#4431 = CARTESIAN_POINT ( 'NONE',  ( 143.6861997365472519, -51.00000000000000711, -33.00000000000000000 ) ) ;
#4432 = CYLINDRICAL_SURFACE ( 'NONE', #7027, 0.9999999999999940048 ) ;
#4433 = EDGE_CURVE ( 'NONE', #2168, #3960, #8150, .T. ) ;
#4434 = DIRECTION ( 'NONE',  ( 0.000000000000000000, 1.000000000000000000, 0.000000000000000000 ) ) ;
#4435 = ORIENTED_EDGE ( 'NONE', *, *, #2125, .T. ) ;
#4436 = VECTOR ( 'NONE', #4373, 1000.000000000000000 ) ;
#4437 = DIRECTION ( 'NONE',  ( 0.000000000000000000, 0.000000000000000000, -1.000000000000000000 ) ) ;
#4438 = DIRECTION ( 'NONE',  ( -1.000000000000000000, 0.000000000000000000, 0.000000000000000000 ) ) ;
#4439 = VERTEX_POINT ( 'NONE', #6971 ) ;
#4440 = EDGE_LOOP ( 'NONE', ( #1523, #3380, #3493, #1928 ) ) ;
#4441 = VECTOR ( 'NONE', #2582, 1000.000000000000000 ) ;
#4442 = ORIENTED_EDGE ( 'NONE', *, *, #7619, .F. ) ;
#4443 = CARTESIAN_POINT ( 'NONE',  ( 6.000000000000005329, 12.66666666666667673, -34.00000000000000000 ) ) ;
#4444 = ORIENTED_EDGE ( 'NONE', *, *, #8574, .T. ) ;
#4445 = AXIS2_PLACEMENT_3D ( 'NONE', #1989, #6579, #10 ) ;
#4446 = CARTESIAN_POINT ( 'NONE',  ( 7.000000000000000000, 3.027801681369045567E-14, 40.99999999999997158 ) ) ;
#4447 = EDGE_CURVE ( 'NONE', #5817, #6500, #6927, .T. ) ;
#4448 = DIRECTION ( 'NONE',  ( 0.000000000000000000, 1.000000000000000000, -0.000000000000000000 ) ) ;
#4449 = CARTESIAN_POINT ( 'NONE',  ( 6.000000000000005329, -10.66666666666666785, -40.99999999999998579 ) ) ;
#4450 = VERTEX_POINT ( 'NONE', #3555 ) ;
#4451 = ORIENTED_EDGE ( 'NONE', *, *, #5381, .T. ) ;
#4452 = AXIS2_PLACEMENT_3D ( 'NONE', #6408, #3066, #5791 ) ;
#4453 = CIRCLE ( 'NONE', #4732, 2.500000000000001332 ) ;
#4454 = FACE_OUTER_BOUND ( 'NONE', #5836, .T. ) ;
#4455 = ORIENTED_EDGE ( 'NONE', *, *, #4953, .T. ) ;
#4456 = DIRECTION ( 'NONE',  ( 1.000000000000000000, 0.000000000000000000, 0.000000000000000000 ) ) ;
#4457 = PRODUCT ( 'Magnet_mounting_plate', 'Magnet_mounting_plate', '', ( #615 ) ) ;
#4458 = PLANE ( 'NONE',  #2606 ) ;
#4459 = VERTEX_POINT ( 'NONE', #6235 ) ;
#4460 = CARTESIAN_POINT ( 'NONE',  ( 0.2996024613573935458, -43.39788162810547334, -36.33095378393483799 ) ) ;
#4461 = VECTOR ( 'NONE', #773, 1000.000000000000000 ) ;
#4462 = ADVANCED_FACE ( 'NONE', ( #806 ), #4201, .T. ) ;
#4463 = CARTESIAN_POINT ( 'NONE',  ( 2.999999999999752642, 16.66666666666667140, -45.00000000000000000 ) ) ;
#4464 = ADVANCED_FACE ( 'NONE', ( #4972 ), #7624, .F. ) ;
#4465 = ORIENTED_EDGE ( 'NONE', *, *, #1179, .F. ) ;
#4466 = CYLINDRICAL_SURFACE ( 'NONE', #3744, 1.000000000000000888 ) ;
#4467 = VECTOR ( 'NONE', #4206, 1000.000000000000000 ) ;
#4468 = LINE ( 'NONE', #6532, #2768 ) ;
#4469 = CARTESIAN_POINT ( 'NONE',  ( 2.999999999999999556, -55.50000000000000000, 9.999999999999996447 ) ) ;
#4470 = EDGE_CURVE ( 'NONE', #4593, #352, #5809, .T. ) ;
#4471 = EDGE_CURVE ( 'NONE', #7437, #3960, #1888, .T. ) ;
#4472 = DIRECTION ( 'NONE',  ( 0.000000000000000000, 0.000000000000000000, 1.000000000000000000 ) ) ;
#4473 = EDGE_CURVE ( 'NONE', #707, #433, #348, .T. ) ;
#4474 = DIRECTION ( 'NONE',  ( 0.000000000000000000, 0.000000000000000000, 1.000000000000000000 ) ) ;
#4475 = ADVANCED_FACE ( 'NONE', ( #4992 ), #4272, .T. ) ;
#4476 = DIRECTION ( 'NONE',  ( 0.02829055873697652185, 3.464594220332848559E-18, -0.9995997420399574951 ) ) ;
#4477 = CIRCLE ( 'NONE', #8086, 2.999999999999995559 ) ;
#4478 = DIRECTION ( 'NONE',  ( -1.000000000000000000, 0.000000000000000000, 0.000000000000000000 ) ) ;
#4479 = CARTESIAN_POINT ( 'NONE',  ( 0.8192616788887677748, -43.42304054742094621, 36.34650444325993845 ) ) ;
#4480 = CYLINDRICAL_SURFACE ( 'NONE', #2294, 1.000000000000000888 ) ;
#4481 = DIRECTION ( 'NONE',  ( -1.000000000000000000, 0.000000000000000000, 0.000000000000000000 ) ) ;
#4482 = EDGE_CURVE ( 'NONE', #6975, #5512, #1465, .T. ) ;
#4483 = ADVANCED_FACE ( 'NONE', ( #1005 ), #5593, .T. ) ;
#4484 = DIRECTION ( 'NONE',  ( -1.000000000000000000, 0.000000000000000000, 0.000000000000000000 ) ) ;
#4485 = CARTESIAN_POINT ( 'NONE',  ( 0.8528190073562148532, -34.96837106548038321, -39.77238165000718340 ) ) ;
#4486 = ORIENTED_EDGE ( 'NONE', *, *, #7160, .F. ) ;
#4487 = EDGE_CURVE ( 'NONE', #5854, #3668, #354, .T. ) ;
#4488 = VERTEX_POINT ( 'NONE', #2365 ) ;
#4489 = AXIS2_PLACEMENT_3D ( 'NONE', #742, #8115, #2785 ) ;
#4490 = CARTESIAN_POINT ( 'NONE',  ( 6.000000000000005329, -46.00000000000000711, 32.00000000000000711 ) ) ;
#4491 = CARTESIAN_POINT ( 'NONE',  ( 6.000000000000005329, -32.06274606680621986, 41.99999999999999289 ) ) ;
#4492 = ORIENTED_EDGE ( 'NONE', *, *, #6917, .T. ) ;
#4493 = CARTESIAN_POINT ( 'NONE',  ( 1.000000000000000888, -50.99999999999999289, 32.00000000000001421 ) ) ;
#4494 = FACE_OUTER_BOUND ( 'NONE', #1470, .T. ) ;
#4495 = DIRECTION ( 'NONE',  ( 0.000000000000000000, 0.000000000000000000, 1.000000000000000000 ) ) ;
#4496 = VERTEX_POINT ( 'NONE', #4939 ) ;
#4497 = ORIENTED_EDGE ( 'NONE', *, *, #3575, .F. ) ;
#4498 = FACE_OUTER_BOUND ( 'NONE', #6678, .T. ) ;
#4499 = ORIENTED_EDGE ( 'NONE', *, *, #5819, .T. ) ;
#4500 = VECTOR ( 'NONE', #6505, 1000.000000000000000 ) ;
#4501 = CARTESIAN_POINT ( 'NONE',  ( -2.320116078626756891E-09, -43.24832900903568600, 36.75483367266630097 ) ) ;
#4502 = ORIENTED_EDGE ( 'NONE', *, *, #800, .F. ) ;
#4503 = CARTESIAN_POINT ( 'NONE',  ( 0.2829882983841797706, -43.61348095067705799, -36.46059903212330511 ) ) ;
#4504 = DIRECTION ( 'NONE',  ( -1.000000000000000000, 0.000000000000000000, 0.000000000000000000 ) ) ;
#4505 = EDGE_LOOP ( 'NONE', ( #5085, #3926, #8145, #3999 ) ) ;
#4506 = DIRECTION ( 'NONE',  ( -1.000000000000000000, 0.000000000000000000, -0.000000000000000000 ) ) ;
#4507 = AXIS2_PLACEMENT_3D ( 'NONE', #3622, #5684, #6302 ) ;
#4508 = AXIS2_PLACEMENT_3D ( 'NONE', #235, #2892, #1461 ) ;
#4509 = EDGE_CURVE ( 'NONE', #4042, #6844, #6907, .T. ) ;
#4510 = CARTESIAN_POINT ( 'NONE',  ( 2.499999999999999556, -55.50000000000000000, -9.999999999999996447 ) ) ;
#4511 = FACE_OUTER_BOUND ( 'NONE', #2057, .T. ) ;
#4512 = CARTESIAN_POINT ( 'NONE',  ( 1.000000000000000888, -46.00000000000000711, -34.00000000000000000 ) ) ;
#4513 = CYLINDRICAL_SURFACE ( 'NONE', #7863, 2.249999999999995115 ) ;
#4514 = DIRECTION ( 'NONE',  ( -1.000000000000000000, 0.000000000000000000, 0.000000000000000000 ) ) ;
#4515 = DIRECTION ( 'NONE',  ( 1.000000000000000000, 0.000000000000000000, 0.000000000000000000 ) ) ;
#4516 = CARTESIAN_POINT ( 'NONE',  ( 0.8557024805120043709, -43.51491898092469057, -36.40863474519234444 ) ) ;
#4517 = LINE ( 'NONE', #1899, #4642 ) ;
#4518 = EDGE_CURVE ( 'NONE', #1562, #2767, #7878, .T. ) ;
#4519 = CIRCLE ( 'NONE', #1737, 1.849999999999999201 ) ;
#4520 = EDGE_CURVE ( 'NONE', #5461, #2334, #1706, .T. ) ;
#4521 = DIRECTION ( 'NONE',  ( 0.000000000000000000, 0.000000000000000000, 1.000000000000000000 ) ) ;
#4522 = DIRECTION ( 'NONE',  ( 1.000000000000000000, 0.000000000000000000, 0.000000000000000000 ) ) ;
#4523 = LINE ( 'NONE', #431, #4500 ) ;
#4524 = EDGE_LOOP ( 'NONE', ( #7265, #1399, #5477, #2538 ) ) ;
#4525 = CIRCLE ( 'NONE', #1044, 2.500000000000001332 ) ;
#4526 = ORIENTED_EDGE ( 'NONE', *, *, #3036, .T. ) ;
#4527 = DIRECTION ( 'NONE',  ( -1.000000000000000000, -0.000000000000000000, -0.000000000000000000 ) ) ;
#4528 = EDGE_CURVE ( 'NONE', #2604, #5975, #5728, .T. ) ;
#4529 = FACE_OUTER_BOUND ( 'NONE', #6666, .T. ) ;
#4530 = CARTESIAN_POINT ( 'NONE',  ( 1.000000000000000888, 46.00000000000000000, -34.00000000000000711 ) ) ;
#4531 = EDGE_LOOP ( 'NONE', ( #2265, #7230, #2227, #1242 ) ) ;
#4532 = EDGE_CURVE ( 'NONE', #1961, #1430, #3693, .T. ) ;
#4533 = VECTOR ( 'NONE', #5126, 1000.000000000000000 ) ;
#4534 = AXIS2_PLACEMENT_3D ( 'NONE', #6876, #4116, #895 ) ;
#4535 = FACE_OUTER_BOUND ( 'NONE', #4531, .T. ) ;
#4536 = DIRECTION ( 'NONE',  ( 0.000000000000000000, 1.000000000000000000, -4.541565021189716104E-15 ) ) ;
#4537 = DIRECTION ( 'NONE',  ( 1.000000000000000000, 0.000000000000000000, 0.000000000000000000 ) ) ;
#4538 = AXIS2_PLACEMENT_3D ( 'NONE', #1996, #4872, #1916 ) ;
#4539 = ORIENTED_EDGE ( 'NONE', *, *, #1665, .F. ) ;
#4540 = ORIENTED_EDGE ( 'NONE', *, *, #8357, .T. ) ;
#4541 = CARTESIAN_POINT ( 'NONE',  ( 1.000000000000000888, -53.00000000000000711, -32.00000000000000000 ) ) ;
#4542 = VERTEX_POINT ( 'NONE', #3577 ) ;
#4543 = ADVANCED_FACE ( 'NONE', ( #7597 ), #3620, .T. ) ;
#4544 = DIRECTION ( 'NONE',  ( -1.000000000000000000, -0.000000000000000000, -0.000000000000000000 ) ) ;
#4545 = TOROIDAL_SURFACE ( 'NONE', #770, 3.999999999999998224, 1.000000000000000000 ) ;
#4546 = CARTESIAN_POINT ( 'NONE',  ( 0.2996024627620382796, -43.39795556848751801, 36.33101992523460666 ) ) ;
#4547 = ORIENTED_EDGE ( 'NONE', *, *, #6598, .F. ) ;
#4548 = LINE ( 'NONE', #2539, #915 ) ;
#4549 = DIRECTION ( 'NONE',  ( 0.000000000000000000, 0.000000000000000000, -1.000000000000000000 ) ) ;
#4550 = ORIENTED_EDGE ( 'NONE', *, *, #3286, .T. ) ;
#4551 = CIRCLE ( 'NONE', #4404, 1.000000000000000888 ) ;
#4552 = PLANE ( 'NONE',  #1792 ) ;
#4553 = DIRECTION ( 'NONE',  ( 0.000000000000000000, 0.000000000000000000, -1.000000000000000000 ) ) ;
#4554 = SPHERICAL_SURFACE ( 'NONE', #1756, 1.000000000000000000 ) ;
#4555 = TOROIDAL_SURFACE ( 'NONE', #4991, 3.999999999999999112, 1.000000000000000000 ) ;
#4556 = CARTESIAN_POINT ( 'NONE',  ( 6.000000000000005329, -22.66666666666666075, -41.99999999999998579 ) ) ;
#4557 = CARTESIAN_POINT ( 'NONE',  ( 6.850000000000008527, -16.66666666666666430, -39.50000000000000000 ) ) ;
#4558 = ADVANCED_FACE ( 'NONE', ( #301 ), #6106, .F. ) ;
#4559 = LINE ( 'NONE', #1250, #2883 ) ;
#4560 = CARTESIAN_POINT ( 'NONE',  ( 6.000000000000005329, -32.06274606680622696, -38.99999999999997868 ) ) ;
#4561 = DIRECTION ( 'NONE',  ( 0.000000000000000000, 0.000000000000000000, 1.000000000000000000 ) ) ;
#4562 = CARTESIAN_POINT ( 'NONE',  ( 0.2996024619727407634, 35.03921629175392383, 39.37499999999963052 ) ) ;
#4563 = CARTESIAN_POINT ( 'NONE',  ( 6.000000000000005329, -12.66666666666666607, 33.99999999999999289 ) ) ;
#4564 = ORIENTED_EDGE ( 'NONE', *, *, #8253, .T. ) ;
#4565 = EDGE_CURVE ( 'NONE', #6333, #6691, #502, .T. ) ;
#4566 = ORIENTED_EDGE ( 'NONE', *, *, #238, .F. ) ;
#4567 = DIRECTION ( 'NONE',  ( 0.000000000000000000, 0.000000000000000000, 1.000000000000000000 ) ) ;
#4568 = CARTESIAN_POINT ( 'NONE',  ( 1.000000000000000000, -10.66666666666666785, -42.99999999999999289 ) ) ;
#4569 = AXIS2_PLACEMENT_3D ( 'NONE', #2868, #4848, #4175 ) ;
#4570 = CYLINDRICAL_SURFACE ( 'NONE', #6693, 1.000000000000000888 ) ;
#4571 = VERTEX_POINT ( 'NONE', #4073 ) ;
#4572 = EDGE_CURVE ( 'NONE', #7655, #1961, #7607, .T. ) ;
#4573 = ORIENTED_EDGE ( 'NONE', *, *, #5450, .F. ) ;
#4574 = EDGE_CURVE ( 'NONE', #828, #2767, #4880, .T. ) ;
#4575 = DIRECTION ( 'NONE',  ( 0.000000000000000000, -1.000000000000000000, 2.775557561562904367E-15 ) ) ;
#4576 = ORIENTED_EDGE ( 'NONE', *, *, #2584, .T. ) ;
#4577 = ORIENTED_EDGE ( 'NONE', *, *, #8329, .T. ) ;
#4578 = CARTESIAN_POINT ( 'NONE',  ( 143.6861997365472519, 44.00000000000000711, 35.52786404500041328 ) ) ;
#4579 = ORIENTED_EDGE ( 'NONE', *, *, #169, .T. ) ;
#4580 = CIRCLE ( 'NONE', #3458, 1.000000000000000888 ) ;
#4581 = ADVANCED_FACE ( 'NONE', ( #4035 ), #3425, .F. ) ;
#4582 = CARTESIAN_POINT ( 'NONE',  ( 0.2829141049949283615, -43.61368958242321980, 36.46060743123223347 ) ) ;
#4583 = ORIENTED_EDGE ( 'NONE', *, *, #5763, .F. ) ;
#4584 = CARTESIAN_POINT ( 'NONE',  ( 1.049979436802603978E-09, -43.78533403383973166, -37.40246221410259153 ) ) ;
#4585 = DIRECTION ( 'NONE',  ( 1.000000000000000000, 0.000000000000000000, 0.000000000000000000 ) ) ;
#4586 = EDGE_CURVE ( 'NONE', #1922, #5984, #1616, .T. ) ;
#4587 = AXIS2_PLACEMENT_3D ( 'NONE', #3166, #425, #6378 ) ;
#4588 = ORIENTED_EDGE ( 'NONE', *, *, #4532, .T. ) ;
#4589 = CARTESIAN_POINT ( 'NONE',  ( 1.000000000000000888, 20.66666666666667140, -34.00000000000000000 ) ) ;
#4590 = CARTESIAN_POINT ( 'NONE',  ( 0.000000000000000000, -53.00000000000000711, -32.00000000000000000 ) ) ;
#4591 = CIRCLE ( 'NONE', #2220, 1.000000000000000888 ) ;
#4592 = AXIS2_PLACEMENT_3D ( 'NONE', #7964, #3497, #6734 ) ;
#4593 = VERTEX_POINT ( 'NONE', #6881 ) ;
#4594 = DIRECTION ( 'NONE',  ( -1.000000000000000000, -0.000000000000000000, -0.000000000000000000 ) ) ;
#4595 = DIRECTION ( 'NONE',  ( -1.000000000000000000, -0.000000000000000000, -0.000000000000000000 ) ) ;
#4596 = DIRECTION ( 'NONE',  ( 0.000000000000000000, 0.000000000000000000, 1.000000000000000000 ) ) ;
#4597 = ORIENTED_EDGE ( 'NONE', *, *, #3515, .T. ) ;
#4598 = SURFACE_SIDE_STYLE ('',( #8528 ) ) ;
#4599 = DIRECTION ( 'NONE',  ( 0.000000000000000000, 0.000000000000000000, 1.000000000000000000 ) ) ;
#4600 = CIRCLE ( 'NONE', #5731, 1.849999999999999201 ) ;
#4601 = DIRECTION ( 'NONE',  ( 1.000000000000000000, 0.000000000000000000, 0.000000000000000000 ) ) ;
#4602 = DIRECTION ( 'NONE',  ( 1.000000000000000000, -0.000000000000000000, -0.000000000000000000 ) ) ;
#4603 = CYLINDRICAL_SURFACE ( 'NONE', #942, 1.000000000000000888 ) ;
#4604 = AXIS2_PLACEMENT_3D ( 'NONE', #2725, #764, #2641 ) ;
#4605 = DIRECTION ( 'NONE',  ( -0.000000000000000000, 1.000000000000000000, -0.000000000000000000 ) ) ;
#4606 = AXIS2_PLACEMENT_3D ( 'NONE', #6037, #6814, #7423 ) ;
#4607 = VERTEX_POINT ( 'NONE', #2855 ) ;
#4608 = ORIENTED_EDGE ( 'NONE', *, *, #5985, .T. ) ;
#4609 = FACE_OUTER_BOUND ( 'NONE', #3170, .T. ) ;
#4610 = CARTESIAN_POINT ( 'NONE',  ( 7.500000000000000888, -56.50000000000000000, 19.99999999999999645 ) ) ;
#4611 = ORIENTED_EDGE ( 'NONE', *, *, #7429, .F. ) ;
#4612 = EDGE_CURVE ( 'NONE', #4995, #1477, #5490, .T. ) ;
#4613 = CARTESIAN_POINT ( 'NONE',  ( 2.340000000000001634, -40.00000000000000000, 42.24999999999998579 ) ) ;
#4614 = CONICAL_SURFACE ( 'NONE', #860, 1.849999999999999201, 0.02829433384850006325 ) ;
#4615 = ORIENTED_EDGE ( 'NONE', *, *, #5554, .T. ) ;
#4616 = DIRECTION ( 'NONE',  ( 0.000000000000000000, -1.000000000000000000, 0.000000000000000000 ) ) ;
#4617 = ORIENTED_EDGE ( 'NONE', *, *, #3176, .F. ) ;
#4618 = ORIENTED_EDGE ( 'NONE', *, *, #2961, .F. ) ;
#4619 = FACE_OUTER_BOUND ( 'NONE', #6051, .T. ) ;
#4620 = ORIENTED_EDGE ( 'NONE', *, *, #5263, .T. ) ;
#4621 = EDGE_CURVE ( 'NONE', #6210, #2274, #627, .T. ) ;
#4622 = EDGE_CURVE ( 'NONE', #5984, #5419, #2849, .T. ) ;
#4623 = CARTESIAN_POINT ( 'NONE',  ( -7.806255641895624036E-15, -43.93221901135652985, 36.52556426930554778 ) ) ;
#4624 = ORIENTED_EDGE ( 'NONE', *, *, #3404, .T. ) ;
#4625 = DIRECTION ( 'NONE',  ( -1.000000000000000000, 0.000000000000000000, 0.000000000000000000 ) ) ;
#4626 = ORIENTED_EDGE ( 'NONE', *, *, #667, .F. ) ;
#4627 = DIRECTION ( 'NONE',  ( 0.000000000000000000, 0.000000000000000000, 1.000000000000000000 ) ) ;
#4628 = ORIENTED_EDGE ( 'NONE', *, *, #5647, .F. ) ;
#4629 = ADVANCED_FACE ( 'NONE', ( #5405 ), #2259, .T. ) ;
#4630 = CARTESIAN_POINT ( 'NONE',  ( 7.000000000000000000, 32.06274606680621986, 38.99999999999999289 ) ) ;
#4631 = CIRCLE ( 'NONE', #4928, 1.000000000000000888 ) ;
#4632 = ADVANCED_FACE ( 'NONE', ( #3378 ), #7366, .F. ) ;
#4633 = AXIS2_PLACEMENT_3D ( 'NONE', #658, #8076, #5995 ) ;
#4634 = ORIENTED_EDGE ( 'NONE', *, *, #7658, .T. ) ;
#4635 = DIRECTION ( 'NONE',  ( 0.000000000000000000, 0.000000000000000000, 1.000000000000000000 ) ) ;
#4636 = DIRECTION ( 'NONE',  ( 0.000000000000000000, 0.000000000000000000, 1.000000000000000000 ) ) ;
#4637 = CARTESIAN_POINT ( 'NONE',  ( 0.8074032449773764775, -35.01350797831951667, 39.57905341192280702 ) ) ;
#4638 = ORIENTED_EDGE ( 'NONE', *, *, #853, .F. ) ;
#4639 = AXIS2_PLACEMENT_3D ( 'NONE', #7798, #5843, #4380 ) ;
#4640 = CARTESIAN_POINT ( 'NONE',  ( 7.000000000000000000, -22.66666666666666430, -34.00000000000000000 ) ) ;
#4641 = DIRECTION ( 'NONE',  ( -1.000000000000000000, -0.000000000000000000, -0.000000000000000000 ) ) ;
#4642 = VECTOR ( 'NONE', #1032, 1000.000000000000000 ) ;
#4643 = DIRECTION ( 'NONE',  ( 0.000000000000000000, 0.000000000000000000, -1.000000000000000000 ) ) ;
#4644 = SPHERICAL_SURFACE ( 'NONE', #1022, 1.000000000000000000 ) ;
#4645 = DIRECTION ( 'NONE',  ( 0.000000000000000000, 0.000000000000000000, -1.000000000000000000 ) ) ;
#4646 = VECTOR ( 'NONE', #3238, 1000.000000000000000 ) ;
#4647 = AXIS2_PLACEMENT_3D ( 'NONE', #407, #3061, #5739 ) ;
#4648 = DIRECTION ( 'NONE',  ( 0.000000000000000000, 0.000000000000000000, -1.000000000000000000 ) ) ;
#4649 = PLANE ( 'NONE',  #1184 ) ;
#4650 = DIRECTION ( 'NONE',  ( 0.000000000000000000, -1.000000000000000000, 0.000000000000000000 ) ) ;
#4651 = EDGE_LOOP ( 'NONE', ( #4944, #1263, #3444, #164 ) ) ;
#4652 = VECTOR ( 'NONE', #7841, 1000.000000000000000 ) ;
#4653 = FACE_OUTER_BOUND ( 'NONE', #921, .T. ) ;
#4654 = VECTOR ( 'NONE', #2155, 1000.000000000000000 ) ;
#4655 = EDGE_LOOP ( 'NONE', ( #724, #5543, #7148, #2919 ) ) ;
#4656 = CARTESIAN_POINT ( 'NONE',  ( 1.000000000000000888, 50.99999999999999289, 33.00000000000000000 ) ) ;
#4657 = EDGE_CURVE ( 'NONE', #4277, #8074, #211, .T. ) ;
#4658 = EDGE_LOOP ( 'NONE', ( #78, #8306, #1182, #604 ) ) ;
#4659 = ORIENTED_EDGE ( 'NONE', *, *, #6703, .T. ) ;
#4660 = CIRCLE ( 'NONE', #6355, 2.000000000000001776 ) ;
#4661 = AXIS2_PLACEMENT_3D ( 'NONE', #673, #6742, #3418 ) ;
#4662 = CARTESIAN_POINT ( 'NONE',  ( 6.000000000000005329, -32.06274606680622696, -38.99999999999997868 ) ) ;
#4663 = ORIENTED_EDGE ( 'NONE', *, *, #2102, .T. ) ;
#4664 = CYLINDRICAL_SURFACE ( 'NONE', #6111, 1.000000000000000888 ) ;
#4665 = ORIENTED_EDGE ( 'NONE', *, *, #4770, .T. ) ;
#4666 = AXIS2_PLACEMENT_3D ( 'NONE', #6320, #3023, #3597 ) ;
#4667 = AXIS2_PLACEMENT_3D ( 'NONE', #3001, #2269, #1052 ) ;
#4668 = CARTESIAN_POINT ( 'NONE',  ( 0.000000000000000000, 40.00000000000000000, 39.99999999999999289 ) ) ;
#4669 = DIRECTION ( 'NONE',  ( 0.000000000000000000, 0.000000000000000000, 1.000000000000000000 ) ) ;
#4670 = EDGE_CURVE ( 'NONE', #2355, #1193, #4743, .T. ) ;
#4671 = EDGE_CURVE ( 'NONE', #6967, #1488, #2316, .T. ) ;
#4672 = ORIENTED_EDGE ( 'NONE', *, *, #965, .F. ) ;
#4673 = FACE_BOUND ( 'NONE', #4758, .T. ) ;
#4674 = ORIENTED_EDGE ( 'NONE', *, *, #4900, .F. ) ;
#4675 = VECTOR ( 'NONE', #1632, 1000.000000000000000 ) ;
#4676 = AXIS2_PLACEMENT_3D ( 'NONE', #2393, #5713, #7072 ) ;
#4677 = DIRECTION ( 'NONE',  ( 0.000000000000000000, 0.000000000000000000, -1.000000000000000000 ) ) ;
#4678 = VERTEX_POINT ( 'NONE', #1515 ) ;
#4679 = CARTESIAN_POINT ( 'NONE',  ( -6.071532165918818520E-15, -34.65725893522787260, 40.50615503039842480 ) ) ;
#4680 = CARTESIAN_POINT ( 'NONE',  ( 0.000000000000000000, -55.00000000000000000, 20.00000000000000355 ) ) ;
#4681 = EDGE_CURVE ( 'NONE', #1691, #5512, #4162, .T. ) ;
#4682 = EDGE_CURVE ( 'NONE', #5900, #967, #6633, .T. ) ;
#4683 = DIRECTION ( 'NONE',  ( -1.000000000000000000, 0.000000000000000000, 0.000000000000000000 ) ) ;
#4684 = EDGE_LOOP ( 'NONE', ( #1609, #5204, #4566, #6759 ) ) ;
#4685 = ADVANCED_FACE ( 'NONE', ( #5804 ), #3779, .F. ) ;
#4686 = CARTESIAN_POINT ( 'NONE',  ( 6.000000000000000000, 12.66666666666667318, 32.00000000000000000 ) ) ;
#4687 = CARTESIAN_POINT ( 'NONE',  ( 5.000000000000009770, -16.66666666666666430, 39.50000000000000000 ) ) ;
#4688 = DIRECTION ( 'NONE',  ( 0.000000000000000000, 1.000000000000000000, 2.775557561562896479E-15 ) ) ;
#4689 = ORIENTED_EDGE ( 'NONE', *, *, #995, .F. ) ;
#4690 = VECTOR ( 'NONE', #6939, 1000.000000000000000 ) ;
#4691 = CARTESIAN_POINT ( 'NONE',  ( 6.000000000000005329, -10.66666666666666785, -40.99999999999998579 ) ) ;
#4692 = LINE ( 'NONE', #5236, #7431 ) ;
#4693 = CARTESIAN_POINT ( 'NONE',  ( 5.000000000000005329, 16.66666666666667140, -39.50000000000000000 ) ) ;
#4694 = CARTESIAN_POINT ( 'NONE',  ( 6.000000000000005329, 10.66666666666666785, -40.99999999999999289 ) ) ;
#4695 = EDGE_CURVE ( 'NONE', #8160, #4029, #3970, .T. ) ;
#4696 = CARTESIAN_POINT ( 'NONE',  ( 7.000000000000000000, 44.00000000000000711, -34.00000000000002132 ) ) ;
#4697 = LINE ( 'NONE', #58, #897 ) ;
#4698 = DIRECTION ( 'NONE',  ( 1.000000000000000000, 0.000000000000000000, 0.000000000000000000 ) ) ;
#4699 = ORIENTED_EDGE ( 'NONE', *, *, #8626, .F. ) ;
#4700 = CIRCLE ( 'NONE', #2483, 0.9999999999999974465 ) ;
#4701 = ORIENTED_EDGE ( 'NONE', *, *, #2605, .F. ) ;
#4702 = DIRECTION ( 'NONE',  ( -1.000000000000000000, -0.000000000000000000, -0.000000000000000000 ) ) ;
#4703 = TOROIDAL_SURFACE ( 'NONE', #4429, 2.000000000000002665, 1.000000000000000000 ) ;
#4704 = ORIENTED_EDGE ( 'NONE', *, *, #6858, .T. ) ;
#4705 = ORIENTED_EDGE ( 'NONE', *, *, #2985, .T. ) ;
#4706 = CARTESIAN_POINT ( 'NONE',  ( 0.000000000000000000, 40.00000000000000000, 39.99999999999999289 ) ) ;
#4707 = ORIENTED_EDGE ( 'NONE', *, *, #2102, .F. ) ;
#4708 = UNCERTAINTY_MEASURE_WITH_UNIT (LENGTH_MEASURE( 1.000000000000000082E-05 ), #3281, 'distance_accuracy_value', 'NONE');
#4709 = AXIS2_PLACEMENT_3D ( 'NONE', #2421, #2971, #4419 ) ;
#4710 = EDGE_CURVE ( 'NONE', #4607, #1107, #467, .T. ) ;
#4711 = PLANE ( 'NONE',  #6659 ) ;
#4712 = ORIENTED_EDGE ( 'NONE', *, *, #6468, .T. ) ;
#4713 = CYLINDRICAL_SURFACE ( 'NONE', #6196, 1.849999999999999201 ) ;
#4714 = DIRECTION ( 'NONE',  ( -1.000000000000000000, -0.000000000000000000, -0.000000000000000000 ) ) ;
#4715 = ORIENTED_EDGE ( 'NONE', *, *, #1328, .F. ) ;
#4716 = ORIENTED_EDGE ( 'NONE', *, *, #8537, .F. ) ;
#4717 = AXIS2_PLACEMENT_3D ( 'NONE', #784, #3442, #6851 ) ;
#4718 = DIRECTION ( 'NONE',  ( 0.000000000000000000, 0.000000000000000000, 1.000000000000000000 ) ) ;
#4719 = VERTEX_POINT ( 'NONE', #5756 ) ;
#4720 = DIRECTION ( 'NONE',  ( 0.000000000000000000, 0.000000000000000000, 1.000000000000000000 ) ) ;
#4721 = DIRECTION ( 'NONE',  ( 0.000000000000000000, 1.000000000000000000, 0.000000000000000000 ) ) ;
#4722 = EDGE_CURVE ( 'NONE', #2783, #5933, #1086, .T. ) ;
#4723 = EDGE_LOOP ( 'NONE', ( #6284, #1063, #8066, #2718, #6911, #7211, #898, #8113, #329, #8394, #306, #4259, #6672, #792, #3966, #3474, #1531, #4689, #3488, #772, #1658, #7897, #3079, #8467, #4366, #7510, #5169, #2091, #5029, #7278, #3753, #8579, #4659, #2185, #3589, #7121, #7963, #3434, #4225, #6257, #7633, #888, #3886, #4705, #2772, #8300, #4486, #6344, #1995, #3522, #7636, #107, #6305, #7421, #7779, #6476, #2420, #2174 ) ) ;
#4724 = CARTESIAN_POINT ( 'NONE',  ( 1.000000000000000888, -22.66666666666666075, 41.99999999999998579 ) ) ;
#4725 = CIRCLE ( 'NONE', #6818, 1.000000000000000888 ) ;
#4726 = LINE ( 'NONE', #791, #177 ) ;
#4727 = LINE ( 'NONE', #6000, #7284 ) ;
#4728 = ORIENTED_EDGE ( 'NONE', *, *, #447, .T. ) ;
#4729 = CYLINDRICAL_SURFACE ( 'NONE', #6799, 1.000000000000000888 ) ;
#4730 = CARTESIAN_POINT ( 'NONE',  ( -1.516052135455285464E-16, 35.50024794417169716, -40.91116713271895122 ) ) ;
#4731 = AXIS2_PLACEMENT_3D ( 'NONE', #7908, #4720, #7386 ) ;
#4732 = AXIS2_PLACEMENT_3D ( 'NONE', #487, #3592, #5211 ) ;
#4733 = DIRECTION ( 'NONE',  ( -0.000000000000000000, 1.000000000000000000, -0.000000000000000000 ) ) ;
#4734 = ORIENTED_EDGE ( 'NONE', *, *, #1568, .T. ) ;
#4735 = EDGE_CURVE ( 'NONE', #1107, #5817, #7114, .T. ) ;
#4736 = ADVANCED_FACE ( 'NONE', ( #8374 ), #4817, .F. ) ;
#4737 = DIRECTION ( 'NONE',  ( -0.000000000000000000, 1.000000000000000000, 0.000000000000000000 ) ) ;
#4738 = LINE ( 'NONE', #2634, #8276 ) ;
#4739 = CARTESIAN_POINT ( 'NONE',  ( 6.850000000000008527, -16.66666666666666430, -39.50000000000000000 ) ) ;
#4740 = VECTOR ( 'NONE', #1830, 1000.000000000000000 ) ;
#4741 = CARTESIAN_POINT ( 'NONE',  ( 7.000000000000000000, 20.66666666666667140, 34.00000000000000000 ) ) ;
#4742 = CARTESIAN_POINT ( 'NONE',  ( 1.000000000000000888, -46.00000000000000711, 34.00000000000000711 ) ) ;
#4743 = LINE ( 'NONE', #4121, #64 ) ;
#4744 = VERTEX_POINT ( 'NONE', #2349 ) ;
#4745 = ADVANCED_FACE ( 'NONE', ( #7584 ), #2308, .F. ) ;
#4746 = CIRCLE ( 'NONE', #4038, 1.000000000000000888 ) ;
#4747 = EDGE_CURVE ( 'NONE', #3627, #7655, #8022, .T. ) ;
#4748 = EDGE_LOOP ( 'NONE', ( #4526, #2070, #6479, #7823 ) ) ;
#4749 = DIRECTION ( 'NONE',  ( 0.000000000000000000, 2.478176394252584592E-16, 1.000000000000000000 ) ) ;
#4750 = ORIENTED_EDGE ( 'NONE', *, *, #7495, .F. ) ;
#4751 = ORIENTED_EDGE ( 'NONE', *, *, #7205, .F. ) ;
#4752 = CARTESIAN_POINT ( 'NONE',  ( 0.000000000000000000, -40.00000000000000000, -39.99999999999999289 ) ) ;
#4753 = ORIENTED_EDGE ( 'NONE', *, *, #6721, .T. ) ;
#4754 = CARTESIAN_POINT ( 'NONE',  ( 0.000000000000000000, -55.00000000000000000, 45.00000000000000000 ) ) ;
#4755 = FACE_OUTER_BOUND ( 'NONE', #6201, .T. ) ;
#4756 = DIRECTION ( 'NONE',  ( 1.000000000000000000, 0.000000000000000000, 0.000000000000000000 ) ) ;
#4757 = CARTESIAN_POINT ( 'NONE',  ( 6.000000000000000000, -10.66666666666666963, 40.99999999999998579 ) ) ;
#4758 = EDGE_LOOP ( 'NONE', ( #955, #7738 ) ) ;
#4759 = ORIENTED_EDGE ( 'NONE', *, *, #7208, .T. ) ;
#4760 = DIRECTION ( 'NONE',  ( 1.000000000000000000, 0.000000000000000000, 0.000000000000000000 ) ) ;
#4761 = ORIENTED_EDGE ( 'NONE', *, *, #5033, .T. ) ;
#4762 = DIRECTION ( 'NONE',  ( 0.000000000000000000, 2.478176394252584592E-16, 1.000000000000000000 ) ) ;
#4763 = ORIENTED_EDGE ( 'NONE', *, *, #8100, .F. ) ;
#4764 = CARTESIAN_POINT ( 'NONE',  ( 143.6861997365472519, -21.66666666666666075, 40.99999999999998579 ) ) ;
#4765 = CARTESIAN_POINT ( 'NONE',  ( 6.000000000000005329, 32.06274606680621986, -40.99999999999999289 ) ) ;
#4766 = CYLINDRICAL_SURFACE ( 'NONE', #2551, 1.000000000000000000 ) ;
#4767 = ORIENTED_EDGE ( 'NONE', *, *, #4021, .T. ) ;
#4768 = DIRECTION ( 'NONE',  ( 0.000000000000000000, 0.000000000000000000, -1.000000000000000000 ) ) ;
#4770 = EDGE_CURVE ( 'NONE', #967, #7437, #7629, .T. ) ;
#4769 = FACE_OUTER_BOUND ( 'NONE', #4166, .T. ) ;
#4771 = AXIS2_PLACEMENT_3D ( 'NONE', #747, #4683, #6729 ) ;
#4772 = CARTESIAN_POINT ( 'NONE',  ( -2.449293598294688665E-16, -56.99999999999998579, 9.999999999999996447 ) ) ;
#4773 = AXIS2_PLACEMENT_3D ( 'NONE', #7990, #2018, #4677 ) ;
#4774 = CARTESIAN_POINT ( 'NONE',  ( 0.000000000000000000, -12.66666666666666963, -40.99999999999998579 ) ) ;
#4775 = EDGE_LOOP ( 'NONE', ( #7682, #1965, #5732, #5757 ) ) ;
#4776 = CARTESIAN_POINT ( 'NONE',  ( 10.00000000000000000, -55.00000000000000000, 19.99999999999999645 ) ) ;
#4777 = CARTESIAN_POINT ( 'NONE',  ( 7.000000000000000000, 46.00000000000000711, -32.00000000000002132 ) ) ;
#4778 = CIRCLE ( 'NONE', #8533, 2.000000000000008882 ) ;
#4779 = FACE_OUTER_BOUND ( 'NONE', #8107, .T. ) ;
#4780 = DIRECTION ( 'NONE',  ( 0.000000000000000000, 0.000000000000000000, 1.000000000000000000 ) ) ;
#4781 = DIRECTION ( 'NONE',  ( 0.000000000000000000, 0.000000000000000000, -1.000000000000000000 ) ) ;
#4782 = ADVANCED_FACE ( 'NONE', ( #4258 ), #6935, .F. ) ;
#4783 = ORIENTED_EDGE ( 'NONE', *, *, #3025, .F. ) ;
#4784 = CARTESIAN_POINT ( 'NONE',  ( 0.000000000000000000, 40.00000000000000000, 35.40999999999998948 ) ) ;
#4785 = DIRECTION ( 'NONE',  ( 1.000000000000000000, 0.000000000000000000, -0.000000000000000000 ) ) ;
#4786 = DIRECTION ( 'NONE',  ( -1.000000000000000000, 0.000000000000000000, 0.000000000000000000 ) ) ;
#4787 = VECTOR ( 'NONE', #4199, 1000.000000000000000 ) ;
#4788 = ORIENTED_EDGE ( 'NONE', *, *, #1859, .F. ) ;
#4789 = CONICAL_SURFACE ( 'NONE', #1034, 2.000000000000253131, 0.02829433384850027836 ) ;
#4790 = AXIS2_PLACEMENT_3D ( 'NONE', #7263, #1896, #5957 ) ;
#4791 = ORIENTED_EDGE ( 'NONE', *, *, #465, .T. ) ;
#4792 = DIRECTION ( 'NONE',  ( 0.000000000000000000, 0.000000000000000000, 1.000000000000000000 ) ) ;
#4793 = EDGE_CURVE ( 'NONE', #909, #4182, #4262, .T. ) ;
#4794 = ORIENTED_EDGE ( 'NONE', *, *, #4433, .T. ) ;
#4795 = EDGE_CURVE ( 'NONE', #6975, #3932, #7674, .T. ) ;
#4796 = CARTESIAN_POINT ( 'NONE',  ( 1.000000000000000888, 34.65725893522787260, 40.50615503039841769 ) ) ;
#4797 = EDGE_LOOP ( 'NONE', ( #72, #602, #8412, #5380 ) ) ;
#4798 = AXIS2_PLACEMENT_3D ( 'NONE', #267, #4280, #4364 ) ;
#4799 = AXIS2_PLACEMENT_3D ( 'NONE', #362, #5607, #3634 ) ;
#4800 = CYLINDRICAL_SURFACE ( 'NONE', #5005, 1.000000000000000000 ) ;
#4801 = DIRECTION ( 'NONE',  ( 1.000000000000000000, -2.891205793294675861E-16, 0.000000000000000000 ) ) ;
#4802 = DIRECTION ( 'NONE',  ( -0.000000000000000000, 7.384882149680603249E-16, 1.000000000000000000 ) ) ;
#4803 = VERTEX_POINT ( 'NONE', #3690 ) ;
#4804 = ORIENTED_EDGE ( 'NONE', *, *, #4140, .F. ) ;
#4805 = EDGE_CURVE ( 'NONE', #8243, #1414, #6765, .T. ) ;
#4806 = ORIENTED_EDGE ( 'NONE', *, *, #7047, .F. ) ;
#4807 = DIRECTION ( 'NONE',  ( 0.000000000000000000, -1.000000000000000000, 0.000000000000000000 ) ) ;
#4808 = AXIS2_PLACEMENT_3D ( 'NONE', #4379, #2251, #5662 ) ;
#4809 = AXIS2_PLACEMENT_3D ( 'NONE', #3468, #1426, #7405 ) ;
#4810 = EDGE_LOOP ( 'NONE', ( #2490, #867, #1020, #8220, #1766, #8013 ) ) ;
#4811 = CARTESIAN_POINT ( 'NONE',  ( 1.051440550034003337E-09, -35.47947081776773359, 40.80427681105292947 ) ) ;
#4812 = ORIENTED_EDGE ( 'NONE', *, *, #7836, .F. ) ;
#4813 = CARTESIAN_POINT ( 'NONE',  ( 6.000000000000005329, -21.66666666666666075, 33.99999999999999289 ) ) ;
#4814 = DIRECTION ( 'NONE',  ( -1.000000000000000000, 0.000000000000000000, 0.000000000000000000 ) ) ;
#4815 = AXIS2_PLACEMENT_3D ( 'NONE', #6040, #3448, #835 ) ;
#4816 = DIRECTION ( 'NONE',  ( 0.000000000000000000, -1.000000000000000000, 7.384882149680598319E-16 ) ) ;
#4817 = TOROIDAL_SURFACE ( 'NONE', #5815, 1.999999999999991340, 1.000000000000000000 ) ;
#4818 = DIRECTION ( 'NONE',  ( 0.000000000000000000, 0.000000000000000000, 1.000000000000000000 ) ) ;
#4819 = LINE ( 'NONE', #7436, #4236 ) ;
#4820 = ORIENTED_EDGE ( 'NONE', *, *, #3391, .T. ) ;
#4821 = DIRECTION ( 'NONE',  ( -0.000000000000000000, -0.000000000000000000, 1.000000000000000000 ) ) ;
#4822 = CYLINDRICAL_SURFACE ( 'NONE', #3412, 0.5000000000000000000 ) ;
#4823 = AXIS2_PLACEMENT_3D ( 'NONE', #4895, #3708, #7599 ) ;
#4824 = ADVANCED_FACE ( 'NONE', ( #1254 ), #3942, .F. ) ;
#4825 = CARTESIAN_POINT ( 'NONE',  ( 1.000000000000000888, -20.66666666666667496, -34.00000000000000000 ) ) ;
#4826 = DIRECTION ( 'NONE',  ( -1.000000000000000000, 0.000000000000000000, 0.000000000000000000 ) ) ;
#4827 = FACE_OUTER_BOUND ( 'NONE', #8330, .T. ) ;
#4828 = CARTESIAN_POINT ( 'NONE',  ( 1.000000000000000888, 46.00000000000001421, 34.00000000000001421 ) ) ;
#4829 = CARTESIAN_POINT ( 'NONE',  ( 7.000000000000000000, -1.333568672157170138E-14, -40.99999999999999289 ) ) ;
#4830 = CIRCLE ( 'NONE', #6643, 2.000000000000451195 ) ;
#4831 = CARTESIAN_POINT ( 'NONE',  ( 0.000000000000000000, -22.66666666666666075, 42.99999999999999289 ) ) ;
#4832 = DIRECTION ( 'NONE',  ( 0.000000000000000000, 1.000000000000000000, -0.000000000000000000 ) ) ;
#4833 = VERTEX_POINT ( 'NONE', #6612 ) ;
#4834 = ADVANCED_FACE ( 'NONE', ( #6008, #7187 ), #7880, .T. ) ;
#4835 = AXIS2_PLACEMENT_3D ( 'NONE', #4212, #5678, #5498 ) ;
#4836 = ORIENTED_EDGE ( 'NONE', *, *, #180, .T. ) ;
#4837 = LINE ( 'NONE', #7497, #2177 ) ;
#4838 = VERTEX_POINT ( 'NONE', #8572 ) ;
#4839 = AXIS2_PLACEMENT_3D ( 'NONE', #5398, #2078, #4065 ) ;
#4840 = DIRECTION ( 'NONE',  ( 1.224646799147351728E-16, 1.000000000000000000, -0.000000000000000000 ) ) ;
#4841 = EDGE_CURVE ( 'NONE', #8059, #1391, #1472, .T. ) ;
#4842 = ORIENTED_EDGE ( 'NONE', *, *, #776, .F. ) ;
#4843 = EDGE_CURVE ( 'NONE', #7288, #3152, #1336, .T. ) ;
#4844 = EDGE_CURVE ( 'NONE', #31, #8288, #1901, .T. ) ;
#4845 = ADVANCED_FACE ( 'NONE', ( #7959 ), #1945, .F. ) ;
#4846 = PLANE ( 'NONE',  #5244 ) ;
#4847 = EDGE_CURVE ( 'NONE', #5070, #8627, #8157, .T. ) ;
#4848 = DIRECTION ( 'NONE',  ( 1.000000000000000000, -0.000000000000000000, -0.000000000000000000 ) ) ;
#4849 = TOROIDAL_SURFACE ( 'NONE', #1655, 4.000000000000002665, 1.000000000000000000 ) ;
#4850 = DIRECTION ( 'NONE',  ( 2.891205793294675861E-16, 1.000000000000000000, 0.000000000000000000 ) ) ;
#4851 = DIRECTION ( 'NONE',  ( -1.000000000000000000, 0.000000000000000000, 0.000000000000000000 ) ) ;
#4852 = ORIENTED_EDGE ( 'NONE', *, *, #2704, .F. ) ;
#4853 = ORIENTED_EDGE ( 'NONE', *, *, #7056, .F. ) ;
#4854 = ADVANCED_FACE ( 'NONE', ( #1170 ), #1603, .F. ) ;
#4855 = ORIENTED_EDGE ( 'NONE', *, *, #2182, .F. ) ;
#4856 = AXIS2_PLACEMENT_3D ( 'NONE', #8087, #2151, #274 ) ;
#4857 = EDGE_CURVE ( 'NONE', #2794, #8391, #3240, .T. ) ;
#4858 = DIRECTION ( 'NONE',  ( 0.000000000000000000, -6.938893903907221278E-15, 1.000000000000000000 ) ) ;
#4859 = ADVANCED_FACE ( 'NONE', ( #6178 ), #2672, .T. ) ;
#4860 = ORIENTED_EDGE ( 'NONE', *, *, #1761, .T. ) ;
#4861 = CARTESIAN_POINT ( 'NONE',  ( 5.000000000000009770, -16.66666666666666430, 45.00000000000000000 ) ) ;
#4862 = DIRECTION ( 'NONE',  ( 0.000000000000000000, -1.000000000000000000, 2.775557561562904367E-15 ) ) ;
#4863 = AXIS2_PLACEMENT_3D ( 'NONE', #6877, #6236, #6789 ) ;
#4864 = ORIENTED_EDGE ( 'NONE', *, *, #6941, .T. ) ;
#4865 = CARTESIAN_POINT ( 'NONE',  ( 5.000000000000000000, 49.99999999999999289, -45.00000000000000000 ) ) ;
#4866 = DIRECTION ( 'NONE',  ( 1.000000000000000000, -0.000000000000000000, -0.000000000000000000 ) ) ;
#4867 = DIRECTION ( 'NONE',  ( -1.000000000000000000, -0.000000000000000000, -0.000000000000000000 ) ) ;
#4868 = FACE_OUTER_BOUND ( 'NONE', #951, .T. ) ;
#4869 = ORIENTED_EDGE ( 'NONE', *, *, #6992, .F. ) ;
#4870 = VECTOR ( 'NONE', #4975, 1000.000000000000000 ) ;
#4871 = DIRECTION ( 'NONE',  ( 1.000000000000000000, 0.000000000000000000, 0.000000000000000000 ) ) ;
#4872 = DIRECTION ( 'NONE',  ( 0.000000000000000000, 1.000000000000000000, -0.000000000000000000 ) ) ;
#4873 = DIRECTION ( 'NONE',  ( -1.000000000000000000, -0.000000000000000000, -0.000000000000000000 ) ) ;
#4874 = DIRECTION ( 'NONE',  ( 0.000000000000000000, 0.000000000000000000, -1.000000000000000000 ) ) ;
#4875 = CARTESIAN_POINT ( 'NONE',  ( 6.000000000000005329, -51.00000000000000711, -32.00000000000000000 ) ) ;
#4876 = CIRCLE ( 'NONE', #8494, 1.000000000000000000 ) ;
#4877 = ORIENTED_EDGE ( 'NONE', *, *, #8100, .T. ) ;
#4878 = FACE_OUTER_BOUND ( 'NONE', #5350, .T. ) ;
#4879 = CARTESIAN_POINT ( 'NONE',  ( 0.000000000000000000, -44.00000000000000711, 35.52786404500041328 ) ) ;
#4880 = LINE ( 'NONE', #7448, #6626 ) ;
#4881 = ORIENTED_EDGE ( 'NONE', *, *, #6875, .F. ) ;
#4882 = AXIS2_PLACEMENT_3D ( 'NONE', #2290, #5658, #8513 ) ;
#4883 = EDGE_LOOP ( 'NONE', ( #1614, #5087, #6467, #7691 ) ) ;
#4884 = VERTEX_POINT ( 'NONE', #182 ) ;
#4885 = CARTESIAN_POINT ( 'NONE',  ( 1.000000000000000888, -20.66666666666666785, 33.99999999999999289 ) ) ;
#4886 = VERTEX_POINT ( 'NONE', #4023 ) ;
#4887 = EDGE_CURVE ( 'NONE', #4327, #743, #3955, .T. ) ;
#4888 = CARTESIAN_POINT ( 'NONE',  ( 1.000000000000000888, 43.93221901135652985, 36.52556426930555489 ) ) ;
#4889 = EDGE_LOOP ( 'NONE', ( #950, #7564, #2770 ) ) ;
#4890 = CARTESIAN_POINT ( 'NONE',  ( 0.000000000000000000, -22.66666666666666075, 40.99999999999998579 ) ) ;
#4891 = PLANE ( 'NONE',  #3835 ) ;
#4892 = DIRECTION ( 'NONE',  ( -1.000000000000000000, -0.000000000000000000, -0.000000000000000000 ) ) ;
#4893 = AXIS2_PLACEMENT_3D ( 'NONE', #811, #240, #6150 ) ;
#4894 = FACE_OUTER_BOUND ( 'NONE', #8644, .T. ) ;
#4895 = CARTESIAN_POINT ( 'NONE',  ( 1.000000000000000000, -20.66666666666666075, -34.00000000000000000 ) ) ;
#4896 = ORIENTED_EDGE ( 'NONE', *, *, #2488, .F. ) ;
#4897 = ORIENTED_EDGE ( 'NONE', *, *, #715, .F. ) ;
#4898 = EDGE_CURVE ( 'NONE', #743, #6884, #6696, .T. ) ;
#4899 = CARTESIAN_POINT ( 'NONE',  ( 0.000000000000000000, 32.06274606680621986, 43.00000000000000000 ) ) ;
#4900 = EDGE_CURVE ( 'NONE', #3781, #5640, #2717, .T. ) ;
#4901 = ORIENTED_EDGE ( 'NONE', *, *, #1376, .T. ) ;
#4902 = DIRECTION ( 'NONE',  ( 1.000000000000000000, -0.000000000000000000, -0.000000000000000000 ) ) ;
#4903 = DIRECTION ( 'NONE',  ( 0.000000000000000000, 0.000000000000000000, 1.000000000000000000 ) ) ;
#4904 = ORIENTED_EDGE ( 'NONE', *, *, #576, .T. ) ;
#4905 = DIRECTION ( 'NONE',  ( -0.000000000000000000, 1.084202172485504187E-16, 1.000000000000000000 ) ) ;
#4906 = CARTESIAN_POINT ( 'NONE',  ( 6.000000000000005329, -35.03921629175389540, -39.37499999999997868 ) ) ;
#4907 = EDGE_CURVE ( 'NONE', #5118, #684, #4525, .T. ) ;
#4908 = EDGE_LOOP ( 'NONE', ( #3872, #2920, #4345, #517 ) ) ;
#4909 = DIRECTION ( 'NONE',  ( 0.000000000000000000, 1.000000000000000000, 0.000000000000000000 ) ) ;
#4910 = EDGE_CURVE ( 'NONE', #4803, #4542, #7044, .T. ) ;
#4911 = CARTESIAN_POINT ( 'NONE',  ( 7.000000000000000000, -10.66666666666676377, -2.379049338482505032E-14 ) ) ;
#4912 = ADVANCED_FACE ( 'NONE', ( #5438 ), #5349, .F. ) ;
#4913 = CARTESIAN_POINT ( 'NONE',  ( 1.000000000000000888, 20.66666666666666785, 40.99999999999999289 ) ) ;
#4914 = CARTESIAN_POINT ( 'NONE',  ( 0.000000000000000000, 10.66666666666666785, -43.00000000000000000 ) ) ;
#4915 = FACE_OUTER_BOUND ( 'NONE', #1670, .T. ) ;
#4916 = ORIENTED_EDGE ( 'NONE', *, *, #127, .T. ) ;
#4917 = CARTESIAN_POINT ( 'NONE',  ( 0.000000000000000000, 40.00000000000000000, 37.75000000000000000 ) ) ;
#4918 = FACE_OUTER_BOUND ( 'NONE', #1306, .T. ) ;
#4919 = DIRECTION ( 'NONE',  ( 0.000000000000000000, 0.000000000000000000, 1.000000000000000000 ) ) ;
#4920 = DIRECTION ( 'NONE',  ( 0.000000000000000000, -0.000000000000000000, 1.000000000000000000 ) ) ;
#4921 = DIRECTION ( 'NONE',  ( 0.000000000000000000, -1.000000000000000000, 0.000000000000000000 ) ) ;
#4922 = LINE ( 'NONE', #6102, #670 ) ;
#4923 = EDGE_LOOP ( 'NONE', ( #6813, #6720, #6396, #2642 ) ) ;
#4924 = LINE ( 'NONE', #5109, #3679 ) ;
#4925 = DIRECTION ( 'NONE',  ( 0.000000000000000000, -1.000000000000000000, 2.775557561562904367E-15 ) ) ;
#4926 = DIRECTION ( 'NONE',  ( -0.000000000000000000, -1.000000000000000000, -0.000000000000000000 ) ) ;
#4927 = ORIENTED_EDGE ( 'NONE', *, *, #1012, .F. ) ;
#4928 = AXIS2_PLACEMENT_3D ( 'NONE', #8415, #3081, #2441 ) ;
#4929 = VERTEX_POINT ( 'NONE', #6050 ) ;
#4930 = ORIENTED_EDGE ( 'NONE', *, *, #3940, .T. ) ;
#4931 = CARTESIAN_POINT ( 'NONE',  ( 0.000000000000000000, 40.00000000000000000, -39.99999999999999289 ) ) ;
#4932 = AXIS2_PLACEMENT_3D ( 'NONE', #8007, #1833, #7401 ) ;
#4933 = ORIENTED_EDGE ( 'NONE', *, *, #5439, .F. ) ;
#4934 = CIRCLE ( 'NONE', #4074, 2.249999999999995115 ) ;
#4935 = CARTESIAN_POINT ( 'NONE',  ( 0.2996024619727412630, 43.33333333333334281, 36.27322003750034440 ) ) ;
#4936 = ORIENTED_EDGE ( 'NONE', *, *, #6822, .T. ) ;
#4937 = CARTESIAN_POINT ( 'NONE',  ( 0.8794303709302878636, 43.56382905132849714, -36.42927385781273841 ) ) ;
#4938 = AXIS2_PLACEMENT_3D ( 'NONE', #7610, #2466, #4954 ) ;
#4939 = CARTESIAN_POINT ( 'NONE',  ( 3.150000000000003020, 16.66666666666667140, 39.69999999998344009 ) ) ;
#4940 = EDGE_CURVE ( 'NONE', #7692, #3226, #8089, .T. ) ;
#4941 = CARTESIAN_POINT ( 'NONE',  ( 6.000000000000000000, 51.00000000000000000, -32.00000000000001421 ) ) ;
#4942 = CARTESIAN_POINT ( 'NONE',  ( 1.000000000000000888, 52.00000000000000000, -32.00000000000001421 ) ) ;
#4943 = EDGE_LOOP ( 'NONE', ( #676, #14, #6113, #3646, #7053, #3880, #2000, #4136, #2139, #8210, #1573, #77, #2989, #8261 ) ) ;
#4944 = ORIENTED_EDGE ( 'NONE', *, *, #1241, .T. ) ;
#4945 = AXIS2_PLACEMENT_3D ( 'NONE', #8123, #4814, #6823 ) ;
#4946 = CIRCLE ( 'NONE', #184, 1.000000000000000000 ) ;
#4947 = VERTEX_POINT ( 'NONE', #4774 ) ;
#4948 = DIRECTION ( 'NONE',  ( -1.000000000000000000, -0.000000000000000000, -0.000000000000000000 ) ) ;
#4949 = DIRECTION ( 'NONE',  ( 1.000000000000000000, -0.000000000000000000, -0.000000000000000000 ) ) ;
#4950 = ORIENTED_EDGE ( 'NONE', *, *, #4910, .F. ) ;
#4951 = CARTESIAN_POINT ( 'NONE',  ( 6.000000000000005329, -51.00000000000000711, -32.00000000000000000 ) ) ;
#4952 = CIRCLE ( 'NONE', #1316, 1.000000000000000888 ) ;
#4953 = EDGE_CURVE ( 'NONE', #878, #599, #4819, .T. ) ;
#4954 = DIRECTION ( 'NONE',  ( 0.000000000000000000, 0.000000000000000000, 1.000000000000000000 ) ) ;
#4955 = AXIS2_PLACEMENT_3D ( 'NONE', #1458, #1504, #137 ) ;
#4956 = ORIENTED_EDGE ( 'NONE', *, *, #2299, .T. ) ;
#4957 = CARTESIAN_POINT ( 'NONE',  ( 1.000000000000000888, -22.66666666666666075, -40.99999999999998579 ) ) ;
#4958 = CYLINDRICAL_SURFACE ( 'NONE', #3875, 1.849999999999999201 ) ;
#4959 = CARTESIAN_POINT ( 'NONE',  ( 7.500000000000000888, -55.50000000000000000, -19.99999999999999645 ) ) ;
#4960 = AXIS2_PLACEMENT_3D ( 'NONE', #1715, #3619, #6160 ) ;
#4961 = CARTESIAN_POINT ( 'NONE',  ( 143.6861997365472519, -43.33333333333334991, -36.27322003750034440 ) ) ;
#4962 = AXIS2_PLACEMENT_3D ( 'NONE', #3462, #6831, #941 ) ;
#4963 = CARTESIAN_POINT ( 'NONE',  ( 0.9874327471758768127, -34.75424234740710716, -40.32884414205612700 ) ) ;
#4964 = ORIENTED_EDGE ( 'NONE', *, *, #7021, .F. ) ;
#4965 = AXIS2_PLACEMENT_3D ( 'NONE', #2472, #5145, #1811 ) ;
#4966 = ADVANCED_FACE ( 'NONE', ( #2032 ), #47, .F. ) ;
#4967 = EDGE_CURVE ( 'NONE', #5900, #6404, #6893, .T. ) ;
#4968 = CARTESIAN_POINT ( 'NONE',  ( 143.6861997365472519, 51.99999999999999289, 32.00000000000000000 ) ) ;
#4969 = CYLINDRICAL_SURFACE ( 'NONE', #8303, 1.850000000000002309 ) ;
#4970 = DIRECTION ( 'NONE',  ( -0.000000000000000000, -0.000000000000000000, -1.000000000000000000 ) ) ;
#4971 = EDGE_CURVE ( 'NONE', #6313, #342, #7526, .T. ) ;
#4972 = FACE_OUTER_BOUND ( 'NONE', #1453, .T. ) ;
#4973 = CIRCLE ( 'NONE', #5376, 2.000000000000451195 ) ;
#4974 = AXIS2_PLACEMENT_3D ( 'NONE', #7036, #4892, #5037 ) ;
#4975 = DIRECTION ( 'NONE',  ( 0.000000000000000000, 0.000000000000000000, -1.000000000000000000 ) ) ;
#4976 = ORIENTED_EDGE ( 'NONE', *, *, #6933, .T. ) ;
#4977 = DIRECTION ( 'NONE',  ( 0.000000000000000000, -1.000000000000000000, 0.000000000000000000 ) ) ;
#4978 = CARTESIAN_POINT ( 'NONE',  ( 2.499999999999998668, -56.50000000000000000, -9.999999999999996447 ) ) ;
#4979 = DIRECTION ( 'NONE',  ( 0.000000000000000000, 0.000000000000000000, 1.000000000000000000 ) ) ;
#4980 = ORIENTED_EDGE ( 'NONE', *, *, #7195, .F. ) ;
#4981 = VECTOR ( 'NONE', #2781, 1000.000000000000000 ) ;
#4982 = AXIS2_PLACEMENT_3D ( 'NONE', #758, #7126, #5822 ) ;
#4983 = VERTEX_POINT ( 'NONE', #4150 ) ;
#4984 = ADVANCED_FACE ( 'NONE', ( #6827 ), #847, .F. ) ;
#4985 = ORIENTED_EDGE ( 'NONE', *, *, #7892, .F. ) ;
#4986 = LINE ( 'NONE', #339, #4690 ) ;
#4987 = CONICAL_SURFACE ( 'NONE', #73, 4.590000000000003411, 0.7853981633974498333 ) ;
#4988 = VERTEX_POINT ( 'NONE', #7754 ) ;
#4989 = CARTESIAN_POINT ( 'NONE',  ( 0.2996024613575161144, 43.39788162810428673, 36.33095378393594643 ) ) ;
#4990 = VERTEX_POINT ( 'NONE', #2339 ) ;
#4991 = AXIS2_PLACEMENT_3D ( 'NONE', #4081, #6110, #2771 ) ;
#4992 = FACE_OUTER_BOUND ( 'NONE', #4505, .T. ) ;
#4993 = CARTESIAN_POINT ( 'NONE',  ( 6.000000000000005329, -11.66666666666668561, -34.00000000000000000 ) ) ;
#4994 = DIRECTION ( 'NONE',  ( -3.295974604355930324E-14, 0.06778098864347598118, -0.9977002243051332764 ) ) ;
#4995 = VERTEX_POINT ( 'NONE', #7661 ) ;
#4996 = ORIENTED_EDGE ( 'NONE', *, *, #3274, .F. ) ;
#4997 = VERTEX_POINT ( 'NONE', #278 ) ;
#4998 = ADVANCED_FACE ( 'NONE', ( #8225 ), #4426, .F. ) ;
#4999 = CARTESIAN_POINT ( 'NONE',  ( 6.000000000000005329, 46.00000000000001421, 34.00000000000001421 ) ) ;
#5000 = AXIS2_PLACEMENT_3D ( 'NONE', #2936, #5616, #608 ) ;
#5001 = CARTESIAN_POINT ( 'NONE',  ( 0.8074032449773698161, 43.42085270746247261, 36.35149974546074247 ) ) ;
#5002 = ORIENTED_EDGE ( 'NONE', *, *, #485, .T. ) ;
#5003 = DIRECTION ( 'NONE',  ( 0.000000000000000000, 0.000000000000000000, 1.000000000000000000 ) ) ;
#5004 = ORIENTED_EDGE ( 'NONE', *, *, #2987, .F. ) ;
#5005 = AXIS2_PLACEMENT_3D ( 'NONE', #6763, #6206, #2819 ) ;
#5006 = DIRECTION ( 'NONE',  ( 0.000000000000000000, 0.000000000000000000, 1.000000000000000000 ) ) ;
#5007 = CARTESIAN_POINT ( 'NONE',  ( 0.000000000000000000, 46.00000000000000000, -34.00000000000000711 ) ) ;
#5008 = EDGE_CURVE ( 'NONE', #1314, #3255, #5652, .T. ) ;
#5009 = DIRECTION ( 'NONE',  ( -1.000000000000000000, 0.000000000000000000, 0.000000000000000000 ) ) ;
#5010 = DIRECTION ( 'NONE',  ( -1.000000000000000000, 0.000000000000000000, 0.000000000000000000 ) ) ;
#5011 = ORIENTED_EDGE ( 'NONE', *, *, #1366, .F. ) ;
#5012 = CARTESIAN_POINT ( 'NONE',  ( 0.000000000000000000, -10.66666666666666785, -40.99999999999998579 ) ) ;
#5013 = VECTOR ( 'NONE', #3155, 1000.000000000000227 ) ;
#5014 = DIRECTION ( 'NONE',  ( 0.000000000000000000, -1.000000000000000000, 0.000000000000000000 ) ) ;
#5015 = DIRECTION ( 'NONE',  ( 0.000000000000000000, 0.000000000000000000, 1.000000000000000000 ) ) ;
#5016 = ORIENTED_EDGE ( 'NONE', *, *, #7032, .T. ) ;
#5017 = ADVANCED_FACE ( 'NONE', ( #2247 ), #5054, .F. ) ;
#5018 = FACE_OUTER_BOUND ( 'NONE', #990, .T. ) ;
#5019 = AXIS2_PLACEMENT_3D ( 'NONE', #2230, #2140, #7468 ) ;
#5020 = ADVANCED_FACE ( 'NONE', ( #4915 ), #830, .T. ) ;
#5021 = CARTESIAN_POINT ( 'NONE',  ( 1.000000000000000888, 52.00000000000000000, -32.00000000000001421 ) ) ;
#5022 = DIRECTION ( 'NONE',  ( -1.000000000000000000, 0.000000000000000000, 0.000000000000000000 ) ) ;
#5023 = ORIENTED_EDGE ( 'NONE', *, *, #8428, .T. ) ;
#5024 = CARTESIAN_POINT ( 'NONE',  ( 1.000000000000000888, -34.65725893522787260, -40.50615503039841059 ) ) ;
#5025 = ORIENTED_EDGE ( 'NONE', *, *, #5779, .T. ) ;
#5026 = CIRCLE ( 'NONE', #6550, 1.000000000000000000 ) ;
#5027 = ORIENTED_EDGE ( 'NONE', *, *, #8244, .T. ) ;
#5028 = CARTESIAN_POINT ( 'NONE',  ( 1.000000000000000888, -46.00000000000000711, 33.00000000000000711 ) ) ;
#5029 = ORIENTED_EDGE ( 'NONE', *, *, #7658, .F. ) ;
#5030 = EDGE_CURVE ( 'NONE', #4886, #265, #6229, .T. ) ;
#5031 = CARTESIAN_POINT ( 'NONE',  ( 0.9514269844322198466, 43.71409422329666228, -36.48770008846165780 ) ) ;
#5032 = ORIENTED_EDGE ( 'NONE', *, *, #5372, .F. ) ;
#5033 = EDGE_CURVE ( 'NONE', #7804, #6404, #3128, .T. ) ;
#5034 = VECTOR ( 'NONE', #3019, 1000.000000000000000 ) ;
#5035 = AXIS2_PLACEMENT_3D ( 'NONE', #2677, #3335, #5359 ) ;
#5036 = CYLINDRICAL_SURFACE ( 'NONE', #6756, 0.5000000000000000000 ) ;
#5037 = DIRECTION ( 'NONE',  ( 0.000000000000000000, 0.000000000000000000, 1.000000000000000000 ) ) ;
#5038 = LINE ( 'NONE', #2915, #5480 ) ;
#5039 = CARTESIAN_POINT ( 'NONE',  ( 1.000000000000000888, -10.66666666666666785, 42.99999999999999289 ) ) ;
#5040 = AXIS2_PLACEMENT_3D ( 'NONE', #4530, #3833, #7158 ) ;
#5041 = ORIENTED_EDGE ( 'NONE', *, *, #5439, .T. ) ;
#5042 = VERTEX_POINT ( 'NONE', #1073 ) ;
#5043 = ORIENTED_EDGE ( 'NONE', *, *, #1508, .T. ) ;
#5044 = CARTESIAN_POINT ( 'NONE',  ( 1.000000000000000888, 11.66666666666667318, 34.00000000000000000 ) ) ;
#5045 = AXIS2_PLACEMENT_3D ( 'NONE', #1503, #7435, #277 ) ;
#5046 = FACE_OUTER_BOUND ( 'NONE', #2129, .T. ) ;
#5047 = EDGE_LOOP ( 'NONE', ( #5686, #7217, #200, #5326 ) ) ;
#5048 = DIRECTION ( 'NONE',  ( 1.000000000000000000, 0.000000000000000000, 0.000000000000000000 ) ) ;
#5049 = CARTESIAN_POINT ( 'NONE',  ( 2.499999999999999556, -55.00000000000000000, -9.999999999999996447 ) ) ;
#5050 = ORIENTED_EDGE ( 'NONE', *, *, #801, .T. ) ;
#5051 = CARTESIAN_POINT ( 'NONE',  ( 6.000000000000005329, 11.66666666666667318, 34.00000000000000000 ) ) ;
#5052 = FACE_BOUND ( 'NONE', #7090, .T. ) ;
#5053 = DIRECTION ( 'NONE',  ( -1.000000000000000000, -0.000000000000000000, -0.000000000000000000 ) ) ;
#5054 = CYLINDRICAL_SURFACE ( 'NONE', #2305, 1.000000000000000888 ) ;
#5055 = ORIENTED_EDGE ( 'NONE', *, *, #2351, .T. ) ;
#5056 = DIRECTION ( 'NONE',  ( 0.000000000000000000, 0.000000000000000000, 1.000000000000000000 ) ) ;
#5057 = AXIS2_PLACEMENT_3D ( 'NONE', #6398, #8256, #2279 ) ;
#5058 = DIRECTION ( 'NONE',  ( 0.000000000000000000, 0.000000000000000000, 1.000000000000000000 ) ) ;
#5059 = DIRECTION ( 'NONE',  ( 0.000000000000000000, 0.000000000000000000, 1.000000000000000000 ) ) ;
#5060 = EDGE_CURVE ( 'NONE', #5868, #8152, #8434, .T. ) ;
#5061 = DIRECTION ( 'NONE',  ( -1.000000000000000000, -0.000000000000000000, -0.000000000000000000 ) ) ;
#5062 = LINE ( 'NONE', #4431, #7179 ) ;
#5063 = VERTEX_POINT ( 'NONE', #5571 ) ;
#5064 = CARTESIAN_POINT ( 'NONE',  ( 7.000000000000000000, -34.04705955010467733, -39.24999999999997868 ) ) ;
#5065 = AXIS2_PLACEMENT_3D ( 'NONE', #2144, #6685, #2103 ) ;
#5066 = CARTESIAN_POINT ( 'NONE',  ( 6.000000000000000000, -44.00000000000000711, 35.52786404500041328 ) ) ;
#5067 = ORIENTED_EDGE ( 'NONE', *, *, #1804, .F. ) ;
#5068 = CARTESIAN_POINT ( 'NONE',  ( 0.000000000000000000, 22.66666666666666785, 43.00000000000000000 ) ) ;
#5069 = CARTESIAN_POINT ( 'NONE',  ( 6.000000000000005329, -46.00000000000000711, 34.00000000000000711 ) ) ;
#5070 = VERTEX_POINT ( 'NONE', #936 ) ;
#5071 = ADVANCED_FACE ( 'NONE', ( #4330 ), #3594, .F. ) ;
#5072 = AXIS2_PLACEMENT_3D ( 'NONE', #4139, #4807, #2705 ) ;
#5073 = VERTEX_POINT ( 'NONE', #6966 ) ;
#5074 = VERTEX_POINT ( 'NONE', #981 ) ;
#5075 = CARTESIAN_POINT ( 'NONE',  ( 0.2702764668199365006, 43.68463991278500913, -36.48858536993337509 ) ) ;
#5076 = CIRCLE ( 'NONE', #1014, 1.000000000000000000 ) ;
#5077 = ORIENTED_EDGE ( 'NONE', *, *, #1923, .T. ) ;
#5078 = FACE_OUTER_BOUND ( 'NONE', #8592, .T. ) ;
#5079 = EDGE_CURVE ( 'NONE', #7852, #5811, #8315, .T. ) ;
#5080 = VECTOR ( 'NONE', #441, 1000.000000000000114 ) ;
#5081 = CYLINDRICAL_SURFACE ( 'NONE', #899, 1.849999999999999201 ) ;
#5082 = CIRCLE ( 'NONE', #7290, 2.000000000000001776 ) ;
#5083 = EDGE_CURVE ( 'NONE', #4571, #5557, #8004, .T. ) ;
#5084 = FACE_OUTER_BOUND ( 'NONE', #7206, .T. ) ;
#5085 = ORIENTED_EDGE ( 'NONE', *, *, #8030, .T. ) ;
#5086 = EDGE_LOOP ( 'NONE', ( #2534, #2816, #5827, #2092 ) ) ;
#5087 = ORIENTED_EDGE ( 'NONE', *, *, #3022, .F. ) ;
#5088 = CIRCLE ( 'NONE', #5220, 3.000000000000002665 ) ;
#5089 = CIRCLE ( 'NONE', #2429, 1.000000000000000444 ) ;
#5090 = ORIENTED_EDGE ( 'NONE', *, *, #5973, .F. ) ;
#5091 = DIRECTION ( 'NONE',  ( 1.000000000000000000, 0.000000000000000000, -0.000000000000000000 ) ) ;
#5092 = DIRECTION ( 'NONE',  ( -1.000000000000000000, -0.000000000000000000, -0.000000000000000000 ) ) ;
#5093 = EDGE_CURVE ( 'NONE', #1288, #1103, #5365, .T. ) ;
#5094 = TOROIDAL_SURFACE ( 'NONE', #6604, 2.000000000000000888, 1.000000000000000000 ) ;
#5095 = ORIENTED_EDGE ( 'NONE', *, *, #6088, .F. ) ;
#5096 = DIRECTION ( 'NONE',  ( 1.000000000000000000, 0.000000000000000000, 0.000000000000000000 ) ) ;
#5097 = DIRECTION ( 'NONE',  ( 1.000000000000000000, 0.000000000000000000, 0.000000000000000000 ) ) ;
#5098 = DIRECTION ( 'NONE',  ( 1.000000000000000000, 0.000000000000000000, 0.000000000000000000 ) ) ;
#5099 = CIRCLE ( 'NONE', #1040, 4.590000000000003411 ) ;
#5100 = CIRCLE ( 'NONE', #6203, 1.000000000000000000 ) ;
#5101 = AXIS2_PLACEMENT_3D ( 'NONE', #3821, #3204, #4561 ) ;
#5102 = CARTESIAN_POINT ( 'NONE',  ( 1.000000000000000888, 20.66666666666666785, 34.00000000000000000 ) ) ;
#5103 = CARTESIAN_POINT ( 'NONE',  ( 7.000000000000000000, 32.06274606680621986, -39.00000000000000000 ) ) ;
#5104 = LINE ( 'NONE', #4381, #6785 ) ;
#5105 = CARTESIAN_POINT ( 'NONE',  ( 6.000000000000002665, 22.66666666666666785, 40.99999999999999289 ) ) ;
#5106 = CARTESIAN_POINT ( 'NONE',  ( 1.000000000000000888, 46.00000000000000711, -34.00000000000001421 ) ) ;
#5107 = ORIENTED_EDGE ( 'NONE', *, *, #209, .T. ) ;
#5108 = AXIS2_PLACEMENT_3D ( 'NONE', #4312, #2178, #3524 ) ;
#5109 = CARTESIAN_POINT ( 'NONE',  ( 7.000000000000000000, 22.66666666666666785, 0.000000000000000000 ) ) ;
#5110 = DIRECTION ( 'NONE',  ( -0.000000000000000000, -0.000000000000000000, 1.000000000000000000 ) ) ;
#5111 = ORIENTED_EDGE ( 'NONE', *, *, #723, .F. ) ;
#5112 = EDGE_CURVE ( 'NONE', #8064, #4283, #346, .T. ) ;
#5113 = FACE_OUTER_BOUND ( 'NONE', #768, .T. ) ;
#5114 = CIRCLE ( 'NONE', #1334, 1.000000000000000000 ) ;
#5115 = AXIS2_PLACEMENT_3D ( 'NONE', #199, #6189, #1560 ) ;
#5116 = CARTESIAN_POINT ( 'NONE',  ( 7.000000000000000000, 22.66666666666667496, -34.00000000000000000 ) ) ;
#5117 = ORIENTED_EDGE ( 'NONE', *, *, #5894, .F. ) ;
#5118 = VERTEX_POINT ( 'NONE', #7796 ) ;
#5119 = B_SPLINE_CURVE_WITH_KNOTS ( 'NONE', 3,
 ( #253, #8247, #821, #4937, #2910, #1481, #1619, #4271 ),
 .UNSPECIFIED., .F., .F.,
 ( 4, 2, 2, 4 ),
 ( 0.000000000000000000, 0.0003520965169365282898, 0.0005281447754047796954, 0.0007041930338730312093 ),
 .UNSPECIFIED. ) ;
#5120 = ORIENTED_EDGE ( 'NONE', *, *, #379, .T. ) ;
#5121 = AXIS2_PLACEMENT_3D ( 'NONE', #6680, #5459, #4669 ) ;
#5122 = AXIS2_PLACEMENT_3D ( 'NONE', #6654, #4602, #669 ) ;
#5123 = CARTESIAN_POINT ( 'NONE',  ( 0.2972070393603303273, 43.47145041071363636, -36.38247005780709031 ) ) ;
#5124 = ORIENTED_EDGE ( 'NONE', *, *, #7562, .F. ) ;
#5125 = EDGE_CURVE ( 'NONE', #5714, #2293, #3930, .T. ) ;
#5126 = DIRECTION ( 'NONE',  ( -0.7071067811865464625, 0.000000000000000000, 0.7071067811865486830 ) ) ;
#5127 = TOROIDAL_SURFACE ( 'NONE', #1345, 1.999999999999990452, 1.000000000000000000 ) ;
#5128 = DIRECTION ( 'NONE',  ( -1.000000000000000000, 0.000000000000000000, 0.000000000000000000 ) ) ;
#5129 = CARTESIAN_POINT ( 'NONE',  ( 1.000000000000000444, -20.66666666666667496, -34.00000000000000000 ) ) ;
#5130 = VERTEX_POINT ( 'NONE', #7909 ) ;
#5131 = ORIENTED_EDGE ( 'NONE', *, *, #2750, .T. ) ;
#5132 = ORIENTED_EDGE ( 'NONE', *, *, #1742, .F. ) ;
#5133 = EDGE_CURVE ( 'NONE', #1635, #5903, #3858, .T. ) ;
#5134 = VECTOR ( 'NONE', #8463, 1000.000000000000000 ) ;
#5135 = EDGE_CURVE ( 'NONE', #5074, #4107, #8602, .T. ) ;
#5136 = DIRECTION ( 'NONE',  ( -1.000000000000000000, 0.000000000000000000, 0.000000000000000000 ) ) ;
#5137 = ORIENTED_EDGE ( 'NONE', *, *, #3126, .F. ) ;
#5138 = CARTESIAN_POINT ( 'NONE',  ( 10.00000000000000000, -40.00000000000000000, 37.75000000000000000 ) ) ;
#5139 = FACE_OUTER_BOUND ( 'NONE', #1712, .T. ) ;
#5140 = ORIENTED_EDGE ( 'NONE', *, *, #8308, .F. ) ;
#5141 = CARTESIAN_POINT ( 'NONE',  ( 5.000000000000005329, 16.66666666666667140, 39.50000000000000000 ) ) ;
#5142 = ADVANCED_FACE ( 'NONE', ( #5880 ), #616, .T. ) ;
#5143 = CIRCLE ( 'NONE', #6942, 1.000000000000000000 ) ;
#5144 = CARTESIAN_POINT ( 'NONE',  ( 0.000000000000000000, -40.00000000000000000, 37.75000000000000000 ) ) ;
#5145 = DIRECTION ( 'NONE',  ( 0.000000000000000000, -1.000000000000000000, 2.775557561562904367E-15 ) ) ;
#5146 = ADVANCED_FACE ( 'NONE', ( #1933 ), #1451, .F. ) ;
#5147 = DIRECTION ( 'NONE',  ( -1.000000000000000000, -0.000000000000000000, -0.000000000000000000 ) ) ;
#5148 = CARTESIAN_POINT ( 'NONE',  ( 0.000000000000000000, 40.00000000000000000, -39.99999999999999289 ) ) ;
#5149 = DIRECTION ( 'NONE',  ( -0.000000000000000000, 0.000000000000000000, -1.000000000000000000 ) ) ;
#5150 = CIRCLE ( 'NONE', #4138, 4.590000000000003411 ) ;
#5151 = DIRECTION ( 'NONE',  ( 0.000000000000000000, 0.000000000000000000, 1.000000000000000000 ) ) ;
#5152 = CYLINDRICAL_SURFACE ( 'NONE', #3947, 1.000000000000000888 ) ;
#5153 = ORIENTED_EDGE ( 'NONE', *, *, #3077, .T. ) ;
#5154 = DIRECTION ( 'NONE',  ( 0.000000000000000000, 0.000000000000000000, 1.000000000000000000 ) ) ;
#5155 = ORIENTED_EDGE ( 'NONE', *, *, #7943, .T. ) ;
#5156 = CIRCLE ( 'NONE', #2358, 2.000000000000253131 ) ;
#5157 = CARTESIAN_POINT ( 'NONE',  ( 0.000000000000000000, 55.00000000000000000, 45.00000000000000000 ) ) ;
#5158 = DIRECTION ( 'NONE',  ( -0.000000000000000000, -0.000000000000000000, 1.000000000000000000 ) ) ;
#5159 = ORIENTED_EDGE ( 'NONE', *, *, #5818, .T. ) ;
#5160 = AXIS2_PLACEMENT_3D ( 'NONE', #4875, #6280, #7534 ) ;
#5161 = EDGE_LOOP ( 'NONE', ( #3472, #8258, #5661, #6432 ) ) ;
#5162 = FACE_OUTER_BOUND ( 'NONE', #8194, .T. ) ;
#5163 = VERTEX_POINT ( 'NONE', #1976 ) ;
#5164 = AXIS2_PLACEMENT_3D ( 'NONE', #7145, #3733, #420 ) ;
#5165 = CARTESIAN_POINT ( 'NONE',  ( 143.6861997365472519, -11.66666666666667140, 33.99999999999999289 ) ) ;
#5166 = DIRECTION ( 'NONE',  ( -1.000000000000000000, -0.000000000000000000, -0.000000000000000000 ) ) ;
#5167 = CARTESIAN_POINT ( 'NONE',  ( 0.000000000000000000, -50.99999999999999289, 32.00000000000001421 ) ) ;
#5168 = EDGE_CURVE ( 'NONE', #4053, #2133, #5232, .T. ) ;
#5169 = ORIENTED_EDGE ( 'NONE', *, *, #2605, .T. ) ;
#5170 = VERTEX_POINT ( 'NONE', #7834 ) ;
#5171 = CIRCLE ( 'NONE', #973, 1.000000000000000000 ) ;
#5172 = CARTESIAN_POINT ( 'NONE',  ( 143.6861997365472519, 32.06274606680621986, -41.99999999999999289 ) ) ;
#5173 = ORIENTED_EDGE ( 'NONE', *, *, #7106, .F. ) ;
#5174 = CARTESIAN_POINT ( 'NONE',  ( 0.05312028218861664097, -43.94833612123507294, 36.52665930596160848 ) ) ;
#5175 = VERTEX_POINT ( 'NONE', #2544 ) ;
#5176 = CARTESIAN_POINT ( 'NONE',  ( 0.1936086620889644616, -43.86465428792454446, -36.53125179440987580 ) ) ;
#5177 = VECTOR ( 'NONE', #1047, 1000.000000000000000 ) ;
#5178 = CARTESIAN_POINT ( 'NONE',  ( 6.000000000000005329, 20.66666666666667496, -33.00000000000000000 ) ) ;
#5179 = ADVANCED_FACE ( 'NONE', ( #3108 ), #8560, .F. ) ;
#5180 = EDGE_CURVE ( 'NONE', #537, #3006, #6213, .T. ) ;
#5181 = EDGE_LOOP ( 'NONE', ( #2104, #6940, #7500 ) ) ;
#5182 = CARTESIAN_POINT ( 'NONE',  ( 6.000000000000005329, -45.00000000000000711, 34.00000000000000711 ) ) ;
#5183 = CARTESIAN_POINT ( 'NONE',  ( 1.000000000000000888, -51.00000000000000711, -33.00000000000000000 ) ) ;
#5184 = DIRECTION ( 'NONE',  ( -0.000000000000000000, -1.000000000000000000, -0.000000000000000000 ) ) ;
#5185 = VECTOR ( 'NONE', #2522, 1000.000000000000000 ) ;
#5186 = CARTESIAN_POINT ( 'NONE',  ( 3.149999999999998579, 49.99999999999999289, 39.50000000000000000 ) ) ;
#5187 = CARTESIAN_POINT ( 'NONE',  ( 0.000000000000000000, -55.00000000000000000, 45.00000000000000000 ) ) ;
#5188 = EDGE_CURVE ( 'NONE', #6265, #6230, #5222, .T. ) ;
#5189 = CARTESIAN_POINT ( 'NONE',  ( 1.000000000000000888, 44.00000000000000711, 35.52786404500041328 ) ) ;
#5190 = CARTESIAN_POINT ( 'NONE',  ( 143.6861997365472519, 32.06274606680621986, 38.99999999999999289 ) ) ;
#5191 = DIRECTION ( 'NONE',  ( 0.000000000000000000, 0.000000000000000000, 1.000000000000000000 ) ) ;
#5192 = ADVANCED_FACE ( 'NONE', ( #6568 ), #578, .F. ) ;
#5193 = EDGE_LOOP ( 'NONE', ( #6675, #3305, #4812, #1362 ) ) ;
#5194 = ORIENTED_EDGE ( 'NONE', *, *, #1579, .T. ) ;
#5195 = DIRECTION ( 'NONE',  ( 0.000000000000000000, 0.000000000000000000, -1.000000000000000000 ) ) ;
#5196 = CARTESIAN_POINT ( 'NONE',  ( 7.000000000000000000, 43.99999999999968736, 3.996577218646921331E-13 ) ) ;
#5197 = CARTESIAN_POINT ( 'NONE',  ( 6.850000000000002309, 49.99999999999999289, -39.69999999999045315 ) ) ;
#5198 = DIRECTION ( 'NONE',  ( -1.000000000000000000, -0.000000000000000000, -0.000000000000000000 ) ) ;
#5199 = EDGE_CURVE ( 'NONE', #168, #1368, #3194, .T. ) ;
#5200 = DIRECTION ( 'NONE',  ( 0.000000000000000000, 0.000000000000000000, 1.000000000000000000 ) ) ;
#5201 = ORIENTED_EDGE ( 'NONE', *, *, #533, .F. ) ;
#5202 = DIRECTION ( 'NONE',  ( 0.000000000000000000, 1.000000000000000000, 0.000000000000000000 ) ) ;
#5203 = CARTESIAN_POINT ( 'NONE',  ( 0.000000000000000000, 43.86443802271307391, -37.52326449361068939 ) ) ;
#5204 = ORIENTED_EDGE ( 'NONE', *, *, #8214, .T. ) ;
#5205 = DIRECTION ( 'NONE',  ( 0.000000000000000000, 0.000000000000000000, 1.000000000000000000 ) ) ;
#5206 = CARTESIAN_POINT ( 'NONE',  ( 6.000000000000005329, 20.66666666666667140, 34.00000000000000000 ) ) ;
#5207 = CARTESIAN_POINT ( 'NONE',  ( 1.000000000000000888, 46.00000000000001421, 34.00000000000001421 ) ) ;
#5208 = ORIENTED_EDGE ( 'NONE', *, *, #2557, .F. ) ;
#5209 = ORIENTED_EDGE ( 'NONE', *, *, #1699, .F. ) ;
#5210 = CIRCLE ( 'NONE', #4633, 4.590000000000003411 ) ;
#5211 = DIRECTION ( 'NONE',  ( -1.000000000000000000, 0.000000000000000000, 0.000000000000000000 ) ) ;
#5212 = ORIENTED_EDGE ( 'NONE', *, *, #2182, .T. ) ;
#5213 = EDGE_CURVE ( 'NONE', #1827, #2767, #3134, .T. ) ;
#5214 = CIRCLE ( 'NONE', #1431, 1.850000000000000977 ) ;
#5215 = CARTESIAN_POINT ( 'NONE',  ( 1.000000000000000888, 12.66666666666667673, -34.00000000000000000 ) ) ;
#5216 = VERTEX_POINT ( 'NONE', #3809 ) ;
#5217 = DIRECTION ( 'NONE',  ( 0.000000000000000000, 1.000000000000000000, 0.000000000000000000 ) ) ;
#5218 = ORIENTED_EDGE ( 'NONE', *, *, #6360, .T. ) ;
#5219 = DIRECTION ( 'NONE',  ( -1.000000000000000000, 0.000000000000000000, 0.000000000000000000 ) ) ;
#5220 = AXIS2_PLACEMENT_3D ( 'NONE', #4560, #7147, #5229 ) ;
#5221 = CIRCLE ( 'NONE', #1861, 0.5000000000000004441 ) ;
#5222 = LINE ( 'NONE', #4590, #618 ) ;
#5223 = EDGE_CURVE ( 'NONE', #1836, #7768, #6490, .T. ) ;
#5224 = CIRCLE ( 'NONE', #1443, 0.5000000000000000000 ) ;
#5225 = DIRECTION ( 'NONE',  ( 0.000000000000000000, 1.000000000000000000, -7.384882149680598319E-16 ) ) ;
#5226 = CIRCLE ( 'NONE', #3812, 1.999999999999994893 ) ;
#5227 = DIRECTION ( 'NONE',  ( -0.000000000000000000, 1.000000000000000000, -0.000000000000000000 ) ) ;
#5228 = DIRECTION ( 'NONE',  ( 0.000000000000000000, -0.6666666666666669627, -0.7453559924999295649 ) ) ;
#5229 = DIRECTION ( 'NONE',  ( 0.000000000000000000, 0.000000000000000000, 1.000000000000000000 ) ) ;
#5230 = AXIS2_PLACEMENT_3D ( 'NONE', #6879, #4118, #763 ) ;
#5231 = AXIS2_PLACEMENT_3D ( 'NONE', #779, #8109, #3527 ) ;
#5232 = CIRCLE ( 'NONE', #203, 2.000000000000008882 ) ;
#5233 = ADVANCED_FACE ( 'NONE', ( #4511 ), #7178, .F. ) ;
#5234 = ADVANCED_FACE ( 'NONE', ( #7387 ), #3317, .F. ) ;
#5235 = DIRECTION ( 'NONE',  ( 0.000000000000000000, 1.000000000000000000, -0.000000000000000000 ) ) ;
#5236 = CARTESIAN_POINT ( 'NONE',  ( 7.000000000000000000, 50.99999999999999289, 5.529431079676070247E-15 ) ) ;
#5237 = CIRCLE ( 'NONE', #2153, 4.590000000000003411 ) ;
#5238 = DIRECTION ( 'NONE',  ( 0.000000000000000000, 0.000000000000000000, 1.000000000000000000 ) ) ;
#5239 = ORIENTED_EDGE ( 'NONE', *, *, #6982, .F. ) ;
#5240 = CARTESIAN_POINT ( 'NONE',  ( 143.6861997365472519, 45.00000000000001421, -35.52786404500041328 ) ) ;
#5241 = CARTESIAN_POINT ( 'NONE',  ( 7.000000000000000888, -56.50000000000000000, -9.999999999999996447 ) ) ;
#5242 = CYLINDRICAL_SURFACE ( 'NONE', #1682, 1.000000000000000000 ) ;
#5243 = VERTEX_POINT ( 'NONE', #6167 ) ;
#5244 = AXIS2_PLACEMENT_3D ( 'NONE', #6339, #347, #7503 ) ;
#5245 = EDGE_CURVE ( 'NONE', #1879, #2870, #7258, .T. ) ;
#5246 = DIRECTION ( 'NONE',  ( -1.000000000000000000, -0.000000000000000000, -0.000000000000000000 ) ) ;
#5247 = FACE_OUTER_BOUND ( 'NONE', #7283, .T. ) ;
#5248 = AXIS2_PLACEMENT_3D ( 'NONE', #5881, #2623, #4635 ) ;
#5249 = ORIENTED_EDGE ( 'NONE', *, *, #4953, .F. ) ;
#5250 = ORIENTED_EDGE ( 'NONE', *, *, #4363, .F. ) ;
#5251 = AXIS2_PLACEMENT_3D ( 'NONE', #3284, #5311, #5154 ) ;
#5252 = CARTESIAN_POINT ( 'NONE',  ( 7.000000000000000000, 22.66666666666667496, 0.000000000000000000 ) ) ;
#5253 = ORIENTED_EDGE ( 'NONE', *, *, #584, .T. ) ;
#5254 = DIRECTION ( 'NONE',  ( -1.000000000000000000, -0.000000000000000000, -0.000000000000000000 ) ) ;
#5255 = VECTOR ( 'NONE', #6958, 1000.000000000000000 ) ;
#5256 = CARTESIAN_POINT ( 'NONE',  ( 0.000000000000000000, -55.00000000000000000, -9.999999999999996447 ) ) ;
#5257 = ORIENTED_EDGE ( 'NONE', *, *, #6992, .T. ) ;
#5258 = CARTESIAN_POINT ( 'NONE',  ( 0.8539840342805183893, -43.51314831989940046, -36.40311937532408848 ) ) ;
#5259 = CARTESIAN_POINT ( 'NONE',  ( 7.499999999999982236, -59.50000000000000711, -9.999999999999996447 ) ) ;
#5260 = ORIENTED_EDGE ( 'NONE', *, *, #8078, .F. ) ;
#5261 = AXIS2_PLACEMENT_3D ( 'NONE', #8472, #8544, #1877 ) ;
#5263 = EDGE_CURVE ( 'NONE', #2843, #3604, #2827, .T. ) ;
#5262 = CARTESIAN_POINT ( 'NONE',  ( 10.00000000000000000, -55.00000000000000000, -45.00000000000000000 ) ) ;
#5264 = DIRECTION ( 'NONE',  ( -1.000000000000000000, -0.000000000000000000, -0.000000000000000000 ) ) ;
#5265 = ORIENTED_EDGE ( 'NONE', *, *, #1382, .T. ) ;
#5266 = CARTESIAN_POINT ( 'NONE',  ( 7.000000000000000000, -46.00000000000000711, -34.00000000000000000 ) ) ;
#5267 = AXIS2_PLACEMENT_3D ( 'NONE', #5812, #7232, #3042 ) ;
#5268 = DIRECTION ( 'NONE',  ( 0.000000000000000000, 0.000000000000000000, -1.000000000000000000 ) ) ;
#5269 = CARTESIAN_POINT ( 'NONE',  ( 10.00000000000000000, -40.00000000000000000, 39.99999999999999289 ) ) ;
#5270 = ORIENTED_EDGE ( 'NONE', *, *, #6297, .T. ) ;
#5271 = FACE_OUTER_BOUND ( 'NONE', #8360, .T. ) ;
#5272 = CARTESIAN_POINT ( 'NONE',  ( 0.8074032489736464591, 35.01405659924675007, -39.57469886831038508 ) ) ;
#5273 = VECTOR ( 'NONE', #3552, 1000.000000000000000 ) ;
#5274 = ADVANCED_FACE ( 'NONE', ( #7471 ), #2063, .F. ) ;
#5275 = DIRECTION ( 'NONE',  ( -1.000000000000000000, 0.000000000000000000, 0.000000000000000000 ) ) ;
#5276 = CYLINDRICAL_SURFACE ( 'NONE', #7488, 1.000000000000000000 ) ;
#5277 = TOROIDAL_SURFACE ( 'NONE', #4424, 2.000000000000000888, 1.000000000000000000 ) ;
#5278 = LINE ( 'NONE', #7922, #2675 ) ;
#5279 = EDGE_LOOP ( 'NONE', ( #5055, #2656, #7374, #7073, #2570, #478, #3568, #5120, #2574, #4134, #6380, #839, #4185, #3034 ) ) ;
#5280 = EDGE_CURVE ( 'NONE', #3152, #1961, #8521, .T. ) ;
#5281 = ADVANCED_FACE ( 'NONE', ( #1409 ), #1286, .F. ) ;
#5282 = DIRECTION ( 'NONE',  ( 0.000000000000000000, 0.000000000000000000, -1.000000000000000000 ) ) ;
#5283 = DIRECTION ( 'NONE',  ( 0.000000000000000000, 0.000000000000000000, 1.000000000000000000 ) ) ;
#5284 = ORIENTED_EDGE ( 'NONE', *, *, #6133, .F. ) ;
#5285 = CYLINDRICAL_SURFACE ( 'NONE', #1608, 1.000000000000000888 ) ;
#5286 = AXIS2_PLACEMENT_3D ( 'NONE', #1156, #7793, #8399 ) ;
#5287 = CARTESIAN_POINT ( 'NONE',  ( 3.150000000000010125, -16.66666666666666430, -39.69999999999039630 ) ) ;
#5288 = EDGE_CURVE ( 'NONE', #7496, #483, #1559, .T. ) ;
#5289 = VERTEX_POINT ( 'NONE', #1446 ) ;
#5290 = VERTEX_POINT ( 'NONE', #84 ) ;
#5291 = ADVANCED_FACE ( 'NONE', ( #8643 ), #6086, .F. ) ;
#5292 = LINE ( 'NONE', #6758, #1538 ) ;
#5293 = VERTEX_POINT ( 'NONE', #4101 ) ;
#5294 = AXIS2_PLACEMENT_3D ( 'NONE', #3463, #6973, #3557 ) ;
#5295 = CARTESIAN_POINT ( 'NONE',  ( 6.000000000000005329, -12.66666666666667318, -33.00000000000000711 ) ) ;
#5296 = VECTOR ( 'NONE', #7753, 1000.000000000000114 ) ;
#5297 = AXIS2_PLACEMENT_3D ( 'NONE', #1164, #8365, #508 ) ;
#5298 = ORIENTED_EDGE ( 'NONE', *, *, #2808, .F. ) ;
#5299 = LINE ( 'NONE', #6035, #4441 ) ;
#5300 = DIRECTION ( 'NONE',  ( 0.000000000000000000, 0.000000000000000000, 1.000000000000000000 ) ) ;
#5301 = CIRCLE ( 'NONE', #5035, 1.849999999999999201 ) ;
#5302 = ORIENTED_EDGE ( 'NONE', *, *, #6597, .F. ) ;
#5303 = DIRECTION ( 'NONE',  ( 1.000000000000000000, -0.000000000000000000, -0.000000000000000000 ) ) ;
#5304 = DIRECTION ( 'NONE',  ( 0.000000000000000000, 0.000000000000000000, 1.000000000000000000 ) ) ;
#5305 = DIRECTION ( 'NONE',  ( 0.000000000000000000, 0.000000000000000000, 1.000000000000000000 ) ) ;
#5306 = EDGE_LOOP ( 'NONE', ( #5320, #7679, #6222, #7746, #6890, #1572 ) ) ;
#5307 = CARTESIAN_POINT ( 'NONE',  ( 6.000000000000005329, 10.66666666666666785, -41.99999999999999289 ) ) ;
#5308 = VECTOR ( 'NONE', #3788, 1000.000000000000000 ) ;
#5309 = CIRCLE ( 'NONE', #8637, 1.000000000000000888 ) ;
#5310 = DIRECTION ( 'NONE',  ( -0.000000000000000000, -0.000000000000000000, -1.000000000000000000 ) ) ;
#5311 = DIRECTION ( 'NONE',  ( -1.000000000000000000, 0.000000000000000000, 0.000000000000000000 ) ) ;
#5312 = CARTESIAN_POINT ( 'NONE',  ( 1.000000000000000888, -46.00000000000000711, -35.52786404500042039 ) ) ;
#5313 = VECTOR ( 'NONE', #3510, 1000.000000000000000 ) ;
#5314 = ADVANCED_FACE ( 'NONE', ( #3486 ), #5513, .F. ) ;
#5315 = LINE ( 'NONE', #2555, #1725 ) ;
#5316 = FACE_OUTER_BOUND ( 'NONE', #7507, .T. ) ;
#5317 = ORIENTED_EDGE ( 'NONE', *, *, #2901, .F. ) ;
#5318 = LINE ( 'NONE', #8054, #5725 ) ;
#5319 = CARTESIAN_POINT ( 'NONE',  ( 5.000000000000009770, -16.66666666666666430, 39.69999999998334772 ) ) ;
#5320 = ORIENTED_EDGE ( 'NONE', *, *, #1367, .F. ) ;
#5321 = EDGE_CURVE ( 'NONE', #6842, #7789, #8398, .T. ) ;
#5322 = ADVANCED_FACE ( 'NONE', ( #5422 ), #787, .F. ) ;
#5323 = CARTESIAN_POINT ( 'NONE',  ( 6.000000000000005329, -52.00000000000000000, 32.00000000000001421 ) ) ;
#5324 = ORIENTED_EDGE ( 'NONE', *, *, #2749, .F. ) ;
#5325 = VERTEX_POINT ( 'NONE', #6128 ) ;
#5326 = ORIENTED_EDGE ( 'NONE', *, *, #7829, .F. ) ;
#5327 = FACE_OUTER_BOUND ( 'NONE', #3129, .T. ) ;
#5328 = ORIENTED_EDGE ( 'NONE', *, *, #70, .F. ) ;
#5329 = EDGE_CURVE ( 'NONE', #8079, #7243, #5210, .T. ) ;
#5330 = ADVANCED_FACE ( 'NONE', ( #5337 ), #4052, .T. ) ;
#5331 = DIRECTION ( 'NONE',  ( 0.000000000000000000, 0.000000000000000000, -1.000000000000000000 ) ) ;
#5332 = ORIENTED_EDGE ( 'NONE', *, *, #3610, .T. ) ;
#5333 = DIRECTION ( 'NONE',  ( -1.000000000000000000, 0.000000000000000000, 0.000000000000000000 ) ) ;
#5334 = ORIENTED_EDGE ( 'NONE', *, *, #4090, .T. ) ;
#5335 = FACE_OUTER_BOUND ( 'NONE', #1957, .T. ) ;
#5336 = ORIENTED_EDGE ( 'NONE', *, *, #2219, .F. ) ;
#5337 = FACE_OUTER_BOUND ( 'NONE', #2959, .T. ) ;
#5338 = VECTOR ( 'NONE', #4605, 1000.000000000000000 ) ;
#5339 = VECTOR ( 'NONE', #4361, 1000.000000000000000 ) ;
#5340 = EDGE_CURVE ( 'NONE', #1487, #4039, #3514, .T. ) ;
#5341 = VERTEX_POINT ( 'NONE', #2963 ) ;
#5342 = CARTESIAN_POINT ( 'NONE',  ( 0.06571778390731665420, -34.67631390354928556, 40.47333088393859413 ) ) ;
#5343 = DIRECTION ( 'NONE',  ( -1.000000000000000000, 0.000000000000000000, 0.000000000000000000 ) ) ;
#5344 = DIRECTION ( 'NONE',  ( 0.000000000000000000, 0.000000000000000000, 1.000000000000000000 ) ) ;
#5345 = VERTEX_POINT ( 'NONE', #4321 ) ;
#5346 = CIRCLE ( 'NONE', #3111, 4.590000000000003411 ) ;
#5347 = DIRECTION ( 'NONE',  ( 0.000000000000000000, 1.000000000000000000, -3.252606517456512809E-16 ) ) ;
#5348 = DIRECTION ( 'NONE',  ( 1.000000000000000000, -0.000000000000000000, -0.000000000000000000 ) ) ;
#5349 = CYLINDRICAL_SURFACE ( 'NONE', #5503, 1.000000000000000888 ) ;
#5350 = EDGE_LOOP ( 'NONE', ( #102, #4145, #2773, #2191 ) ) ;
#5351 = AXIS2_PLACEMENT_3D ( 'NONE', #3686, #6374, #8409 ) ;
#5352 = CIRCLE ( 'NONE', #6190, 1.849999999999999201 ) ;
#5353 = CARTESIAN_POINT ( 'NONE',  ( 7.500000000000000888, -55.00000000000000000, -9.999999999999996447 ) ) ;
#5354 = FACE_OUTER_BOUND ( 'NONE', #7669, .T. ) ;
#5355 = CARTESIAN_POINT ( 'NONE',  ( 1.000000000000000888, 46.00000000000001421, 34.00000000000000711 ) ) ;
#5356 = FACE_OUTER_BOUND ( 'NONE', #620, .T. ) ;
#5357 = VECTOR ( 'NONE', #1375, 1000.000000000000000 ) ;
#5358 = VECTOR ( 'NONE', #1633, 1000.000000000000000 ) ;
#5359 = DIRECTION ( 'NONE',  ( -1.000000000000000000, 0.000000000000000000, 0.000000000000000000 ) ) ;
#5360 = DIRECTION ( 'NONE',  ( -1.000000000000000000, -0.000000000000000000, -0.000000000000000000 ) ) ;
#5361 = ADVANCED_FACE ( 'NONE', ( #356 ), #8410, .F. ) ;
#5362 = FACE_OUTER_BOUND ( 'NONE', #5556, .T. ) ;
#5363 = ORIENTED_EDGE ( 'NONE', *, *, #767, .F. ) ;
#5364 = AXIS2_PLACEMENT_3D ( 'NONE', #1083, #1854, #5191 ) ;
#5365 = CIRCLE ( 'NONE', #3400, 1.000000000000000888 ) ;
#5366 = DIRECTION ( 'NONE',  ( 0.000000000000000000, 1.000000000000000000, -2.775557561562904367E-15 ) ) ;
#5367 = ORIENTED_EDGE ( 'NONE', *, *, #473, .T. ) ;
#5368 = ORIENTED_EDGE ( 'NONE', *, *, #4416, .T. ) ;
#5369 = AXIS2_PLACEMENT_3D ( 'NONE', #5897, #2364, #1960 ) ;
#5370 = ADVANCED_FACE ( 'NONE', ( #2875 ), #6263, .F. ) ;
#5371 = DIRECTION ( 'NONE',  ( 0.000000000000000000, 0.000000000000000000, 1.000000000000000000 ) ) ;
#5372 = EDGE_CURVE ( 'NONE', #511, #6844, #5689, .T. ) ;
#5373 = EDGE_LOOP ( 'NONE', ( #997, #192, #659, #1700 ) ) ;
#5374 = DIRECTION ( 'NONE',  ( 0.000000000000000000, 0.000000000000000000, 1.000000000000000000 ) ) ;
#5375 = EDGE_LOOP ( 'NONE', ( #3235, #4112, #128, #6134 ) ) ;
#5376 = AXIS2_PLACEMENT_3D ( 'NONE', #7573, #7009, #2980 ) ;
#5377 = CONICAL_SURFACE ( 'NONE', #7059, 1.849999999999999201, 0.02829433384850010835 ) ;
#5378 = CARTESIAN_POINT ( 'NONE',  ( 10.00000000000000000, -40.00000000000000000, -37.75000000000000000 ) ) ;
#5379 = CARTESIAN_POINT ( 'NONE',  ( 6.000000000000005329, 11.66666666666667318, 34.00000000000000000 ) ) ;
#5380 = ORIENTED_EDGE ( 'NONE', *, *, #4671, .F. ) ;
#5381 = EDGE_CURVE ( 'NONE', #2500, #3516, #5645, .T. ) ;
#5382 = DIRECTION ( 'NONE',  ( 0.000000000000000000, 0.000000000000000000, -1.000000000000000000 ) ) ;
#5383 = EDGE_CURVE ( 'NONE', #3616, #287, #2372, .T. ) ;
#5384 = ORIENTED_EDGE ( 'NONE', *, *, #2951, .F. ) ;
#5385 = AXIS2_PLACEMENT_3D ( 'NONE', #2788, #6171, #1448 ) ;
#5386 = CARTESIAN_POINT ( 'NONE',  ( 6.000000000000005329, 22.66666666666667496, -40.99999999999999289 ) ) ;
#5387 = EDGE_LOOP ( 'NONE', ( #8474, #8075, #781 ) ) ;
#5388 = CARTESIAN_POINT ( 'NONE',  ( -1.051439032150960824E-09, -35.44409431097128049, 40.57076138032856250 ) ) ;
#5389 = CARTESIAN_POINT ( 'NONE',  ( 6.000000000000005329, 43.33333333333333570, -36.27322003750034440 ) ) ;
#5390 = DIRECTION ( 'NONE',  ( 0.000000000000000000, 0.000000000000000000, 1.000000000000000000 ) ) ;
#5391 = VECTOR ( 'NONE', #1405, 1000.000000000000000 ) ;
#5392 = ORIENTED_EDGE ( 'NONE', *, *, #5223, .F. ) ;
#5393 = DIRECTION ( 'NONE',  ( -1.000000000000000000, -0.000000000000000000, -0.000000000000000000 ) ) ;
#5394 = ADVANCED_FACE ( 'NONE', ( #7649 ), #3057, .F. ) ;
#5395 = CARTESIAN_POINT ( 'NONE',  ( 0.2078464396325586938, 34.78631055417763207, -40.26680052479473204 ) ) ;
#5396 = ADVANCED_FACE ( 'NONE', ( #8349 ), #3786, .F. ) ;
#5397 = CIRCLE ( 'NONE', #1489, 2.500000000000001332 ) ;
#5398 = CARTESIAN_POINT ( 'NONE',  ( 7.000000000000000000, -40.00000000000000000, -39.99999999999999289 ) ) ;
#5399 = LINE ( 'NONE', #632, #732 ) ;
#5400 = CARTESIAN_POINT ( 'NONE',  ( 6.000000000000005329, -46.00000000000000711, 33.00000000000000711 ) ) ;
#5401 = CARTESIAN_POINT ( 'NONE',  ( 143.6861997365472519, 10.66666666666667140, 41.99999999999998579 ) ) ;
#5402 = DIRECTION ( 'NONE',  ( 0.000000000000000000, 0.000000000000000000, 1.000000000000000000 ) ) ;
#5403 = DIRECTION ( 'NONE',  ( -1.000000000000000000, -0.000000000000000000, -0.000000000000000000 ) ) ;
#5404 = DIRECTION ( 'NONE',  ( -1.000000000000000000, 0.000000000000000000, 0.000000000000000000 ) ) ;
#5405 = FACE_OUTER_BOUND ( 'NONE', #7546, .T. ) ;
#5406 = ORIENTED_EDGE ( 'NONE', *, *, #5450, .T. ) ;
#5407 = CIRCLE ( 'NONE', #1920, 3.000000000000002665 ) ;
#5408 = ORIENTED_EDGE ( 'NONE', *, *, #7195, .T. ) ;
#5409 = DIRECTION ( 'NONE',  ( 0.000000000000000000, 1.000000000000000000, -2.478176394252584592E-16 ) ) ;
#5410 = VERTEX_POINT ( 'NONE', #3665 ) ;
#5411 = ORIENTED_EDGE ( 'NONE', *, *, #8317, .F. ) ;
#5412 = DIRECTION ( 'NONE',  ( 0.000000000000000000, 0.000000000000000000, 1.000000000000000000 ) ) ;
#5413 = ORIENTED_EDGE ( 'NONE', *, *, #6569, .F. ) ;
#5414 = VECTOR ( 'NONE', #2111, 1000.000000000000000 ) ;
#5415 = CARTESIAN_POINT ( 'NONE',  ( 143.6861997365472519, 43.33333333333333570, 36.27322003750034440 ) ) ;
#5416 = EDGE_CURVE ( 'NONE', #6292, #5780, #7695, .T. ) ;
#5417 = PLANE ( 'NONE',  #2295 ) ;
#5418 = CARTESIAN_POINT ( 'NONE',  ( 1.000000000000000888, -43.93221901135653695, -36.52556426930554778 ) ) ;
#5419 = VERTEX_POINT ( 'NONE', #1714 ) ;
#5420 = ORIENTED_EDGE ( 'NONE', *, *, #2557, .T. ) ;
#5421 = EDGE_LOOP ( 'NONE', ( #393, #344, #6089, #5906 ) ) ;
#5422 = FACE_OUTER_BOUND ( 'NONE', #5681, .T. ) ;
#5423 = APPLICATION_CONTEXT ( 'automotive_design' ) ;
#5424 = ADVANCED_FACE ( 'NONE', ( #6955 ), #148, .F. ) ;
#5425 = ORIENTED_EDGE ( 'NONE', *, *, #4586, .F. ) ;
#5426 = CARTESIAN_POINT ( 'NONE',  ( 7.500000000000000888, -55.00000000000000000, 19.99999999999999645 ) ) ;
#5427 = CIRCLE ( 'NONE', #3754, 4.590000000000003411 ) ;
#5428 = EDGE_CURVE ( 'NONE', #305, #537, #1011, .T. ) ;
#5429 = DIRECTION ( 'NONE',  ( -0.000000000000000000, -0.000000000000000000, 1.000000000000000000 ) ) ;
#5430 = DIRECTION ( 'NONE',  ( -1.000000000000000000, 0.000000000000000000, 0.000000000000000000 ) ) ;
#5431 = VERTEX_POINT ( 'NONE', #5044 ) ;
#5432 = LINE ( 'NONE', #6821, #1926 ) ;
#5433 = DIRECTION ( 'NONE',  ( 0.000000000000000000, 0.000000000000000000, -1.000000000000000000 ) ) ;
#5434 = PLANE ( 'NONE',  #4144 ) ;
#5435 = AXIS2_PLACEMENT_3D ( 'NONE', #5475, #2154, #4818 ) ;
#5436 = CIRCLE ( 'NONE', #6832, 2.000000000000001776 ) ;
#5437 = CARTESIAN_POINT ( 'NONE',  ( 6.000000000000005329, 21.66666666666666785, 40.99999999999999289 ) ) ;
#5438 = FACE_OUTER_BOUND ( 'NONE', #6442, .T. ) ;
#5439 = EDGE_CURVE ( 'NONE', #6844, #4042, #6866, .T. ) ;
#5440 = DIRECTION ( 'NONE',  ( -1.000000000000000000, -0.000000000000000000, -0.000000000000000000 ) ) ;
#5441 = FACE_OUTER_BOUND ( 'NONE', #4684, .T. ) ;
#5442 = EDGE_CURVE ( 'NONE', #1677, #6769, #7975, .T. ) ;
#5443 = FACE_OUTER_BOUND ( 'NONE', #247, .T. ) ;
#5444 = AXIS2_PLACEMENT_3D ( 'NONE', #2603, #3951, #1993 ) ;
#5445 = DIRECTION ( 'NONE',  ( 0.000000000000000000, 1.000000000000000000, -0.000000000000000000 ) ) ;
#5446 = LINE ( 'NONE', #147, #8000 ) ;
#5447 = CARTESIAN_POINT ( 'NONE',  ( 5.000000000000000000, 49.99999999999999289, 39.50000000000000000 ) ) ;
#5448 = VERTEX_POINT ( 'NONE', #5735 ) ;
#5449 = VECTOR ( 'NONE', #2338, 1000.000000000000000 ) ;
#5450 = EDGE_CURVE ( 'NONE', #6345, #5431, #308, .T. ) ;
#5451 = ORIENTED_EDGE ( 'NONE', *, *, #5199, .F. ) ;
#5452 = CARTESIAN_POINT ( 'NONE',  ( 6.000000000000005329, -22.66666666666666075, -40.99999999999998579 ) ) ;
#5453 = ORIENTED_EDGE ( 'NONE', *, *, #5383, .F. ) ;
#5454 = ORIENTED_EDGE ( 'NONE', *, *, #6513, .T. ) ;
#5455 = DIRECTION ( 'NONE',  ( 0.000000000000000000, 0.000000000000000000, 1.000000000000000000 ) ) ;
#5456 = VERTEX_POINT ( 'NONE', #8393 ) ;
#5457 = DIRECTION ( 'NONE',  ( -1.000000000000000000, 0.000000000000000000, 0.000000000000000000 ) ) ;
#5458 = DIRECTION ( 'NONE',  ( 0.000000000000000000, 0.000000000000000000, 1.000000000000000000 ) ) ;
#5459 = DIRECTION ( 'NONE',  ( -1.000000000000000000, 0.000000000000000000, 0.000000000000000000 ) ) ;
#5460 = ORIENTED_EDGE ( 'NONE', *, *, #8468, .F. ) ;
#5461 = VERTEX_POINT ( 'NONE', #2415 ) ;
#5462 = CARTESIAN_POINT ( 'NONE',  ( 0.000000000000000000, -40.00000000000000000, -42.24999999999998579 ) ) ;
#5463 = ORIENTED_EDGE ( 'NONE', *, *, #6414, .T. ) ;
#5464 = ADVANCED_FACE ( 'NONE', ( #3535 ), #6158, .F. ) ;
#5465 = DIRECTION ( 'NONE',  ( 0.000000000000000000, 0.000000000000000000, 1.000000000000000000 ) ) ;
#5466 = VERTEX_POINT ( 'NONE', #4226 ) ;
#5467 = DIRECTION ( 'NONE',  ( 0.000000000000000000, 0.000000000000000000, -1.000000000000000000 ) ) ;
#5468 = DIRECTION ( 'NONE',  ( 0.02829055873697646287, 3.464594220332840856E-18, -0.9995997420399574951 ) ) ;
#5469 = VERTEX_POINT ( 'NONE', #1629 ) ;
#5470 = CARTESIAN_POINT ( 'NONE',  ( 0.000000000000000000, -53.00000000000000000, 32.00000000000001421 ) ) ;
#5471 = LINE ( 'NONE', #6175, #1592 ) ;
#5472 = DIRECTION ( 'NONE',  ( -0.000000000000000000, -2.230358754827328253E-15, 1.000000000000000000 ) ) ;
#5473 = CIRCLE ( 'NONE', #8266, 1.000000000000000888 ) ;
#5474 = EDGE_CURVE ( 'NONE', #6608, #2999, #6904, .T. ) ;
#5475 = CARTESIAN_POINT ( 'NONE',  ( 1.000000000000000888, -10.66666666666666785, -40.99999999999998579 ) ) ;
#5476 = CARTESIAN_POINT ( 'NONE',  ( 6.999999999999996447, -57.00000000000000000, 19.99999999999999645 ) ) ;
#5477 = ORIENTED_EDGE ( 'NONE', *, *, #2974, .F. ) ;
#5478 = DIRECTION ( 'NONE',  ( 1.000000000000000000, -0.000000000000000000, -0.000000000000000000 ) ) ;
#5479 = DIRECTION ( 'NONE',  ( 0.000000000000000000, 0.000000000000000000, -1.000000000000000000 ) ) ;
#5480 = VECTOR ( 'NONE', #3707, 1000.000000000000000 ) ;
#5481 = CARTESIAN_POINT ( 'NONE',  ( 7.000000000000000888, -55.50000000000000000, -19.99999999999999645 ) ) ;
#5482 = AXIS2_PLACEMENT_3D ( 'NONE', #3504, #2252, #8229 ) ;
#5483 = DIRECTION ( 'NONE',  ( 0.000000000000000000, 0.000000000000000000, -1.000000000000000000 ) ) ;
#5484 = DIRECTION ( 'NONE',  ( 0.000000000000000000, -1.000000000000000000, 0.000000000000000000 ) ) ;
#5485 = ORIENTED_EDGE ( 'NONE', *, *, #1911, .F. ) ;
#5486 = ADVANCED_FACE ( 'NONE', ( #5944 ), #4614, .F. ) ;
#5487 = DIRECTION ( 'NONE',  ( 1.000000000000000000, 0.000000000000000000, 0.000000000000000000 ) ) ;
#5488 = VECTOR ( 'NONE', #7713, 1000.000000000000000 ) ;
#5489 = CARTESIAN_POINT ( 'NONE',  ( 1.000000000000000888, 11.66666666666667318, -40.99999999999999289 ) ) ;
#5490 = LINE ( 'NONE', #3563, #2163 ) ;
#5491 = AXIS2_PLACEMENT_3D ( 'NONE', #5663, #8320, #7665 ) ;
#5492 = ORIENTED_EDGE ( 'NONE', *, *, #2704, .T. ) ;
#5493 = EDGE_CURVE ( 'NONE', #599, #5290, #2575, .T. ) ;
#5494 = CIRCLE ( 'NONE', #605, 2.000000000000253131 ) ;
#5495 = CONICAL_SURFACE ( 'NONE', #4799, 2.000000000000253131, 0.02829433384850031305 ) ;
#5496 = EDGE_CURVE ( 'NONE', #7804, #5070, #3922, .T. ) ;
#5497 = ORIENTED_EDGE ( 'NONE', *, *, #1305, .F. ) ;
#5498 = DIRECTION ( 'NONE',  ( 1.000000000000000000, 0.000000000000000000, 0.000000000000000000 ) ) ;
#5499 = CARTESIAN_POINT ( 'NONE',  ( 0.1936086620888772258, 43.86465428792341470, 36.53125179441101267 ) ) ;
#5500 = ORIENTED_EDGE ( 'NONE', *, *, #5501, .T. ) ;
#5501 = EDGE_CURVE ( 'NONE', #8238, #6967, #6591, .T. ) ;
#5502 = AXIS2_PLACEMENT_3D ( 'NONE', #8372, #4977, #3689 ) ;
#5503 = AXIS2_PLACEMENT_3D ( 'NONE', #6867, #887, #3456 ) ;
#5504 = CARTESIAN_POINT ( 'NONE',  ( 0.000000000000000000, 40.00000000000000000, -35.40999999999998948 ) ) ;
#5505 = CARTESIAN_POINT ( 'NONE',  ( 1.000000000000000888, 20.66666666666666785, 33.00000000000000000 ) ) ;
#5506 = CARTESIAN_POINT ( 'NONE',  ( 1.000000000000000888, -44.00000000000000711, 35.52786404500041328 ) ) ;
#5507 = CIRCLE ( 'NONE', #3132, 2.000000000000001776 ) ;
#5508 = EDGE_LOOP ( 'NONE', ( #8355, #3430, #3083, #1495 ) ) ;
#5509 = ORIENTED_EDGE ( 'NONE', *, *, #3976, .T. ) ;
#5510 = VECTOR ( 'NONE', #8485, 1000.000000000000000 ) ;
#5511 = DIRECTION ( 'NONE',  ( -2.360436551596437124E-15, 0.7453559924999296760, 0.6666666666666669627 ) ) ;
#5512 = VERTEX_POINT ( 'NONE', #3098 ) ;
#5513 = PLANE ( 'NONE',  #3091 ) ;
#5514 = AXIS2_PLACEMENT_3D ( 'NONE', #1160, #6603, #2547 ) ;
#5515 = CARTESIAN_POINT ( 'NONE',  ( 7.000000000000000888, -55.50000000000000000, 45.00000000000000000 ) ) ;
#5516 = ORIENTED_EDGE ( 'NONE', *, *, #2391, .F. ) ;
#5517 = CARTESIAN_POINT ( 'NONE',  ( 6.000000000000005329, 34.04705955010467022, -39.24999999999999289 ) ) ;
#5518 = DIRECTION ( 'NONE',  ( 1.000000000000000000, 0.000000000000000000, 0.000000000000000000 ) ) ;
#5519 = ORIENTED_EDGE ( 'NONE', *, *, #4307, .F. ) ;
#5520 = DIRECTION ( 'NONE',  ( -1.000000000000000000, -0.000000000000000000, -0.000000000000000000 ) ) ;
#5521 = CARTESIAN_POINT ( 'NONE',  ( 0.000000000000000000, -20.66666666666666075, 40.99999999999998579 ) ) ;
#5522 = AXIS2_PLACEMENT_3D ( 'NONE', #573, #7134, #3759 ) ;
#5523 = DIRECTION ( 'NONE',  ( 0.000000000000000000, 0.000000000000000000, 1.000000000000000000 ) ) ;
#5524 = CARTESIAN_POINT ( 'NONE',  ( 143.6861997365472519, -12.66666666666667496, -34.00000000000000000 ) ) ;
#5525 = LINE ( 'NONE', #4961, #7245 ) ;
#5526 = DIRECTION ( 'NONE',  ( -1.000000000000000000, 0.000000000000000000, 0.000000000000000000 ) ) ;
#5527 = ORIENTED_EDGE ( 'NONE', *, *, #5135, .T. ) ;
#5528 = FACE_OUTER_BOUND ( 'NONE', #7742, .T. ) ;
#5529 = LINE ( 'NONE', #2645, #2029 ) ;
#5530 = AXIS2_PLACEMENT_3D ( 'NONE', #66, #4040, #1304 ) ;
#5531 = CARTESIAN_POINT ( 'NONE',  ( 143.6861997365472519, 20.66666666666667140, 34.00000000000000000 ) ) ;
#5532 = DIRECTION ( 'NONE',  ( 0.000000000000000000, 1.000000000000000000, 0.000000000000000000 ) ) ;
#5533 = EDGE_CURVE ( 'NONE', #7768, #3340, #3262, .T. ) ;
#5534 = SPHERICAL_SURFACE ( 'NONE', #5160, 1.000000000000000000 ) ;
#5535 = ORIENTED_EDGE ( 'NONE', *, *, #2974, .T. ) ;
#5536 = DIRECTION ( 'NONE',  ( -0.000000000000000000, -0.000000000000000000, -1.000000000000000000 ) ) ;
#5537 = AXIS2_PLACEMENT_3D ( 'NONE', #3473, #5409, #4749 ) ;
#5538 = DIRECTION ( 'NONE',  ( -1.000000000000000000, 0.000000000000000000, -0.000000000000000000 ) ) ;
#5539 = ORIENTED_EDGE ( 'NONE', *, *, #715, .T. ) ;
#5540 = EDGE_CURVE ( 'NONE', #342, #6861, #2257, .T. ) ;
#5541 = VECTOR ( 'NONE', #7011, 1000.000000000000000 ) ;
#5542 = EDGE_CURVE ( 'NONE', #3440, #7831, #4172, .T. ) ;
#5543 = ORIENTED_EDGE ( 'NONE', *, *, #6416, .F. ) ;
#5544 = CARTESIAN_POINT ( 'NONE',  ( 10.00000000000000000, -55.00000000000000000, -19.99999999999999645 ) ) ;
#5545 = ORIENTED_EDGE ( 'NONE', *, *, #1265, .T. ) ;
#5546 = VECTOR ( 'NONE', #7745, 1000.000000000000000 ) ;
#5547 = DIRECTION ( 'NONE',  ( 0.000000000000000000, 0.000000000000000000, -1.000000000000000000 ) ) ;
#5548 = VERTEX_POINT ( 'NONE', #7213 ) ;
#5549 = FACE_OUTER_BOUND ( 'NONE', #8063, .T. ) ;
#5550 = DIRECTION ( 'NONE',  ( -0.000000000000000000, 0.000000000000000000, 1.000000000000000000 ) ) ;
#5551 = ADVANCED_FACE ( 'NONE', ( #1236 ), #1884, .F. ) ;
#5552 = AXIS2_PLACEMENT_3D ( 'NONE', #793, #5520, #6174 ) ;
#5553 = DIRECTION ( 'NONE',  ( -1.000000000000000000, 0.000000000000000000, 0.000000000000000000 ) ) ;
#5554 = EDGE_CURVE ( 'NONE', #3353, #1939, #7697, .T. ) ;
#5555 = CARTESIAN_POINT ( 'NONE',  ( 6.000000000000005329, -10.66666666666666785, -40.99999999999998579 ) ) ;
#5556 = EDGE_LOOP ( 'NONE', ( #2663, #2560, #2346, #7973 ) ) ;
#5557 = VERTEX_POINT ( 'NONE', #3903 ) ;
#5558 = DIRECTION ( 'NONE',  ( 0.000000000000000000, -0.6666666666666669627, 0.7453559924999295649 ) ) ;
#5559 = ORIENTED_EDGE ( 'NONE', *, *, #2911, .T. ) ;
#5560 = AXIS2_PLACEMENT_3D ( 'NONE', #1021, #3674, #5096 ) ;
#5561 = DIRECTION ( 'NONE',  ( -1.000000000000000000, -0.000000000000000000, -0.000000000000000000 ) ) ;
#5562 = FACE_OUTER_BOUND ( 'NONE', #3974, .T. ) ;
#5563 = ORIENTED_EDGE ( 'NONE', *, *, #4900, .T. ) ;
#5564 = CARTESIAN_POINT ( 'NONE',  ( 1.000000000000000888, -21.66666666666666075, -40.99999999999998579 ) ) ;
#5565 = FACE_OUTER_BOUND ( 'NONE', #8148, .T. ) ;
#5566 = AXIS2_PLACEMENT_3D ( 'NONE', #591, #4070, #4645 ) ;
#5567 = ORIENTED_EDGE ( 'NONE', *, *, #1900, .T. ) ;
#5568 = DIRECTION ( 'NONE',  ( 0.000000000000000000, -1.084202172485504187E-16, -1.000000000000000000 ) ) ;
#5569 = LINE ( 'NONE', #2245, #5013 ) ;
#5570 = LINE ( 'NONE', #2976, #1524 ) ;
#5571 = CARTESIAN_POINT ( 'NONE',  ( 6.000000000000005329, -40.00000000000000000, -34.99999999999999289 ) ) ;
#5572 = ORIENTED_EDGE ( 'NONE', *, *, #4152, .F. ) ;
#5573 = CIRCLE ( 'NONE', #1805, 1.000000000000000888 ) ;
#5574 = CARTESIAN_POINT ( 'NONE',  ( 7.000000000000000000, -44.00000000000000711, 35.52786404500041328 ) ) ;
#5575 = DIRECTION ( 'NONE',  ( 0.000000000000000000, 1.000000000000000000, 0.000000000000000000 ) ) ;
#5576 = CARTESIAN_POINT ( 'NONE',  ( 7.000000000000000888, -56.50000000000000000, -19.99999999999999645 ) ) ;
#5577 = CARTESIAN_POINT ( 'NONE',  ( 5.000000000000013323, -49.99999999999999289, 39.69999999998333351 ) ) ;
#5578 = DIRECTION ( 'NONE',  ( 0.000000000000000000, -0.000000000000000000, 1.000000000000000000 ) ) ;
#5579 = VECTOR ( 'NONE', #3766, 1000.000000000000000 ) ;
#5580 = DIRECTION ( 'NONE',  ( 0.000000000000000000, 0.06778098864364957843, 0.9977002243051213970 ) ) ;
#5581 = PLANE ( 'NONE',  #4893 ) ;
#5582 = DIRECTION ( 'NONE',  ( 1.000000000000000000, -0.000000000000000000, -0.000000000000000000 ) ) ;
#5583 = EDGE_LOOP ( 'NONE', ( #4418, #4360, #2260, #7092 ) ) ;
#5584 = ADVANCED_FACE ( 'NONE', ( #1216 ), #3500, .T. ) ;
#5585 = CIRCLE ( 'NONE', #276, 2.249999999999995115 ) ;
#5586 = EDGE_LOOP ( 'NONE', ( #929, #1886, #8418, #4877 ) ) ;
#5587 = ORIENTED_EDGE ( 'NONE', *, *, #1494, .T. ) ;
#5588 = CARTESIAN_POINT ( 'NONE',  ( 1.000000000000000888, 22.66666666666667496, -41.99999999999999289 ) ) ;
#5589 = VECTOR ( 'NONE', #6761, 1000.000000000000000 ) ;
#5590 = CARTESIAN_POINT ( 'NONE',  ( 0.8074032477700068267, 43.37481224861978291, 36.31031990718573610 ) ) ;
#5591 = ORIENTED_EDGE ( 'NONE', *, *, #6471, .T. ) ;
#5592 = EDGE_CURVE ( 'NONE', #7490, #305, #7075, .T. ) ;
#5593 = CYLINDRICAL_SURFACE ( 'NONE', #911, 1.000000000000000888 ) ;
#5594 = CIRCLE ( 'NONE', #5435, 1.000000000000000888 ) ;
#5595 = DIRECTION ( 'NONE',  ( 0.000000000000000000, 0.000000000000000000, 1.000000000000000000 ) ) ;
#5596 = ORIENTED_EDGE ( 'NONE', *, *, #6875, .T. ) ;
#5597 = EDGE_LOOP ( 'NONE', ( #34, #4583, #6109, #7988 ) ) ;
#5598 = CARTESIAN_POINT ( 'NONE',  ( 0.8074032449773749232, 42.66666666666666430, 37.01857603000027552 ) ) ;
#5599 = ORIENTED_EDGE ( 'NONE', *, *, #4423, .T. ) ;
#5600 = EDGE_CURVE ( 'NONE', #4016, #3409, #988, .T. ) ;
#5601 = CARTESIAN_POINT ( 'NONE',  ( 7.500000000000000888, -56.50000000000000000, 9.999999999999996447 ) ) ;
#5602 = AXIS2_PLACEMENT_3D ( 'NONE', #170, #832, #8036 ) ;
#5603 = EDGE_CURVE ( 'NONE', #4542, #7645, #5309, .T. ) ;
#5604 = LINE ( 'NONE', #6999, #1456 ) ;
#5605 = ORIENTED_EDGE ( 'NONE', *, *, #7977, .T. ) ;
#5606 = CARTESIAN_POINT ( 'NONE',  ( 6.000000000000005329, 21.66666666666667496, -40.99999999999999289 ) ) ;
#5607 = DIRECTION ( 'NONE',  ( -0.000000000000000000, -0.000000000000000000, -1.000000000000000000 ) ) ;
#5608 = ORIENTED_EDGE ( 'NONE', *, *, #4671, .T. ) ;
#5609 = FACE_OUTER_BOUND ( 'NONE', #1095, .T. ) ;
#5610 = CARTESIAN_POINT ( 'NONE',  ( 1.000000000000000888, -45.00000000000000711, -34.00000000000000000 ) ) ;
#5611 = DIRECTION ( 'NONE',  ( -1.000000000000000000, -1.734723475976807094E-15, 0.000000000000000000 ) ) ;
#5612 = DIRECTION ( 'NONE',  ( -1.000000000000000000, 0.000000000000000000, 0.000000000000000000 ) ) ;
#5613 = DIRECTION ( 'NONE',  ( -1.000000000000000000, -0.000000000000000000, -0.000000000000000000 ) ) ;
#5614 = EDGE_LOOP ( 'NONE', ( #4608, #4611, #4806, #6025 ) ) ;
#5615 = ADVANCED_FACE ( 'NONE', ( #7152 ), #3784, .T. ) ;
#5616 = DIRECTION ( 'NONE',  ( 0.000000000000000000, 1.000000000000000000, -0.000000000000000000 ) ) ;
#5617 = CARTESIAN_POINT ( 'NONE',  ( 5.000000000000005329, 16.66666666666667140, -39.50000000000000000 ) ) ;
#5618 = DIRECTION ( 'NONE',  ( -0.000000000000000000, -0.000000000000000000, 1.000000000000000000 ) ) ;
#5619 = CARTESIAN_POINT ( 'NONE',  ( 10.00000000000000000, -55.00000000000000000, 45.00000000000000000 ) ) ;
#5620 = DIRECTION ( 'NONE',  ( 0.000000000000000000, -1.000000000000000000, 0.000000000000000000 ) ) ;
#5621 = ORIENTED_EDGE ( 'NONE', *, *, #1275, .T. ) ;
#5622 = DIRECTION ( 'NONE',  ( 0.000000000000000000, 0.000000000000000000, 1.000000000000000000 ) ) ;
#5623 = CARTESIAN_POINT ( 'NONE',  ( 6.000000000000005329, -51.00000000000000711, -32.00000000000000000 ) ) ;
#5624 = CARTESIAN_POINT ( 'NONE',  ( 6.000000000000005329, 10.66666666666667140, 34.00000000000000000 ) ) ;
#5625 = VERTEX_POINT ( 'NONE', #7844 ) ;
#5626 = VECTOR ( 'NONE', #8331, 1000.000000000000000 ) ;
#5627 = ORIENTED_EDGE ( 'NONE', *, *, #1907, .T. ) ;
#5628 = ORIENTED_EDGE ( 'NONE', *, *, #1816, .T. ) ;
#5629 = CARTESIAN_POINT ( 'NONE',  ( 7.500000000000000888, -56.50000000000000000, -19.99999999999999645 ) ) ;
#5630 = EDGE_CURVE ( 'NONE', #7645, #4196, #7188, .T. ) ;
#5631 = ORIENTED_EDGE ( 'NONE', *, *, #3325, .F. ) ;
#5632 = AXIS2_PLACEMENT_3D ( 'NONE', #3369, #3208, #2079 ) ;
#5633 = CARTESIAN_POINT ( 'NONE',  ( 0.1067170043649387084, 43.93553735255895276, 36.53271052168544486 ) ) ;
#5634 = ORIENTED_EDGE ( 'NONE', *, *, #3443, .F. ) ;
#5635 = AXIS2_PLACEMENT_3D ( 'NONE', #2433, #2517, #2552 ) ;
#5636 = AXIS2_PLACEMENT_3D ( 'NONE', #2880, #131, #1583 ) ;
#5637 = CARTESIAN_POINT ( 'NONE',  ( 7.000000000000000000, 10.66666666666667140, 40.99999999999998579 ) ) ;
#5638 = CARTESIAN_POINT ( 'NONE',  ( 1.000000000000033973, 43.86443802271304548, 37.52326449361071781 ) ) ;
#5639 = EDGE_CURVE ( 'NONE', #3616, #567, #3823, .T. ) ;
#5640 = VERTEX_POINT ( 'NONE', #5197 ) ;
#5641 = ORIENTED_EDGE ( 'NONE', *, *, #3333, .T. ) ;
#5642 = VECTOR ( 'NONE', #1344, 1000.000000000000000 ) ;
#5643 = AXIS2_PLACEMENT_3D ( 'NONE', #8158, #29, #1404 ) ;
#5644 = ORIENTED_EDGE ( 'NONE', *, *, #3346, .F. ) ;
#5645 = LINE ( 'NONE', #7512, #1019 ) ;
#5646 = DIRECTION ( 'NONE',  ( 0.000000000000000000, 0.000000000000000000, 1.000000000000000000 ) ) ;
#5647 = EDGE_CURVE ( 'NONE', #6313, #4331, #2237, .T. ) ;
#5648 = VERTEX_POINT ( 'NONE', #5068 ) ;
#5649 = CARTESIAN_POINT ( 'NONE',  ( 7.000000000000000000, -51.00000000000000711, 5.529431079676071825E-15 ) ) ;
#5650 = AXIS2_PLACEMENT_3D ( 'NONE', #8304, #4858, #4323 ) ;
#5651 = CARTESIAN_POINT ( 'NONE',  ( 1.000000000000000888, 50.99999999999999289, 34.00000000000000000 ) ) ;
#5652 = CIRCLE ( 'NONE', #7316, 2.500000000000001332 ) ;
#5653 = ADVANCED_FACE ( 'NONE', ( #5806 ), #7720, .F. ) ;
#5654 = ADVANCED_FACE ( 'NONE', ( #5113 ), #8460, .T. ) ;
#5655 = ORIENTED_EDGE ( 'NONE', *, *, #1709, .F. ) ;
#5656 = DIRECTION ( 'NONE',  ( -1.000000000000000000, 0.000000000000000000, 0.000000000000000000 ) ) ;
#5657 = CARTESIAN_POINT ( 'NONE',  ( 5.000000000000013323, -49.99999999999999289, 39.69999999998333351 ) ) ;
#5658 = DIRECTION ( 'NONE',  ( 1.000000000000000000, 0.000000000000000000, 0.000000000000000000 ) ) ;
#5659 = DIRECTION ( 'NONE',  ( 0.000000000000000000, 0.000000000000000000, -1.000000000000000000 ) ) ;
#5660 = DIRECTION ( 'NONE',  ( -1.000000000000000000, -0.000000000000000000, -0.000000000000000000 ) ) ;
#5661 = ORIENTED_EDGE ( 'NONE', *, *, #7209, .T. ) ;
#5662 = DIRECTION ( 'NONE',  ( 0.000000000000000000, 0.000000000000000000, 1.000000000000000000 ) ) ;
#5663 = CARTESIAN_POINT ( 'NONE',  ( 1.000000000000000000, 32.06274606680621986, -43.00000000000000000 ) ) ;
#5664 = EDGE_CURVE ( 'NONE', #4358, #4997, #1985, .T. ) ;
#5665 = CARTESIAN_POINT ( 'NONE',  ( 1.000000000000000888, 44.00000000000000711, 37.52786404500042039 ) ) ;
#5666 = CONICAL_SURFACE ( 'NONE', #4666, 2.000000000000253131, 0.02829433384850031305 ) ;
#5667 = AXIS2_PLACEMENT_3D ( 'NONE', #5624, #2945, #7716 ) ;
#5668 = CYLINDRICAL_SURFACE ( 'NONE', #2083, 5.000000000000004441 ) ;
#5669 = ADVANCED_FACE ( 'NONE', ( #6053 ), #5276, .T. ) ;
#5670 = ORIENTED_EDGE ( 'NONE', *, *, #7501, .F. ) ;
#5671 = DIRECTION ( 'NONE',  ( -1.000000000000000000, -0.000000000000000000, -0.000000000000000000 ) ) ;
#5672 = DIRECTION ( 'NONE',  ( 0.000000000000000000, 0.000000000000000000, 1.000000000000000000 ) ) ;
#5673 = ORIENTED_EDGE ( 'NONE', *, *, #6657, .F. ) ;
#5674 = AXIS2_PLACEMENT_3D ( 'NONE', #7426, #790, #2830 ) ;
#5675 = CARTESIAN_POINT ( 'NONE',  ( 143.6861997365472519, -11.66666666666666963, -40.99999999999998579 ) ) ;
#5676 = ORIENTED_EDGE ( 'NONE', *, *, #4410, .T. ) ;
#5677 = ORIENTED_EDGE ( 'NONE', *, *, #3077, .F. ) ;
#5678 = DIRECTION ( 'NONE',  ( 0.000000000000000000, 0.000000000000000000, 1.000000000000000000 ) ) ;
#5679 = AXIS2_PLACEMENT_3D ( 'NONE', #962, #3624, #6303 ) ;
#5680 = CARTESIAN_POINT ( 'NONE',  ( 0.8074032449773838049, 43.33333333333332860, 36.27322003750034440 ) ) ;
#5681 = EDGE_LOOP ( 'NONE', ( #3662, #6288, #8600, #4897 ) ) ;
#5682 = AXIS2_PLACEMENT_3D ( 'NONE', #769, #2812, #7971 ) ;
#5683 = CARTESIAN_POINT ( 'NONE',  ( 7.000000000000000000, -40.00000000000000000, -39.99999999999999289 ) ) ;
#5684 = DIRECTION ( 'NONE',  ( 0.000000000000000000, 1.000000000000000000, 0.000000000000000000 ) ) ;
#5685 = CARTESIAN_POINT ( 'NONE',  ( 0.000000000000000000, -40.00000000000000000, 39.99999999999999289 ) ) ;
#5686 = ORIENTED_EDGE ( 'NONE', *, *, #4586, .T. ) ;
#5687 = ORIENTED_EDGE ( 'NONE', *, *, #8574, .F. ) ;
#5688 = VERTEX_POINT ( 'NONE', #3288 ) ;
#5689 = LINE ( 'NONE', #3010, #1984 ) ;
#5690 = EDGE_CURVE ( 'NONE', #8003, #2218, #4113, .T. ) ;
#5691 = FACE_OUTER_BOUND ( 'NONE', #56, .T. ) ;
#5692 = ORIENTED_EDGE ( 'NONE', *, *, #1423, .F. ) ;
#5693 = DIRECTION ( 'NONE',  ( 0.000000000000000000, -3.469446951953611033E-15, 1.000000000000000000 ) ) ;
#5694 = DIRECTION ( 'NONE',  ( -1.000000000000000000, -0.000000000000000000, -0.000000000000000000 ) ) ;
#5695 = ORIENTED_EDGE ( 'NONE', *, *, #4574, .T. ) ;
#5696 = CARTESIAN_POINT ( 'NONE',  ( 6.000000000000000000, 22.66666666666666785, 34.00000000000000000 ) ) ;
#5697 = AXIS2_PLACEMENT_3D ( 'NONE', #8068, #4001, #5374 ) ;
#5698 = FACE_OUTER_BOUND ( 'NONE', #492, .T. ) ;
#5699 = CARTESIAN_POINT ( 'NONE',  ( 0.000000000000000000, 40.00000000000000000, 39.99999999999999289 ) ) ;
#5700 = ORIENTED_EDGE ( 'NONE', *, *, #8381, .F. ) ;
#5701 = EDGE_CURVE ( 'NONE', #3389, #567, #6614, .T. ) ;
#5702 = EDGE_CURVE ( 'NONE', #4990, #1198, #7271, .T. ) ;
#5703 = CARTESIAN_POINT ( 'NONE',  ( 143.6861997365472519, 51.00000000000000000, -33.00000000000001421 ) ) ;
#5704 = AXIS2_PLACEMENT_3D ( 'NONE', #1113, #1320, #3315 ) ;
#5705 = CARTESIAN_POINT ( 'NONE',  ( 7.500000000000000888, -55.50000000000000000, 19.99999999999999645 ) ) ;
#5706 = DIRECTION ( 'NONE',  ( 0.000000000000000000, 0.000000000000000000, 1.000000000000000000 ) ) ;
#5707 = DIRECTION ( 'NONE',  ( -0.000000000000000000, -1.000000000000000000, -0.000000000000000000 ) ) ;
#5708 = CARTESIAN_POINT ( 'NONE',  ( 6.850000000000008527, -16.66666666666666430, 39.69999999998334772 ) ) ;
#5709 = CARTESIAN_POINT ( 'NONE',  ( 6.000000000000005329, -21.66666666666666075, -40.99999999999998579 ) ) ;
#5710 = CARTESIAN_POINT ( 'NONE',  ( 0.000000000000000000, 12.66666666666667673, -34.00000000000000000 ) ) ;
#5711 = AXIS2_PLACEMENT_3D ( 'NONE', #2039, #7361, #6701 ) ;
#5712 = FACE_OUTER_BOUND ( 'NONE', #3252, .T. ) ;
#5713 = DIRECTION ( 'NONE',  ( -1.000000000000000000, -0.000000000000000000, -0.000000000000000000 ) ) ;
#5714 = VERTEX_POINT ( 'NONE', #2116 ) ;
#5715 = EDGE_CURVE ( 'NONE', #2017, #6967, #3985, .T. ) ;
#5716 = EDGE_CURVE ( 'NONE', #6844, #5410, #2719, .T. ) ;
#5717 = CARTESIAN_POINT ( 'NONE',  ( 1.000000000000000000, -46.00000000000000711, -35.52786404500042039 ) ) ;
#5718 = CARTESIAN_POINT ( 'NONE',  ( 1.000000000000000888, 34.65725893522787260, -40.50615503039841769 ) ) ;
#5719 = ORIENTED_EDGE ( 'NONE', *, *, #2901, .T. ) ;
#5720 = ORIENTED_EDGE ( 'NONE', *, *, #6824, .F. ) ;
#5721 = CARTESIAN_POINT ( 'NONE',  ( 0.000000000000000000, 40.00000000000000000, 44.58999999999999631 ) ) ;
#5722 = CARTESIAN_POINT ( 'NONE',  ( 0.1929279010998871668, 43.86534810920995398, -36.53129352287918863 ) ) ;
#5723 = ORIENTED_EDGE ( 'NONE', *, *, #4695, .F. ) ;
#5724 = AXIS2_PLACEMENT_3D ( 'NONE', #3726, #5009, #368 ) ;
#5725 = VECTOR ( 'NONE', #7197, 1000.000000000000000 ) ;
#5726 = EDGE_CURVE ( 'NONE', #2238, #5216, #527, .T. ) ;
#5727 = FACE_OUTER_BOUND ( 'NONE', #6985, .T. ) ;
#5728 = LINE ( 'NONE', #8202, #3143 ) ;
#5729 = CARTESIAN_POINT ( 'NONE',  ( 1.000000000000000888, 11.66666666666667673, -34.00000000000000000 ) ) ;
#5730 = DIRECTION ( 'NONE',  ( 0.000000000000000000, 0.000000000000000000, -1.000000000000000000 ) ) ;
#5731 = AXIS2_PLACEMENT_3D ( 'NONE', #7890, #2085, #3377 ) ;
#5732 = ORIENTED_EDGE ( 'NONE', *, *, #8518, .F. ) ;
#5733 = ORIENTED_EDGE ( 'NONE', *, *, #4622, .F. ) ;
#5734 = ORIENTED_EDGE ( 'NONE', *, *, #3287, .T. ) ;
#5735 = CARTESIAN_POINT ( 'NONE',  ( 0.000000000000000000, 10.66666666666667140, 42.99999999999999289 ) ) ;
#5736 = AXIS2_PLACEMENT_3D ( 'NONE', #7268, #1944, #4601 ) ;
#5737 = VERTEX_POINT ( 'NONE', #1337 ) ;
#5738 = CARTESIAN_POINT ( 'NONE',  ( 6.000000000000005329, 32.06274606680621986, -41.99999999999999289 ) ) ;
#5739 = DIRECTION ( 'NONE',  ( 1.000000000000000000, 0.000000000000000000, 0.000000000000000000 ) ) ;
#5740 = ORIENTED_EDGE ( 'NONE', *, *, #3782, .T. ) ;
#5742 = EDGE_CURVE ( 'NONE', #7992, #2542, #649, .T. ) ;
#5741 = SPHERICAL_SURFACE ( 'NONE', #5704, 1.000000000000000000 ) ;
#5743 = LINE ( 'NONE', #2425, #5296 ) ;
#5744 = CARTESIAN_POINT ( 'NONE',  ( 0.1227374783104736022, -34.71041239714147508, -40.41634031964474616 ) ) ;
#5745 = VERTEX_POINT ( 'NONE', #4776 ) ;
#5746 = DIRECTION ( 'NONE',  ( 0.000000000000000000, 0.000000000000000000, 1.000000000000000000 ) ) ;
#5747 = DIRECTION ( 'NONE',  ( -0.000000000000000000, -0.000000000000000000, -1.000000000000000000 ) ) ;
#5748 = AXIS2_PLACEMENT_3D ( 'NONE', #2664, #35, #125 ) ;
#5749 = CARTESIAN_POINT ( 'NONE',  ( 0.000000000000000000, -46.00000000000000711, -35.52786404500042039 ) ) ;
#5750 = CARTESIAN_POINT ( 'NONE',  ( 1.000000000000000888, 51.00000000000000000, -33.00000000000001421 ) ) ;
#5751 = CARTESIAN_POINT ( 'NONE',  ( 7.499999999999982236, -59.50000000000000711, 19.99999999999999645 ) ) ;
#5752 = DIRECTION ( 'NONE',  ( 0.000000000000000000, 0.000000000000000000, 1.000000000000000000 ) ) ;
#5753 = EDGE_CURVE ( 'NONE', #8634, #5073, #3725, .T. ) ;
#5754 = CARTESIAN_POINT ( 'NONE',  ( 1.000000000000000888, 21.66666666666667496, -40.99999999999999289 ) ) ;
#5755 = DIRECTION ( 'NONE',  ( 0.000000000000000000, 1.000000000000000000, -0.000000000000000000 ) ) ;
#5756 = CARTESIAN_POINT ( 'NONE',  ( 2.999999999999999556, -55.00000000000000000, 19.99999999999999645 ) ) ;
#5757 = ORIENTED_EDGE ( 'NONE', *, *, #7794, .F. ) ;
#5758 = CARTESIAN_POINT ( 'NONE',  ( 0.2950245123691503935, 34.94144710664555475, 39.87573460082305843 ) ) ;
#5759 = DIRECTION ( 'NONE',  ( -1.000000000000000000, -0.000000000000000000, -0.000000000000000000 ) ) ;
#5760 = ORIENTED_EDGE ( 'NONE', *, *, #1356, .T. ) ;
#5761 = EDGE_LOOP ( 'NONE', ( #4820, #3414, #1656, #4620 ) ) ;
#5762 = DIRECTION ( 'NONE',  ( 0.000000000000000000, 0.000000000000000000, 1.000000000000000000 ) ) ;
#5763 = EDGE_CURVE ( 'NONE', #5325, #6868, #8092, .T. ) ;
#5764 = EDGE_CURVE ( 'NONE', #8431, #6388, #6653, .T. ) ;
#5765 = VERTEX_POINT ( 'NONE', #630 ) ;
#5766 = EDGE_CURVE ( 'NONE', #2696, #6937, #1420, .T. ) ;
#5767 = LINE ( 'NONE', #1141, #4740 ) ;
#5768 = VECTOR ( 'NONE', #6607, 1000.000000000000000 ) ;
#5769 = EDGE_LOOP ( 'NONE', ( #1094, #5572, #3220, #643 ) ) ;
#5770 = AXIS2_PLACEMENT_3D ( 'NONE', #2327, #4902, #6351 ) ;
#5771 = DIRECTION ( 'NONE',  ( 1.000000000000000000, 0.000000000000000000, 0.000000000000000000 ) ) ;
#5772 = ADVANCED_FACE ( 'NONE', ( #5926 ), #4603, .F. ) ;
#5773 = CIRCLE ( 'NONE', #7718, 1.850000000000000977 ) ;
#5774 = CARTESIAN_POINT ( 'NONE',  ( 4.336808689942017736E-16, 44.00000000000000711, 37.52786404500042039 ) ) ;
#5775 = DIRECTION ( 'NONE',  ( 1.000000000000000000, -0.000000000000000000, -0.000000000000000000 ) ) ;
#5776 = ADVANCED_FACE ( 'NONE', ( #6010 ), #5, .T. ) ;
#5777 = EDGE_LOOP ( 'NONE', ( #7780, #4547, #1379, #5132 ) ) ;
#5778 = ORIENTED_EDGE ( 'NONE', *, *, #5600, .F. ) ;
#5779 = EDGE_CURVE ( 'NONE', #2696, #3345, #794, .T. ) ;
#5780 = VERTEX_POINT ( 'NONE', #4025 ) ;
#5781 = AXIS2_PLACEMENT_3D ( 'NONE', #1730, #5747, #2428 ) ;
#5782 = DIRECTION ( 'NONE',  ( 0.000000000000000000, -1.000000000000000000, 7.384882149680603249E-16 ) ) ;
#5783 = ORIENTED_EDGE ( 'NONE', *, *, #3432, .T. ) ;
#5784 = CARTESIAN_POINT ( 'NONE',  ( 6.000000000000005329, -44.00000000000000711, -35.52786404500042039 ) ) ;
#5785 = DIRECTION ( 'NONE',  ( -1.000000000000000000, -0.000000000000000000, -0.000000000000000000 ) ) ;
#5786 = VECTOR ( 'NONE', #1637, 1000.000000000000000 ) ;
#5787 = VERTEX_POINT ( 'NONE', #712 ) ;
#5788 = AXIS2_PLACEMENT_3D ( 'NONE', #5948, #4549, #4504 ) ;
#5789 = CARTESIAN_POINT ( 'NONE',  ( 0.000000000000000000, -51.00000000000000711, -34.00000000000000000 ) ) ;
#5790 = LINE ( 'NONE', #3764, #6119 ) ;
#5791 = DIRECTION ( 'NONE',  ( 0.000000000000000000, 0.000000000000000000, 1.000000000000000000 ) ) ;
#5792 = CARTESIAN_POINT ( 'NONE',  ( 143.6861997365472519, 20.66666666666666785, 33.00000000000000000 ) ) ;
#5793 = CIRCLE ( 'NONE', #5502, 1.000000000000000888 ) ;
#5794 = CIRCLE ( 'NONE', #4235, 1.000000000000000888 ) ;
#5795 = VECTOR ( 'NONE', #5841, 1000.000000000000000 ) ;
#5796 = FACE_OUTER_BOUND ( 'NONE', #1680, .T. ) ;
#5797 = DIRECTION ( 'NONE',  ( 1.000000000000000000, 0.000000000000000000, 0.000000000000000000 ) ) ;
#5798 = CARTESIAN_POINT ( 'NONE',  ( 7.000000000000000000, 12.66666666666667318, 34.00000000000000000 ) ) ;
#5799 = LINE ( 'NONE', #6323, #7518 ) ;
#5800 = CARTESIAN_POINT ( 'NONE',  ( 1.000000000000000222, -43.81488035152206351, -36.51759260589810907 ) ) ;
#5801 = FACE_OUTER_BOUND ( 'NONE', #4268, .T. ) ;
#5802 = AXIS2_PLACEMENT_3D ( 'NONE', #5820, #8385, #3749 ) ;
#5803 = ORIENTED_EDGE ( 'NONE', *, *, #2749, .T. ) ;
#5804 = FACE_OUTER_BOUND ( 'NONE', #1239, .T. ) ;
#5805 = ORIENTED_EDGE ( 'NONE', *, *, #877, .T. ) ;
#5806 = FACE_OUTER_BOUND ( 'NONE', #1865, .T. ) ;
#5807 = CIRCLE ( 'NONE', #3140, 1.000000000000000888 ) ;
#5808 = ADVANCED_FACE ( 'NONE', ( #3367 ), #3596, .F. ) ;
#5809 = CIRCLE ( 'NONE', #6079, 0.9999999999999940048 ) ;
#5810 = FACE_OUTER_BOUND ( 'NONE', #7329, .T. ) ;
#5811 = VERTEX_POINT ( 'NONE', #2463 ) ;
#5812 = CARTESIAN_POINT ( 'NONE',  ( 7.000000000000000000, 20.66666666666667140, -34.00000000000000000 ) ) ;
#5813 = ORIENTED_EDGE ( 'NONE', *, *, #849, .T. ) ;
#5814 = AXIS2_PLACEMENT_3D ( 'NONE', #7506, #4802, #1529 ) ;
#5815 = AXIS2_PLACEMENT_3D ( 'NONE', #1130, #5022, #4979 ) ;
#5816 = CARTESIAN_POINT ( 'NONE',  ( 0.9878470277192176185, 43.82112413122985828, -36.51327297892144941 ) ) ;
#5817 = VERTEX_POINT ( 'NONE', #8227 ) ;
#5818 = EDGE_CURVE ( 'NONE', #6754, #6583, #5407, .T. ) ;
#5819 = EDGE_CURVE ( 'NONE', #4036, #5345, #1646, .T. ) ;
#5820 = CARTESIAN_POINT ( 'NONE',  ( 1.000000000000000888, -12.66666666666667673, 33.99999999999999289 ) ) ;
#5821 = AXIS2_PLACEMENT_3D ( 'NONE', #1054, #3660, #4357 ) ;
#5822 = DIRECTION ( 'NONE',  ( 1.000000000000000000, 0.000000000000000000, 0.000000000000000000 ) ) ;
#5823 = DIRECTION ( 'NONE',  ( -1.000000000000000000, -0.000000000000000000, -0.000000000000000000 ) ) ;
#5824 = ORIENTED_EDGE ( 'NONE', *, *, #2777, .T. ) ;
#5825 = ORIENTED_EDGE ( 'NONE', *, *, #299, .T. ) ;
#5826 = LINE ( 'NONE', #5252, #3618 ) ;
#5827 = ORIENTED_EDGE ( 'NONE', *, *, #2891, .F. ) ;
#5828 = AXIS2_PLACEMENT_3D ( 'NONE', #6069, #4616, #1962 ) ;
#5829 = CARTESIAN_POINT ( 'NONE',  ( 0.000000000000000000, 50.99999999999999289, 32.00000000000000000 ) ) ;
#5830 = EDGE_CURVE ( 'NONE', #2542, #4995, #4700, .T. ) ;
#5831 = EDGE_CURVE ( 'NONE', #7544, #7896, #7785, .T. ) ;
#5832 = CARTESIAN_POINT ( 'NONE',  ( 0.000000000000000000, -12.66666666666666607, 34.00000000000000711 ) ) ;
#5833 = EDGE_LOOP ( 'NONE', ( #6599, #5194, #5208, #3056, #28, #2834, #7430, #2878, #3045, #1233, #2708, #2860, #1303, #1702 ) ) ;
#5834 = CARTESIAN_POINT ( 'NONE',  ( 0.8782903521558750315, -43.56150002360433859, -36.42823170412497547 ) ) ;
#5835 = PLANE ( 'NONE',  #3822 ) ;
#5836 = EDGE_LOOP ( 'NONE', ( #596, #3373, #6558 ) ) ;
#5837 = LINE ( 'NONE', #7790, #2752 ) ;
#5838 = DIRECTION ( 'NONE',  ( 0.000000000000000000, -1.000000000000000000, 0.000000000000000000 ) ) ;
#5839 = VECTOR ( 'NONE', #5782, 1000.000000000000000 ) ;
#5840 = CARTESIAN_POINT ( 'NONE',  ( 6.000000000000005329, -46.00000000000000711, -34.00000000000000000 ) ) ;
#5841 = DIRECTION ( 'NONE',  ( 0.000000000000000000, 0.000000000000000000, -1.000000000000000000 ) ) ;
#5842 = FACE_OUTER_BOUND ( 'NONE', #294, .T. ) ;
#5843 = DIRECTION ( 'NONE',  ( 1.000000000000000000, 0.000000000000000000, 0.000000000000000000 ) ) ;
#5844 = DIRECTION ( 'NONE',  ( 0.000000000000000000, 2.478176394252584592E-16, 1.000000000000000000 ) ) ;
#5845 = VECTOR ( 'NONE', #90, 1000.000000000000000 ) ;
#5846 = CARTESIAN_POINT ( 'NONE',  ( 143.6861997365472519, -46.00000000000000711, -33.00000000000000000 ) ) ;
#5847 = CARTESIAN_POINT ( 'NONE',  ( 3.000000000000002665, -57.00000000000000000, 19.99999999999999645 ) ) ;
#5848 = ORIENTED_EDGE ( 'NONE', *, *, #5716, .T. ) ;
#5849 = ORIENTED_EDGE ( 'NONE', *, *, #428, .F. ) ;
#5850 = DIRECTION ( 'NONE',  ( -1.000000000000000000, 0.000000000000000000, 0.000000000000000000 ) ) ;
#5851 = VECTOR ( 'NONE', #2015, 1000.000000000000000 ) ;
#5852 = CARTESIAN_POINT ( 'NONE',  ( 0.06571778390702601169, 34.67631390354954846, 40.47333088393814648 ) ) ;
#5853 = CARTESIAN_POINT ( 'NONE',  ( 1.000000000000000888, 10.66666666666666785, -40.99999999999999289 ) ) ;
#5854 = VERTEX_POINT ( 'NONE', #2797 ) ;
#5855 = AXIS2_PLACEMENT_3D ( 'NONE', #2082, #1294, #2638 ) ;
#5856 = ORIENTED_EDGE ( 'NONE', *, *, #4770, .F. ) ;
#5857 = EDGE_CURVE ( 'NONE', #3997, #6331, #3864, .T. ) ;
#5858 = CARTESIAN_POINT ( 'NONE',  ( 1.000000000000000888, 43.93221901135653695, -36.52556426930555489 ) ) ;
#5859 = VERTEX_POINT ( 'NONE', #8435 ) ;
#5860 = TOROIDAL_SURFACE ( 'NONE', #4013, 6.000000000000001776, 1.000000000000000000 ) ;
#5861 = CARTESIAN_POINT ( 'NONE',  ( 0.000000000000000000, -40.00000000000000000, -39.99999999999999289 ) ) ;
#5862 = CARTESIAN_POINT ( 'NONE',  ( 143.6861997365472519, -11.66666666666666963, 40.99999999999998579 ) ) ;
#5863 = ORIENTED_EDGE ( 'NONE', *, *, #6656, .F. ) ;
#5864 = VERTEX_POINT ( 'NONE', #185 ) ;
#5865 = CIRCLE ( 'NONE', #6555, 1.000000000000000888 ) ;
#5866 = EDGE_CURVE ( 'NONE', #1477, #8216, #4131, .T. ) ;
#5867 = LINE ( 'NONE', #7167, #6435 ) ;
#5868 = VERTEX_POINT ( 'NONE', #802 ) ;
#5869 = DIRECTION ( 'NONE',  ( 0.000000000000000000, 0.000000000000000000, 1.000000000000000000 ) ) ;
#5870 = CARTESIAN_POINT ( 'NONE',  ( 0.2702764668201670939, -43.68463991278503045, 36.48858536993336799 ) ) ;
#5871 = ORIENTED_EDGE ( 'NONE', *, *, #8263, .F. ) ;
#5872 = AXIS2_PLACEMENT_3D ( 'NONE', #3702, #521, #6469 ) ;
#5873 = CARTESIAN_POINT ( 'NONE',  ( 6.999999999999996447, -57.00000000000000000, 9.999999999999996447 ) ) ;
#5874 = VERTEX_POINT ( 'NONE', #7529 ) ;
#5875 = ADVANCED_FACE ( 'NONE', ( #5528 ), #5277, .T. ) ;
#5876 = CARTESIAN_POINT ( 'NONE',  ( 0.000000000000000000, -55.00000000000000000, -19.99999999999997513 ) ) ;
#5877 = EDGE_CURVE ( 'NONE', #6573, #1222, #7352, .T. ) ;
#5878 = VECTOR ( 'NONE', #3239, 1000.000000000000000 ) ;
#5879 = CARTESIAN_POINT ( 'NONE',  ( 1.000000000000000888, 35.52209655803508781, 41.00820670719788552 ) ) ;
#5880 = FACE_OUTER_BOUND ( 'NONE', #2330, .T. ) ;
#5881 = CARTESIAN_POINT ( 'NONE',  ( 2.340000000000001634, -40.00000000000000000, 39.99999999999999289 ) ) ;
#5882 = PLANE ( 'NONE',  #1585 ) ;
#5883 = CARTESIAN_POINT ( 'NONE',  ( 6.000000000000005329, -21.66666666666666075, 40.99999999999998579 ) ) ;
#5884 = FILL_AREA_STYLE_COLOUR ( '', #3445 ) ;
#5885 = DIRECTION ( 'NONE',  ( -1.000000000000000000, -0.000000000000000000, -0.000000000000000000 ) ) ;
#5886 = EDGE_CURVE ( 'NONE', #6884, #287, #6795, .T. ) ;
#5887 = CARTESIAN_POINT ( 'NONE',  ( 7.500000000000000888, -55.00000000000000000, 9.999999999999996447 ) ) ;
#5888 = DIRECTION ( 'NONE',  ( 0.000000000000000000, 0.000000000000000000, 1.000000000000000000 ) ) ;
#5889 = ORIENTED_EDGE ( 'NONE', *, *, #7285, .F. ) ;
#5890 = CARTESIAN_POINT ( 'NONE',  ( -2.449293598294688665E-16, -56.99999999999998579, 19.99999999999999645 ) ) ;
#5891 = ORIENTED_EDGE ( 'NONE', *, *, #5093, .T. ) ;
#5892 = DIRECTION ( 'NONE',  ( 1.000000000000000000, 0.000000000000000000, 0.000000000000000000 ) ) ;
#5893 = CARTESIAN_POINT ( 'NONE',  ( 6.000000000000005329, -11.66666666666666963, -40.99999999999998579 ) ) ;
#5894 = EDGE_CURVE ( 'NONE', #6404, #3960, #4197, .T. ) ;
#5895 = CARTESIAN_POINT ( 'NONE',  ( 0.1067883578034265618, 43.93533156253132432, -36.53267703188903681 ) ) ;
#5896 = ORIENTED_EDGE ( 'NONE', *, *, #2739, .F. ) ;
#5897 = CARTESIAN_POINT ( 'NONE',  ( 143.6861997365472519, -45.00000000000000711, 34.00000000000000711 ) ) ;
#5898 = EDGE_CURVE ( 'NONE', #1782, #5900, #6231, .T. ) ;
#5899 = ORIENTED_EDGE ( 'NONE', *, *, #1003, .T. ) ;
#5900 = VERTEX_POINT ( 'NONE', #5574 ) ;
#5901 = EDGE_LOOP ( 'NONE', ( #5420, #2993, #2480, #7129 ) ) ;
#5902 = CYLINDRICAL_SURFACE ( 'NONE', #1813, 1.000000000000000888 ) ;
#5903 = VERTEX_POINT ( 'NONE', #233 ) ;
#5904 = VECTOR ( 'NONE', #588, 1000.000000000000000 ) ;
#5905 = FACE_OUTER_BOUND ( 'NONE', #4237, .T. ) ;
#5906 = ORIENTED_EDGE ( 'NONE', *, *, #3805, .F. ) ;
#5907 = EDGE_CURVE ( 'NONE', #1477, #7411, #2296, .T. ) ;
#5908 = FACE_OUTER_BOUND ( 'NONE', #6711, .T. ) ;
#5909 = ORIENTED_EDGE ( 'NONE', *, *, #3973, .T. ) ;
#5910 = CARTESIAN_POINT ( 'NONE',  ( 0.000000000000000000, 53.00000000000000000, -32.00000000000001421 ) ) ;
#5911 = CIRCLE ( 'NONE', #5632, 1.000000000000000888 ) ;
#5912 = DIRECTION ( 'NONE',  ( -1.000000000000000000, -0.000000000000000000, -0.000000000000000000 ) ) ;
#5913 = EDGE_CURVE ( 'NONE', #6518, #1350, #140, .T. ) ;
#5914 = ADVANCED_FACE ( 'NONE', ( #1765 ), #8045, .F. ) ;
#5915 = DIRECTION ( 'NONE',  ( 0.000000000000000000, 0.06778098864346215890, 0.9977002243051341646 ) ) ;
#5916 = EDGE_CURVE ( 'NONE', #5868, #220, #2250, .T. ) ;
#5917 = DIRECTION ( 'NONE',  ( 0.000000000000000000, -7.384882149680598319E-16, -1.000000000000000000 ) ) ;
#5918 = AXIS2_PLACEMENT_3D ( 'NONE', #7348, #7912, #6689 ) ;
#5919 = CARTESIAN_POINT ( 'NONE',  ( 6.000000000000005329, -10.66666666666666785, -41.99999999999998579 ) ) ;
#5920 = ORIENTED_EDGE ( 'NONE', *, *, #7605, .F. ) ;
#5921 = LINE ( 'NONE', #6003, #396 ) ;
#5922 = CARTESIAN_POINT ( 'NONE',  ( -1.084202172485504434E-16, 35.44600055583013187, -39.42624999999954127 ) ) ;
#5923 = AXIS2_PLACEMENT_3D ( 'NONE', #2853, #5536, #2208 ) ;
#5924 = CARTESIAN_POINT ( 'NONE',  ( 7.000000000000000000, -20.66666666666667496, -32.00000000000000711 ) ) ;
#5925 = EDGE_CURVE ( 'NONE', #3834, #3095, #8473, .T. ) ;
#5926 = FACE_OUTER_BOUND ( 'NONE', #4923, .T. ) ;
#5927 = CARTESIAN_POINT ( 'NONE',  ( 3.150000000000013678, -49.99999999999999289, -39.50000000000000000 ) ) ;
#5928 = ADVANCED_FACE ( 'NONE', ( #491 ), #4458, .F. ) ;
#5929 = AXIS2_PLACEMENT_3D ( 'NONE', #8350, #2828, #6352 ) ;
#5930 = DIRECTION ( 'NONE',  ( -1.000000000000000000, -0.000000000000000000, -0.000000000000000000 ) ) ;
#5931 = CARTESIAN_POINT ( 'NONE',  ( 6.000000000000005329, -51.00000000000000711, -32.00000000000000000 ) ) ;
#5932 = DIRECTION ( 'NONE',  ( 0.000000000000000000, 0.000000000000000000, -1.000000000000000000 ) ) ;
#5933 = VERTEX_POINT ( 'NONE', #8479 ) ;
#5934 = AXIS2_PLACEMENT_3D ( 'NONE', #4292, #8318, #2342 ) ;
#5935 = AXIS2_PLACEMENT_3D ( 'NONE', #8143, #6151, #721 ) ;
#5936 = CARTESIAN_POINT ( 'NONE',  ( 6.000000000000005329, -32.06274606680622696, -41.99999999999997868 ) ) ;
#5937 = VERTEX_POINT ( 'NONE', #5256 ) ;
#5938 = PLANE ( 'NONE',  #222 ) ;
#5939 = CIRCLE ( 'NONE', #4815, 0.5000000000000004441 ) ;
#5940 = ORIENTED_EDGE ( 'NONE', *, *, #5540, .T. ) ;
#5941 = ORIENTED_EDGE ( 'NONE', *, *, #3443, .T. ) ;
#5942 = DIRECTION ( 'NONE',  ( -1.000000000000000000, -0.000000000000000000, -0.000000000000000000 ) ) ;
#5943 = VERTEX_POINT ( 'NONE', #1313 ) ;
#5944 = FACE_OUTER_BOUND ( 'NONE', #1868, .T. ) ;
#5945 = CIRCLE ( 'NONE', #4823, 1.000000000000000000 ) ;
#5946 = FACE_OUTER_BOUND ( 'NONE', #232, .T. ) ;
#5947 = EDGE_LOOP ( 'NONE', ( #815, #5155 ) ) ;
#5948 = CARTESIAN_POINT ( 'NONE',  ( 5.000000000000000000, 49.99999999999999289, -39.50000000000000000 ) ) ;
#5949 = ORIENTED_EDGE ( 'NONE', *, *, #1508, .F. ) ;
#5950 = VECTOR ( 'NONE', #7542, 1000.000000000000000 ) ;
#5951 = DIRECTION ( 'NONE',  ( 0.000000000000000000, 0.000000000000000000, 1.000000000000000000 ) ) ;
#5952 = ADVANCED_FACE ( 'NONE', ( #5946 ), #2662, .T. ) ;
#5953 = CARTESIAN_POINT ( 'NONE',  ( 10.00000000000000000, -55.00000000000000000, 45.00000000000000000 ) ) ;
#5954 = ORIENTED_EDGE ( 'NONE', *, *, #3601, .F. ) ;
#5955 = FACE_OUTER_BOUND ( 'NONE', #5181, .T. ) ;
#5956 = VECTOR ( 'NONE', #4428, 1000.000000000000000 ) ;
#5957 = DIRECTION ( 'NONE',  ( -1.000000000000000000, 0.000000000000000000, 0.000000000000000000 ) ) ;
#5958 = DIRECTION ( 'NONE',  ( 0.000000000000000000, 0.000000000000000000, 1.000000000000000000 ) ) ;
#5959 = VERTEX_POINT ( 'NONE', #3186 ) ;
#5960 = CARTESIAN_POINT ( 'NONE',  ( 1.051440682783693307E-09, 35.47947081776772649, -40.80427681105291526 ) ) ;
#5961 = AXIS2_PLACEMENT_3D ( 'NONE', #5215, #2655, #7864 ) ;
#5962 = EDGE_CURVE ( 'NONE', #4488, #5737, #4279, .T. ) ;
#5963 = FACE_OUTER_BOUND ( 'NONE', #2866, .T. ) ;
#5964 = DIRECTION ( 'NONE',  ( 1.000000000000000000, 0.000000000000000000, -0.000000000000000000 ) ) ;
#5965 = CARTESIAN_POINT ( 'NONE',  ( 7.500000000000000888, -55.50000000000000000, 9.999999999999994671 ) ) ;
#5966 = VECTOR ( 'NONE', #7460, 1000.000000000000000 ) ;
#5967 = DIRECTION ( 'NONE',  ( 0.000000000000000000, -1.000000000000000000, 1.084202172485504187E-16 ) ) ;
#5968 = ORIENTED_EDGE ( 'NONE', *, *, #1376, .F. ) ;
#5969 = EDGE_CURVE ( 'NONE', #8457, #242, #8515, .T. ) ;
#5970 = ORIENTED_EDGE ( 'NONE', *, *, #8317, .T. ) ;
#5971 = ADVANCED_FACE ( 'NONE', ( #5905 ), #3148, .T. ) ;
#5972 = CYLINDRICAL_SURFACE ( 'NONE', #6976, 0.9999999999999940048 ) ;
#5973 = EDGE_CURVE ( 'NONE', #1566, #2700, #237, .T. ) ;
#5974 = DIRECTION ( 'NONE',  ( -0.000000000000000000, 1.000000000000000000, -0.000000000000000000 ) ) ;
#5975 = VERTEX_POINT ( 'NONE', #5832 ) ;
#5976 = EDGE_CURVE ( 'NONE', #352, #5063, #1784, .T. ) ;
#5977 = DIRECTION ( 'NONE',  ( 0.000000000000000000, 0.000000000000000000, 1.000000000000000000 ) ) ;
#5978 = AXIS2_PLACEMENT_3D ( 'NONE', #2850, #8095, #2164 ) ;
#5979 = EDGE_LOOP ( 'NONE', ( #7508, #2978, #3564, #6166 ) ) ;
#5980 = CARTESIAN_POINT ( 'NONE',  ( 0.000000000000000000, -32.06274606680621986, 43.00000000000000000 ) ) ;
#5981 = ORIENTED_EDGE ( 'NONE', *, *, #5916, .F. ) ;
#5982 = ORIENTED_EDGE ( 'NONE', *, *, #4363, .T. ) ;
#5983 = CARTESIAN_POINT ( 'NONE',  ( 5.000000000000009770, -16.66666666666666430, 39.69999999998334772 ) ) ;
#5984 = VERTEX_POINT ( 'NONE', #7214 ) ;
#5985 = EDGE_CURVE ( 'NONE', #4488, #2481, #5143, .T. ) ;
#5986 = CIRCLE ( 'NONE', #2214, 2.249999999999995115 ) ;
#5987 = CARTESIAN_POINT ( 'NONE',  ( 0.9878470277192178406, -43.82112413123022776, 36.51327297892154178 ) ) ;
#5988 = ORIENTED_EDGE ( 'NONE', *, *, #4030, .T. ) ;
#5989 = PLANE ( 'NONE',  #3532 ) ;
#5990 = DIRECTION ( 'NONE',  ( 0.000000000000000000, 0.000000000000000000, -1.000000000000000000 ) ) ;
#5991 = AXIS2_PLACEMENT_3D ( 'NONE', #3032, #7806, #1823 ) ;
#5992 = ORIENTED_EDGE ( 'NONE', *, *, #2498, .T. ) ;
#5993 = CYLINDRICAL_SURFACE ( 'NONE', #6664, 0.5000000000000004441 ) ;
#5994 = ORIENTED_EDGE ( 'NONE', *, *, #8405, .F. ) ;
#5995 = DIRECTION ( 'NONE',  ( 0.000000000000000000, 0.000000000000000000, 1.000000000000000000 ) ) ;
#5996 = CIRCLE ( 'NONE', #8072, 1.000000000000000888 ) ;
#5997 = ORIENTED_EDGE ( 'NONE', *, *, #2808, .T. ) ;
#5998 = CARTESIAN_POINT ( 'NONE',  ( 0.2996024613016376459, -35.00790645075847607, 39.62351413464694616 ) ) ;
#5999 = FACE_OUTER_BOUND ( 'NONE', #2660, .T. ) ;
#6000 = CARTESIAN_POINT ( 'NONE',  ( 143.6861997365472519, -32.06274606680622696, -41.99999999999997868 ) ) ;
#6001 = ADVANCED_FACE ( 'NONE', ( #4089 ), #4800, .T. ) ;
#6002 = ORIENTED_EDGE ( 'NONE', *, *, #25, .T. ) ;
#6003 = CARTESIAN_POINT ( 'NONE',  ( 7.499999999999982236, -59.50000000000000711, 9.999999999999996447 ) ) ;
#6004 = CARTESIAN_POINT ( 'NONE',  ( 0.2996024613058964614, 35.00790645075024088, -39.62351413464594430 ) ) ;
#6005 = CIRCLE ( 'NONE', #688, 1.000000000000000888 ) ;
#6006 = VECTOR ( 'NONE', #2554, 1000.000000000000000 ) ;
#6007 = DIRECTION ( 'NONE',  ( -0.000000000000000000, 0.000000000000000000, -1.000000000000000000 ) ) ;
#6008 = FACE_BOUND ( 'NONE', #4723, .T. ) ;
#6009 = B_SPLINE_CURVE_WITH_KNOTS ( 'NONE', 3,
 ( #5024, #8498, #2354, #4485, #6426, #7153 ),
 .UNSPECIFIED., .F., .F.,
 ( 4, 2, 4 ),
 ( 0.000000000000000000, 0.0006077078744386786666, 0.001215415748877357333 ),
 .UNSPECIFIED. ) ;
#6010 = FACE_OUTER_BOUND ( 'NONE', #5901, .T. ) ;
#6011 = AXIS2_PLACEMENT_3D ( 'NONE', #6747, #4650, #6062 ) ;
#6012 = CYLINDRICAL_SURFACE ( 'NONE', #3106, 1.000000000000007772 ) ;
#6013 = CYLINDRICAL_SURFACE ( 'NONE', #1050, 1.000000000000000888 ) ;
#6014 = EDGE_CURVE ( 'NONE', #5345, #4983, #117, .T. ) ;
#6015 = EDGE_CURVE ( 'NONE', #2255, #8079, #8049, .T. ) ;
#6016 = CARTESIAN_POINT ( 'NONE',  ( 6.000000000000005329, 22.66666666666666785, 40.99999999999999289 ) ) ;
#6017 = CARTESIAN_POINT ( 'NONE',  ( 1.000000000000000888, -21.66666666666666430, -34.00000000000000000 ) ) ;
#6018 = CARTESIAN_POINT ( 'NONE',  ( 6.000000000000005329, 44.00000000000000711, -35.52786404500041328 ) ) ;
#6019 = VERTEX_POINT ( 'NONE', #778 ) ;
#6020 = ADVANCED_FACE ( 'NONE', ( #2095 ), #4664, .T. ) ;
#6021 = VECTOR ( 'NONE', #6443, 1000.000000000000000 ) ;
#6022 = EDGE_CURVE ( 'NONE', #7437, #2598, #3590, .T. ) ;
#6023 = VERTEX_POINT ( 'NONE', #3393 ) ;
#6024 = DIRECTION ( 'NONE',  ( 0.000000000000000000, 0.000000000000000000, 1.000000000000000000 ) ) ;
#6025 = ORIENTED_EDGE ( 'NONE', *, *, #5962, .F. ) ;
#6026 = ORIENTED_EDGE ( 'NONE', *, *, #7285, .T. ) ;
#6027 = CARTESIAN_POINT ( 'NONE',  ( 0.000000000000000000, -40.00000000000000000, 39.99999999999999289 ) ) ;
#6028 = ORIENTED_EDGE ( 'NONE', *, *, #8333, .F. ) ;
#6029 = DIRECTION ( 'NONE',  ( 0.000000000000000000, 0.000000000000000000, 1.000000000000000000 ) ) ;
#6030 = EDGE_CURVE ( 'NONE', #4016, #2398, #6406, .T. ) ;
#6031 = CYLINDRICAL_SURFACE ( 'NONE', #5643, 1.000000000000000888 ) ;
#6032 = EDGE_CURVE ( 'NONE', #4104, #6170, #6399, .T. ) ;
#6033 = DIRECTION ( 'NONE',  ( 0.000000000000000000, -0.8648376228072131022, -0.5020516767994793739 ) ) ;
#6034 = ORIENTED_EDGE ( 'NONE', *, *, #5603, .F. ) ;
#6035 = CARTESIAN_POINT ( 'NONE',  ( 143.6861997365472519, 45.00000000000001421, 34.00000000000001421 ) ) ;
#6036 = ORIENTED_EDGE ( 'NONE', *, *, #3285, .T. ) ;
#6037 = CARTESIAN_POINT ( 'NONE',  ( 5.000000000000009770, -16.66666666666666430, -39.50000000000000000 ) ) ;
#6038 = CIRCLE ( 'NONE', #7567, 1.000000000000000888 ) ;
#6039 = VERTEX_POINT ( 'NONE', #733 ) ;
#6040 = CARTESIAN_POINT ( 'NONE',  ( 7.000000000000000888, -55.50000000000000000, -9.999999999999996447 ) ) ;
#6041 = CARTESIAN_POINT ( 'NONE',  ( 2.999999999999999112, -56.50000000000000000, 9.999999999999996447 ) ) ;
#6042 = DIRECTION ( 'NONE',  ( 0.000000000000000000, 1.000000000000000000, -0.000000000000000000 ) ) ;
#6043 = B_SPLINE_CURVE_WITH_KNOTS ( 'NONE', 3,
 ( #4796, #818, #1000, #3476, #8151, #2865 ),
 .UNSPECIFIED., .F., .F.,
 ( 4, 2, 4 ),
 ( 0.000000000000000000, 0.0006077078744386748719, 0.001215415748877349744 ),
 .UNSPECIFIED. ) ;
#6044 = AXIS2_PLACEMENT_3D ( 'NONE', #4693, #3838, #3137 ) ;
#6045 = EDGE_LOOP ( 'NONE', ( #5988, #7207 ) ) ;
#6046 = AXIS2_PLACEMENT_3D ( 'NONE', #5481, #2939, #6182 ) ;
#6047 = CARTESIAN_POINT ( 'NONE',  ( 0.2377685253763430206, 34.82792455453331826, -40.17573960023563728 ) ) ;
#6048 = DIRECTION ( 'NONE',  ( 1.000000000000000000, 0.000000000000000000, 0.000000000000000000 ) ) ;
#6049 = CARTESIAN_POINT ( 'NONE',  ( 1.000000000000000888, -50.99999999999999289, 34.00000000000001421 ) ) ;
#6050 = CARTESIAN_POINT ( 'NONE',  ( 7.000000000000000000, 32.06274606680621986, -40.99999999999999289 ) ) ;
#6051 = EDGE_LOOP ( 'NONE', ( #5670, #2676, #6026, #3344, #6245, #8047 ) ) ;
#6052 = CIRCLE ( 'NONE', #477, 0.5000000000000004441 ) ;
#6053 = FACE_OUTER_BOUND ( 'NONE', #3041, .T. ) ;
#6054 = CARTESIAN_POINT ( 'NONE',  ( 6.000000000000005329, 44.00000000000000711, 35.52786404500041328 ) ) ;
#6055 = DIRECTION ( 'NONE',  ( 0.000000000000000000, -1.000000000000000000, 0.000000000000000000 ) ) ;
#6056 = CARTESIAN_POINT ( 'NONE',  ( 3.150000000000003020, 16.66666666666667140, -39.50000000000000000 ) ) ;
#6057 = CIRCLE ( 'NONE', #7731, 1.000000000000000888 ) ;
#6058 = ORIENTED_EDGE ( 'NONE', *, *, #245, .T. ) ;
#6059 = AXIS2_PLACEMENT_3D ( 'NONE', #2181, #5553, #6806 ) ;
#6060 = FACE_OUTER_BOUND ( 'NONE', #4440, .T. ) ;
#6061 = CARTESIAN_POINT ( 'NONE',  ( 3.000000000000002665, -57.00000000000000000, 9.999999999999996447 ) ) ;
#6062 = DIRECTION ( 'NONE',  ( 0.000000000000000000, 0.000000000000000000, -1.000000000000000000 ) ) ;
#6063 = CARTESIAN_POINT ( 'NONE',  ( 143.6861997365472519, 40.00000000000000000, -39.99999999999999289 ) ) ;
#6064 = ORIENTED_EDGE ( 'NONE', *, *, #6423, .F. ) ;
#6065 = EDGE_CURVE ( 'NONE', #1953, #8243, #1237, .T. ) ;
#6066 = AXIS2_PLACEMENT_3D ( 'NONE', #1424, #6835, #901 ) ;
#6067 = AXIS2_PLACEMENT_3D ( 'NONE', #3, #8002, #7353 ) ;
#6068 = ORIENTED_EDGE ( 'NONE', *, *, #1533, .T. ) ;
#6069 = CARTESIAN_POINT ( 'NONE',  ( 6.999999999999996447, -57.00000000000000000, 9.999999999999996447 ) ) ;
#6070 = ORIENTED_EDGE ( 'NONE', *, *, #4857, .T. ) ;
#6071 = ORIENTED_EDGE ( 'NONE', *, *, #2548, .T. ) ;
#6072 = CONICAL_SURFACE ( 'NONE', #53, 4.590000000000003411, 0.7853981633974498333 ) ;
#6073 = AXIS2_PLACEMENT_3D ( 'NONE', #6793, #2806, #2167 ) ;
#6074 = CARTESIAN_POINT ( 'NONE',  ( 7.499999999999982236, -59.50000000000000711, -19.99999999999999645 ) ) ;
#6075 = ORIENTED_EDGE ( 'NONE', *, *, #8518, .T. ) ;
#6076 = EDGE_CURVE ( 'NONE', #4042, #1414, #868, .T. ) ;
#6077 = ADVANCED_FACE ( 'NONE', ( #6677 ), #215, .F. ) ;
#6078 = CARTESIAN_POINT ( 'NONE',  ( 6.000000000000005329, -40.00000000000000000, 39.99999999999999289 ) ) ;
#6079 = AXIS2_PLACEMENT_3D ( 'NONE', #2407, #256, #7641 ) ;
#6080 = DIRECTION ( 'NONE',  ( 0.000000000000000000, 0.000000000000000000, 1.000000000000000000 ) ) ;
#6081 = DIRECTION ( 'NONE',  ( 0.000000000000000000, 0.000000000000000000, 1.000000000000000000 ) ) ;
#6082 = ORIENTED_EDGE ( 'NONE', *, *, #4621, .F. ) ;
#6083 = ORIENTED_EDGE ( 'NONE', *, *, #4487, .F. ) ;
#6084 = ORIENTED_EDGE ( 'NONE', *, *, #1909, .F. ) ;
#6085 = EDGE_CURVE ( 'NONE', #3668, #5130, #5150, .T. ) ;
#6086 = PLANE ( 'NONE',  #5072 ) ;
#6087 = VECTOR ( 'NONE', #1144, 1000.000000000000000 ) ;
#6088 = EDGE_CURVE ( 'NONE', #5163, #7804, #2352, .T. ) ;
#6089 = ORIENTED_EDGE ( 'NONE', *, *, #5764, .F. ) ;
#6090 = CARTESIAN_POINT ( 'NONE',  ( 1.000000000000000888, -46.00000000000000711, 34.00000000000000711 ) ) ;
#6091 = CARTESIAN_POINT ( 'NONE',  ( 6.000000000000005329, 35.03921629175388830, -39.37499999999999289 ) ) ;
#6092 = DIRECTION ( 'NONE',  ( 0.000000000000000000, 0.000000000000000000, -1.000000000000000000 ) ) ;
#6093 = ORIENTED_EDGE ( 'NONE', *, *, #2391, .T. ) ;
#6094 = CARTESIAN_POINT ( 'NONE',  ( 1.000000000000000888, 34.65725893522787260, -40.50615503039842480 ) ) ;
#6095 = CARTESIAN_POINT ( 'NONE',  ( 5.000000000000005329, 16.66666666666667140, -39.69999999999049578 ) ) ;
#6096 = DIRECTION ( 'NONE',  ( 0.000000000000000000, -1.000000000000000000, 0.000000000000000000 ) ) ;
#6097 = ADVANCED_FACE ( 'NONE', ( #3349 ), #4711, .F. ) ;
#6098 = VECTOR ( 'NONE', #2263, 1000.000000000000000 ) ;
#6099 = DIRECTION ( 'NONE',  ( 1.000000000000000000, -0.000000000000000000, -0.000000000000000000 ) ) ;
#6100 = CARTESIAN_POINT ( 'NONE',  ( 7.000000000000000000, -46.00000000000000711, 32.00000000000000711 ) ) ;
#6101 = CARTESIAN_POINT ( 'NONE',  ( 143.6861997365472519, 45.00000000000001421, 34.00000000000001421 ) ) ;
#6102 = CARTESIAN_POINT ( 'NONE',  ( 1.000000000000000888, 45.00000000000001421, 34.00000000000001421 ) ) ;
#6103 = EDGE_LOOP ( 'NONE', ( #1872, #3313, #5949, #3609 ) ) ;
#6104 = DIRECTION ( 'NONE',  ( 1.000000000000000000, -0.000000000000000000, -0.000000000000000000 ) ) ;
#6105 = CARTESIAN_POINT ( 'NONE',  ( 7.000000000000000888, -56.50000000000000000, 9.999999999999996447 ) ) ;
#6106 = SPHERICAL_SURFACE ( 'NONE', #8015, 1.000000000000000000 ) ;
#6107 = ORIENTED_EDGE ( 'NONE', *, *, #4009, .F. ) ;
#6108 = VECTOR ( 'NONE', #2633, 1000.000000000000000 ) ;
#6109 = ORIENTED_EDGE ( 'NONE', *, *, #8366, .T. ) ;
#6110 = DIRECTION ( 'NONE',  ( -1.000000000000000000, 0.000000000000000000, 0.000000000000000000 ) ) ;
#6111 = AXIS2_PLACEMENT_3D ( 'NONE', #2136, #160, #7504 ) ;
#6112 = ADVANCED_FACE ( 'NONE', ( #4755 ), #6947, .F. ) ;
#6113 = ORIENTED_EDGE ( 'NONE', *, *, #1582, .F. ) ;
#6114 = ORIENTED_EDGE ( 'NONE', *, *, #6982, .T. ) ;
#6115 = DIRECTION ( 'NONE',  ( 1.000000000000000000, 0.000000000000000000, 0.000000000000000000 ) ) ;
#6116 = ORIENTED_EDGE ( 'NONE', *, *, #5886, .T. ) ;
#6117 = UNCERTAINTY_MEASURE_WITH_UNIT (LENGTH_MEASURE( 1.000000000000000082E-05 ), #3891, 'distance_accuracy_value', 'NONE');
#6118 = CARTESIAN_POINT ( 'NONE',  ( 6.999999999999996447, -57.00000000000000000, -19.99999999999999645 ) ) ;
#6119 = VECTOR ( 'NONE', #7832, 1000.000000000000000 ) ;
#6120 = DIRECTION ( 'NONE',  ( -1.000000000000000000, -0.000000000000000000, -0.000000000000000000 ) ) ;
#6121 = FACE_OUTER_BOUND ( 'NONE', #7648, .T. ) ;
#6122 = CARTESIAN_POINT ( 'NONE',  ( 0.000000000000000000, -43.86443802271306680, -37.52326449361067517 ) ) ;
#6123 = ADVANCED_FACE ( 'NONE', ( #1357 ), #4849, .T. ) ;
#6124 = ORIENTED_EDGE ( 'NONE', *, *, #6460, .T. ) ;
#6125 = ORIENTED_EDGE ( 'NONE', *, *, #2400, .T. ) ;
#6126 = AXIS2_PLACEMENT_3D ( 'NONE', #8614, #1988, #5238 ) ;
#6127 = ORIENTED_EDGE ( 'NONE', *, *, #2272, .T. ) ;
#6128 = CARTESIAN_POINT ( 'NONE',  ( 6.999999999999996447, -57.00000000000000000, -9.999999999999996447 ) ) ;
#6129 = ORIENTED_EDGE ( 'NONE', *, *, #6471, .F. ) ;
#6130 = CARTESIAN_POINT ( 'NONE',  ( 0.2078464396324496699, -34.78631055417807971, 40.26680052479474625 ) ) ;
#6131 = CIRCLE ( 'NONE', #1525, 1.000000000000000000 ) ;
#6132 = CARTESIAN_POINT ( 'NONE',  ( 0.000000000000000000, -35.52209655803508781, -41.00820670719788552 ) ) ;
#6133 = EDGE_CURVE ( 'NONE', #3085, #5780, #2735, .T. ) ;
#6134 = ORIENTED_EDGE ( 'NONE', *, *, #7543, .F. ) ;
#6135 = EDGE_CURVE ( 'NONE', #483, #2843, #5921, .T. ) ;
#6136 = DIRECTION ( 'NONE',  ( 0.000000000000000000, 0.000000000000000000, 1.000000000000000000 ) ) ;
#6137 = CARTESIAN_POINT ( 'NONE',  ( 1.000000000000000888, -32.06274606680622696, -41.99999999999997868 ) ) ;
#6138 = CIRCLE ( 'NONE', #3470, 5.000000000000004441 ) ;
#6139 = LINE ( 'NONE', #4289, #1950 ) ;
#6140 = DIRECTION ( 'NONE',  ( 1.000000000000000000, 0.000000000000000000, 0.000000000000000000 ) ) ;
#6141 = ORIENTED_EDGE ( 'NONE', *, *, #5133, .F. ) ;
#6142 = DIRECTION ( 'NONE',  ( -1.000000000000000000, -0.000000000000000000, -0.000000000000000000 ) ) ;
#6143 = DIRECTION ( 'NONE',  ( 0.000000000000000000, 0.000000000000000000, 1.000000000000000000 ) ) ;
#6144 = CARTESIAN_POINT ( 'NONE',  ( 3.149999999999999023, 49.99999999999999289, 39.69999999998340456 ) ) ;
#6145 = CARTESIAN_POINT ( 'NONE',  ( 6.000000000000005329, 10.66666666666667140, 40.99999999999999289 ) ) ;
#6146 = AXIS2_PLACEMENT_3D ( 'NONE', #4215, #6891, #251 ) ;
#6147 = CARTESIAN_POINT ( 'NONE',  ( 1.000000000000000888, -10.66666666666666785, -41.99999999999998579 ) ) ;
#6148 = EDGE_CURVE ( 'NONE', #2052, #5787, #8649, .T. ) ;
#6149 = LINE ( 'NONE', #4829, #2443 ) ;
#6150 = DIRECTION ( 'NONE',  ( -1.000000000000000000, 0.000000000000000000, -0.000000000000000000 ) ) ;
#6151 = DIRECTION ( 'NONE',  ( 0.000000000000000000, -1.000000000000000000, 0.000000000000000000 ) ) ;
#6152 = ORIENTED_EDGE ( 'NONE', *, *, #7991, .T. ) ;
#6153 = ORIENTED_EDGE ( 'NONE', *, *, #5866, .F. ) ;
#6154 = CARTESIAN_POINT ( 'NONE',  ( 0.000000000000000000, -40.00000000000000000, 39.99999999999999289 ) ) ;
#6155 = EDGE_LOOP ( 'NONE', ( #2267, #1025, #6628, #7481 ) ) ;
#6156 = CARTESIAN_POINT ( 'NONE',  ( 1.474514954580284768E-14, 43.93221901135654406, 36.52556426930555489 ) ) ;
#6157 = VERTEX_POINT ( 'NONE', #3362 ) ;
#6158 = CONICAL_SURFACE ( 'NONE', #7270, 2.000000000000253131, 0.02829433384850031999 ) ;
#6159 = EDGE_CURVE ( 'NONE', #5900, #7804, #7224, .T. ) ;
#6160 = DIRECTION ( 'NONE',  ( 0.000000000000000000, 0.000000000000000000, 1.000000000000000000 ) ) ;
#6161 = CARTESIAN_POINT ( 'NONE',  ( 0.000000000000000000, -32.06274606680621986, 38.99999999999999289 ) ) ;
#6162 = DIRECTION ( 'NONE',  ( -1.000000000000000000, -0.000000000000000000, -0.000000000000000000 ) ) ;
#6163 = FACE_OUTER_BOUND ( 'NONE', #4050, .T. ) ;
#6164 = EDGE_LOOP ( 'NONE', ( #3917, #2654, #5695, #1352, #2261, #1440 ) ) ;
#6165 = ORIENTED_EDGE ( 'NONE', *, *, #8381, .T. ) ;
#6166 = ORIENTED_EDGE ( 'NONE', *, *, #6238, .F. ) ;
#6167 = CARTESIAN_POINT ( 'NONE',  ( 3.150000000000003020, 16.66666666666667140, 39.50000000000000000 ) ) ;
#6168 = EDGE_CURVE ( 'NONE', #1314, #1235, #2071, .T. ) ;
#6169 = CARTESIAN_POINT ( 'NONE',  ( 0.8074032449773838049, 43.33333333333333570, 36.27322003750034440 ) ) ;
#6170 = VERTEX_POINT ( 'NONE', #2027 ) ;
#6171 = DIRECTION ( 'NONE',  ( 0.000000000000000000, 0.000000000000000000, 1.000000000000000000 ) ) ;
#6172 = CARTESIAN_POINT ( 'NONE',  ( 1.000000000000000888, -22.66666666666666075, -41.99999999999998579 ) ) ;
#6173 = VERTEX_POINT ( 'NONE', #4017 ) ;
#6174 = DIRECTION ( 'NONE',  ( 0.000000000000000000, 0.000000000000000000, 1.000000000000000000 ) ) ;
#6175 = CARTESIAN_POINT ( 'NONE',  ( 6.000000000000005329, -11.66666666666667140, -40.99999999999998579 ) ) ;
#6176 = AXIS2_PLACEMENT_3D ( 'NONE', #7997, #6042, #4596 ) ;
#6177 = DIRECTION ( 'NONE',  ( 0.000000000000000000, 0.000000000000000000, -1.000000000000000000 ) ) ;
#6178 = FACE_OUTER_BOUND ( 'NONE', #4376, .T. ) ;
#6179 = EDGE_CURVE ( 'NONE', #3439, #1953, #4559, .T. ) ;
#6180 = ADVANCED_FACE ( 'NONE', ( #5271 ), #1331, .F. ) ;
#6181 = DIRECTION ( 'NONE',  ( 6.938893903907221278E-15, 0.000000000000000000, -1.000000000000000000 ) ) ;
#6182 = DIRECTION ( 'NONE',  ( -1.000000000000000000, 0.000000000000000000, 0.000000000000000000 ) ) ;
#6183 = CIRCLE ( 'NONE', #7576, 1.849999999999999201 ) ;
#6184 = LINE ( 'NONE', #1599, #8008 ) ;
#6185 = DIRECTION ( 'NONE',  ( 0.000000000000000000, 0.000000000000000000, 1.000000000000000000 ) ) ;
#6186 = DIRECTION ( 'NONE',  ( -0.000000000000000000, 1.000000000000000000, -0.000000000000000000 ) ) ;
#6187 = MANIFOLD_SOLID_BREP ( 'Fillet2', #3523 ) ;
#6188 = CARTESIAN_POINT ( 'NONE',  ( 7.000000000000000000, -22.66666666666666075, 33.99999999999999289 ) ) ;
#6189 = DIRECTION ( 'NONE',  ( 0.000000000000000000, 0.000000000000000000, 1.000000000000000000 ) ) ;
#6190 = AXIS2_PLACEMENT_3D ( 'NONE', #4055, #6777, #7519 ) ;
#6191 = ORIENTED_EDGE ( 'NONE', *, *, #2795, .T. ) ;
#6192 = ADVANCED_FACE ( 'NONE', ( #3544 ), #1213, .T. ) ;
#6193 = EDGE_CURVE ( 'NONE', #882, #2604, #3870, .T. ) ;
#6194 = ORIENTED_EDGE ( 'NONE', *, *, #4140, .T. ) ;
#6195 = CIRCLE ( 'NONE', #8549, 1.000000000000000888 ) ;
#6196 = AXIS2_PLACEMENT_3D ( 'NONE', #7377, #2055, #4219 ) ;
#6197 = ORIENTED_EDGE ( 'NONE', *, *, #1494, .F. ) ;
#6198 = DIRECTION ( 'NONE',  ( 0.000000000000000000, 0.000000000000000000, 1.000000000000000000 ) ) ;
#6199 = ORIENTED_EDGE ( 'NONE', *, *, #6801, .T. ) ;
#6200 = DIRECTION ( 'NONE',  ( -0.000000000000000000, 2.478176394252584592E-16, 1.000000000000000000 ) ) ;
#6201 = EDGE_LOOP ( 'NONE', ( #6616, #5095, #3614, #6129 ) ) ;
#6202 = AXIS2_PLACEMENT_3D ( 'NONE', #6746, #6705, #8141 ) ;
#6203 = AXIS2_PLACEMENT_3D ( 'NONE', #7598, #3750, #1669 ) ;
#6204 = DIRECTION ( 'NONE',  ( -1.000000000000000000, -0.000000000000000000, -0.000000000000000000 ) ) ;
#6205 = DIRECTION ( 'NONE',  ( 0.000000000000000000, 0.000000000000000000, -1.000000000000000000 ) ) ;
#6206 = DIRECTION ( 'NONE',  ( 0.000000000000000000, 0.000000000000000000, -1.000000000000000000 ) ) ;
#6207 = DIRECTION ( 'NONE',  ( 1.000000000000000000, -0.000000000000000000, -0.000000000000000000 ) ) ;
#6208 = FACE_OUTER_BOUND ( 'NONE', #252, .T. ) ;
#6209 = AXIS2_PLACEMENT_3D ( 'NONE', #7557, #3536, #8213 ) ;
#6210 = VERTEX_POINT ( 'NONE', #2242 ) ;
#6211 = ORIENTED_EDGE ( 'NONE', *, *, #7301, .T. ) ;
#6212 = CIRCLE ( 'NONE', #4661, 2.000000000000001776 ) ;
#6213 = CIRCLE ( 'NONE', #3551, 0.5000000000000000000 ) ;
#6214 = EDGE_LOOP ( 'NONE', ( #1272, #5997, #1439, #8545, #3121 ) ) ;
#6215 = CARTESIAN_POINT ( 'NONE',  ( 2.340000000000001634, 40.00000000000000000, -39.99999999999999289 ) ) ;
#6216 = CIRCLE ( 'NONE', #5934, 1.000000000000000888 ) ;
#6217 = LINE ( 'NONE', #2877, #7739 ) ;
#6218 = AXIS2_PLACEMENT_3D ( 'NONE', #1390, #2726, #4786 ) ;
#6219 = ORIENTED_EDGE ( 'NONE', *, *, #6088, .T. ) ;
#6220 = LINE ( 'NONE', #5606, #2857 ) ;
#6221 = CARTESIAN_POINT ( 'NONE',  ( 6.000000000000005329, -22.66666666666666075, 33.99999999999999289 ) ) ;
#6222 = ORIENTED_EDGE ( 'NONE', *, *, #7250, .T. ) ;
#6223 =( NAMED_UNIT ( * ) SI_UNIT ( $, .STERADIAN. ) SOLID_ANGLE_UNIT ( ) );
#6224 = VECTOR ( 'NONE', #7652, 1000.000000000000000 ) ;
#6226 = EDGE_CURVE ( 'NONE', #6239, #2652, #2150, .T. ) ;
#6225 = DIRECTION ( 'NONE',  ( 0.000000000000000000, -0.000000000000000000, 1.000000000000000000 ) ) ;
#6227 = VECTOR ( 'NONE', #525, 1000.000000000000000 ) ;
#6228 = DIRECTION ( 'NONE',  ( 0.000000000000000000, 1.000000000000000000, 0.000000000000000000 ) ) ;
#6229 = LINE ( 'NONE', #3067, #3542 ) ;
#6230 = VERTEX_POINT ( 'NONE', #7565 ) ;
#6231 = LINE ( 'NONE', #892, #5546 ) ;
#6232 = DIRECTION ( 'NONE',  ( -1.000000000000000000, -0.000000000000000000, -0.000000000000000000 ) ) ;
#6233 = VECTOR ( 'NONE', #1230, 1000.000000000000000 ) ;
#6234 = CYLINDRICAL_SURFACE ( 'NONE', #3236, 1.000000000000000888 ) ;
#6235 = CARTESIAN_POINT ( 'NONE',  ( 7.000000000000000888, -55.00000000000000000, 9.999999999999996447 ) ) ;
#6236 = DIRECTION ( 'NONE',  ( -0.000000000000000000, -0.000000000000000000, -1.000000000000000000 ) ) ;
#6237 = ADVANCED_FACE ( 'NONE', ( #2195 ), #4729, .F. ) ;
#6238 = EDGE_CURVE ( 'NONE', #2061, #4358, #8188, .T. ) ;
#6239 = VERTEX_POINT ( 'NONE', #1586 ) ;
#6240 = CARTESIAN_POINT ( 'NONE',  ( 1.000000000000145883, 43.86443802271270442, -37.52326449361075333 ) ) ;
#6241 = CIRCLE ( 'NONE', #8464, 1.000000000000000888 ) ;
#6242 = FACE_OUTER_BOUND ( 'NONE', #5279, .T. ) ;
#6243 = ORIENTED_EDGE ( 'NONE', *, *, #8209, .F. ) ;
#6244 = ADVANCED_FACE ( 'NONE', ( #5609 ), #4703, .F. ) ;
#6245 = ORIENTED_EDGE ( 'NONE', *, *, #499, .T. ) ;
#6246 = ORIENTED_EDGE ( 'NONE', *, *, #7671, .T. ) ;
#6247 = CARTESIAN_POINT ( 'NONE',  ( 1.000000000000000888, -52.00000000000000000, 32.00000000000001421 ) ) ;
#6248 = ADVANCED_FACE ( 'NONE', ( #6912 ), #4059, .F. ) ;
#6249 = EDGE_CURVE ( 'NONE', #3818, #2277, #6732, .T. ) ;
#6250 = AXIS2_PLACEMENT_3D ( 'NONE', #2482, #2596, #7960 ) ;
#6251 = CARTESIAN_POINT ( 'NONE',  ( 0.8074032449773811404, 36.03137303340310638, -39.49999999999999289 ) ) ;
#6252 = ORIENTED_EDGE ( 'NONE', *, *, #7314, .T. ) ;
#6253 = CARTESIAN_POINT ( 'NONE',  ( 0.000000000000000000, -10.66666666666666785, 42.99999999999999289 ) ) ;
#6254 = AXIS2_PLACEMENT_3D ( 'NONE', #3435, #2179, #8108 ) ;
#6255 = CARTESIAN_POINT ( 'NONE',  ( 0.000000000000000000, 40.00000000000000000, -39.99999999999999289 ) ) ;
#6256 = CARTESIAN_POINT ( 'NONE',  ( 6.000000000000005329, 10.66666666666666785, -40.99999999999999289 ) ) ;
#6257 = ORIENTED_EDGE ( 'NONE', *, *, #7829, .T. ) ;
#6258 = VERTEX_POINT ( 'NONE', #2754 ) ;
#6259 = EDGE_CURVE ( 'NONE', #1103, #7173, #5432, .T. ) ;
#6260 = CARTESIAN_POINT ( 'NONE',  ( 3.149999999999998579, 49.99999999999999289, 39.69999999998340456 ) ) ;
#6261 = ORIENTED_EDGE ( 'NONE', *, *, #5592, .T. ) ;
#6262 = VECTOR ( 'NONE', #6963, 1000.000000000000000 ) ;
#6263 = CYLINDRICAL_SURFACE ( 'NONE', #2545, 1.000000000000000888 ) ;
#6264 = DIRECTION ( 'NONE',  ( -0.000000000000000000, -0.000000000000000000, -1.000000000000000000 ) ) ;
#6265 = VERTEX_POINT ( 'NONE', #5470 ) ;
#6266 = CARTESIAN_POINT ( 'NONE',  ( 3.150000000000003020, 16.66666666666667140, -39.69999999999049578 ) ) ;
#6267 = CARTESIAN_POINT ( 'NONE',  ( 6.850000000000012079, -49.99999999999999289, 39.69999999998333351 ) ) ;
#6268 = TOROIDAL_SURFACE ( 'NONE', #1247, 2.000000000000001776, 1.000000000000000000 ) ;
#6269 = EDGE_LOOP ( 'NONE', ( #2906, #3608, #206, #958 ) ) ;
#6270 = DIRECTION ( 'NONE',  ( -1.000000000000000000, -0.000000000000000000, -0.000000000000000000 ) ) ;
#6271 = CARTESIAN_POINT ( 'NONE',  ( 143.6861997365472519, -40.00000000000000000, 39.99999999999999289 ) ) ;
#6272 = DIRECTION ( 'NONE',  ( 0.000000000000000000, 0.000000000000000000, 1.000000000000000000 ) ) ;
#6273 = ORIENTED_EDGE ( 'NONE', *, *, #8617, .T. ) ;
#6274 = CIRCLE ( 'NONE', #8207, 1.849999999999999201 ) ;
#6275 = DIRECTION ( 'NONE',  ( 1.000000000000000000, -0.000000000000000000, -0.000000000000000000 ) ) ;
#6276 = DIRECTION ( 'NONE',  ( 0.000000000000000000, 0.000000000000000000, 1.000000000000000000 ) ) ;
#6277 = EDGE_CURVE ( 'NONE', #4358, #8252, #655, .T. ) ;
#6278 = LINE ( 'NONE', #8275, #1172 ) ;
#6279 = DIRECTION ( 'NONE',  ( 0.000000000000000000, 0.000000000000000000, -1.000000000000000000 ) ) ;
#6280 = DIRECTION ( 'NONE',  ( 0.000000000000000000, 1.000000000000000000, -0.000000000000000000 ) ) ;
#6281 = CIRCLE ( 'NONE', #6815, 1.850000000000001865 ) ;
#6282 = EDGE_LOOP ( 'NONE', ( #1856, #6719, #6590, #3401 ) ) ;
#6283 = AXIS2_PLACEMENT_3D ( 'NONE', #2573, #7659, #8313 ) ;
#6284 = ORIENTED_EDGE ( 'NONE', *, *, #1317, .F. ) ;
#6285 = LINE ( 'NONE', #288, #7315 ) ;
#6286 = PLANE ( 'NONE',  #6838 ) ;
#6287 = DIRECTION ( 'NONE',  ( -1.000000000000000000, -0.000000000000000000, -0.000000000000000000 ) ) ;
#6288 = ORIENTED_EDGE ( 'NONE', *, *, #25, .F. ) ;
#6289 = CIRCLE ( 'NONE', #1400, 1.849999999999999645 ) ;
#6290 = ADVANCED_FACE ( 'NONE', ( #8122 ), #2062, .F. ) ;
#6291 = ORIENTED_EDGE ( 'NONE', *, *, #4342, .F. ) ;
#6292 = VERTEX_POINT ( 'NONE', #2835 ) ;
#6293 = DIRECTION ( 'NONE',  ( 1.000000000000000000, 0.000000000000000000, 0.000000000000000000 ) ) ;
#6294 = EDGE_LOOP ( 'NONE', ( #5982, #2712, #5124, #7254 ) ) ;
#6295 = AXIS2_PLACEMENT_3D ( 'NONE', #4879, #902, #7536 ) ;
#6296 = CARTESIAN_POINT ( 'NONE',  ( 0.2262681015121824346, 43.81025811625325161, 36.52431660722137963 ) ) ;
#6297 = EDGE_CURVE ( 'NONE', #4542, #5345, #8172, .T. ) ;
#6298 = VERTEX_POINT ( 'NONE', #6862 ) ;
#6299 = EDGE_CURVE ( 'NONE', #2999, #6349, #4285, .T. ) ;
#6300 = ADVANCED_FACE ( 'NONE', ( #3763 ), #1513, .T. ) ;
#6301 = DIRECTION ( 'NONE',  ( 0.000000000000000000, 0.000000000000000000, 1.000000000000000000 ) ) ;
#6302 = DIRECTION ( 'NONE',  ( 0.000000000000000000, 0.000000000000000000, 1.000000000000000000 ) ) ;
#6303 = DIRECTION ( 'NONE',  ( 0.000000000000000000, -0.6666666666666669627, -0.7453559924999295649 ) ) ;
#6304 = ORIENTED_EDGE ( 'NONE', *, *, #2362, .T. ) ;
#6305 = ORIENTED_EDGE ( 'NONE', *, *, #5542, .T. ) ;
#6306 = ORIENTED_EDGE ( 'NONE', *, *, #4420, .F. ) ;
#6307 = DIRECTION ( 'NONE',  ( -1.000000000000000000, 0.000000000000000000, 0.000000000000000000 ) ) ;
#6308 = DIRECTION ( 'NONE',  ( -1.000000000000000000, -0.000000000000000000, -0.000000000000000000 ) ) ;
#6309 = ADVANCED_FACE ( 'NONE', ( #6314 ), #1660, .F. ) ;
#6310 = ORIENTED_EDGE ( 'NONE', *, *, #2693, .T. ) ;
#6311 = CARTESIAN_POINT ( 'NONE',  ( 6.000000000000005329, 20.66666666666666785, 33.00000000000000000 ) ) ;
#6312 = DIRECTION ( 'NONE',  ( 3.550421319187483497E-15, 0.5020516767994733787, 0.8648376228072165439 ) ) ;
#6313 = VERTEX_POINT ( 'NONE', #5789 ) ;
#6314 = FACE_OUTER_BOUND ( 'NONE', #975, .T. ) ;
#6315 = CARTESIAN_POINT ( 'NONE',  ( 1.000000000000000888, 11.66666666666667318, 34.00000000000000000 ) ) ;
#6316 = DIRECTION ( 'NONE',  ( 0.000000000000000000, 0.000000000000000000, -1.000000000000000000 ) ) ;
#6317 = CARTESIAN_POINT ( 'NONE',  ( 0.8074032449773838049, -40.00000000000000000, -39.99999999999999289 ) ) ;
#6318 = DIRECTION ( 'NONE',  ( 0.000000000000000000, 0.000000000000000000, 1.000000000000000000 ) ) ;
#6319 = ORIENTED_EDGE ( 'NONE', *, *, #5647, .T. ) ;
#6320 = CARTESIAN_POINT ( 'NONE',  ( 5.000000000000009770, -16.66666666666666430, -45.00000000000000000 ) ) ;
#6321 = LINE ( 'NONE', #8488, #3520 ) ;
#6322 = DIRECTION ( 'NONE',  ( 0.000000000000000000, -1.000000000000000000, 0.000000000000000000 ) ) ;
#6323 = CARTESIAN_POINT ( 'NONE',  ( 143.6861997365472519, -50.99999999999999289, 33.00000000000001421 ) ) ;
#6324 = ORIENTED_EDGE ( 'NONE', *, *, #6414, .F. ) ;
#6325 = AXIS2_PLACEMENT_3D ( 'NONE', #4999, #8211, #1674 ) ;
#6326 = SPHERICAL_SURFACE ( 'NONE', #2147, 1.000000000000000000 ) ;
#6327 = DIRECTION ( 'NONE',  ( -1.000000000000000000, 0.000000000000000000, 0.000000000000000000 ) ) ;
#6328 = ORIENTED_EDGE ( 'NONE', *, *, #6335, .F. ) ;
#6329 = VECTOR ( 'NONE', #471, 1000.000000000000000 ) ;
#6330 = VERTEX_POINT ( 'NONE', #8442 ) ;
#6331 = VERTEX_POINT ( 'NONE', #6487 ) ;
#6332 = DIRECTION ( 'NONE',  ( -1.000000000000000000, 0.000000000000000000, 0.000000000000000000 ) ) ;
#6333 = VERTEX_POINT ( 'NONE', #497 ) ;
#6334 = AXIS2_PLACEMENT_3D ( 'NONE', #4563, #2037, #3242 ) ;
#6335 = EDGE_CURVE ( 'NONE', #3612, #654, #249, .T. ) ;
#6336 = CARTESIAN_POINT ( 'NONE',  ( 143.6861997365472519, 40.00000000000000000, -39.99999999999999289 ) ) ;
#6337 = ORIENTED_EDGE ( 'NONE', *, *, #1441, .T. ) ;
#6338 = CIRCLE ( 'NONE', #6886, 1.000000000000000888 ) ;
#6339 = CARTESIAN_POINT ( 'NONE',  ( 5.000000000000000000, 49.99999999999999289, -39.50000000000000000 ) ) ;
#6340 = AXIS2_PLACEMENT_3D ( 'NONE', #1121, #325, #2343 ) ;
#6341 = DIRECTION ( 'NONE',  ( 0.000000000000000000, -2.478176394252584592E-16, 1.000000000000000000 ) ) ;
#6342 = DIRECTION ( 'NONE',  ( 0.000000000000000000, 0.000000000000000000, -1.000000000000000000 ) ) ;
#6343 = CARTESIAN_POINT ( 'NONE',  ( 6.000000000000005329, -20.66666666666666785, 33.99999999999999289 ) ) ;
#6344 = ORIENTED_EDGE ( 'NONE', *, *, #4621, .T. ) ;
#6345 = VERTEX_POINT ( 'NONE', #5051 ) ;
#6346 = CIRCLE ( 'NONE', #7595, 0.9999999999999988898 ) ;
#6347 = EDGE_CURVE ( 'NONE', #2119, #157, #5837, .T. ) ;
#6348 = VECTOR ( 'NONE', #1065, 1000.000000000000000 ) ;
#6349 = VERTEX_POINT ( 'NONE', #315 ) ;
#6350 = AXIS2_PLACEMENT_3D ( 'NONE', #2621, #5264, #7950 ) ;
#6351 = DIRECTION ( 'NONE',  ( 0.000000000000000000, 0.000000000000000000, 1.000000000000000000 ) ) ;
#6352 = DIRECTION ( 'NONE',  ( 0.000000000000000000, 0.000000000000000000, 1.000000000000000000 ) ) ;
#6353 = ORIENTED_EDGE ( 'NONE', *, *, #299, .F. ) ;
#6354 = CARTESIAN_POINT ( 'NONE',  ( 0.8074032449773766995, -40.00000000000000000, 39.99999999999999289 ) ) ;
#6355 = AXIS2_PLACEMENT_3D ( 'NONE', #7202, #6472, #8470 ) ;
#6356 = AXIS2_PLACEMENT_3D ( 'NONE', #6145, #2847, #3600 ) ;
#6357 = CARTESIAN_POINT ( 'NONE',  ( 5.000000000000000000, 49.99999999999999289, 39.50000000000000000 ) ) ;
#6358 = ORIENTED_EDGE ( 'NONE', *, *, #2763, .T. ) ;
#6359 = DIRECTION ( 'NONE',  ( -1.000000000000000000, 0.000000000000000000, 0.000000000000000000 ) ) ;
#6360 = EDGE_CURVE ( 'NONE', #3255, #6608, #1067, .T. ) ;
#6361 = DIRECTION ( 'NONE',  ( 0.000000000000000000, 1.000000000000000000, 0.000000000000000000 ) ) ;
#6362 = EDGE_CURVE ( 'NONE', #1321, #5341, #3043, .T. ) ;
#6363 = CIRCLE ( 'NONE', #2315, 1.849999999999999201 ) ;
#6364 = CARTESIAN_POINT ( 'NONE',  ( 6.000000000000002665, -22.66666666666666075, 40.99999999999998579 ) ) ;
#6365 = AXIS2_PLACEMENT_3D ( 'NONE', #4313, #2319, #7547 ) ;
#6366 = CARTESIAN_POINT ( 'NONE',  ( 1.000000000000000888, -21.66666666666666075, 33.99999999999999289 ) ) ;
#6367 = ORIENTED_EDGE ( 'NONE', *, *, #6774, .T. ) ;
#6368 = DIRECTION ( 'NONE',  ( 0.000000000000000000, -0.000000000000000000, 1.000000000000000000 ) ) ;
#6369 = CARTESIAN_POINT ( 'NONE',  ( 0.000000000000000000, 12.66666666666666785, 40.99999999999999289 ) ) ;
#6370 = DIRECTION ( 'NONE',  ( -0.000000000000000000, 1.000000000000000000, -0.000000000000000000 ) ) ;
#6371 = AXIS2_PLACEMENT_3D ( 'NONE', #6534, #3810, #7873 ) ;
#6372 = DIRECTION ( 'NONE',  ( -1.000000000000000000, -0.000000000000000000, -0.000000000000000000 ) ) ;
#6373 = DIRECTION ( 'NONE',  ( -1.000000000000000000, -0.000000000000000000, -0.000000000000000000 ) ) ;
#6374 = DIRECTION ( 'NONE',  ( 1.000000000000000000, 0.000000000000000000, 0.000000000000000000 ) ) ;
#6375 = ADVANCED_FACE ( 'NONE', ( #3637 ), #1722, .F. ) ;
#6376 = DIRECTION ( 'NONE',  ( -1.000000000000000000, 0.000000000000000000, 0.000000000000000000 ) ) ;
#6377 = EDGE_CURVE ( 'NONE', #8074, #2255, #2335, .T. ) ;
#6378 = DIRECTION ( 'NONE',  ( 0.000000000000000000, 0.000000000000000000, 1.000000000000000000 ) ) ;
#6379 = CARTESIAN_POINT ( 'NONE',  ( 143.6861997365472519, -45.00000000000000711, 35.52786404500041328 ) ) ;
#6380 = ORIENTED_EDGE ( 'NONE', *, *, #8212, .T. ) ;
#6381 = CARTESIAN_POINT ( 'NONE',  ( 143.6861997365472519, 12.66666666666667673, -33.00000000000000000 ) ) ;
#6382 = ORIENTED_EDGE ( 'NONE', *, *, #59, .F. ) ;
#6383 = ORIENTED_EDGE ( 'NONE', *, *, #2299, .F. ) ;
#6384 = CARTESIAN_POINT ( 'NONE',  ( 2.340000000000001634, -40.00000000000000000, 39.99999999999999289 ) ) ;
#6385 = ORIENTED_EDGE ( 'NONE', *, *, #666, .F. ) ;
#6386 = LINE ( 'NONE', #5721, #6430 ) ;
#6387 = LINE ( 'NONE', #392, #5177 ) ;
#6388 = VERTEX_POINT ( 'NONE', #94 ) ;
#6389 = AXIS2_PLACEMENT_3D ( 'NONE', #6154, #1397, #110 ) ;
#6390 = LINE ( 'NONE', #7775, #6898 ) ;
#6391 = DIRECTION ( 'NONE',  ( -0.000000000000000000, -2.478176394252584592E-16, -1.000000000000000000 ) ) ;
#6392 = ADVANCED_FACE ( 'NONE', ( #4769 ), #5434, .T. ) ;
#6393 = CARTESIAN_POINT ( 'NONE',  ( 6.000000000000005329, 21.66666666666666785, 34.00000000000000000 ) ) ;
#6394 = AXIS2_PLACEMENT_3D ( 'NONE', #1290, #6099, #6658 ) ;
#6395 = ORIENTED_EDGE ( 'NONE', *, *, #5008, .T. ) ;
#6396 = ORIENTED_EDGE ( 'NONE', *, *, #2548, .F. ) ;
#6397 = ORIENTED_EDGE ( 'NONE', *, *, #2706, .T. ) ;
#6398 = CARTESIAN_POINT ( 'NONE',  ( 5.000000000000000000, 49.99999999999999289, 39.69999999998340456 ) ) ;
#6399 = CIRCLE ( 'NONE', #5697, 3.000000000000002665 ) ;
#6400 = ORIENTED_EDGE ( 'NONE', *, *, #535, .T. ) ;
#6401 = CARTESIAN_POINT ( 'NONE',  ( 0.000000000000000000, 32.06274606680621986, 38.99999999999999289 ) ) ;
#6402 = EDGE_CURVE ( 'NONE', #3409, #6861, #7433, .T. ) ;
#6403 = CYLINDRICAL_SURFACE ( 'NONE', #4647, 1.850000000000001865 ) ;
#6404 = VERTEX_POINT ( 'NONE', #1454 ) ;
#6405 = DIRECTION ( 'NONE',  ( 0.000000000000000000, -0.1250000000000000278, 0.9921567416492215186 ) ) ;
#6406 = CIRCLE ( 'NONE', #2616, 1.999999999999994893 ) ;
#6407 = FACE_OUTER_BOUND ( 'NONE', #7410, .T. ) ;
#6408 = CARTESIAN_POINT ( 'NONE',  ( 6.000000000000005329, 20.66666666666667140, -34.00000000000000000 ) ) ;
#6409 = CARTESIAN_POINT ( 'NONE',  ( 0.9257962900746249391, -34.87320448729852984, -40.05419641778759399 ) ) ;
#6410 = VERTEX_POINT ( 'NONE', #6781 ) ;
#6411 = EDGE_CURVE ( 'NONE', #4196, #111, #2757, .T. ) ;
#6412 = CARTESIAN_POINT ( 'NONE',  ( 0.000000000000000000, 40.00000000000000000, 39.99999999999999289 ) ) ;
#6413 = VECTOR ( 'NONE', #4816, 1000.000000000000000 ) ;
#6414 = EDGE_CURVE ( 'NONE', #967, #6518, #843, .T. ) ;
#6415 = CARTESIAN_POINT ( 'NONE',  ( 7.000000000000000000, -10.66666666666666785, -40.99999999999998579 ) ) ;
#6416 = EDGE_CURVE ( 'NONE', #3345, #4411, #4240, .T. ) ;
#6417 = DIRECTION ( 'NONE',  ( -0.000000000000000000, 0.000000000000000000, 1.000000000000000000 ) ) ;
#6418 = CARTESIAN_POINT ( 'NONE',  ( 5.000000000000009770, -16.66666666666666430, 39.50000000000000000 ) ) ;
#6419 = CARTESIAN_POINT ( 'NONE',  ( 143.6861997365472519, 45.00000000000001421, 35.52786404500041328 ) ) ;
#6420 = LINE ( 'NONE', #4384, #324 ) ;
#6421 = VECTOR ( 'NONE', #5578, 1000.000000000000000 ) ;
#6422 = CARTESIAN_POINT ( 'NONE',  ( 6.850000000000012079, -49.99999999999999289, -39.50000000000000000 ) ) ;
#6423 = EDGE_CURVE ( 'NONE', #4283, #6769, #977, .T. ) ;
#6424 = ORIENTED_EDGE ( 'NONE', *, *, #2972, .F. ) ;
#6425 = EDGE_CURVE ( 'NONE', #352, #5216, #1097, .T. ) ;
#6426 = CARTESIAN_POINT ( 'NONE',  ( 0.8074032449777297504, -35.01350797831955219, -39.57905341192267912 ) ) ;
#6427 = EDGE_LOOP ( 'NONE', ( #3580, #4597, #244, #6028, #5159 ) ) ;
#6428 = EDGE_CURVE ( 'NONE', #5175, #3696, #5156, .T. ) ;
#6429 = VECTOR ( 'NONE', #5053, 1000.000000000000000 ) ;
#6430 = VECTOR ( 'NONE', #2403, 1000.000000000000000 ) ;
#6431 = EDGE_LOOP ( 'NONE', ( #739, #5334, #7024, #8380 ) ) ;
#6432 = ORIENTED_EDGE ( 'NONE', *, *, #7355, .T. ) ;
#6433 = CARTESIAN_POINT ( 'NONE',  ( -2.320015223508814777E-09, 43.24832900903597732, -36.75483367266637913 ) ) ;
#6434 = ORIENTED_EDGE ( 'NONE', *, *, #1806, .T. ) ;
#6435 = VECTOR ( 'NONE', #318, 1000.000000000000000 ) ;
#6436 = DIRECTION ( 'NONE',  ( 0.000000000000000000, -0.000000000000000000, 1.000000000000000000 ) ) ;
#6437 = DIRECTION ( 'NONE',  ( 0.000000000000000000, 0.000000000000000000, 1.000000000000000000 ) ) ;
#6438 = LINE ( 'NONE', #3751, #6233 ) ;
#6439 = AXIS2_PLACEMENT_3D ( 'NONE', #4706, #3388, #2775 ) ;
#6440 = ORIENTED_EDGE ( 'NONE', *, *, #6549, .F. ) ;
#6441 = ORIENTED_EDGE ( 'NONE', *, *, #3825, .T. ) ;
#6442 = EDGE_LOOP ( 'NONE', ( #8475, #3794, #5067, #7304 ) ) ;
#6443 = DIRECTION ( 'NONE',  ( -0.000000000000000000, -2.478176394252584592E-16, 1.000000000000000000 ) ) ;
#6444 = AXIS2_PLACEMENT_3D ( 'NONE', #2135, #6204, #2268 ) ;
#6445 = ORIENTED_EDGE ( 'NONE', *, *, #4710, .T. ) ;
#6446 = DIRECTION ( 'NONE',  ( 1.000000000000000000, 0.000000000000000000, 0.000000000000000000 ) ) ;
#6447 = LINE ( 'NONE', #8260, #5358 ) ;
#6448 = ORIENTED_EDGE ( 'NONE', *, *, #1535, .F. ) ;
#6449 = CARTESIAN_POINT ( 'NONE',  ( 6.000000000000005329, -40.00000000000000000, -39.99999999999999289 ) ) ;
#6450 = EDGE_CURVE ( 'NONE', #6687, #2870, #2491, .T. ) ;
#6451 = CARTESIAN_POINT ( 'NONE',  ( 2.999999999999999112, -56.50000000000000000, -9.999999999999996447 ) ) ;
#6452 = DIRECTION ( 'NONE',  ( 0.000000000000000000, 0.000000000000000000, 1.000000000000000000 ) ) ;
#6453 = VECTOR ( 'NONE', #4544, 1000.000000000000000 ) ;
#6454 = DIRECTION ( 'NONE',  ( -1.000000000000000000, 0.000000000000000000, 0.000000000000000000 ) ) ;
#6455 = DIRECTION ( 'NONE',  ( 1.000000000000000000, 0.000000000000000000, 0.000000000000000000 ) ) ;
#6456 = DIRECTION ( 'NONE',  ( 0.000000000000000000, 0.000000000000000000, 1.000000000000000000 ) ) ;
#6457 = FACE_OUTER_BOUND ( 'NONE', #355, .T. ) ;
#6458 = FACE_OUTER_BOUND ( 'NONE', #8504, .T. ) ;
#6459 = EDGE_LOOP ( 'NONE', ( #8206, #8324, #3716, #944 ) ) ;
#6460 = EDGE_CURVE ( 'NONE', #3661, #4104, #3591, .T. ) ;
#6461 = DIRECTION ( 'NONE',  ( -1.000000000000000000, -0.000000000000000000, -0.000000000000000000 ) ) ;
#6462 = CARTESIAN_POINT ( 'NONE',  ( 143.6861997365472519, -32.06274606680622696, -38.99999999999997868 ) ) ;
#6463 = ORIENTED_EDGE ( 'NONE', *, *, #5764, .T. ) ;
#6464 = DIRECTION ( 'NONE',  ( 0.000000000000000000, 1.000000000000000000, -0.000000000000000000 ) ) ;
#6465 = DIRECTION ( 'NONE',  ( 1.000000000000000000, -0.000000000000000000, -0.000000000000000000 ) ) ;
#6466 = EDGE_LOOP ( 'NONE', ( #2948, #2682, #2405, #782 ) ) ;
#6467 = ORIENTED_EDGE ( 'NONE', *, *, #8179, .F. ) ;
#6468 = EDGE_CURVE ( 'NONE', #645, #4182, #8056, .T. ) ;
#6469 = DIRECTION ( 'NONE',  ( -1.000000000000000000, 0.000000000000000000, 0.000000000000000000 ) ) ;
#6470 = ORIENTED_EDGE ( 'NONE', *, *, #7385, .F. ) ;
#6471 = EDGE_CURVE ( 'NONE', #5900, #6330, #7099, .T. ) ;
#6472 = DIRECTION ( 'NONE',  ( 1.000000000000000000, -0.000000000000000000, -0.000000000000000000 ) ) ;
#6473 = DIRECTION ( 'NONE',  ( 0.000000000000000000, -1.000000000000000000, 0.000000000000000000 ) ) ;
#6474 = AXIS2_PLACEMENT_3D ( 'NONE', #4825, #8180, #4919 ) ;
#6475 = PLANE ( 'NONE',  #2173 ) ;
#6476 = ORIENTED_EDGE ( 'NONE', *, *, #2658, .T. ) ;
#6477 = ORIENTED_EDGE ( 'NONE', *, *, #5779, .F. ) ;
#6478 = DIRECTION ( 'NONE',  ( -0.000000000000000000, -9.083130042379432208E-15, 1.000000000000000000 ) ) ;
#6479 = ORIENTED_EDGE ( 'NONE', *, *, #195, .F. ) ;
#6480 = CARTESIAN_POINT ( 'NONE',  ( 1.107728850398736121E-16, -43.82813170003377934, 37.46661590341332726 ) ) ;
#6481 = EDGE_LOOP ( 'NONE', ( #5559, #122, #5497, #3172 ) ) ;
#6482 = CARTESIAN_POINT ( 'NONE',  ( -1.328325421613920955E-09, -43.24601148656364558, -36.75245948064534218 ) ) ;
#6483 = PLANE ( 'NONE',  #3248 ) ;
#6484 = AXIS2_PLACEMENT_3D ( 'NONE', #841, #4147, #3545 ) ;
#6485 = ORIENTED_EDGE ( 'NONE', *, *, #8426, .F. ) ;
#6486 = VECTOR ( 'NONE', #2505, 1000.000000000000000 ) ;
#6487 = CARTESIAN_POINT ( 'NONE',  ( 0.000000000000000000, 46.00000000000002132, 35.52786404500040618 ) ) ;
#6488 = FACE_OUTER_BOUND ( 'NONE', #7339, .T. ) ;
#6489 = DIRECTION ( 'NONE',  ( -1.000000000000000000, -0.000000000000000000, -0.000000000000000000 ) ) ;
#6490 = LINE ( 'NONE', #2511, #3836 ) ;
#6491 = AXIS2_PLACEMENT_3D ( 'NONE', #5106, #7761, #8491 ) ;
#6492 = VECTOR ( 'NONE', #6140, 1000.000000000000000 ) ;
#6493 = CARTESIAN_POINT ( 'NONE',  ( 7.000000000000000000, -22.66666666666666075, -40.99999999999998579 ) ) ;
#6494 = DIRECTION ( 'NONE',  ( 0.000000000000000000, 1.000000000000000000, -0.000000000000000000 ) ) ;
#6495 = CARTESIAN_POINT ( 'NONE',  ( 0.000000000000000000, -20.66666666666666075, -34.00000000000000000 ) ) ;
#6496 = ADVANCED_FACE ( 'NONE', ( #8222 ), #4958, .F. ) ;
#6497 = FACE_OUTER_BOUND ( 'NONE', #6427, .T. ) ;
#6498 = EDGE_LOOP ( 'NONE', ( #8310, #3213, #3465, #3936 ) ) ;
#6499 = CIRCLE ( 'NONE', #2707, 1.000000000000000000 ) ;
#6500 = VERTEX_POINT ( 'NONE', #229 ) ;
#6501 = CARTESIAN_POINT ( 'NONE',  ( 0.000000000000000000, 40.00000000000000000, -39.99999999999999289 ) ) ;
#6502 = DIRECTION ( 'NONE',  ( 0.000000000000000000, 0.000000000000000000, 1.000000000000000000 ) ) ;
#6503 = AXIS2_PLACEMENT_3D ( 'NONE', #2384, #7063, #1075 ) ;
#6504 = AXIS2_PLACEMENT_3D ( 'NONE', #3644, #2253, #5483 ) ;
#6505 = DIRECTION ( 'NONE',  ( -1.000000000000000000, -0.000000000000000000, -0.000000000000000000 ) ) ;
#6506 = EDGE_CURVE ( 'NONE', #1074, #1391, #5569, .T. ) ;
#6507 = CARTESIAN_POINT ( 'NONE',  ( 3.150000000000013678, -49.99999999999999289, 39.50000000000000000 ) ) ;
#6508 = ORIENTED_EDGE ( 'NONE', *, *, #2450, .T. ) ;
#6509 = VECTOR ( 'NONE', #6648, 1000.000000000000000 ) ;
#6510 = DIRECTION ( 'NONE',  ( -1.000000000000000000, 0.000000000000000000, 0.000000000000000000 ) ) ;
#6511 = ORIENTED_EDGE ( 'NONE', *, *, #2900, .T. ) ;
#6512 = DIRECTION ( 'NONE',  ( -1.000000000000000000, -0.000000000000000000, -0.000000000000000000 ) ) ;
#6513 = EDGE_CURVE ( 'NONE', #1635, #2355, #5790, .T. ) ;
#6514 = ADVANCED_FACE ( 'NONE', ( #1845 ), #7792, .T. ) ;
#6515 = DIRECTION ( 'NONE',  ( 0.000000000000000000, -1.000000000000000000, 6.938893903907222067E-15 ) ) ;
#6516 = EDGE_CURVE ( 'NONE', #7333, #8591, #402, .T. ) ;
#6517 = DIRECTION ( 'NONE',  ( 1.000000000000000000, 0.000000000000000000, 0.000000000000000000 ) ) ;
#6518 = VERTEX_POINT ( 'NONE', #5182 ) ;
#6519 = ORIENTED_EDGE ( 'NONE', *, *, #6299, .F. ) ;
#6520 = DIRECTION ( 'NONE',  ( 0.000000000000000000, 0.000000000000000000, -1.000000000000000000 ) ) ;
#6521 = ORIENTED_EDGE ( 'NONE', *, *, #8357, .F. ) ;
#6522 = CIRCLE ( 'NONE', #1221, 2.249999999999995115 ) ;
#6523 = DIRECTION ( 'NONE',  ( -1.000000000000000000, 0.000000000000000000, 0.000000000000000000 ) ) ;
#6524 = CARTESIAN_POINT ( 'NONE',  ( 0.000000000000000000, -43.86443802271307391, 37.52326449361068939 ) ) ;
#6525 = ORIENTED_EDGE ( 'NONE', *, *, #5093, .F. ) ;
#6526 = CARTESIAN_POINT ( 'NONE',  ( 0.9510769892709218798, -43.71316530999204275, -36.48745415854861562 ) ) ;
#6527 = CARTESIAN_POINT ( 'NONE',  ( 6.000000000000005329, -46.00000000000000711, 32.00000000000000711 ) ) ;
#6528 = ADVANCED_FACE ( 'NONE', ( #6407 ), #4466, .T. ) ;
#6529 = ORIENTED_EDGE ( 'NONE', *, *, #1970, .T. ) ;
#6530 = CARTESIAN_POINT ( 'NONE',  ( 0.8074032449773838049, 35.03921629175388830, -39.37499999999999289 ) ) ;
#6531 = AXIS2_PLACEMENT_3D ( 'NONE', #8130, #6181, #4248 ) ;
#6532 = CARTESIAN_POINT ( 'NONE',  ( 0.000000000000000000, -40.00000000000000000, -44.58999999999999631 ) ) ;
#6533 = DIRECTION ( 'NONE',  ( 0.000000000000000000, 0.000000000000000000, 1.000000000000000000 ) ) ;
#6534 = CARTESIAN_POINT ( 'NONE',  ( 1.000000000000000000, 20.66666666666667496, -40.99999999999999289 ) ) ;
#6535 = CARTESIAN_POINT ( 'NONE',  ( 1.000000000000000888, -45.00000000000000711, -35.52786404500042039 ) ) ;
#6536 = CARTESIAN_POINT ( 'NONE',  ( 0.000000000000000000, -12.66666666666666785, 40.99999999999998579 ) ) ;
#6537 = AXIS2_PLACEMENT_3D ( 'NONE', #8567, #8608, #5228 ) ;
#6538 = CARTESIAN_POINT ( 'NONE',  ( 6.000000000000005329, 10.66666666666667140, 40.99999999999999289 ) ) ;
#6539 = CARTESIAN_POINT ( 'NONE',  ( 6.000000000000005329, -12.66666666666667318, -32.00000000000000711 ) ) ;
#6540 = CARTESIAN_POINT ( 'NONE',  ( 143.6861997365472519, -51.00000000000000711, -32.00000000000000000 ) ) ;
#6541 = ADVANCED_FACE ( 'NONE', ( #5052, #2509, #3104, #7005, #7100 ), #8484, .F. ) ;
#6542 = CARTESIAN_POINT ( 'NONE',  ( 0.000000000000000000, 35.52209655803508781, 41.00820670719789263 ) ) ;
#6543 = LINE ( 'NONE', #2991, #5626 ) ;
#6544 = AXIS2_PLACEMENT_3D ( 'NONE', #1363, #5382, #3967 ) ;
#6545 = ORIENTED_EDGE ( 'NONE', *, *, #5763, .T. ) ;
#6546 = CARTESIAN_POINT ( 'NONE',  ( 6.000000000000005329, -46.00000000000000711, -33.00000000000000000 ) ) ;
#6547 = DIRECTION ( 'NONE',  ( -2.891205793294675861E-16, -1.000000000000000000, 0.000000000000000000 ) ) ;
#6548 = ORIENTED_EDGE ( 'NONE', *, *, #3480, .F. ) ;
#6549 = EDGE_CURVE ( 'NONE', #5854, #774, #3598, .T. ) ;
#6550 = AXIS2_PLACEMENT_3D ( 'NONE', #2348, #5195, #5850 ) ;
#6551 = CARTESIAN_POINT ( 'NONE',  ( 6.000000000000005329, -22.66666666666666075, 40.99999999999998579 ) ) ;
#6552 = FACE_OUTER_BOUND ( 'NONE', #1543, .T. ) ;
#6553 = VERTEX_POINT ( 'NONE', #498 ) ;
#6554 = ORIENTED_EDGE ( 'NONE', *, *, #6460, .F. ) ;
#6555 = AXIS2_PLACEMENT_3D ( 'NONE', #846, #8269, #8126 ) ;
#6556 = VECTOR ( 'NONE', #7434, 1000.000000000000000 ) ;
#6557 = FACE_OUTER_BOUND ( 'NONE', #2397, .T. ) ;
#6558 = ORIENTED_EDGE ( 'NONE', *, *, #5033, .F. ) ;
#6559 = ADVANCED_FACE ( 'NONE', ( #6488 ), #1809, .F. ) ;
#6560 = EDGE_CURVE ( 'NONE', #2485, #5431, #2973, .T. ) ;
#6561 = CARTESIAN_POINT ( 'NONE',  ( 0.8782414818815759139, -43.56139952881970601, 36.42818859365580408 ) ) ;
#6562 = EDGE_LOOP ( 'NONE', ( #2058, #1882 ) ) ;
#6563 = CIRCLE ( 'NONE', #7676, 1.849999999999999201 ) ;
#6564 = FACE_OUTER_BOUND ( 'NONE', #7025, .T. ) ;
#6565 = EDGE_LOOP ( 'NONE', ( #5302, #1353, #5824, #3426 ) ) ;
#6566 = DIRECTION ( 'NONE',  ( 1.000000000000000000, 0.000000000000000000, -0.000000000000000000 ) ) ;
#6567 = CIRCLE ( 'NONE', #1825, 1.000000000000000000 ) ;
#6568 = FACE_OUTER_BOUND ( 'NONE', #1518, .T. ) ;
#6569 = EDGE_CURVE ( 'NONE', #6691, #7236, #8347, .T. ) ;
#6570 = DIRECTION ( 'NONE',  ( 6.452610915458838163E-15, 0.9977002243051340535, -0.06778098864346214503 ) ) ;
#6571 = FACE_OUTER_BOUND ( 'NONE', #1226, .T. ) ;
#6572 = DIRECTION ( 'NONE',  ( 0.000000000000000000, 0.000000000000000000, -1.000000000000000000 ) ) ;
#6573 = VERTEX_POINT ( 'NONE', #2379 ) ;
#6574 = DIRECTION ( 'NONE',  ( 0.000000000000000000, -1.000000000000000000, 0.000000000000000000 ) ) ;
#6575 = DIRECTION ( 'NONE',  ( 0.000000000000000000, 0.000000000000000000, -1.000000000000000000 ) ) ;
#6576 = CARTESIAN_POINT ( 'NONE',  ( -1.468900936037235987E-09, 35.40742382206499883, 39.73244334788760312 ) ) ;
#6577 = LINE ( 'NONE', #1421, #5338 ) ;
#6578 = EDGE_LOOP ( 'NONE', ( #1408, #6684, #2935, #1532 ) ) ;
#6579 = DIRECTION ( 'NONE',  ( -0.000000000000000000, -0.000000000000000000, -1.000000000000000000 ) ) ;
#6580 = CARTESIAN_POINT ( 'NONE',  ( 0.8074032423498794797, 43.37483906093162034, -36.31034388884691566 ) ) ;
#6581 = ORIENTED_EDGE ( 'NONE', *, *, #7915, .T. ) ;
#6582 = DIRECTION ( 'NONE',  ( 0.000000000000000000, 0.000000000000000000, 1.000000000000000000 ) ) ;
#6583 = VERTEX_POINT ( 'NONE', #1769 ) ;
#6584 = DIRECTION ( 'NONE',  ( 0.000000000000000000, 0.000000000000000000, 1.000000000000000000 ) ) ;
#6585 = ADVANCED_FACE ( 'NONE', ( #2470 ), #810, .F. ) ;
#6586 = ORIENTED_EDGE ( 'NONE', *, *, #2016, .F. ) ;
#6587 = ORIENTED_EDGE ( 'NONE', *, *, #5125, .T. ) ;
#6588 = AXIS2_PLACEMENT_3D ( 'NONE', #1744, #1785, #3038 ) ;
#6589 = LINE ( 'NONE', #3260, #6980 ) ;
#6590 = ORIENTED_EDGE ( 'NONE', *, *, #7385, .T. ) ;
#6591 = LINE ( 'NONE', #606, #6453 ) ;
#6592 = VECTOR ( 'NONE', #3004, 1000.000000000000000 ) ;
#6593 = CIRCLE ( 'NONE', #2814, 1.000000000000000000 ) ;
#6594 = DIRECTION ( 'NONE',  ( -1.000000000000000000, 0.000000000000000000, 0.000000000000000000 ) ) ;
#6595 = ORIENTED_EDGE ( 'NONE', *, *, #1598, .F. ) ;
#6596 = CARTESIAN_POINT ( 'NONE',  ( 1.000000000000000888, -12.66666666666667496, -34.00000000000000000 ) ) ;
#6597 = EDGE_CURVE ( 'NONE', #5243, #3068, #4000, .T. ) ;
#6598 = EDGE_CURVE ( 'NONE', #4929, #7789, #1070, .T. ) ;
#6599 = ORIENTED_EDGE ( 'NONE', *, *, #2030, .F. ) ;
#6600 = CARTESIAN_POINT ( 'NONE',  ( 7.500000000000000888, -55.50000000000000000, -9.999999999999996447 ) ) ;
#6601 = DIRECTION ( 'NONE',  ( -1.000000000000000000, 0.000000000000000000, 0.000000000000000000 ) ) ;
#6602 = ORIENTED_EDGE ( 'NONE', *, *, #7150, .T. ) ;
#6603 = DIRECTION ( 'NONE',  ( 0.000000000000000000, 0.000000000000000000, 1.000000000000000000 ) ) ;
#6604 = AXIS2_PLACEMENT_3D ( 'NONE', #4957, #1500, #6136 ) ;
#6605 = FACE_OUTER_BOUND ( 'NONE', #2149, .T. ) ;
#6606 = ADVANCED_FACE ( 'NONE', ( #409 ), #2203, .F. ) ;
#6607 = DIRECTION ( 'NONE',  ( -2.891205793294675861E-16, -1.000000000000000000, -0.000000000000000000 ) ) ;
#6608 = VERTEX_POINT ( 'NONE', #3018 ) ;
#6609 = ADVANCED_FACE ( 'NONE', ( #5698 ), #5741, .T. ) ;
#6610 = LINE ( 'NONE', #2243, #8423 ) ;
#6611 = AXIS2_PLACEMENT_3D ( 'NONE', #7801, #6373, #1779 ) ;
#6612 = CARTESIAN_POINT ( 'NONE',  ( 6.000000000000005329, 11.66666666666667318, -40.99999999999999289 ) ) ;
#6613 = VECTOR ( 'NONE', #6766, 1000.000000000000114 ) ;
#6614 = LINE ( 'NONE', #5965, #7219 ) ;
#6615 = DIRECTION ( 'NONE',  ( 0.000000000000000000, 0.000000000000000000, 1.000000000000000000 ) ) ;
#6616 = ORIENTED_EDGE ( 'NONE', *, *, #6159, .T. ) ;
#6617 = AXIS2_PLACEMENT_3D ( 'NONE', #5861, #8506, #4353 ) ;
#6618 = TOROIDAL_SURFACE ( 'NONE', #4962, 2.000000000000009770, 1.000000000000000000 ) ;
#6619 = ADVANCED_FACE ( 'NONE', ( #3063 ), #5993, .F. ) ;
#6620 = ORIENTED_EDGE ( 'NONE', *, *, #2229, .T. ) ;
#6621 = DIRECTION ( 'NONE',  ( -1.000000000000000000, -0.000000000000000000, -0.000000000000000000 ) ) ;
#6622 = CARTESIAN_POINT ( 'NONE',  ( 1.000000000000000888, -50.99999999999999289, 32.00000000000001421 ) ) ;
#6623 = CARTESIAN_POINT ( 'NONE',  ( 7.500000000000000888, -55.00000000000000000, -19.99999999999999645 ) ) ;
#6624 = ORIENTED_EDGE ( 'NONE', *, *, #7194, .T. ) ;
#6625 = CIRCLE ( 'NONE', #4808, 1.999999999999988010 ) ;
#6626 = VECTOR ( 'NONE', #903, 1000.000000000000000 ) ;
#6627 = DIRECTION ( 'NONE',  ( 0.000000000000000000, 0.000000000000000000, 1.000000000000000000 ) ) ;
#6628 = ORIENTED_EDGE ( 'NONE', *, *, #3025, .T. ) ;
#6629 = DIRECTION ( 'NONE',  ( 0.000000000000000000, 1.000000000000000000, -0.000000000000000000 ) ) ;
#6630 = VECTOR ( 'NONE', #7346, 1000.000000000000000 ) ;
#6631 = VERTEX_POINT ( 'NONE', #5876 ) ;
#6632 = ORIENTED_EDGE ( 'NONE', *, *, #4710, .F. ) ;
#6633 = CIRCLE ( 'NONE', #2461, 1.000000000000000000 ) ;
#6634 = DIRECTION ( 'NONE',  ( 0.000000000000000000, 0.000000000000000000, 1.000000000000000000 ) ) ;
#6635 = VERTEX_POINT ( 'NONE', #3890 ) ;
#6636 = CIRCLE ( 'NONE', #3016, 1.000000000000000888 ) ;
#6637 = ADVANCED_FACE ( 'NONE', ( #7948, #4673, #3856, #8034, #614 ), #4552, .F. ) ;
#6638 = DIRECTION ( 'NONE',  ( -0.02829055873697626511, 3.464594220332816974E-18, 0.9995997420399574951 ) ) ;
#6639 = ORIENTED_EDGE ( 'NONE', *, *, #6022, .F. ) ;
#6640 = DIRECTION ( 'NONE',  ( 0.000000000000000000, 0.000000000000000000, -1.000000000000000000 ) ) ;
#6641 = CARTESIAN_POINT ( 'NONE',  ( 143.6861997365472519, 11.66666666666667318, 34.00000000000000000 ) ) ;
#6642 = ORIENTED_EDGE ( 'NONE', *, *, #5907, .T. ) ;
#6643 = AXIS2_PLACEMENT_3D ( 'NONE', #952, #4306, #6332 ) ;
#6644 = DIRECTION ( 'NONE',  ( 0.000000000000000000, 0.000000000000000000, -1.000000000000000000 ) ) ;
#6645 = CARTESIAN_POINT ( 'NONE',  ( 143.6861997365472519, -44.00000000000000711, 35.52786404500041328 ) ) ;
#6646 = EDGE_CURVE ( 'NONE', #7544, #4277, #7986, .T. ) ;
#6647 = ORIENTED_EDGE ( 'NONE', *, *, #6347, .T. ) ;
#6648 = DIRECTION ( 'NONE',  ( 0.000000000000000000, 1.000000000000000000, 0.000000000000000000 ) ) ;
#6649 = DIRECTION ( 'NONE',  ( 0.000000000000000000, 0.000000000000000000, -1.000000000000000000 ) ) ;
#6650 = CARTESIAN_POINT ( 'NONE',  ( 1.000000000000005329, -34.76101678260931038, 40.32742105892960183 ) ) ;
#6651 = EDGE_LOOP ( 'NONE', ( #1010, #8016, #2412, #1831 ) ) ;
#6652 = LINE ( 'NONE', #1251, #4646 ) ;
#6653 = CIRCLE ( 'NONE', #2876, 1.000000000000000888 ) ;
#6654 = CARTESIAN_POINT ( 'NONE',  ( 0.8074032449773838049, -40.00000000000000000, 39.99999999999999289 ) ) ;
#6655 = ADVANCED_FACE ( 'NONE', ( #5335 ), #698, .F. ) ;
#6656 = EDGE_CURVE ( 'NONE', #7896, #5163, #4293, .T. ) ;
#6657 = EDGE_CURVE ( 'NONE', #1087, #3948, #5299, .T. ) ;
#6658 = DIRECTION ( 'NONE',  ( 0.000000000000000000, 0.000000000000000000, 1.000000000000000000 ) ) ;
#6659 = AXIS2_PLACEMENT_3D ( 'NONE', #7376, #5550, #1484 ) ;
#6660 = CARTESIAN_POINT ( 'NONE',  ( 6.000000000000005329, -12.66666666666666607, 33.99999999999999289 ) ) ;
#6661 = CYLINDRICAL_SURFACE ( 'NONE', #4982, 1.849999999999999201 ) ;
#6662 = ORIENTED_EDGE ( 'NONE', *, *, #5702, .T. ) ;
#6663 = LINE ( 'NONE', #3950, #1395 ) ;
#6664 = AXIS2_PLACEMENT_3D ( 'NONE', #3928, #2620, #4007 ) ;
#6665 = CARTESIAN_POINT ( 'NONE',  ( 0.2996024619727420402, 43.33333333332682713, -36.27322003749451795 ) ) ;
#6666 = EDGE_LOOP ( 'NONE', ( #8534, #1202, #5137, #8290 ) ) ;
#6667 = ADVANCED_FACE ( 'NONE', ( #1932 ), #2661, .T. ) ;
#6668 = EDGE_CURVE ( 'NONE', #5745, #5118, #8520, .T. ) ;
#6669 = CARTESIAN_POINT ( 'NONE',  ( 0.000000000000000000, 40.00000000000000000, -39.99999999999999289 ) ) ;
#6670 = ORIENTED_EDGE ( 'NONE', *, *, #2594, .F. ) ;
#6671 = CARTESIAN_POINT ( 'NONE',  ( 7.000000000000002665, -40.00000000000000000, -33.99999999999998579 ) ) ;
#6672 = ORIENTED_EDGE ( 'NONE', *, *, #5030, .T. ) ;
#6673 = VERTEX_POINT ( 'NONE', #6600 ) ;
#6674 = DIRECTION ( 'NONE',  ( 0.000000000000000000, -1.000000000000000000, 0.000000000000000000 ) ) ;
#6675 = ORIENTED_EDGE ( 'NONE', *, *, #5245, .T. ) ;
#6676 = AXIS2_PLACEMENT_3D ( 'NONE', #807, #5620, #8278 ) ;
#6677 = FACE_OUTER_BOUND ( 'NONE', #3795, .T. ) ;
#6678 = EDGE_LOOP ( 'NONE', ( #4210, #4310, #2807, #1563 ) ) ;
#6679 = CARTESIAN_POINT ( 'NONE',  ( 7.000000000000000000, 22.66666666666666785, 40.99999999999999289 ) ) ;
#6680 = CARTESIAN_POINT ( 'NONE',  ( 6.000000000000005329, -12.66666666666667496, -34.00000000000000000 ) ) ;
#6681 = AXIS2_PLACEMENT_3D ( 'NONE', #5931, #2723, #7233 ) ;
#6682 = EDGE_LOOP ( 'NONE', ( #4751, #1844, #6670 ) ) ;
#6683 = DIRECTION ( 'NONE',  ( 1.000000000000000000, -0.000000000000000000, -0.000000000000000000 ) ) ;
#6684 = ORIENTED_EDGE ( 'NONE', *, *, #201, .T. ) ;
#6685 = DIRECTION ( 'NONE',  ( 1.000000000000000000, -0.000000000000000000, -0.000000000000000000 ) ) ;
#6686 = TOROIDAL_SURFACE ( 'NONE', #8232, 1.999999999999999112, 1.000000000000000000 ) ;
#6687 = VERTEX_POINT ( 'NONE', #6530 ) ;
#6688 = CARTESIAN_POINT ( 'NONE',  ( 0.9257962900745752011, -34.87320448729857247, 40.05419641778748030 ) ) ;
#6689 = DIRECTION ( 'NONE',  ( 1.000000000000000000, 0.000000000000000000, -0.000000000000000000 ) ) ;
#6690 = DIRECTION ( 'NONE',  ( -1.000000000000000000, 0.000000000000000000, 0.000000000000000000 ) ) ;
#6691 = VERTEX_POINT ( 'NONE', #5910 ) ;
#6692 = CARTESIAN_POINT ( 'NONE',  ( -1.469527379067563036E-09, 35.40742382206585148, -39.73244334788768839 ) ) ;
#6693 = AXIS2_PLACEMENT_3D ( 'NONE', #4742, #7235, #5932 ) ;
#6694 = EDGE_CURVE ( 'NONE', #4884, #6635, #1280, .T. ) ;
#6695 = CARTESIAN_POINT ( 'NONE',  ( 143.6861997365472519, 35.03921629175388830, 39.37499999999999289 ) ) ;
#6696 = LINE ( 'NONE', #5476, #6492 ) ;
#6697 = VERTEX_POINT ( 'NONE', #8601 ) ;
#6698 = CARTESIAN_POINT ( 'NONE',  ( 143.6861997365472519, -10.66666666666666785, -41.99999999999998579 ) ) ;
#6699 = CARTESIAN_POINT ( 'NONE',  ( 0.000000000000000000, -40.00000000000000000, -39.99999999999999289 ) ) ;
#6700 = CARTESIAN_POINT ( 'NONE',  ( 1.000000000000000888, -51.00000000000000711, -33.00000000000000000 ) ) ;
#6701 = DIRECTION ( 'NONE',  ( -1.000000000000000000, 0.000000000000000000, 0.000000000000000000 ) ) ;
#6702 = ADVANCED_FACE ( 'NONE', ( #7341 ), #542, .T. ) ;
#6703 = EDGE_CURVE ( 'NONE', #2218, #994, #2209, .T. ) ;
#6704 = DIRECTION ( 'NONE',  ( -1.000000000000000000, 0.000000000000000000, 0.000000000000000000 ) ) ;
#6705 = DIRECTION ( 'NONE',  ( -1.000000000000000000, -0.000000000000000000, -0.000000000000000000 ) ) ;
#6706 = DIRECTION ( 'NONE',  ( 0.000000000000000000, 0.000000000000000000, -1.000000000000000000 ) ) ;
#6707 = DIRECTION ( 'NONE',  ( 0.000000000000000000, 0.000000000000000000, 1.000000000000000000 ) ) ;
#6708 = ORIENTED_EDGE ( 'NONE', *, *, #3113, .T. ) ;
#6709 = ORIENTED_EDGE ( 'NONE', *, *, #5742, .F. ) ;
#6710 = EDGE_CURVE ( 'NONE', #4833, #8516, #3881, .T. ) ;
#6711 = EDGE_LOOP ( 'NONE', ( #4628, #4080, #4442, #4539 ) ) ;
#6712 = ORIENTED_EDGE ( 'NONE', *, *, #7295, .T. ) ;
#6713 = EDGE_CURVE ( 'NONE', #3834, #2207, #7925, .T. ) ;
#6714 = DIRECTION ( 'NONE',  ( -1.000000000000000000, 0.000000000000000000, 0.000000000000000000 ) ) ;
#6715 = ORIENTED_EDGE ( 'NONE', *, *, #1275, .F. ) ;
#6716 = DIRECTION ( 'NONE',  ( -1.000000000000000000, 0.000000000000000000, 0.000000000000000000 ) ) ;
#6717 = DIRECTION ( 'NONE',  ( 0.000000000000000000, 0.000000000000000000, 1.000000000000000000 ) ) ;
#6718 = CARTESIAN_POINT ( 'NONE',  ( 7.372574772901423840E-15, -43.93221901135654406, -36.52556426930554778 ) ) ;
#6719 = ORIENTED_EDGE ( 'NONE', *, *, #2302, .T. ) ;
#6720 = ORIENTED_EDGE ( 'NONE', *, *, #7056, .T. ) ;
#6721 = EDGE_CURVE ( 'NONE', #3628, #8059, #7869, .T. ) ;
#6722 = PLANE ( 'NONE',  #547 ) ;
#6723 = ORIENTED_EDGE ( 'NONE', *, *, #1698, .T. ) ;
#6724 = DIRECTION ( 'NONE',  ( -1.000000000000000000, -0.000000000000000000, -0.000000000000000000 ) ) ;
#6725 = CIRCLE ( 'NONE', #4771, 0.9999999999999940048 ) ;
#6726 = EDGE_LOOP ( 'NONE', ( #4842, #7729, #7955, #4881 ) ) ;
#6727 = DIRECTION ( 'NONE',  ( 0.000000000000000000, -0.1250000000000000278, -0.9921567416492215186 ) ) ;
#6728 = DIRECTION ( 'NONE',  ( 0.000000000000000000, -0.06778098864346907004, 0.9977002243051337205 ) ) ;
#6729 = DIRECTION ( 'NONE',  ( 0.000000000000000000, 0.000000000000000000, 1.000000000000000000 ) ) ;
#6730 = ORIENTED_EDGE ( 'NONE', *, *, #6506, .F. ) ;
#6731 = VECTOR ( 'NONE', #6830, 1000.000000000000000 ) ;
#6732 = LINE ( 'NONE', #3451, #5845 ) ;
#6733 = CARTESIAN_POINT ( 'NONE',  ( 0.000000000000000000, 35.52209655803509492, -41.00820670719789263 ) ) ;
#6734 = DIRECTION ( 'NONE',  ( 0.000000000000000000, 0.000000000000000000, 1.000000000000000000 ) ) ;
#6735 = DIRECTION ( 'NONE',  ( -1.000000000000000000, 0.000000000000000000, 0.000000000000000000 ) ) ;
#6736 = ORIENTED_EDGE ( 'NONE', *, *, #6168, .T. ) ;
#6737 = CIRCLE ( 'NONE', #6484, 2.249999999999995115 ) ;
#6738 = CIRCLE ( 'NONE', #2818, 1.850000000000000977 ) ;
#6739 = CARTESIAN_POINT ( 'NONE',  ( 6.000000000000002665, 51.00000000000000000, -32.00000000000001421 ) ) ;
#6740 = ADVANCED_FACE ( 'NONE', ( #123 ), #6722, .T. ) ;
#6741 = FACE_OUTER_BOUND ( 'NONE', #2871, .T. ) ;
#6742 = DIRECTION ( 'NONE',  ( 1.000000000000000000, -0.000000000000000000, -0.000000000000000000 ) ) ;
#6743 = VECTOR ( 'NONE', #8085, 1000.000000000000000 ) ;
#6744 = VERTEX_POINT ( 'NONE', #167 ) ;
#6745 = AXIS2_PLACEMENT_3D ( 'NONE', #4368, #5785, #4415 ) ;
#6746 = CARTESIAN_POINT ( 'NONE',  ( 0.000000000000000000, 40.00000000000000000, 39.99999999999999289 ) ) ;
#6747 = CARTESIAN_POINT ( 'NONE',  ( 1.000000000000000888, 22.66666666666666785, 43.00000000000000000 ) ) ;
#6748 = DIRECTION ( 'NONE',  ( 0.000000000000000000, 0.000000000000000000, -1.000000000000000000 ) ) ;
#6749 = ORIENTED_EDGE ( 'NONE', *, *, #3621, .T. ) ;
#6750 = TOROIDAL_SURFACE ( 'NONE', #4798, 1.999999999999990452, 1.000000000000000000 ) ;
#6751 = EDGE_CURVE ( 'NONE', #5780, #4744, #1381, .T. ) ;
#6752 = VECTOR ( 'NONE', #2586, 1000.000000000000000 ) ;
#6753 = CARTESIAN_POINT ( 'NONE',  ( 2.340000000000001634, 40.00000000000000000, 39.99999999999999289 ) ) ;
#6754 = VERTEX_POINT ( 'NONE', #7554 ) ;
#6755 = EDGE_LOOP ( 'NONE', ( #4728, #6068, #121, #8641 ) ) ;
#6756 = AXIS2_PLACEMENT_3D ( 'NONE', #2451, #2530, #1791 ) ;
#6757 = AXIS2_PLACEMENT_3D ( 'NONE', #8340, #3048, #914 ) ;
#6758 = CARTESIAN_POINT ( 'NONE',  ( 0.000000000000000000, -10.66666666666666785, 42.99999999999999289 ) ) ;
#6759 = ORIENTED_EDGE ( 'NONE', *, *, #2922, .T. ) ;
#6760 = EDGE_CURVE ( 'NONE', #3781, #6258, #108, .T. ) ;
#6761 = DIRECTION ( 'NONE',  ( 0.000000000000000000, 0.000000000000000000, -1.000000000000000000 ) ) ;
#6762 = ADVANCED_FACE ( 'NONE', ( #2742 ), #8163, .F. ) ;
#6763 = CARTESIAN_POINT ( 'NONE',  ( 1.000000000000000888, 20.66666666666667496, -40.99999999999999289 ) ) ;
#6764 = AXIS2_PLACEMENT_3D ( 'NONE', #1596, #3729, #2937 ) ;
#6765 = CIRCLE ( 'NONE', #2997, 1.000000000000000888 ) ;
#6766 = DIRECTION ( 'NONE',  ( -0.02829055873697620960, 3.464594220332810426E-18, 0.9995997420399574951 ) ) ;
#6767 = CARTESIAN_POINT ( 'NONE',  ( 0.9999999612669131510, -43.87639314251087086, -36.52177161446789455 ) ) ;
#6768 = ORIENTED_EDGE ( 'NONE', *, *, #3300, .F. ) ;
#6769 = VERTEX_POINT ( 'NONE', #6770 ) ;
#6770 = CARTESIAN_POINT ( 'NONE',  ( 3.000000000000002665, -57.00000000000000000, -19.99999999999999645 ) ) ;
#6771 = ORIENTED_EDGE ( 'NONE', *, *, #1689, .F. ) ;
#6772 = CIRCLE ( 'NONE', #5674, 0.9999999999999940048 ) ;
#6773 = CARTESIAN_POINT ( 'NONE',  ( 6.000000000000005329, 10.66666666666667140, -40.99999999999999289 ) ) ;
#6774 = EDGE_CURVE ( 'NONE', #8160, #8301, #2276, .T. ) ;
#6775 = EDGE_LOOP ( 'NONE', ( #3457, #4024, #6586, #4502 ) ) ;
#6776 = LINE ( 'NONE', #5426, #6509 ) ;
#6777 = DIRECTION ( 'NONE',  ( 0.000000000000000000, 0.000000000000000000, 1.000000000000000000 ) ) ;
#6778 = LINE ( 'NONE', #88, #3931 ) ;
#6779 = VECTOR ( 'NONE', #2098, 1000.000000000000000 ) ;
#6780 = VERTEX_POINT ( 'NONE', #3582 ) ;
#6781 = CARTESIAN_POINT ( 'NONE',  ( 0.000000000000000000, 43.06000000000000227, -36.57881599442531240 ) ) ;
#6782 = CARTESIAN_POINT ( 'NONE',  ( 3.150000000000010125, -16.66666666666666430, 39.69999999998334772 ) ) ;
#6783 = CARTESIAN_POINT ( 'NONE',  ( 6.000000000000005329, -50.99999999999999289, 32.00000000000001421 ) ) ;
#6784 = ORIENTED_EDGE ( 'NONE', *, *, #2488, .T. ) ;
#6785 = VECTOR ( 'NONE', #549, 1000.000000000000000 ) ;
#6786 = DIRECTION ( 'NONE',  ( 0.000000000000000000, 0.000000000000000000, 1.000000000000000000 ) ) ;
#6787 = DIRECTION ( 'NONE',  ( -0.000000000000000000, 2.230358754827328253E-15, -1.000000000000000000 ) ) ;
#6788 = DIRECTION ( 'NONE',  ( -1.000000000000000000, 0.000000000000000000, 0.000000000000000000 ) ) ;
#6789 = DIRECTION ( 'NONE',  ( -1.000000000000000000, 0.000000000000000000, 0.000000000000000000 ) ) ;
#6790 = LINE ( 'NONE', #859, #3253 ) ;
#6791 = EDGE_CURVE ( 'NONE', #2902, #2255, #814, .T. ) ;
#6792 = DIRECTION ( 'NONE',  ( 1.000000000000000000, 0.000000000000000000, -0.000000000000000000 ) ) ;
#6793 = CARTESIAN_POINT ( 'NONE',  ( 1.000000000000000888, 22.66666666666666785, 40.99999999999999289 ) ) ;
#6794 = ORIENTED_EDGE ( 'NONE', *, *, #3205, .T. ) ;
#6795 = CIRCLE ( 'NONE', #7907, 0.5000000000000004441 ) ;
#6796 =( BOUNDED_SURFACE ( )  B_SPLINE_SURFACE ( 3, 2, ( 
 ( #3102, #2465, #3223 ),
 ( #7787, #4460, #2577 ),
 ( #6482, #1199, #1152 ),
 ( #3802, #4503, #5258 ),
 ( #493, #3149, #5834 ),
 ( #8481, #7903, #3852 ),
 ( #2504, #5176, #6526 ),
 ( #4584, #7417, #4004 ),
 ( #1438, #4093, #6767 ),
 ( #6122, #6718, #5418 ) ),
 .UNSPECIFIED., .F., .F., .F. ) 
 B_SPLINE_SURFACE_WITH_KNOTS ( ( 4, 2, 2, 2, 4 ),
 ( 3, 3 ),
 ( 0.002968709819793264454, 0.003303049194920825750, 0.003637388570048387046, 0.003971727945175948342, 0.004306067320303509638 ),
 ( 0.000000000000000000, 1.000000000000000000 ),
 .UNSPECIFIED. ) 
 GEOMETRIC_REPRESENTATION_ITEM ( )  RATIONAL_B_SPLINE_SURFACE ( (
 ( 1.000000000000000000, 0.8916277250063479043, 1.000000000000000000),
 ( 1.000000000000000000, 0.8916512620792146349, 1.000000000000000000),
 ( 1.000000000000000000, 0.8859281031688357455, 1.000000000000000000),
 ( 1.000000000000000000, 0.8644105303437668031, 1.000000000000000000),
 ( 1.000000000000000000, 0.8490010530078482276, 1.000000000000000000),
 ( 1.000000000000000000, 0.8125869578864814979, 1.000000000000000000),
 ( 1.000000000000000000, 0.7915330024642520668, 1.000000000000000000),
 ( 1.000000000000000000, 0.7479809182718669680, 1.000000000000000000),
 ( 1.000000000000000000, 0.7260408153295627720, 1.000000000000000000),
 ( 1.000000000000000000, 0.7071067811865497932, 1.000000000000000000) ) ) 
 REPRESENTATION_ITEM ( '' )  SURFACE ( )  );
#6797 = VERTEX_POINT ( 'NONE', #4899 ) ;
#6798 = CARTESIAN_POINT ( 'NONE',  ( 0.8074032449773766995, 40.00000000000000000, 39.99999999999999289 ) ) ;
#6799 = AXIS2_PLACEMENT_3D ( 'NONE', #749, #930, #3410 ) ;
#6800 = ORIENTED_EDGE ( 'NONE', *, *, #5416, .F. ) ;
#6801 = EDGE_CURVE ( 'NONE', #31, #4929, #2501, .T. ) ;
#6802 = CARTESIAN_POINT ( 'NONE',  ( 0.05264995416098206676, 43.94819340868825464, 36.52664961252049380 ) ) ;
#6803 = VERTEX_POINT ( 'NONE', #6260 ) ;
#6804 = AXIS2_PLACEMENT_3D ( 'NONE', #2197, #4866, #7522 ) ;
#6805 = DIRECTION ( 'NONE',  ( 0.000000000000000000, 1.000000000000000000, -0.000000000000000000 ) ) ;
#6806 = DIRECTION ( 'NONE',  ( 0.000000000000000000, 0.000000000000000000, 1.000000000000000000 ) ) ;
#6807 = DIRECTION ( 'NONE',  ( 0.000000000000000000, 0.000000000000000000, 1.000000000000000000 ) ) ;
#6808 = ORIENTED_EDGE ( 'NONE', *, *, #7782, .F. ) ;
#6809 = ORIENTED_EDGE ( 'NONE', *, *, #6824, .T. ) ;
#6810 = ADVANCED_FACE ( 'NONE', ( #1490 ), #1462, .F. ) ;
#6811 = VECTOR ( 'NONE', #1975, 1000.000000000000000 ) ;
#6812 = ADVANCED_FACE ( 'NONE', ( #4779 ), #6268, .T. ) ;
#6813 = ORIENTED_EDGE ( 'NONE', *, *, #827, .T. ) ;
#6814 = DIRECTION ( 'NONE',  ( 0.000000000000000000, 0.000000000000000000, -1.000000000000000000 ) ) ;
#6815 = AXIS2_PLACEMENT_3D ( 'NONE', #1726, #4374, #3107 ) ;
#6816 = EDGE_LOOP ( 'NONE', ( #353, #4852, #937, #1717 ) ) ;
#6817 = CARTESIAN_POINT ( 'NONE',  ( 1.000000000000000888, 22.66666666666666785, 41.99999999999999289 ) ) ;
#6818 = AXIS2_PLACEMENT_3D ( 'NONE', #2388, #7068, #1079 ) ;
#6819 = CARTESIAN_POINT ( 'NONE',  ( 7.500000000000000888, -57.00000000000000000, 9.999999999999996447 ) ) ;
#6820 = ORIENTED_EDGE ( 'NONE', *, *, #4009, .T. ) ;
#6821 = CARTESIAN_POINT ( 'NONE',  ( 6.000000000000005329, -52.00000000000000711, -32.00000000000000000 ) ) ;
#6822 = EDGE_CURVE ( 'NONE', #878, #7789, #2896, .T. ) ;
#6823 = DIRECTION ( 'NONE',  ( 0.000000000000000000, 0.000000000000000000, 1.000000000000000000 ) ) ;
#6824 = EDGE_CURVE ( 'NONE', #5170, #8238, #8616, .T. ) ;
#6825 = AXIS2_PLACEMENT_3D ( 'NONE', #4913, #2791, #7523 ) ;
#6826 = SPHERICAL_SURFACE ( 'NONE', #7929, 1.000000000000000000 ) ;
#6827 = FACE_OUTER_BOUND ( 'NONE', #7630, .T. ) ;
#6828 = DIRECTION ( 'NONE',  ( 0.000000000000000000, 0.000000000000000000, 1.000000000000000000 ) ) ;
#6829 = DIRECTION ( 'NONE',  ( 0.000000000000000000, -1.000000000000000000, 0.000000000000000000 ) ) ;
#6830 = DIRECTION ( 'NONE',  ( -1.000000000000000000, -0.000000000000000000, -0.000000000000000000 ) ) ;
#6831 = DIRECTION ( 'NONE',  ( -1.000000000000000000, 0.000000000000000000, 0.000000000000000000 ) ) ;
#6832 = AXIS2_PLACEMENT_3D ( 'NONE', #8065, #3959, #5412 ) ;
#6833 = AXIS2_PLACEMENT_3D ( 'NONE', #5829, #532, #5869 ) ;
#6834 = DIRECTION ( 'NONE',  ( -1.000000000000000000, -0.000000000000000000, -0.000000000000000000 ) ) ;
#6835 = DIRECTION ( 'NONE',  ( 6.116996267852357527E-12, 0.7453559924962093186, -0.6666666666708265243 ) ) ;
#6836 = DIRECTION ( 'NONE',  ( 0.000000000000000000, 0.000000000000000000, 1.000000000000000000 ) ) ;
#6837 = EDGE_LOOP ( 'NONE', ( #8422, #908, #3082, #4051 ) ) ;
#6838 = AXIS2_PLACEMENT_3D ( 'NONE', #289, #6836, #8282 ) ;
#6839 = EDGE_LOOP ( 'NONE', ( #3898, #4317, #1949, #1434 ) ) ;
#6840 = ORIENTED_EDGE ( 'NONE', *, *, #2864, .F. ) ;
#6841 = CARTESIAN_POINT ( 'NONE',  ( 143.6861997365472519, -52.00000000000000711, -32.00000000000000000 ) ) ;
#6842 = VERTEX_POINT ( 'NONE', #7231 ) ;
#6843 = CARTESIAN_POINT ( 'NONE',  ( 0.000000000000000000, 12.66666666666667496, -34.00000000000000000 ) ) ;
#6844 = VERTEX_POINT ( 'NONE', #761 ) ;
#6845 = DIRECTION ( 'NONE',  ( 1.000000000000000000, -0.000000000000000000, -0.000000000000000000 ) ) ;
#6846 = EDGE_CURVE ( 'NONE', #2870, #8288, #8199, .T. ) ;
#6847 = CARTESIAN_POINT ( 'NONE',  ( 1.000000000000000000, -20.66666666666666075, -40.99999999999998579 ) ) ;
#6848 = CARTESIAN_POINT ( 'NONE',  ( 0.000000000000000000, 55.00000000000000000, 45.00000000000000000 ) ) ;
#6849 = EDGE_LOOP ( 'NONE', ( #8240, #4707, #1016, #7694 ) ) ;
#6850 = EDGE_LOOP ( 'NONE', ( #7861, #4901 ) ) ;
#6851 = DIRECTION ( 'NONE',  ( 0.000000000000000000, 0.000000000000000000, 1.000000000000000000 ) ) ;
#6852 = ORIENTED_EDGE ( 'NONE', *, *, #2148, .T. ) ;
#6853 = DIRECTION ( 'NONE',  ( -0.000000000000000000, -0.000000000000000000, -1.000000000000000000 ) ) ;
#6854 = DIRECTION ( 'NONE',  ( -1.000000000000000000, -0.000000000000000000, -0.000000000000000000 ) ) ;
#6855 = EDGE_CURVE ( 'NONE', #7859, #4983, #4028, .T. ) ;
#6856 = ORIENTED_EDGE ( 'NONE', *, *, #7730, .T. ) ;
#6857 = FACE_OUTER_BOUND ( 'NONE', #8512, .T. ) ;
#6858 = EDGE_CURVE ( 'NONE', #5456, #8516, #4580, .T. ) ;
#6859 = CARTESIAN_POINT ( 'NONE',  ( 7.000000000000257572, 16.66666666666667140, -45.00000000000000000 ) ) ;
#6860 = AXIS2_PLACEMENT_3D ( 'NONE', #7343, #1365, #701 ) ;
#6861 = VERTEX_POINT ( 'NONE', #3332 ) ;
#6862 = CARTESIAN_POINT ( 'NONE',  ( 0.000000000000000000, 20.66666666666666785, 40.99999999999999289 ) ) ;
#6863 = CARTESIAN_POINT ( 'NONE',  ( 1.000000000000000888, 34.65725893522787260, -40.50615503039841769 ) ) ;
#6864 = AXIS2_PLACEMENT_3D ( 'NONE', #3785, #6465, #8461 ) ;
#6865 = CARTESIAN_POINT ( 'NONE',  ( 143.6861997365472519, 50.99999999999999289, 33.00000000000000000 ) ) ;
#6866 = CIRCLE ( 'NONE', #3914, 2.249999999999995115 ) ;
#6867 = CARTESIAN_POINT ( 'NONE',  ( 6.000000000000005329, -10.66666666666667140, 33.99999999999999289 ) ) ;
#6868 = VERTEX_POINT ( 'NONE', #9 ) ;
#6869 = EDGE_CURVE ( 'NONE', #6780, #7244, #1260, .T. ) ;
#6870 = CARTESIAN_POINT ( 'NONE',  ( 6.000000000000005329, 51.00000000000000000, -32.00000000000001421 ) ) ;
#6871 = FACE_OUTER_BOUND ( 'NONE', #5375, .T. ) ;
#6872 = AXIS2_PLACEMENT_3D ( 'NONE', #6255, #8249, #1622 ) ;
#6873 = LINE ( 'NONE', #187, #3379 ) ;
#6874 = AXIS2_PLACEMENT_3D ( 'NONE', #1776, #6454, #2514 ) ;
#6875 = EDGE_CURVE ( 'NONE', #1601, #3932, #4153, .T. ) ;
#6876 = CARTESIAN_POINT ( 'NONE',  ( 1.000000000000000888, -44.00000000000000711, 37.52786404500041328 ) ) ;
#6877 = CARTESIAN_POINT ( 'NONE',  ( 5.000000000000013323, -49.99999999999999289, -45.00000000000000000 ) ) ;
#6878 = ORIENTED_EDGE ( 'NONE', *, *, #4967, .F. ) ;
#6879 = CARTESIAN_POINT ( 'NONE',  ( 6.000000000000005329, -22.66666666666666075, -40.99999999999998579 ) ) ;
#6880 = CARTESIAN_POINT ( 'NONE',  ( 10.00000000000000000, 40.00000000000000000, 42.24999999999998579 ) ) ;
#6881 = CARTESIAN_POINT ( 'NONE',  ( 6.000000000000005329, -45.00000000000000711, -35.52786404500042039 ) ) ;
#6882 = AXIS2_PLACEMENT_3D ( 'NONE', #6819, #8219, #5518 ) ;
#6883 = ORIENTED_EDGE ( 'NONE', *, *, #1707, .F. ) ;
#6884 = VERTEX_POINT ( 'NONE', #3372 ) ;
#6885 = ADVANCED_FACE ( 'NONE', ( #5316 ), #7962, .T. ) ;
#6886 = AXIS2_PLACEMENT_3D ( 'NONE', #3815, #463, #8492 ) ;
#6887 = TOROIDAL_SURFACE ( 'NONE', #3120, 2.000000000000000888, 1.000000000000000000 ) ;
#6888 = ORIENTED_EDGE ( 'NONE', *, *, #5639, .T. ) ;
#6889 = CARTESIAN_POINT ( 'NONE',  ( 7.499999999999982236, -59.50000000000000711, -19.99999999999999645 ) ) ;
#6890 = ORIENTED_EDGE ( 'NONE', *, *, #995, .T. ) ;
#6891 = DIRECTION ( 'NONE',  ( 0.000000000000000000, 0.000000000000000000, -1.000000000000000000 ) ) ;
#6892 = EDGE_LOOP ( 'NONE', ( #2232, #388, #5628, #7967 ) ) ;
#6893 = CIRCLE ( 'NONE', #4955, 1.000000000000000888 ) ;
#6894 = CYLINDRICAL_SURFACE ( 'NONE', #6444, 2.999999999999995559 ) ;
#6895 = DIRECTION ( 'NONE',  ( 0.000000000000000000, 0.000000000000000000, 1.000000000000000000 ) ) ;
#6896 = LINE ( 'NONE', #2408, #7740 ) ;
#6897 = CARTESIAN_POINT ( 'NONE',  ( 6.000000000000005329, 44.00000000000000000, -34.00000000000002132 ) ) ;
#6898 = VECTOR ( 'NONE', #1143, 1000.000000000000000 ) ;
#6899 = ORIENTED_EDGE ( 'NONE', *, *, #300, .F. ) ;
#6900 = VERTEX_POINT ( 'NONE', #7322 ) ;
#6901 = CIRCLE ( 'NONE', #2304, 1.000000000000000888 ) ;
#6902 = VERTEX_POINT ( 'NONE', #674 ) ;
#6903 = ADVANCED_FACE ( 'NONE', ( #5356 ), #8009, .F. ) ;
#6904 = LINE ( 'NONE', #4278, #3492 ) ;
#6905 = AXIS2_PLACEMENT_3D ( 'NONE', #1119, #1729, #5056 ) ;
#6906 = CYLINDRICAL_SURFACE ( 'NONE', #4960, 2.249999999999995115 ) ;
#6907 = CIRCLE ( 'NONE', #1335, 2.249999999999995115 ) ;
#6908 = ORIENTED_EDGE ( 'NONE', *, *, #6710, .F. ) ;
#6909 = DIRECTION ( 'NONE',  ( -1.000000000000000000, 0.000000000000000000, 0.000000000000000000 ) ) ;
#6910 = DIRECTION ( 'NONE',  ( 0.000000000000000000, 0.000000000000000000, -1.000000000000000000 ) ) ;
#6911 = ORIENTED_EDGE ( 'NONE', *, *, #1662, .T. ) ;
#6912 = FACE_OUTER_BOUND ( 'NONE', #6214, .T. ) ;
#6913 = VECTOR ( 'NONE', #4048, 1000.000000000000000 ) ;
#6914 = CARTESIAN_POINT ( 'NONE',  ( 0.8074032449773755893, 35.01350797831951667, -39.57905341192281412 ) ) ;
#6915 = VECTOR ( 'NONE', #7019, 1000.000000000000227 ) ;
#6916 = DIRECTION ( 'NONE',  ( 0.000000000000000000, 0.000000000000000000, 1.000000000000000000 ) ) ;
#6917 = EDGE_CURVE ( 'NONE', #1274, #1625, #716, .T. ) ;
#6918 = CARTESIAN_POINT ( 'NONE',  ( 1.000000000000000888, 32.06274606680621986, -43.00000000000000000 ) ) ;
#6919 = CARTESIAN_POINT ( 'NONE',  ( 0.9504075650584967727, -34.83667887509569994, -40.14685472378175746 ) ) ;
#6920 = ADVANCED_FACE ( 'NONE', ( #8535 ), #8052, .F. ) ;
#6921 = EDGE_LOOP ( 'NONE', ( #3655, #3915 ) ) ;
#6922 = CARTESIAN_POINT ( 'NONE',  ( 7.000000000000000888, -56.50000000000000000, 19.99999999999999645 ) ) ;
#6923 = FACE_OUTER_BOUND ( 'NONE', #7646, .T. ) ;
#6924 = VECTOR ( 'NONE', #8590, 1000.000000000000000 ) ;
#6925 = DIRECTION ( 'NONE',  ( 0.000000000000000000, -1.000000000000000000, 0.000000000000000000 ) ) ;
#6926 = DIRECTION ( 'NONE',  ( 1.000000000000000000, 0.000000000000000000, 0.000000000000000000 ) ) ;
#6927 = LINE ( 'NONE', #5619, #4103 ) ;
#6928 = CYLINDRICAL_SURFACE ( 'NONE', #1943, 1.000000000000000888 ) ;
#6929 = ORIENTED_EDGE ( 'NONE', *, *, #1761, .F. ) ;
#6930 = ADVANCED_FACE ( 'NONE', ( #8183 ), #2894, .T. ) ;
#6931 = DIRECTION ( 'NONE',  ( 0.000000000000000000, -0.000000000000000000, 1.000000000000000000 ) ) ;
#6932 = CIRCLE ( 'NONE', #5267, 2.000000000000001776 ) ;
#6933 = EDGE_CURVE ( 'NONE', #4995, #7236, #4117, .T. ) ;
#6934 = DIRECTION ( 'NONE',  ( 0.000000000000000000, 0.000000000000000000, 1.000000000000000000 ) ) ;
#6935 = PLANE ( 'NONE',  #4110 ) ;
#6936 = ORIENTED_EDGE ( 'NONE', *, *, #404, .F. ) ;
#6937 = VERTEX_POINT ( 'NONE', #6147 ) ;
#6938 = ORIENTED_EDGE ( 'NONE', *, *, #6646, .T. ) ;
#6939 = DIRECTION ( 'NONE',  ( 0.000000000000000000, -1.000000000000000000, 0.000000000000000000 ) ) ;
#6940 = ORIENTED_EDGE ( 'NONE', *, *, #1763, .T. ) ;
#6941 = EDGE_CURVE ( 'NONE', #69, #2061, #896, .T. ) ;
#6942 = AXIS2_PLACEMENT_3D ( 'NONE', #1238, #3885, #2695 ) ;
#6943 = CARTESIAN_POINT ( 'NONE',  ( 0.8180327975791443773, 43.41904621497974404, 36.34370051841124649 ) ) ;
#6944 = ORIENTED_EDGE ( 'NONE', *, *, #6022, .T. ) ;
#6945 = EDGE_CURVE ( 'NONE', #1347, #5688, #2206, .T. ) ;
#6946 = DIRECTION ( 'NONE',  ( 0.000000000000000000, 1.000000000000000000, 0.000000000000000000 ) ) ;
#6947 = TOROIDAL_SURFACE ( 'NONE', #3035, 6.000000000000001776, 1.000000000000000000 ) ;
#6948 = CARTESIAN_POINT ( 'NONE',  ( 6.000000000000005329, -50.99999999999999289, 32.00000000000000711 ) ) ;
#6949 = CARTESIAN_POINT ( 'NONE',  ( 0.8074032449773810294, -40.00000000000000000, -39.99999999999999289 ) ) ;
#6950 = ORIENTED_EDGE ( 'NONE', *, *, #678, .F. ) ;
#6951 = ORIENTED_EDGE ( 'NONE', *, *, #7237, .F. ) ;
#6952 = ORIENTED_EDGE ( 'NONE', *, *, #5280, .F. ) ;
#6953 = AXIS2_PLACEMENT_3D ( 'NONE', #4372, #3723, #5656 ) ;
#6954 = ADVANCED_FACE ( 'NONE', ( #2941 ), #7654, .F. ) ;
#6955 = FACE_OUTER_BOUND ( 'NONE', #3180, .T. ) ;
#6956 = B_SPLINE_CURVE_WITH_KNOTS ( 'NONE', 3,
 ( #1981, #4637, #7309, #3978, #6650, #662 ),
 .UNSPECIFIED., .F., .F.,
 ( 4, 2, 4 ),
 ( 2.168404344971008868E-19, 0.0006075856372237399246, 0.001215171274447479632 ),
 .UNSPECIFIED. ) ;
#6957 = ORIENTED_EDGE ( 'NONE', *, *, #2615, .F. ) ;
#6958 = DIRECTION ( 'NONE',  ( -1.000000000000000000, -0.000000000000000000, -0.000000000000000000 ) ) ;
#6959 = FACE_OUTER_BOUND ( 'NONE', #6839, .T. ) ;
#6960 = ORIENTED_EDGE ( 'NONE', *, *, #8053, .T. ) ;
#6961 = DIRECTION ( 'NONE',  ( 0.000000000000000000, 0.000000000000000000, 1.000000000000000000 ) ) ;
#6962 = CARTESIAN_POINT ( 'NONE',  ( 2.999999999999558131, -16.66666666666666430, 45.00000000000000000 ) ) ;
#6963 = DIRECTION ( 'NONE',  ( 0.000000000000000000, 0.000000000000000000, 1.000000000000000000 ) ) ;
#6964 = DIRECTION ( 'NONE',  ( 0.000000000000000000, 1.000000000000000000, -0.000000000000000000 ) ) ;
#6965 = DIRECTION ( 'NONE',  ( -0.000000000000000000, 2.478176394252584592E-16, -1.000000000000000000 ) ) ;
#6966 = CARTESIAN_POINT ( 'NONE',  ( 7.000000000000000000, -10.66666666666667496, 33.99999999999999289 ) ) ;
#6967 = VERTEX_POINT ( 'NONE', #8135 ) ;
#6968 = CIRCLE ( 'NONE', #263, 0.5000000000000004441 ) ;
#6969 = CARTESIAN_POINT ( 'NONE',  ( 10.00000000000000178, -56.99999999999998579, -9.999999999999996447 ) ) ;
#6970 = DIRECTION ( 'NONE',  ( 1.000000000000000000, 0.000000000000000000, 0.000000000000000000 ) ) ;
#6971 = CARTESIAN_POINT ( 'NONE',  ( 1.000000000000000888, -50.99999999999999289, 33.00000000000001421 ) ) ;
#6972 = ADVANCED_FACE ( 'NONE', ( #2254 ), #7489, .T. ) ;
#6973 = DIRECTION ( 'NONE',  ( 0.000000000000000000, 1.000000000000000000, 0.000000000000000000 ) ) ;
#6974 = TOROIDAL_SURFACE ( 'NONE', #5724, 4.000000000000007994, 1.000000000000000000 ) ;
#6975 = VERTEX_POINT ( 'NONE', #4253 ) ;
#6976 = AXIS2_PLACEMENT_3D ( 'NONE', #1262, #6621, #3868 ) ;
#6977 = CARTESIAN_POINT ( 'NONE',  ( 1.000000000000000888, 12.66666666666667318, 34.00000000000000000 ) ) ;
#6978 = PLANE ( 'NONE',  #842 ) ;
#6979 = ORIENTED_EDGE ( 'NONE', *, *, #1598, .T. ) ;
#6980 = VECTOR ( 'NONE', #5942, 1000.000000000000000 ) ;
#6981 = ORIENTED_EDGE ( 'NONE', *, *, #475, .T. ) ;
#6982 = EDGE_CURVE ( 'NONE', #3997, #3948, #4922, .T. ) ;
#6983 = ORIENTED_EDGE ( 'NONE', *, *, #292, .T. ) ;
#6984 = DIRECTION ( 'NONE',  ( 1.000000000000000000, -0.000000000000000000, -0.000000000000000000 ) ) ;
#6985 = EDGE_LOOP ( 'NONE', ( #4783, #1057, #1258, #2665, #4276, #5889 ) ) ;
#6986 = AXIS2_PLACEMENT_3D ( 'NONE', #135, #8125, #2152 ) ;
#6987 = CARTESIAN_POINT ( 'NONE',  ( -1.049925789931784870E-09, 43.68222948915804693, 37.25825927377638891 ) ) ;
#6988 = ORIENTED_EDGE ( 'NONE', *, *, #2911, .F. ) ;
#6989 = DIRECTION ( 'NONE',  ( 1.000000000000000000, -0.000000000000000000, -0.000000000000000000 ) ) ;
#6990 = ADVANCED_FACE ( 'NONE', ( #855 ), #1647, .T. ) ;
#6991 = DIRECTION ( 'NONE',  ( 0.000000000000000000, 0.000000000000000000, -1.000000000000000000 ) ) ;
#6992 = EDGE_CURVE ( 'NONE', #1048, #3997, #4006, .T. ) ;
#6993 = LINE ( 'NONE', #4942, #2595 ) ;
#6994 = ORIENTED_EDGE ( 'NONE', *, *, #2852, .F. ) ;
#6995 = ORIENTED_EDGE ( 'NONE', *, *, #4298, .T. ) ;
#6996 = VERTEX_POINT ( 'NONE', #2762 ) ;
#6997 = CARTESIAN_POINT ( 'NONE',  ( 143.6861997365472519, -10.66666666666666785, -40.99999999999998579 ) ) ;
#6998 = DIRECTION ( 'NONE',  ( -1.000000000000000000, 2.891205793294675861E-16, 0.000000000000000000 ) ) ;
#6999 = CARTESIAN_POINT ( 'NONE',  ( 143.6861997365472519, -21.66666666666666075, -40.99999999999998579 ) ) ;
#7000 = ORIENTED_EDGE ( 'NONE', *, *, #8486, .F. ) ;
#7001 = FACE_OUTER_BOUND ( 'NONE', #7170, .T. ) ;
#7002 = CYLINDRICAL_SURFACE ( 'NONE', #1450, 0.9999999999999974465 ) ;
#7003 = ADVANCED_FACE ( 'NONE', ( #1556 ), #5534, .F. ) ;
#7004 = EDGE_LOOP ( 'NONE', ( #8454, #4618, #6440, #4672 ) ) ;
#7005 = FACE_BOUND ( 'NONE', #3980, .T. ) ;
#7006 = DIRECTION ( 'NONE',  ( 0.000000000000000000, 0.000000000000000000, -1.000000000000000000 ) ) ;
#7007 = DIRECTION ( 'NONE',  ( 0.000000000000000000, 0.000000000000000000, 1.000000000000000000 ) ) ;
#7008 = ORIENTED_EDGE ( 'NONE', *, *, #3274, .T. ) ;
#7009 = DIRECTION ( 'NONE',  ( 0.000000000000000000, 0.000000000000000000, -1.000000000000000000 ) ) ;
#7010 = CARTESIAN_POINT ( 'NONE',  ( 143.6861997365472519, 46.00000000000000711, -34.00000000000001421 ) ) ;
#7011 = DIRECTION ( 'NONE',  ( -0.000000000000000000, -0.000000000000000000, 1.000000000000000000 ) ) ;
#7012 = CIRCLE ( 'NONE', #4209, 2.249999999999995115 ) ;
#7013 = CARTESIAN_POINT ( 'NONE',  ( 6.000000000000005329, 40.00000000000000000, 39.99999999999999289 ) ) ;
#7014 = DIRECTION ( 'NONE',  ( 0.000000000000000000, 0.000000000000000000, 1.000000000000000000 ) ) ;
#7015 = ORIENTED_EDGE ( 'NONE', *, *, #8197, .F. ) ;
#7016 = B_SPLINE_CURVE_WITH_KNOTS ( 'NONE', 3,
 ( #7184, #3115, #4516, #1125, #5800, #7109 ),
 .UNSPECIFIED., .F., .F.,
 ( 4, 2, 4 ),
 ( 2.168404344971008627E-19, 0.0003458463512592661621, 0.0006916927025185321074 ),
 .UNSPECIFIED. ) ;
#7017 = DIRECTION ( 'NONE',  ( 1.000000000000000000, 0.000000000000000000, 0.000000000000000000 ) ) ;
#7018 = DIRECTION ( 'NONE',  ( -1.000000000000000000, 0.000000000000000000, 0.000000000000000000 ) ) ;
#7019 = DIRECTION ( 'NONE',  ( -0.02829055873697648021, 0.000000000000000000, -0.9995997420399574951 ) ) ;
#7020 = ORIENTED_EDGE ( 'NONE', *, *, #7151, .T. ) ;
#7021 = EDGE_CURVE ( 'NONE', #5469, #7544, #3184, .T. ) ;
#7022 = AXIS2_PLACEMENT_3D ( 'NONE', #940, #4873, #3417 ) ;
#7023 = CARTESIAN_POINT ( 'NONE',  ( 2.500000000000017764, -59.50000000000000711, 9.999999999999996447 ) ) ;
#7024 = ORIENTED_EDGE ( 'NONE', *, *, #194, .F. ) ;
#7025 = EDGE_LOOP ( 'NONE', ( #2455, #8344, #4804, #3762 ) ) ;
#7026 = DIRECTION ( 'NONE',  ( -1.000000000000000000, 0.000000000000000000, 0.000000000000000000 ) ) ;
#7027 = AXIS2_PLACEMENT_3D ( 'NONE', #3164, #5885, #550 ) ;
#7028 = ORIENTED_EDGE ( 'NONE', *, *, #1820, .F. ) ;
#7029 = AXIS2_PLACEMENT_3D ( 'NONE', #3588, #8039, #3491 ) ;
#7030 = LINE ( 'NONE', #8466, #7816 ) ;
#7031 = EDGE_LOOP ( 'NONE', ( #6199, #8035, #2776, #370 ) ) ;
#7032 = EDGE_CURVE ( 'NONE', #4833, #5984, #190, .T. ) ;
#7033 = VECTOR ( 'NONE', #3909, 1000.000000000000000 ) ;
#7034 = FACE_OUTER_BOUND ( 'NONE', #7136, .T. ) ;
#7035 = CIRCLE ( 'NONE', #8284, 1.000000000000000888 ) ;
#7036 = CARTESIAN_POINT ( 'NONE',  ( 0.000000000000000000, -40.00000000000000000, -39.99999999999999289 ) ) ;
#7037 = DIRECTION ( 'NONE',  ( 0.000000000000000000, 1.000000000000000000, 0.000000000000000000 ) ) ;
#7038 = CARTESIAN_POINT ( 'NONE',  ( 0.8074032449773838049, 43.33333333333333570, -36.27322003750034440 ) ) ;
#7039 = ORIENTED_EDGE ( 'NONE', *, *, #4509, .T. ) ;
#7040 = EDGE_LOOP ( 'NONE', ( #153, #4663, #3350, #8083, #3703, #6191, #1138, #4049, #3636, #6036, #8566, #5027, #2176, #7611, #4344, #484, #7928, #7077, #8603, #1838 ) ) ;
#7041 = CIRCLE ( 'NONE', #3827, 2.000000000000001776 ) ;
#7042 = AXIS2_PLACEMENT_3D ( 'NONE', #1018, #5092, #5003 ) ;
#7043 = ORIENTED_EDGE ( 'NONE', *, *, #6, .T. ) ;
#7044 = CIRCLE ( 'NONE', #4098, 1.000000000000000888 ) ;
#7045 = ADVANCED_FACE ( 'NONE', ( #7443 ), #6928, .F. ) ;
#7046 = DIRECTION ( 'NONE',  ( -0.000000000000000000, -0.000000000000000000, 1.000000000000000000 ) ) ;
#7047 = EDGE_CURVE ( 'NONE', #5737, #2496, #8622, .T. ) ;
#7048 = CARTESIAN_POINT ( 'NONE',  ( 0.9999999999999952260, 43.81488035152204219, 36.51759260589813039 ) ) ;
#7049 = EDGE_LOOP ( 'NONE', ( #7891, #874, #7467, #4699 ) ) ;
#7050 = LINE ( 'NONE', #5738, #4114 ) ;
#7051 = CIRCLE ( 'NONE', #345, 1.000000000000000000 ) ;
#7052 = DIRECTION ( 'NONE',  ( -2.891205793294675861E-16, -1.000000000000000000, 0.000000000000000000 ) ) ;
#7053 = ORIENTED_EDGE ( 'NONE', *, *, #4898, .F. ) ;
#7054 = ADVANCED_FACE ( 'NONE', ( #4382 ), #5860, .F. ) ;
#7055 = DIRECTION ( 'NONE',  ( 1.000000000000000000, 0.000000000000000000, 0.000000000000000000 ) ) ;
#7056 = EDGE_CURVE ( 'NONE', #1654, #3661, #3888, .T. ) ;
#7057 = AXIS2_PLACEMENT_3D ( 'NONE', #8604, #3769, #1208 ) ;
#7058 = DIRECTION ( 'NONE',  ( -2.517333189176334593E-15, 0.5020516767994741558, -0.8648376228072160998 ) ) ;
#7059 = AXIS2_PLACEMENT_3D ( 'NONE', #5577, #1463, #327 ) ;
#7060 = CARTESIAN_POINT ( 'NONE',  ( 0.000000000000000000, -35.52209655803508781, -41.00820670719788552 ) ) ;
#7061 = EDGE_LOOP ( 'NONE', ( #6397, #5563, #8102, #8397 ) ) ;
#7062 = ADVANCED_FACE ( 'NONE', ( #2345 ), #3684, .T. ) ;
#7063 = DIRECTION ( 'NONE',  ( 0.000000000000000000, -0.1250000000000000555, -0.9921567416492216296 ) ) ;
#7064 = DIRECTION ( 'NONE',  ( -1.000000000000000000, -0.000000000000000000, -0.000000000000000000 ) ) ;
#7065 = DIRECTION ( 'NONE',  ( 1.000000000000000000, -0.000000000000000000, -0.000000000000000000 ) ) ;
#7066 = TOROIDAL_SURFACE ( 'NONE', #2035, 4.000000000000001776, 1.000000000000000000 ) ;
#7067 = AXIS2_PLACEMENT_3D ( 'NONE', #333, #2988, #5672 ) ;
#7068 = DIRECTION ( 'NONE',  ( -1.000000000000000000, 0.000000000000000000, 0.000000000000000000 ) ) ;
#7069 = CARTESIAN_POINT ( 'NONE',  ( 0.8074032449773752562, -43.37681831782386865, 36.31211419002890040 ) ) ;
#7070 = LINE ( 'NONE', #7111, #5488 ) ;
#7071 = DIRECTION ( 'NONE',  ( -1.000000000000000000, -0.000000000000000000, -0.000000000000000000 ) ) ;
#7072 = DIRECTION ( 'NONE',  ( 0.000000000000000000, 0.000000000000000000, 1.000000000000000000 ) ) ;
#7073 = ORIENTED_EDGE ( 'NONE', *, *, #7693, .T. ) ;
#7074 = CIRCLE ( 'NONE', #7335, 1.000000000000000888 ) ;
#7075 = LINE ( 'NONE', #8497, #5185 ) ;
#7076 = DIRECTION ( 'NONE',  ( -1.000000000000000000, 0.000000000000000000, 0.000000000000000000 ) ) ;
#7077 = ORIENTED_EDGE ( 'NONE', *, *, #197, .T. ) ;
#7078 = ORIENTED_EDGE ( 'NONE', *, *, #213, .T. ) ;
#7079 = CARTESIAN_POINT ( 'NONE',  ( 7.000000000000000000, 10.66666666666667496, -34.00000000000000000 ) ) ;
#7080 = AXIS2_PLACEMENT_3D ( 'NONE', #5452, #6629, #641 ) ;
#7081 = VERTEX_POINT ( 'NONE', #5750 ) ;
#7082 = CARTESIAN_POINT ( 'NONE',  ( 0.2829141049951756082, 43.61368958242281479, -36.46060743123183556 ) ) ;
#7083 = ORIENTED_EDGE ( 'NONE', *, *, #2219, .T. ) ;
#7084 = CIRCLE ( 'NONE', #3291, 1.000000000000000000 ) ;
#7085 = CARTESIAN_POINT ( 'NONE',  ( 1.000000000000000888, -46.00000000000000711, 34.00000000000000711 ) ) ;
#7086 = CARTESIAN_POINT ( 'NONE',  ( 2.340000000000001634, 40.00000000000000000, -37.75000000000000000 ) ) ;
#7087 = DIRECTION ( 'NONE',  ( 0.000000000000000000, 0.000000000000000000, 1.000000000000000000 ) ) ;
#7088 = VECTOR ( 'NONE', #1946, 1000.000000000000000 ) ;
#7089 = ADVANCED_FACE ( 'NONE', ( #7108 ), #5668, .T. ) ;
#7090 = EDGE_LOOP ( 'NONE', ( #1427, #7916 ) ) ;
#7091 = EDGE_LOOP ( 'NONE', ( #1045, #4763, #7118, #4465 ) ) ;
#7092 = ORIENTED_EDGE ( 'NONE', *, *, #3286, .F. ) ;
#7093 = DIRECTION ( 'NONE',  ( 1.000000000000000000, 0.000000000000000000, 0.000000000000000000 ) ) ;
#7094 = EDGE_LOOP ( 'NONE', ( #6291, #808, #2442, #4869 ) ) ;
#7095 = DIRECTION ( 'NONE',  ( 0.000000000000000000, -0.000000000000000000, 1.000000000000000000 ) ) ;
#7096 = EDGE_CURVE ( 'NONE', #5640, #262, #7238, .T. ) ;
#7097 = EDGE_CURVE ( 'NONE', #2323, #3834, #1030, .T. ) ;
#7098 = ORIENTED_EDGE ( 'NONE', *, *, #8526, .F. ) ;
#7099 = CIRCLE ( 'NONE', #6804, 6.000000000000005329 ) ;
#7100 = FACE_OUTER_BOUND ( 'NONE', #3141, .T. ) ;
#7101 = DIRECTION ( 'NONE',  ( 1.412867937921586339E-13, 0.1249999999999041600, -0.9921567416492336200 ) ) ;
#7102 = CARTESIAN_POINT ( 'NONE',  ( -1.469448817717636268E-09, -35.40742382206582306, -39.73244334788729049 ) ) ;
#7103 = DIRECTION ( 'NONE',  ( -1.000000000000000000, -0.000000000000000000, -0.000000000000000000 ) ) ;
#7104 = VECTOR ( 'NONE', #1534, 1000.000000000000000 ) ;
#7105 = DIRECTION ( 'NONE',  ( 0.000000000000000000, 0.000000000000000000, 1.000000000000000000 ) ) ;
#7106 = EDGE_CURVE ( 'NONE', #7333, #5466, #3162, .T. ) ;
#7107 = CARTESIAN_POINT ( 'NONE',  ( 6.000000000000005329, 51.00000000000000000, -33.00000000000001421 ) ) ;
#7108 = FACE_OUTER_BOUND ( 'NONE', #496, .T. ) ;
#7109 = CARTESIAN_POINT ( 'NONE',  ( 1.000000000000000888, -43.93221901135654406, -36.52556426930554778 ) ) ;
#7110 = EDGE_CURVE ( 'NONE', #405, #2635, #6274, .T. ) ;
#7111 = CARTESIAN_POINT ( 'NONE',  ( 7.000000000000000000, 10.66666666666668206, -2.643388153869427509E-15 ) ) ;
#7112 = DIRECTION ( 'NONE',  ( -1.000000000000000000, 0.000000000000000000, 0.000000000000000000 ) ) ;
#7113 = CIRCLE ( 'NONE', #4445, 0.5000000000000004441 ) ;
#7114 = LINE ( 'NONE', #8328, #8577 ) ;
#7115 = ORIENTED_EDGE ( 'NONE', *, *, #7543, .T. ) ;
#7116 = CARTESIAN_POINT ( 'NONE',  ( 1.805142752708175347E-09, 35.42950762760052186, 40.44408743608293122 ) ) ;
#7117 = CARTESIAN_POINT ( 'NONE',  ( 143.6861997365472519, -45.00000000000000711, -35.52786404500042039 ) ) ;
#7118 = ORIENTED_EDGE ( 'NONE', *, *, #322, .F. ) ;
#7119 = AXIS2_PLACEMENT_3D ( 'NONE', #6918, #6228, #4111 ) ;
#7120 = AXIS2_PLACEMENT_3D ( 'NONE', #530, #934, #5611 ) ;
#7121 = ORIENTED_EDGE ( 'NONE', *, *, #3167, .T. ) ;
#7122 = ORIENTED_EDGE ( 'NONE', *, *, #1120, .F. ) ;
#7123 = DIRECTION ( 'NONE',  ( 0.000000000000000000, -1.000000000000000000, 0.000000000000000000 ) ) ;
#7124 = ORIENTED_EDGE ( 'NONE', *, *, #3756, .T. ) ;
#7125 = DIRECTION ( 'NONE',  ( 1.000000000000000000, -0.000000000000000000, -0.000000000000000000 ) ) ;
#7126 = DIRECTION ( 'NONE',  ( -0.000000000000000000, -0.000000000000000000, 1.000000000000000000 ) ) ;
#7127 = FACE_OUTER_BOUND ( 'NONE', #476, .T. ) ;
#7128 = TOROIDAL_SURFACE ( 'NONE', #3338, 1.999999999999994005, 1.000000000000000000 ) ;
#7129 = ORIENTED_EDGE ( 'NONE', *, *, #6249, .F. ) ;
#7130 = ORIENTED_EDGE ( 'NONE', *, *, #1862, .T. ) ;
#7131 = ORIENTED_EDGE ( 'NONE', *, *, #4805, .T. ) ;
#7132 = ADVANCED_FACE ( 'NONE', ( #6497 ), #1733, .F. ) ;
#7133 = CARTESIAN_POINT ( 'NONE',  ( 1.000000000000000888, -43.93221901135654406, 36.52556426930554778 ) ) ;
#7134 = DIRECTION ( 'NONE',  ( -0.000000000000000000, -0.000000000000000000, -1.000000000000000000 ) ) ;
#7135 = DIRECTION ( 'NONE',  ( 1.000000000000000000, 0.000000000000000000, 0.000000000000000000 ) ) ;
#7136 = EDGE_LOOP ( 'NONE', ( #4255, #2962, #964, #4395 ) ) ;
#7137 = DIRECTION ( 'NONE',  ( 0.000000000000000000, 2.478176394252584592E-16, -1.000000000000000000 ) ) ;
#7138 = CARTESIAN_POINT ( 'NONE',  ( 0.8074032449773810294, -40.00000000000000000, -35.99999999999998579 ) ) ;
#7139 = EDGE_CURVE ( 'NONE', #567, #4459, #6968, .T. ) ;
#7140 = EDGE_CURVE ( 'NONE', #4277, #7852, #4725, .T. ) ;
#7141 = CYLINDRICAL_SURFACE ( 'NONE', #2848, 2.249999999999995115 ) ;
#7142 = AXIS2_PLACEMENT_3D ( 'NONE', #1576, #6307, #223 ) ;
#7143 = DIRECTION ( 'NONE',  ( 0.000000000000000000, 0.000000000000000000, 1.000000000000000000 ) ) ;
#7144 = FACE_OUTER_BOUND ( 'NONE', #6816, .T. ) ;
#7145 = CARTESIAN_POINT ( 'NONE',  ( 1.000000000000000000, 10.66666666666666785, -43.00000000000000000 ) ) ;
#7146 = CYLINDRICAL_SURFACE ( 'NONE', #1880, 1.000000000000000888 ) ;
#7147 = DIRECTION ( 'NONE',  ( 1.000000000000000000, -0.000000000000000000, -0.000000000000000000 ) ) ;
#7148 = ORIENTED_EDGE ( 'NONE', *, *, #2763, .F. ) ;
#7149 = DIRECTION ( 'NONE',  ( -1.000000000000000000, 0.000000000000000000, 0.000000000000000000 ) ) ;
#7150 = EDGE_CURVE ( 'NONE', #8389, #5419, #4159, .T. ) ;
#7151 = EDGE_CURVE ( 'NONE', #1288, #4439, #5799, .T. ) ;
#7152 = FACE_OUTER_BOUND ( 'NONE', #2033, .T. ) ;
#7153 = CARTESIAN_POINT ( 'NONE',  ( 0.8074032449773838049, -35.03921629175389540, -39.37499999999997868 ) ) ;
#7154 = EDGE_LOOP ( 'NONE', ( #8191, #7453, #834, #3537 ) ) ;
#7155 = CARTESIAN_POINT ( 'NONE',  ( 5.000000000000005329, 16.66666666666667140, 39.50000000000000000 ) ) ;
#7156 = VERTEX_POINT ( 'NONE', #3814 ) ;
#7157 = DIRECTION ( 'NONE',  ( 0.000000000000000000, 1.000000000000000000, -0.000000000000000000 ) ) ;
#7158 = DIRECTION ( 'NONE',  ( 0.000000000000000000, -1.000000000000000000, -6.938893903907222067E-15 ) ) ;
#7159 = ORIENTED_EDGE ( 'NONE', *, *, #3225, .T. ) ;
#7160 = EDGE_CURVE ( 'NONE', #6210, #5410, #5427, .T. ) ;
#7161 = DIRECTION ( 'NONE',  ( 0.000000000000000000, 0.000000000000000000, 1.000000000000000000 ) ) ;
#7162 = CIRCLE ( 'NONE', #2833, 1.000000000000000000 ) ;
#7163 = FACE_OUTER_BOUND ( 'NONE', #3803, .T. ) ;
#7164 = CARTESIAN_POINT ( 'NONE',  ( 1.000000000000000888, 45.00000000000000711, -34.00000000000001421 ) ) ;
#7165 = ORIENTED_EDGE ( 'NONE', *, *, #7528, .T. ) ;
#7166 = EDGE_LOOP ( 'NONE', ( #5270, #8061, #7876, #1890 ) ) ;
#7167 = CARTESIAN_POINT ( 'NONE',  ( 0.000000000000000000, 46.00000000000001421, 34.00000000000001421 ) ) ;
#7168 = ORIENTED_EDGE ( 'NONE', *, *, #2054, .F. ) ;
#7169 = CARTESIAN_POINT ( 'NONE',  ( 1.885308046959742094E-09, -43.62364084957123112, 37.18068063004912460 ) ) ;
#7170 = EDGE_LOOP ( 'NONE', ( #3386, #1631, #2731, #4231 ) ) ;
#7171 = DIRECTION ( 'NONE',  ( 0.000000000000000000, -5.204170427930452838E-15, 1.000000000000000000 ) ) ;
#7172 = TOROIDAL_SURFACE ( 'NONE', #4945, 6.000000000000001776, 1.000000000000000000 ) ;
#7173 = VERTEX_POINT ( 'NONE', #1690 ) ;
#7174 = VECTOR ( 'NONE', #3481, 1000.000000000000000 ) ;
#7176 = EDGE_CURVE ( 'NONE', #5959, #2496, #377, .T. ) ;
#7175 = CARTESIAN_POINT ( 'NONE',  ( 1.000000000000000000, 52.99999999999999289, -32.00000000000001421 ) ) ;
#7177 = LINE ( 'NONE', #5183, #2086 ) ;
#7178 = CYLINDRICAL_SURFACE ( 'NONE', #571, 1.000000000000000888 ) ;
#7179 = VECTOR ( 'NONE', #7712, 1000.000000000000000 ) ;
#7180 = VECTOR ( 'NONE', #4063, 1000.000000000000000 ) ;
#7181 = DIRECTION ( 'NONE',  ( -6.938893903907221278E-15, -6.938893903907221278E-15, -1.000000000000000000 ) ) ;
#7182 = DIRECTION ( 'NONE',  ( -1.000000000000000000, -0.000000000000000000, -0.000000000000000000 ) ) ;
#7183 = FACE_OUTER_BOUND ( 'NONE', #3292, .T. ) ;
#7184 = CARTESIAN_POINT ( 'NONE',  ( 0.8074032449773838049, -43.33333333333334991, -36.27322003750034440 ) ) ;
#7185 = FACE_OUTER_BOUND ( 'NONE', #5421, .T. ) ;
#7186 = EDGE_CURVE ( 'NONE', #4744, #408, #3055, .T. ) ;
#7187 = FACE_OUTER_BOUND ( 'NONE', #2535, .T. ) ;
#7188 = LINE ( 'NONE', #1173, #1135 ) ;
#7189 = AXIS2_PLACEMENT_3D ( 'NONE', #281, #939, #8402 ) ;
#7190 = VECTOR ( 'NONE', #5110, 1000.000000000000000 ) ;
#7191 = CARTESIAN_POINT ( 'NONE',  ( 0.000000000000000000, 10.66666666666667140, 40.99999999999999289 ) ) ;
#7192 = ORIENTED_EDGE ( 'NONE', *, *, #3873, .T. ) ;
#7193 = CARTESIAN_POINT ( 'NONE',  ( 143.6861997365472519, 11.66666666666666963, 40.99999999999999289 ) ) ;
#7194 = EDGE_CURVE ( 'NONE', #3921, #5170, #1111, .T. ) ;
#7195 = EDGE_CURVE ( 'NONE', #2378, #4988, #415, .T. ) ;
#7196 = ORIENTED_EDGE ( 'NONE', *, *, #2739, .T. ) ;
#7197 = DIRECTION ( 'NONE',  ( -1.000000000000000000, -0.000000000000000000, -0.000000000000000000 ) ) ;
#7198 = CARTESIAN_POINT ( 'NONE',  ( 6.000000000000000000, 46.00000000000000711, -32.00000000000002132 ) ) ;
#7199 = VECTOR ( 'NONE', #8395, 1000.000000000000000 ) ;
#7200 = LINE ( 'NONE', #2489, #5308 ) ;
#7201 = ORIENTED_EDGE ( 'NONE', *, *, #2148, .F. ) ;
#7202 = CARTESIAN_POINT ( 'NONE',  ( 0.000000000000000000, 10.66666666666666785, -40.99999999999999289 ) ) ;
#7203 = AXIS2_PLACEMENT_3D ( 'NONE', #5039, #1623, #5730 ) ;
#7204 = DIRECTION ( 'NONE',  ( 0.000000000000000000, 0.000000000000000000, 1.000000000000000000 ) ) ;
#7205 = EDGE_CURVE ( 'NONE', #3439, #4884, #3464, .T. ) ;
#7206 = EDGE_LOOP ( 'NONE', ( #963, #648, #7192, #3337 ) ) ;
#7207 = ORIENTED_EDGE ( 'NONE', *, *, #5340, .T. ) ;
#7208 = EDGE_CURVE ( 'NONE', #7655, #3439, #7375, .T. ) ;
#7209 = EDGE_CURVE ( 'NONE', #2929, #3628, #2521, .T. ) ;
#7210 = LINE ( 'NONE', #1924, #7811 ) ;
#7211 = ORIENTED_EDGE ( 'NONE', *, *, #5223, .T. ) ;
#7212 = VECTOR ( 'NONE', #518, 1000.000000000000000 ) ;
#7213 = CARTESIAN_POINT ( 'NONE',  ( 7.000000000000000888, -55.00000000000000000, -9.999999999999996447 ) ) ;
#7214 = CARTESIAN_POINT ( 'NONE',  ( 1.000000000000000888, 11.66666666666667318, -40.99999999999999289 ) ) ;
#7215 = ORIENTED_EDGE ( 'NONE', *, *, #7892, .T. ) ;
#7216 = CARTESIAN_POINT ( 'NONE',  ( 6.000000000000005329, 20.66666666666667496, -32.00000000000000000 ) ) ;
#7217 = ORIENTED_EDGE ( 'NONE', *, *, #8101, .F. ) ;
#7218 = CARTESIAN_POINT ( 'NONE',  ( 0.000000000000000000, -22.66666666666666075, -40.99999999999998579 ) ) ;
#7219 = VECTOR ( 'NONE', #7317, 1000.000000000000000 ) ;
#7220 = DIRECTION ( 'NONE',  ( 1.000000000000000000, -0.000000000000000000, -0.000000000000000000 ) ) ;
#7221 = CARTESIAN_POINT ( 'NONE',  ( 6.000000000000005329, -44.00000000000001421, -35.52786404500042039 ) ) ;
#7222 = DIRECTION ( 'NONE',  ( 0.000000000000000000, 0.000000000000000000, -1.000000000000000000 ) ) ;
#7223 = DIRECTION ( 'NONE',  ( -1.000000000000000000, -0.000000000000000000, -0.000000000000000000 ) ) ;
#7224 = CIRCLE ( 'NONE', #6537, 1.000000000000003997 ) ;
#7225 = CARTESIAN_POINT ( 'NONE',  ( 10.00000000000000000, 55.00000000000000000, -45.00000000000000000 ) ) ;
#7226 = AXIS2_PLACEMENT_3D ( 'NONE', #7702, #3724, #1723 ) ;
#7227 = CARTESIAN_POINT ( 'NONE',  ( 0.9999999678866062780, 34.70833554675028410, 40.41817011304551244 ) ) ;
#7228 = EDGE_CURVE ( 'NONE', #5042, #5290, #6131, .T. ) ;
#7229 = CARTESIAN_POINT ( 'NONE',  ( 6.000000000000000000, 10.66666666666667140, 34.00000000000000000 ) ) ;
#7230 = ORIENTED_EDGE ( 'NONE', *, *, #8459, .T. ) ;
#7231 = CARTESIAN_POINT ( 'NONE',  ( 6.000000000000005329, 22.66666666666667496, -41.99999999999999289 ) ) ;
#7232 = DIRECTION ( 'NONE',  ( 1.000000000000000000, -0.000000000000000000, -0.000000000000000000 ) ) ;
#7233 = DIRECTION ( 'NONE',  ( 0.000000000000000000, 1.000000000000000000, 0.000000000000000000 ) ) ;
#7234 = DIRECTION ( 'NONE',  ( -1.000000000000000000, 0.000000000000000000, -0.000000000000000000 ) ) ;
#7235 = DIRECTION ( 'NONE',  ( 0.000000000000000000, -1.000000000000000000, 0.000000000000000000 ) ) ;
#7236 = VERTEX_POINT ( 'NONE', #5021 ) ;
#7237 = EDGE_CURVE ( 'NONE', #1419, #1414, #3190, .T. ) ;
#7238 = CIRCLE ( 'NONE', #5297, 1.850000000000000977 ) ;
#7239 = EDGE_CURVE ( 'NONE', #4947, #7494, #5026, .T. ) ;
#7240 = CARTESIAN_POINT ( 'NONE',  ( 1.000000000000000000, 52.99999999999999289, 32.00000000000000000 ) ) ;
#7241 = ORIENTED_EDGE ( 'NONE', *, *, #127, .F. ) ;
#7242 = DIRECTION ( 'NONE',  ( -1.000000000000000000, -0.000000000000000000, -0.000000000000000000 ) ) ;
#7243 = VERTEX_POINT ( 'NONE', #7673 ) ;
#7244 = VERTEX_POINT ( 'NONE', #3078 ) ;
#7245 = VECTOR ( 'NONE', #1640, 1000.000000000000000 ) ;
#7246 = CIRCLE ( 'NONE', #7120, 1.000000000000000000 ) ;
#7247 = CARTESIAN_POINT ( 'NONE',  ( 6.000000000000000000, 10.66666666666667140, 40.99999999999998579 ) ) ;
#7248 = ORIENTED_EDGE ( 'NONE', *, *, #6657, .T. ) ;
#7249 = ADVANCED_FACE ( 'NONE', ( #512 ), #966, .F. ) ;
#7250 = EDGE_CURVE ( 'NONE', #5765, #2507, #7663, .T. ) ;
#7251 = DIRECTION ( 'NONE',  ( -1.000000000000000000, 0.000000000000000000, 0.000000000000000000 ) ) ;
#7252 = CIRCLE ( 'NONE', #8077, 5.000000000000004441 ) ;
#7253 = FACE_OUTER_BOUND ( 'NONE', #4122, .T. ) ;
#7254 = ORIENTED_EDGE ( 'NONE', *, *, #3973, .F. ) ;
#7255 = CARTESIAN_POINT ( 'NONE',  ( 143.6861997365472519, 51.99999999999999289, 32.00000000000000000 ) ) ;
#7256 = CIRCLE ( 'NONE', #6295, 2.000000000000001776 ) ;
#7257 = DIRECTION ( 'NONE',  ( -1.000000000000000000, -0.000000000000000000, -0.000000000000000000 ) ) ;
#7258 = CIRCLE ( 'NONE', #5602, 0.9999999999999997780 ) ;
#7259 = EDGE_CURVE ( 'NONE', #5557, #6754, #1117, .T. ) ;
#7260 = EDGE_LOOP ( 'NONE', ( #8020, #638, #6899, #7769 ) ) ;
#7261 = CARTESIAN_POINT ( 'NONE',  ( 1.000000000000000888, 46.00000000000001421, 34.00000000000000711 ) ) ;
#7262 = ADVANCED_FACE ( 'NONE', ( #5712 ), #1738, .F. ) ;
#7263 = CARTESIAN_POINT ( 'NONE',  ( 5.000000000000000000, 49.99999999999999289, 39.69999999998340456 ) ) ;
#7264 = DIRECTION ( 'NONE',  ( 1.000000000000000000, 0.000000000000000000, 0.000000000000000000 ) ) ;
#7265 = ORIENTED_EDGE ( 'NONE', *, *, #5168, .F. ) ;
#7266 = DIRECTION ( 'NONE',  ( -1.000000000000000000, 0.000000000000000000, 0.000000000000000000 ) ) ;
#7267 = CARTESIAN_POINT ( 'NONE',  ( 1.805137853379450705E-09, 35.42950762760052896, -40.44408743608292411 ) ) ;
#7268 = CARTESIAN_POINT ( 'NONE',  ( 6.000000000000000000, 44.00000000000001421, 34.00000000000001421 ) ) ;
#7269 = CARTESIAN_POINT ( 'NONE',  ( 5.000000000000005329, 16.66666666666667140, -39.50000000000000000 ) ) ;
#7270 = AXIS2_PLACEMENT_3D ( 'NONE', #4183, #6853, #875 ) ;
#7271 = LINE ( 'NONE', #2759, #3436 ) ;
#7272 = DIRECTION ( 'NONE',  ( 0.000000000000000000, -1.084202172485504187E-16, -1.000000000000000000 ) ) ;
#7273 = DIRECTION ( 'NONE',  ( 0.02829055873697635531, 0.000000000000000000, 0.9995997420399574951 ) ) ;
#7274 = ORIENTED_EDGE ( 'NONE', *, *, #1460, .F. ) ;
#7275 = DIRECTION ( 'NONE',  ( -1.000000000000000000, 0.000000000000000000, 0.000000000000000000 ) ) ;
#7276 = EDGE_CURVE ( 'NONE', #681, #1198, #5573, .T. ) ;
#7277 = FACE_OUTER_BOUND ( 'NONE', #3777, .T. ) ;
#7278 = ORIENTED_EDGE ( 'NONE', *, *, #6085, .F. ) ;
#7279 = FACE_OUTER_BOUND ( 'NONE', #1293, .T. ) ;
#7280 = ORIENTED_EDGE ( 'NONE', *, *, #7744, .F. ) ;
#7281 = CARTESIAN_POINT ( 'NONE',  ( 0.000000000000000000, 52.99999999999999289, 32.00000000000000000 ) ) ;
#7282 = EDGE_LOOP ( 'NONE', ( #3052, #1664, #3878, #2021 ) ) ;
#7283 = EDGE_LOOP ( 'NONE', ( #3958, #6358, #6477 ) ) ;
#7284 = VECTOR ( 'NONE', #7223, 1000.000000000000000 ) ;
#7285 = EDGE_CURVE ( 'NONE', #1561, #4678, #6386, .T. ) ;
#7286 = AXIS2_PLACEMENT_3D ( 'NONE', #6773, #4762, #3446 ) ;
#7287 = DIRECTION ( 'NONE',  ( -1.000000000000000000, -0.000000000000000000, -0.000000000000000000 ) ) ;
#7288 = VERTEX_POINT ( 'NONE', #4696 ) ;
#7289 = AXIS2_PLACEMENT_3D ( 'NONE', #1384, #6055, #714 ) ;
#7290 = AXIS2_PLACEMENT_3D ( 'NONE', #4294, #8403, #7143 ) ;
#7291 = DIRECTION ( 'NONE',  ( -0.000000000000000000, 1.000000000000000000, 9.083130042379432208E-15 ) ) ;
#7292 = ORIENTED_EDGE ( 'NONE', *, *, #7550, .T. ) ;
#7293 = DIRECTION ( 'NONE',  ( 0.000000000000000000, 0.000000000000000000, 1.000000000000000000 ) ) ;
#7294 = ORIENTED_EDGE ( 'NONE', *, *, #5701, .T. ) ;
#7295 = EDGE_CURVE ( 'NONE', #1982, #7868, #4876, .T. ) ;
#7296 = EDGE_CURVE ( 'NONE', #511, #5293, #5986, .T. ) ;
#7297 = CARTESIAN_POINT ( 'NONE',  ( 6.000000000000005329, 10.66666666666667140, -40.99999999999999289 ) ) ;
#7298 = EDGE_CURVE ( 'NONE', #6039, #3389, #7113, .T. ) ;
#7299 = AXIS2_PLACEMENT_3D ( 'NONE', #580, #2625, #5304 ) ;
#7300 = ORIENTED_EDGE ( 'NONE', *, *, #7239, .F. ) ;
#7301 = EDGE_CURVE ( 'NONE', #4884, #157, #7926, .T. ) ;
#7302 = APPLICATION_PROTOCOL_DEFINITION ( 'draft international standard', 'automotive_design', 1998, #2131 ) ;
#7303 = CARTESIAN_POINT ( 'NONE',  ( 0.000000000000000000, 44.00000000000000711, 35.52786404500041328 ) ) ;
#7304 = ORIENTED_EDGE ( 'NONE', *, *, #3719, .F. ) ;
#7305 = CARTESIAN_POINT ( 'NONE',  ( 5.000000000000013323, -49.99999999999999289, 39.50000000000000000 ) ) ;
#7306 = VECTOR ( 'NONE', #1081, 1000.000000000000000 ) ;
#7307 = LINE ( 'NONE', #2667, #1997 ) ;
#7308 = CIRCLE ( 'NONE', #2437, 0.9999999999999940048 ) ;
#7309 = CARTESIAN_POINT ( 'NONE',  ( 0.8528190073562240681, -34.96837106548039031, 39.77238165000724024 ) ) ;
#7310 = ORIENTED_EDGE ( 'NONE', *, *, #6597, .T. ) ;
#7311 = CARTESIAN_POINT ( 'NONE',  ( 2.999999999999756195, -16.66666666666666430, -45.00000000000000000 ) ) ;
#7312 = ADVANCED_FACE ( 'NONE', ( #1343 ), #7887, .F. ) ;
#7313 = LINE ( 'NONE', #2028, #3246 ) ;
#7314 = EDGE_CURVE ( 'NONE', #242, #433, #1951, .T. ) ;
#7315 = VECTOR ( 'NONE', #2347, 1000.000000000000000 ) ;
#7316 = AXIS2_PLACEMENT_3D ( 'NONE', #1590, #3020, #5010 ) ;
#7317 = DIRECTION ( 'NONE',  ( 0.000000000000000000, -0.000000000000000000, -1.000000000000000000 ) ) ;
#7318 = CARTESIAN_POINT ( 'NONE',  ( 2.500000000000017764, -59.50000000000000711, -19.99999999999999645 ) ) ;
#7319 = DIRECTION ( 'NONE',  ( -1.000000000000000000, 0.000000000000000000, 0.000000000000000000 ) ) ;
#7320 = CIRCLE ( 'NONE', #4102, 1.999999999999988010 ) ;
#7321 = CIRCLE ( 'NONE', #3133, 1.000000000000000888 ) ;
#7322 = CARTESIAN_POINT ( 'NONE',  ( 7.000000000000000000, -32.06274606680621986, 40.99999999999999289 ) ) ;
#7323 = CARTESIAN_POINT ( 'NONE',  ( 0.000000000000000000, -40.00000000000000000, 39.99999999999999289 ) ) ;
#7324 = CARTESIAN_POINT ( 'NONE',  ( 0.000000000000000000, -32.06274606680622696, -42.99999999999998579 ) ) ;
#7325 = EDGE_LOOP ( 'NONE', ( #531, #4408, #5041, #5140 ) ) ;
#7326 = AXIS2_PLACEMENT_3D ( 'NONE', #4154, #6829, #893 ) ;
#7327 = AXIS2_PLACEMENT_3D ( 'NONE', #1645, #4295, #2914 ) ;
#7328 = DIRECTION ( 'NONE',  ( 0.000000000000000000, 0.000000000000000000, -1.000000000000000000 ) ) ;
#7329 = EDGE_LOOP ( 'NONE', ( #6602, #5733, #5425, #3747 ) ) ;
#7330 = CARTESIAN_POINT ( 'NONE',  ( 0.000000000000000000, 46.00000000000001421, -35.52786404500041328 ) ) ;
#7331 = AXIS2_PLACEMENT_3D ( 'NONE', #3352, #1361, #163 ) ;
#7332 = ORIENTED_EDGE ( 'NONE', *, *, #6032, .F. ) ;
#7333 = VERTEX_POINT ( 'NONE', #6546 ) ;
#7334 = EDGE_LOOP ( 'NONE', ( #711, #6114, #5673, #6995 ) ) ;
#7335 = AXIS2_PLACEMENT_3D ( 'NONE', #5129, #1794, #1145 ) ;
#7336 = ADVANCED_FACE ( 'NONE', ( #4609 ), #1912, .F. ) ;
#7337 = DIRECTION ( 'NONE',  ( -1.000000000000000000, -0.000000000000000000, -0.000000000000000000 ) ) ;
#7338 = FACE_OUTER_BOUND ( 'NONE', #6466, .T. ) ;
#7339 = EDGE_LOOP ( 'NONE', ( #6938, #1642, #6595, #8546 ) ) ;
#7340 = CIRCLE ( 'NONE', #7770, 1.850000000000001865 ) ;
#7341 = FACE_OUTER_BOUND ( 'NONE', #7594, .T. ) ;
#7342 = ORIENTED_EDGE ( 'NONE', *, *, #7359, .T. ) ;
#7343 = CARTESIAN_POINT ( 'NONE',  ( 5.000000000000000000, 49.99999999999999289, 39.50000000000000000 ) ) ;
#7344 = ADVANCED_FACE ( 'NONE', ( #6060 ), #8501, .T. ) ;
#7345 = ORIENTED_EDGE ( 'NONE', *, *, #5554, .F. ) ;
#7346 = DIRECTION ( 'NONE',  ( 0.000000000000000000, 1.000000000000000000, -7.384882149680603249E-16 ) ) ;
#7347 = EDGE_CURVE ( 'NONE', #7244, #8483, #3060, .T. ) ;
#7348 = CARTESIAN_POINT ( 'NONE',  ( 5.000000000000009770, -16.66666666666666430, -39.50000000000000000 ) ) ;
#7349 = CARTESIAN_POINT ( 'NONE',  ( 0.000000000000000000, 44.00000000000000711, 35.52786404500041328 ) ) ;
#7350 = EDGE_LOOP ( 'NONE', ( #7469, #5509, #6141, #5454 ) ) ;
#7351 = DIRECTION ( 'NONE',  ( 1.000000000000000000, 0.000000000000000000, 0.000000000000000000 ) ) ;
#7352 = CIRCLE ( 'NONE', #8598, 2.000000000000001776 ) ;
#7353 = DIRECTION ( 'NONE',  ( 1.000000000000000000, 0.000000000000000000, 0.000000000000000000 ) ) ;
#7354 = EDGE_LOOP ( 'NONE', ( #6246, #6723, #5249, #85 ) ) ;
#7355 = EDGE_CURVE ( 'NONE', #3628, #1074, #5301, .T. ) ;
#7356 = DIRECTION ( 'NONE',  ( 0.000000000000000000, -1.000000000000000000, 0.000000000000000000 ) ) ;
#7357 = VECTOR ( 'NONE', #1544, 1000.000000000000000 ) ;
#7358 = CARTESIAN_POINT ( 'NONE',  ( 6.850000000000006750, 16.66666666666667140, 39.50000000000000000 ) ) ;
#7359 = EDGE_CURVE ( 'NONE', #6410, #1953, #2221, .T. ) ;
#7360 = DIRECTION ( 'NONE',  ( -1.000000000000000000, -0.000000000000000000, -0.000000000000000000 ) ) ;
#7361 = DIRECTION ( 'NONE',  ( 0.000000000000000000, 0.000000000000000000, -1.000000000000000000 ) ) ;
#7362 = CARTESIAN_POINT ( 'NONE',  ( 10.00000000000000000, 40.00000000000000000, -39.99999999999999289 ) ) ;
#7363 = DIRECTION ( 'NONE',  ( -1.000000000000000000, 0.000000000000000000, 0.000000000000000000 ) ) ;
#7364 = VECTOR ( 'NONE', #4148, 1000.000000000000000 ) ;
#7365 = CARTESIAN_POINT ( 'NONE',  ( 0.2996024627624713776, 43.39795556848876856, -36.33101992523265977 ) ) ;
#7366 = CYLINDRICAL_SURFACE ( 'NONE', #6218, 1.000000000000000000 ) ;
#7367 = ORIENTED_EDGE ( 'NONE', *, *, #5898, .T. ) ;
#7368 = VECTOR ( 'NONE', #1244, 1000.000000000000227 ) ;
#7369 = ORIENTED_EDGE ( 'NONE', *, *, #6598, .T. ) ;
#7370 = CARTESIAN_POINT ( 'NONE',  ( 0.000000000000000000, -22.66666666666666075, -42.99999999999999289 ) ) ;
#7371 = ORIENTED_EDGE ( 'NONE', *, *, #2922, .F. ) ;
#7372 = ORIENTED_EDGE ( 'NONE', *, *, #8617, .F. ) ;
#7373 = DIRECTION ( 'NONE',  ( -1.000000000000000000, 0.000000000000000000, 0.000000000000000000 ) ) ;
#7374 = ORIENTED_EDGE ( 'NONE', *, *, #7838, .T. ) ;
#7375 = CIRCLE ( 'NONE', #4587, 5.000000000000004441 ) ;
#7376 = CARTESIAN_POINT ( 'NONE',  ( 143.6861997365472519, 20.66666666666666785, 33.00000000000000000 ) ) ;
#7377 = CARTESIAN_POINT ( 'NONE',  ( 5.000000000000013323, -49.99999999999999289, -39.50000000000000000 ) ) ;
#7378 = CARTESIAN_POINT ( 'NONE',  ( 1.000000000000000888, 32.06274606680621986, 41.99999999999999289 ) ) ;
#7379 =( GEOMETRIC_REPRESENTATION_CONTEXT ( 3 ) GLOBAL_UNCERTAINTY_ASSIGNED_CONTEXT ( ( #6117 ) ) GLOBAL_UNIT_ASSIGNED_CONTEXT ( ( #3891, #2585, #3271 ) ) REPRESENTATION_CONTEXT ( 'NONE', 'WORKASPACE' ) );
#7380 = AXIS2_PLACEMENT_3D ( 'NONE', #7568, #6916, #6048 ) ;
#7381 = ORIENTED_EDGE ( 'NONE', *, *, #70, .T. ) ;
#7382 = ORIENTED_EDGE ( 'NONE', *, *, #6721, .F. ) ;
#7383 = DIRECTION ( 'NONE',  ( 0.000000000000000000, -1.000000000000000000, 0.000000000000000000 ) ) ;
#7384 = ORIENTED_EDGE ( 'NONE', *, *, #8526, .T. ) ;
#7385 = EDGE_CURVE ( 'NONE', #3058, #6975, #6663, .T. ) ;
#7386 = DIRECTION ( 'NONE',  ( 1.000000000000000000, 0.000000000000000000, 0.000000000000000000 ) ) ;
#7387 = FACE_OUTER_BOUND ( 'NONE', #1713, .T. ) ;
#7388 = VECTOR ( 'NONE', #4840, 1000.000000000000000 ) ;
#7389 = ORIENTED_EDGE ( 'NONE', *, *, #7640, .F. ) ;
#7390 = DIRECTION ( 'NONE',  ( 0.000000000000000000, 0.000000000000000000, 1.000000000000000000 ) ) ;
#7391 = DIRECTION ( 'NONE',  ( 0.000000000000000000, 1.000000000000000000, 0.000000000000000000 ) ) ;
#7392 = CARTESIAN_POINT ( 'NONE',  ( 0.000000000000000000, 32.06274606680621986, -43.00000000000000000 ) ) ;
#7393 = ORIENTED_EDGE ( 'NONE', *, *, #4471, .T. ) ;
#7394 = CARTESIAN_POINT ( 'NONE',  ( 5.000000000000009770, -16.66666666666666430, -45.00000000000000000 ) ) ;
#7395 = VECTOR ( 'NONE', #5974, 1000.000000000000000 ) ;
#7396 = ADVANCED_FACE ( 'NONE', ( #677 ), #5972, .T. ) ;
#7397 = DIRECTION ( 'NONE',  ( 0.000000000000000000, 0.000000000000000000, 1.000000000000000000 ) ) ;
#7398 = ORIENTED_EDGE ( 'NONE', *, *, #984, .T. ) ;
#7399 = CARTESIAN_POINT ( 'NONE',  ( 6.000000000000005329, -12.66666666666667318, -32.00000000000000711 ) ) ;
#7400 = DIRECTION ( 'NONE',  ( -0.02829055873697652185, 0.000000000000000000, -0.9995997420399574951 ) ) ;
#7401 = DIRECTION ( 'NONE',  ( 1.000000000000000000, 0.000000000000000000, 0.000000000000000000 ) ) ;
#7402 = EDGE_CURVE ( 'NONE', #390, #2969, #826, .T. ) ;
#7403 = CARTESIAN_POINT ( 'NONE',  ( 7.000000000000460965, -16.66666666666666430, 45.00000000000000000 ) ) ;
#7404 = CYLINDRICAL_SURFACE ( 'NONE', #6011, 1.000000000000000888 ) ;
#7405 = DIRECTION ( 'NONE',  ( 0.000000000000000000, 0.000000000000000000, 1.000000000000000000 ) ) ;
#7406 = ORIENTED_EDGE ( 'NONE', *, *, #7539, .F. ) ;
#7407 = EDGE_CURVE ( 'NONE', #5063, #1827, #5318, .T. ) ;
#7408 = EDGE_LOOP ( 'NONE', ( #6306, #3912, #6382 ) ) ;
#7409 = CARTESIAN_POINT ( 'NONE',  ( 1.000000000000000888, -11.66666666666668561, -34.00000000000000000 ) ) ;
#7410 = EDGE_LOOP ( 'NONE', ( #6319, #7098, #1154, #8346 ) ) ;
#7411 = VERTEX_POINT ( 'NONE', #1223 ) ;
#7412 = DIRECTION ( 'NONE',  ( -1.000000000000000000, -0.000000000000000000, -0.000000000000000000 ) ) ;
#7413 = VERTEX_POINT ( 'NONE', #6017 ) ;
#7414 = EDGE_CURVE ( 'NONE', #6583, #3431, #3908, .T. ) ;
#7415 = DIRECTION ( 'NONE',  ( -1.000000000000000000, -0.000000000000000000, -0.000000000000000000 ) ) ;
#7416 = LINE ( 'NONE', #1437, #6613 ) ;
#7417 = CARTESIAN_POINT ( 'NONE',  ( 0.1067170043649137701, -43.93553735255773063, -36.53271052168664568 ) ) ;
#7418 = ORIENTED_EDGE ( 'NONE', *, *, #5079, .T. ) ;
#7419 = ORIENTED_EDGE ( 'NONE', *, *, #2113, .T. ) ;
#7420 = CARTESIAN_POINT ( 'NONE',  ( 6.000000000000005329, 22.66666666666667496, -40.99999999999999289 ) ) ;
#7421 = ORIENTED_EDGE ( 'NONE', *, *, #7511, .T. ) ;
#7422 = EDGE_CURVE ( 'NONE', #262, #5640, #7524, .T. ) ;
#7423 = DIRECTION ( 'NONE',  ( -1.000000000000000000, 0.000000000000000000, 0.000000000000000000 ) ) ;
#7424 = CIRCLE ( 'NONE', #6588, 1.000000000000000888 ) ;
#7425 = ORIENTED_EDGE ( 'NONE', *, *, #209, .F. ) ;
#7426 = CARTESIAN_POINT ( 'NONE',  ( 1.000000000000000888, 10.66666666666667140, 40.99999999999999289 ) ) ;
#7427 = DIRECTION ( 'NONE',  ( 0.000000000000000000, 0.000000000000000000, 1.000000000000000000 ) ) ;
#7428 = DIRECTION ( 'NONE',  ( 0.000000000000000000, -1.000000000000000000, 0.000000000000000000 ) ) ;
#7429 = EDGE_CURVE ( 'NONE', #2496, #2481, #1259, .T. ) ;
#7430 = ORIENTED_EDGE ( 'NONE', *, *, #3790, .F. ) ;
#7431 = VECTOR ( 'NONE', #3945, 1000.000000000000000 ) ;
#7432 = DIRECTION ( 'NONE',  ( 0.000000000000000000, -1.084202172485504187E-16, -1.000000000000000000 ) ) ;
#7433 = LINE ( 'NONE', #5610, #6262 ) ;
#7434 = DIRECTION ( 'NONE',  ( -1.000000000000000000, -0.000000000000000000, -0.000000000000000000 ) ) ;
#7435 = DIRECTION ( 'NONE',  ( 0.000000000000000000, 1.000000000000000000, 0.000000000000000000 ) ) ;
#7436 = CARTESIAN_POINT ( 'NONE',  ( 143.6861997365472519, 21.66666666666667496, -40.99999999999999289 ) ) ;
#7437 = VERTEX_POINT ( 'NONE', #1550 ) ;
#7438 = CIRCLE ( 'NONE', #4790, 1.850000000000000977 ) ;
#7439 = DIRECTION ( 'NONE',  ( 0.000000000000000000, -1.000000000000000000, 0.000000000000000000 ) ) ;
#7440 = CARTESIAN_POINT ( 'NONE',  ( 7.499999999999982236, -59.50000000000000711, -9.999999999999996447 ) ) ;
#7441 = CARTESIAN_POINT ( 'NONE',  ( 10.00000000000000000, 55.00000000000000000, 45.00000000000000000 ) ) ;
#7442 = ADVANCED_FACE ( 'NONE', ( #885 ), #845, .T. ) ;
#7443 = FACE_OUTER_BOUND ( 'NONE', #2994, .T. ) ;
#7444 = VECTOR ( 'NONE', #7052, 1000.000000000000000 ) ;
#7445 = AXIS2_PLACEMENT_3D ( 'NONE', #3640, #5098, #7007 ) ;
#7446 = DIRECTION ( 'NONE',  ( -0.000000000000000000, -1.000000000000000000, 3.252606517456512809E-16 ) ) ;
#7447 = DIRECTION ( 'NONE',  ( 0.000000000000000000, 0.000000000000000000, 1.000000000000000000 ) ) ;
#7448 = CARTESIAN_POINT ( 'NONE',  ( 0.000000000000000000, -40.00000000000000000, -35.40999999999998948 ) ) ;
#7449 = EDGE_LOOP ( 'NONE', ( #4933, #5848, #918, #3991, #2047, #1747 ) ) ;
#7450 = EDGE_CURVE ( 'NONE', #6967, #6298, #4164, .T. ) ;
#7451 = AXIS2_PLACEMENT_3D ( 'NONE', #6551, #5771, #5205 ) ;
#7452 = EDGE_CURVE ( 'NONE', #3431, #6797, #423, .T. ) ;
#7453 = ORIENTED_EDGE ( 'NONE', *, *, #5493, .F. ) ;
#7454 = DIRECTION ( 'NONE',  ( -1.000000000000000000, 0.000000000000000000, 0.000000000000000000 ) ) ;
#7455 = EDGE_LOOP ( 'NONE', ( #4904, #3261, #2874, #8580, #6304, #6261, #1091, #1406, #2823, #522, #6441, #3843, #6888, #4296 ) ) ;
#7456 = CIRCLE ( 'NONE', #7057, 2.000000000000253131 ) ;
#7457 = AXIS2_PLACEMENT_3D ( 'NONE', #3657, #8294, #4354 ) ;
#7458 = CARTESIAN_POINT ( 'NONE',  ( 0.9267950802467783689, 43.66149559481907971, 36.47039198547198424 ) ) ;
#7459 = ORIENTED_EDGE ( 'NONE', *, *, #2546, .T. ) ;
#7460 = DIRECTION ( 'NONE',  ( -0.7071067811865464625, 0.000000000000000000, 0.7071067811865486830 ) ) ;
#7461 = CIRCLE ( 'NONE', #2320, 1.000000000000000666 ) ;
#7462 = VECTOR ( 'NONE', #8496, 1000.000000000000000 ) ;
#7463 = CARTESIAN_POINT ( 'NONE',  ( 1.000000000000000888, 45.00000000000001421, 34.00000000000001421 ) ) ;
#7464 = EDGE_CURVE ( 'NONE', #8271, #5787, #7939, .T. ) ;
#7465 = CARTESIAN_POINT ( 'NONE',  ( 0.8074032449773838049, -40.00000000000000000, -34.99999999999999289 ) ) ;
#7466 = ORIENTED_EDGE ( 'NONE', *, *, #5474, .F. ) ;
#7467 = ORIENTED_EDGE ( 'NONE', *, *, #1219, .F. ) ;
#7468 = DIRECTION ( 'NONE',  ( 0.000000000000000000, 0.000000000000000000, -1.000000000000000000 ) ) ;
#7469 = ORIENTED_EDGE ( 'NONE', *, *, #4670, .T. ) ;
#7470 = AXIS2_PLACEMENT_3D ( 'NONE', #2418, #269, #2331 ) ;
#7471 = FACE_OUTER_BOUND ( 'NONE', #1364, .T. ) ;
#7472 = ORIENTED_EDGE ( 'NONE', *, *, #3840, .T. ) ;
#7473 = CARTESIAN_POINT ( 'NONE',  ( 0.1227374783114618811, -34.71041239714001847, 40.41634031964428431 ) ) ;
#7474 = CARTESIAN_POINT ( 'NONE',  ( 6.000000000000005329, -46.00000000000000711, -33.00000000000000000 ) ) ;
#7475 = VECTOR ( 'NONE', #1834, 1000.000000000000000 ) ;
#7476 = ORIENTED_EDGE ( 'NONE', *, *, #5329, .F. ) ;
#7477 = CARTESIAN_POINT ( 'NONE',  ( 6.000000000000005329, -20.66666666666667496, -34.00000000000000000 ) ) ;
#7478 = CARTESIAN_POINT ( 'NONE',  ( 5.000000000000005329, 16.66666666666667140, -45.00000000000000000 ) ) ;
#7479 = CARTESIAN_POINT ( 'NONE',  ( 7.000000000000000000, 10.66666666666668029, 2.643388153869426720E-15 ) ) ;
#7480 = DIRECTION ( 'NONE',  ( 0.000000000000000000, 1.000000000000000000, -0.000000000000000000 ) ) ;
#7481 = ORIENTED_EDGE ( 'NONE', *, *, #4076, .F. ) ;
#7482 = VECTOR ( 'NONE', #5366, 1000.000000000000000 ) ;
#7483 = CARTESIAN_POINT ( 'NONE',  ( 1.000000000000000888, -10.66666666666666785, 40.99999999999998579 ) ) ;
#7484 = FACE_OUTER_BOUND ( 'NONE', #4275, .T. ) ;
#7485 = LINE ( 'NONE', #757, #4787 ) ;
#7486 = DIRECTION ( 'NONE',  ( 0.000000000000000000, 0.000000000000000000, 1.000000000000000000 ) ) ;
#7487 = CARTESIAN_POINT ( 'NONE',  ( 6.000000000000005329, -20.66666666666667496, -33.00000000000000711 ) ) ;
#7488 = AXIS2_PLACEMENT_3D ( 'NONE', #5312, #50, #756 ) ;
#7489 = SPHERICAL_SURFACE ( 'NONE', #5978, 1.000000000000000000 ) ;
#7490 = VERTEX_POINT ( 'NONE', #4772 ) ;
#7491 = CARTESIAN_POINT ( 'NONE',  ( 6.850000000000008527, -16.66666666666666430, 39.50000000000000000 ) ) ;
#7492 = CARTESIAN_POINT ( 'NONE',  ( 143.6861997365472519, 20.66666666666667496, -33.00000000000000000 ) ) ;
#7493 = DIRECTION ( 'NONE',  ( 0.000000000000000000, 0.000000000000000000, 1.000000000000000000 ) ) ;
#7494 = VERTEX_POINT ( 'NONE', #751 ) ;
#7495 = EDGE_CURVE ( 'NONE', #6635, #2119, #45, .T. ) ;
#7496 = VERTEX_POINT ( 'NONE', #1455 ) ;
#7497 = CARTESIAN_POINT ( 'NONE',  ( 7.000000000000000000, -3.027801681369045567E-14, -41.00000000000000000 ) ) ;
#7498 = AXIS2_PLACEMENT_3D ( 'NONE', #1203, #367, #4422 ) ;
#7499 = CARTESIAN_POINT ( 'NONE',  ( 0.9879199426743566770, 43.82123951946810081, 36.51332435166501256 ) ) ;
#7500 = ORIENTED_EDGE ( 'NONE', *, *, #6425, .F. ) ;
#7501 = EDGE_CURVE ( 'NONE', #220, #408, #796, .T. ) ;
#7502 = VECTOR ( 'NONE', #5472, 1000.000000000000000 ) ;
#7503 = DIRECTION ( 'NONE',  ( 1.000000000000000000, 0.000000000000000000, -0.000000000000000000 ) ) ;
#7504 = DIRECTION ( 'NONE',  ( 0.000000000000000000, 0.000000000000000000, -1.000000000000000000 ) ) ;
#7505 = CYLINDRICAL_SURFACE ( 'NONE', #5231, 1.000000000000000888 ) ;
#7506 = CARTESIAN_POINT ( 'NONE',  ( 143.6861997365472519, -32.06274606680621986, 41.99999999999999289 ) ) ;
#7507 = EDGE_LOOP ( 'NONE', ( #435, #5392, #4715, #7825 ) ) ;
#7508 = ORIENTED_EDGE ( 'NONE', *, *, #8254, .T. ) ;
#7509 = VECTOR ( 'NONE', #7273, 1000.000000000000227 ) ;
#7510 = ORIENTED_EDGE ( 'NONE', *, *, #4971, .T. ) ;
#7511 = EDGE_CURVE ( 'NONE', #7831, #1447, #5867, .T. ) ;
#7512 = CARTESIAN_POINT ( 'NONE',  ( 0.000000000000000000, -55.00000000000000000, 19.99999999999999645 ) ) ;
#7513 = ADVANCED_FACE ( 'NONE', ( #4454 ), #2499, .F. ) ;
#7514 = DIRECTION ( 'NONE',  ( 0.000000000000000000, 1.000000000000000000, 0.000000000000000000 ) ) ;
#7515 = PRODUCT_DEFINITION_FORMATION_WITH_SPECIFIED_SOURCE ( 'ANY', '', #4457, .NOT_KNOWN. ) ;
#7516 = ORIENTED_EDGE ( 'NONE', *, *, #6791, .T. ) ;
#7517 = DIRECTION ( 'NONE',  ( 0.000000000000000000, 0.000000000000000000, 1.000000000000000000 ) ) ;
#7518 = VECTOR ( 'NONE', #6372, 1000.000000000000000 ) ;
#7519 = DIRECTION ( 'NONE',  ( 1.000000000000000000, 0.000000000000000000, 0.000000000000000000 ) ) ;
#7520 = ORIENTED_EDGE ( 'NONE', *, *, #3501, .F. ) ;
#7521 = CARTESIAN_POINT ( 'NONE',  ( 143.6861997365472519, -10.66666666666666785, 41.99999999999998579 ) ) ;
#7522 = DIRECTION ( 'NONE',  ( 0.000000000000000000, 0.000000000000000000, 1.000000000000000000 ) ) ;
#7523 = DIRECTION ( 'NONE',  ( 1.000000000000000000, 0.000000000000000000, 0.000000000000000000 ) ) ;
#7524 = CIRCLE ( 'NONE', #3760, 1.850000000000000977 ) ;
#7525 = DIRECTION ( 'NONE',  ( 0.000000000000000000, 2.478176394252584592E-16, 1.000000000000000000 ) ) ;
#7526 = LINE ( 'NONE', #2793, #1194 ) ;
#7527 = ORIENTED_EDGE ( 'NONE', *, *, #5664, .F. ) ;
#7528 = EDGE_CURVE ( 'NONE', #6404, #967, #2769, .T. ) ;
#7529 = CARTESIAN_POINT ( 'NONE',  ( 0.000000000000000000, -46.00000000000000711, 34.00000000000000711 ) ) ;
#7530 = DIRECTION ( 'NONE',  ( 0.000000000000000000, 1.000000000000000000, -0.000000000000000000 ) ) ;
#7531 = DIRECTION ( 'NONE',  ( 0.000000000000000000, 0.000000000000000000, -1.000000000000000000 ) ) ;
#7532 = FACE_OUTER_BOUND ( 'NONE', #7601, .T. ) ;
#7533 = CONICAL_SURFACE ( 'NONE', #6439, 4.590000000000003411, 0.7853981633974498333 ) ;
#7534 = DIRECTION ( 'NONE',  ( 0.000000000000000000, 0.000000000000000000, 1.000000000000000000 ) ) ;
#7535 = DIRECTION ( 'NONE',  ( -1.000000000000000000, 0.000000000000000000, 0.000000000000000000 ) ) ;
#7536 = DIRECTION ( 'NONE',  ( 0.000000000000000000, 0.000000000000000000, 1.000000000000000000 ) ) ;
#7537 = ORIENTED_EDGE ( 'NONE', *, *, #801, .F. ) ;
#7538 = AXIS2_PLACEMENT_3D ( 'NONE', #2564, #2042, #7447 ) ;
#7539 = EDGE_CURVE ( 'NONE', #8391, #1477, #270, .T. ) ;
#7540 = ORIENTED_EDGE ( 'NONE', *, *, #5603, .T. ) ;
#7541 = ORIENTED_EDGE ( 'NONE', *, *, #1909, .T. ) ;
#7542 = DIRECTION ( 'NONE',  ( 0.000000000000000000, 1.000000000000000000, 0.000000000000000000 ) ) ;
#7543 = EDGE_CURVE ( 'NONE', #1728, #8634, #978, .T. ) ;
#7544 = VERTEX_POINT ( 'NONE', #1148 ) ;
#7545 = DIRECTION ( 'NONE',  ( 9.797259423543498378E-16, 0.1249999999999985151, 0.9921567416492216296 ) ) ;
#7546 = EDGE_LOOP ( 'NONE', ( #7651, #4759, #176, #2608 ) ) ;
#7547 = DIRECTION ( 'NONE',  ( 1.000000000000000000, 0.000000000000000000, 0.000000000000000000 ) ) ;
#7548 = CARTESIAN_POINT ( 'NONE',  ( 2.499999999999999556, -55.00000000000000000, -9.999999999999996447 ) ) ;
#7549 = DIRECTION ( 'NONE',  ( 0.000000000000000000, 0.000000000000000000, 1.000000000000000000 ) ) ;
#7550 = EDGE_CURVE ( 'NONE', #7789, #2969, #5826, .T. ) ;
#7551 = ORIENTED_EDGE ( 'NONE', *, *, #3715, .F. ) ;
#7552 = ORIENTED_EDGE ( 'NONE', *, *, #1212, .F. ) ;
#7553 = ADVANCED_FACE ( 'NONE', ( #1881 ), #7860, .F. ) ;
#7554 = CARTESIAN_POINT ( 'NONE',  ( 6.000000000000005329, 35.03921629175388830, 39.37499999999999289 ) ) ;
#7555 = ORIENTED_EDGE ( 'NONE', *, *, #6, .F. ) ;
#7556 = DIRECTION ( 'NONE',  ( 0.000000000000000000, 0.000000000000000000, 1.000000000000000000 ) ) ;
#7557 = CARTESIAN_POINT ( 'NONE',  ( 1.000000000000000888, -12.66666666666667496, -34.00000000000000000 ) ) ;
#7558 = ORIENTED_EDGE ( 'NONE', *, *, #4287, .T. ) ;
#7559 = LINE ( 'NONE', #2966, #1211 ) ;
#7560 = DIRECTION ( 'NONE',  ( -1.000000000000000000, 0.000000000000000000, 0.000000000000000000 ) ) ;
#7561 = EDGE_CURVE ( 'NONE', #2138, #7411, #5996, .T. ) ;
#7562 = EDGE_CURVE ( 'NONE', #8589, #5975, #7246, .T. ) ;
#7563 = ADVANCED_FACE ( 'NONE', ( #2536 ), #3796, .T. ) ;
#7564 = ORIENTED_EDGE ( 'NONE', *, *, #8586, .F. ) ;
#7565 = CARTESIAN_POINT ( 'NONE',  ( 0.000000000000000000, -53.00000000000000711, -32.00000000000000000 ) ) ;
#7566 = CARTESIAN_POINT ( 'NONE',  ( 1.000000000000000000, 12.66666666666667496, -34.00000000000000000 ) ) ;
#7567 = AXIS2_PLACEMENT_3D ( 'NONE', #4015, #2711, #5390 ) ;
#7568 = CARTESIAN_POINT ( 'NONE',  ( 5.000000000000009770, -16.66666666666666430, -45.00000000000000000 ) ) ;
#7569 = LINE ( 'NONE', #1551, #1394 ) ;
#7570 = CARTESIAN_POINT ( 'NONE',  ( 0.2996024619727397642, -35.03921629175388119, -39.37499999999998579 ) ) ;
#7571 = VERTEX_POINT ( 'NONE', #4959 ) ;
#7572 = DIRECTION ( 'NONE',  ( -1.000000000000000000, -0.000000000000000000, -0.000000000000000000 ) ) ;
#7573 = CARTESIAN_POINT ( 'NONE',  ( 5.000000000000005329, 16.66666666666667140, 45.00000000000000000 ) ) ;
#7574 = VECTOR ( 'NONE', #2366, 1000.000000000000000 ) ;
#7575 = DIRECTION ( 'NONE',  ( 1.000000000000000000, 0.000000000000000000, 0.000000000000000000 ) ) ;
#7576 = AXIS2_PLACEMENT_3D ( 'NONE', #2760, #852, #7575 ) ;
#7577 = EDGE_CURVE ( 'NONE', #2274, #681, #2337, .T. ) ;
#7578 = DIRECTION ( 'NONE',  ( 0.000000000000000000, -0.000000000000000000, -1.000000000000000000 ) ) ;
#7579 = CARTESIAN_POINT ( 'NONE',  ( 6.000000000000000000, -22.66666666666666075, 40.99999999999998579 ) ) ;
#7580 = EDGE_CURVE ( 'NONE', #6608, #5859, #4453, .T. ) ;
#7581 = ORIENTED_EDGE ( 'NONE', *, *, #7511, .F. ) ;
#7582 = CARTESIAN_POINT ( 'NONE',  ( 143.6861997365472519, 10.66666666666666785, -41.99999999999999289 ) ) ;
#7583 = DIRECTION ( 'NONE',  ( -1.000000000000000000, 0.000000000000000000, 0.000000000000000000 ) ) ;
#7584 = FACE_OUTER_BOUND ( 'NONE', #8557, .T. ) ;
#7585 = VECTOR ( 'NONE', #4862, 1000.000000000000000 ) ;
#7586 = ORIENTED_EDGE ( 'NONE', *, *, #545, .T. ) ;
#7587 = ORIENTED_EDGE ( 'NONE', *, *, #5383, .T. ) ;
#7588 = AXIS2_PLACEMENT_3D ( 'NONE', #3295, #1913, #1955 ) ;
#7589 = CIRCLE ( 'NONE', #1041, 1.000000000000000888 ) ;
#7590 = VERTEX_POINT ( 'NONE', #1837 ) ;
#7591 = DIRECTION ( 'NONE',  ( 1.000000000000000000, -0.000000000000000000, -0.000000000000000000 ) ) ;
#7592 = ADVANCED_FACE ( 'NONE', ( #4498 ), #5902, .F. ) ;
#7593 = CARTESIAN_POINT ( 'NONE',  ( -1.328289917141329177E-09, 43.24601148656368110, 36.75245948064529244 ) ) ;
#7594 = EDGE_LOOP ( 'NONE', ( #6519, #7466, #1685, #4540 ) ) ;
#7595 = AXIS2_PLACEMENT_3D ( 'NONE', #6240, #239, #5580 ) ;
#7596 = AXIS2_PLACEMENT_3D ( 'NONE', #231, #5660, #6272 ) ;
#7597 = FACE_OUTER_BOUND ( 'NONE', #2950, .T. ) ;
#7598 = CARTESIAN_POINT ( 'NONE',  ( 1.000000000000000000, 46.00000000000001421, -35.52786404500041328 ) ) ;
#7599 = DIRECTION ( 'NONE',  ( 1.000000000000000000, 0.000000000000000000, 0.000000000000000000 ) ) ;
#7600 = ORIENTED_EDGE ( 'NONE', *, *, #4420, .T. ) ;
#7601 = EDGE_LOOP ( 'NONE', ( #5692, #3428, #3996, #7382 ) ) ;
#7602 = EDGE_LOOP ( 'NONE', ( #3672, #7332, #4855, #7520 ) ) ;
#7603 = CARTESIAN_POINT ( 'NONE',  ( 143.6861997365472519, 11.66666666666667318, 34.00000000000000000 ) ) ;
#7604 = CIRCLE ( 'NONE', #1893, 2.000000000000452083 ) ;
#7605 = EDGE_CURVE ( 'NONE', #8591, #529, #7210, .T. ) ;
#7606 = LINE ( 'NONE', #4230, #759 ) ;
#7607 = CIRCLE ( 'NONE', #1058, 1.000000000000000888 ) ;
#7608 = ORIENTED_EDGE ( 'NONE', *, *, #2862, .T. ) ;
#7609 = LINE ( 'NONE', #5649, #8576 ) ;
#7610 = CARTESIAN_POINT ( 'NONE',  ( 1.000000000000000888, 20.66666666666667140, 34.00000000000000000 ) ) ;
#7611 = ORIENTED_EDGE ( 'NONE', *, *, #8209, .T. ) ;
#7612 = DIRECTION ( 'NONE',  ( -1.000000000000000000, 0.000000000000000000, 0.000000000000000000 ) ) ;
#7613 = CARTESIAN_POINT ( 'NONE',  ( 2.340000000000001634, 40.00000000000000000, 37.75000000000000000 ) ) ;
#7614 = AXIS2_PLACEMENT_3D ( 'NONE', #3538, #7828, #5091 ) ;
#7615 = CARTESIAN_POINT ( 'NONE',  ( 6.000000000000005329, -44.00000000000000711, 35.52786404500041328 ) ) ;
#7616 = FACE_OUTER_BOUND ( 'NONE', #4208, .T. ) ;
#7617 = CARTESIAN_POINT ( 'NONE',  ( 0.8074032449773838049, -35.03921629175388830, -39.37499999999997868 ) ) ;
#7618 = EDGE_LOOP ( 'NONE', ( #3280, #1661, #7300, #540 ) ) ;
#7619 = EDGE_CURVE ( 'NONE', #5461, #6230, #5171, .T. ) ;
#7620 = ADVANCED_FACE ( 'NONE', ( #6557 ), #569, .F. ) ;
#7621 = CARTESIAN_POINT ( 'NONE',  ( 6.850000000000006750, 16.66666666666667140, -39.50000000000000000 ) ) ;
#7622 = AXIS2_PLACEMENT_3D ( 'NONE', #1100, #7242, #2453 ) ;
#7623 = DIRECTION ( 'NONE',  ( -1.000000000000000000, 0.000000000000000000, 0.000000000000000000 ) ) ;
#7624 = CYLINDRICAL_SURFACE ( 'NONE', #7327, 1.000000000000000888 ) ;
#7625 = CARTESIAN_POINT ( 'NONE',  ( 143.6861997365472519, 52.00000000000000000, -32.00000000000001421 ) ) ;
#7626 = VERTEX_POINT ( 'NONE', #2932 ) ;
#7627 = AXIS2_PLACEMENT_3D ( 'NONE', #865, #3517, #6198 ) ;
#7628 = DIRECTION ( 'NONE',  ( 0.000000000000000000, 1.000000000000000000, 2.775557561562896479E-15 ) ) ;
#7629 = LINE ( 'NONE', #6379, #2036 ) ;
#7630 = EDGE_LOOP ( 'NONE', ( #7020, #4860, #7774, #1697 ) ) ;
#7631 = EDGE_CURVE ( 'NONE', #7333, #1982, #3197, .T. ) ;
#7632 = EDGE_CURVE ( 'NONE', #6744, #2794, #5436, .T. ) ;
#7633 = ORIENTED_EDGE ( 'NONE', *, *, #2755, .T. ) ;
#7634 = ORIENTED_EDGE ( 'NONE', *, *, #6226, .T. ) ;
#7635 = CARTESIAN_POINT ( 'NONE',  ( 1.000000000000000888, 51.00000000000000000, -32.00000000000001421 ) ) ;
#7636 = ORIENTED_EDGE ( 'NONE', *, *, #4565, .T. ) ;
#7637 = AXIS2_PLACEMENT_3D ( 'NONE', #1595, #280, #6828 ) ;
#7638 = CARTESIAN_POINT ( 'NONE',  ( 0.2829882983839161481, 43.61348095067703667, 36.46059903212293563 ) ) ;
#7639 = ORIENTED_EDGE ( 'NONE', *, *, #3601, .T. ) ;
#7640 = EDGE_CURVE ( 'NONE', #5448, #882, #5292, .T. ) ;
#7641 = DIRECTION ( 'NONE',  ( 0.000000000000000000, 0.000000000000000000, 1.000000000000000000 ) ) ;
#7642 = VECTOR ( 'NONE', #583, 1000.000000000000114 ) ;
#7643 = LINE ( 'NONE', #349, #6592 ) ;
#7644 = CARTESIAN_POINT ( 'NONE',  ( 1.000000000000000888, 21.66666666666666785, 34.00000000000000000 ) ) ;
#7645 = VERTEX_POINT ( 'NONE', #113 ) ;
#7646 = EDGE_LOOP ( 'NONE', ( #4163, #873, #2687 ) ) ;
#7647 =( BOUNDED_SURFACE ( )  B_SPLINE_SURFACE ( 3, 2, ( 
 ( #343, #4935, #5680 ),
 ( #2217, #4989, #5590 ),
 ( #7593, #2175, #6943 ),
 ( #3573, #7638, #1617 ),
 ( #1663, #2815, #4309 ),
 ( #8337, #6296, #7458 ),
 ( #6987, #5499, #2952 ),
 ( #2998, #5633, #7499 ),
 ( #1522, #6802, #1478 ),
 ( #4127, #6156, #4888 ) ),
 .UNSPECIFIED., .F., .F., .T. ) 
 B_SPLINE_SURFACE_WITH_KNOTS ( ( 4, 2, 2, 2, 4 ),
 ( 3, 3 ),
 ( 0.002968709819793280934, 0.003303049194920843964, 0.003637388570048406562, 0.003971727945175969159, 0.004306067320303532189 ),
 ( 0.000000000000000000, 1.000000000000000000 ),
 .UNSPECIFIED. ) 
 GEOMETRIC_REPRESENTATION_ITEM ( )  RATIONAL_B_SPLINE_SURFACE ( (
 ( 1.000000000000000000, 0.8916277250063495696, 1.000000000000000000),
 ( 1.000000000000000000, 0.8916512620791086086, 1.000000000000000000),
 ( 1.000000000000000000, 0.8859281031689830721, 1.000000000000000000),
 ( 1.000000000000000000, 0.8644105303436385723, 1.000000000000000000),
 ( 1.000000000000000000, 0.8490010530078823114, 1.000000000000000000),
 ( 1.000000000000000000, 0.8125869578864538534, 1.000000000000000000),
 ( 1.000000000000000000, 0.7915330024648080665, 1.000000000000000000),
 ( 1.000000000000000000, 0.7479809182713098581, 1.000000000000000000),
 ( 1.000000000000000000, 0.7260408153299883205, 1.000000000000000000),
 ( 1.000000000000000000, 0.7071067811865523467, 1.000000000000000000) ) ) 
 REPRESENTATION_ITEM ( '' )  SURFACE ( )  );
#7648 = EDGE_LOOP ( 'NONE', ( #1232, #6034, #4950 ) ) ;
#7649 = FACE_OUTER_BOUND ( 'NONE', #7061, .T. ) ;
#7650 = CARTESIAN_POINT ( 'NONE',  ( 1.000000000000000888, 43.93221901135653695, 36.52556426930555489 ) ) ;
#7651 = ORIENTED_EDGE ( 'NONE', *, *, #7741, .F. ) ;
#7652 = DIRECTION ( 'NONE',  ( 0.000000000000000000, -1.000000000000000000, 0.000000000000000000 ) ) ;
#7653 = CARTESIAN_POINT ( 'NONE',  ( 7.000000000000000000, -10.66666666666668029, 2.643388153869426720E-15 ) ) ;
#7654 = CONICAL_SURFACE ( 'NONE', #4863, 2.000000000000253131, 0.02829433384850027836 ) ;
#7655 = VERTEX_POINT ( 'NONE', #729 ) ;
#7656 = CARTESIAN_POINT ( 'NONE',  ( 0.000000000000000000, -32.06274606680621986, 43.00000000000000000 ) ) ;
#7658 = EDGE_CURVE ( 'NONE', #5130, #2398, #2235, .T. ) ;
#7657 = DIRECTION ( 'NONE',  ( 1.000000000000000000, 0.000000000000000000, 0.000000000000000000 ) ) ;
#7659 = DIRECTION ( 'NONE',  ( 0.000000000000000000, 0.000000000000000000, 1.000000000000000000 ) ) ;
#7660 = DIRECTION ( 'NONE',  ( 1.000000000000000000, 0.000000000000000000, 0.000000000000000000 ) ) ;
#7661 = CARTESIAN_POINT ( 'NONE',  ( 6.000000000000005329, 52.00000000000000000, -32.00000000000001421 ) ) ;
#7662 = ORIENTED_EDGE ( 'NONE', *, *, #6411, .F. ) ;
#7663 = CIRCLE ( 'NONE', #1252, 4.590000000000003411 ) ;
#7664 = DIRECTION ( 'NONE',  ( 1.000000000000000000, -0.000000000000000000, -0.000000000000000000 ) ) ;
#7665 = DIRECTION ( 'NONE',  ( 0.000000000000000000, 0.000000000000000000, 1.000000000000000000 ) ) ;
#7666 = PLANE ( 'NONE',  #8326 ) ;
#7667 = DIRECTION ( 'NONE',  ( -0.000000000000000000, 1.000000000000000000, -0.000000000000000000 ) ) ;
#7668 = CIRCLE ( 'NONE', #414, 1.000000000000000000 ) ;
#7669 = EDGE_LOOP ( 'NONE', ( #6211, #5719, #1101, #2100, #652 ) ) ;
#7670 = VECTOR ( 'NONE', #6478, 1000.000000000000000 ) ;
#7671 = EDGE_CURVE ( 'NONE', #6842, #2368, #3920, .T. ) ;
#7672 = CARTESIAN_POINT ( 'NONE',  ( 1.000000000000000888, -44.00000000000000711, 35.52786404500041328 ) ) ;
#7673 = CARTESIAN_POINT ( 'NONE',  ( 0.000000000000000000, -35.44600055583006792, 39.42624999999999602 ) ) ;
#7674 = LINE ( 'NONE', #1694, #6915 ) ;
#7675 = EDGE_LOOP ( 'NONE', ( #7717, #601 ) ) ;
#7676 = AXIS2_PLACEMENT_3D ( 'NONE', #3336, #594, #4698 ) ;
#7677 = DIRECTION ( 'NONE',  ( 0.000000000000000000, 0.000000000000000000, 1.000000000000000000 ) ) ;
#7678 = ORIENTED_EDGE ( 'NONE', *, *, #3805, .T. ) ;
#7679 = ORIENTED_EDGE ( 'NONE', *, *, #3300, .T. ) ;
#7680 = LINE ( 'NONE', #4346, #8033 ) ;
#7681 = EDGE_CURVE ( 'NONE', #828, #8301, #4170, .T. ) ;
#7682 = ORIENTED_EDGE ( 'NONE', *, *, #8537, .T. ) ;
#7683 = EDGE_CURVE ( 'NONE', #4036, #2604, #8505, .T. ) ;
#7684 = CIRCLE ( 'NONE', #5736, 1.000000000000000000 ) ;
#7685 = CARTESIAN_POINT ( 'NONE',  ( 1.885404724194462961E-09, 43.62364084957119559, -37.18068063004876223 ) ) ;
#7686 = ORIENTED_EDGE ( 'NONE', *, *, #4910, .T. ) ;
#7687 = DIRECTION ( 'NONE',  ( 0.000000000000000000, 0.000000000000000000, 1.000000000000000000 ) ) ;
#7688 = CARTESIAN_POINT ( 'NONE',  ( 2.340000000000001634, 40.00000000000000000, -39.99999999999999289 ) ) ;
#7689 = DIRECTION ( 'NONE',  ( 0.000000000000000000, 0.000000000000000000, 1.000000000000000000 ) ) ;
#7690 = CARTESIAN_POINT ( 'NONE',  ( 10.00000000000000000, -40.00000000000000000, -39.99999999999999289 ) ) ;
#7691 = ORIENTED_EDGE ( 'NONE', *, *, #5753, .F. ) ;
#7692 = VERTEX_POINT ( 'NONE', #1433 ) ;
#7693 = EDGE_CURVE ( 'NONE', #2314, #2999, #689, .T. ) ;
#7694 = ORIENTED_EDGE ( 'NONE', *, *, #3656, .F. ) ;
#7695 = CIRCLE ( 'NONE', #5770, 5.000000000000004441 ) ;
#7696 = DIRECTION ( 'NONE',  ( -1.000000000000000000, -0.000000000000000000, -0.000000000000000000 ) ) ;
#7697 = LINE ( 'NONE', #5157, #3901 ) ;
#7698 = FACE_OUTER_BOUND ( 'NONE', #2520, .T. ) ;
#7699 = ORIENTED_EDGE ( 'NONE', *, *, #1003, .F. ) ;
#7700 = LINE ( 'NONE', #406, #5255 ) ;
#7701 = EDGE_LOOP ( 'NONE', ( #872, #3268, #1218, #5539 ) ) ;
#7702 = CARTESIAN_POINT ( 'NONE',  ( 0.8074032449773825837, -36.03137303340311348, -39.49999999999997868 ) ) ;
#7703 = CARTESIAN_POINT ( 'NONE',  ( 0.8074032449773376197, 36.03137303340322717, 39.49999999999961631 ) ) ;
#7704 = CARTESIAN_POINT ( 'NONE',  ( 0.2377685253758815842, -34.82792455453422775, -40.17573960023480595 ) ) ;
#7705 = ORIENTED_EDGE ( 'NONE', *, *, #8529, .T. ) ;
#7706 = CARTESIAN_POINT ( 'NONE',  ( 3.150000000000003020, 16.66666666666667140, -39.50000000000000000 ) ) ;
#7707 = ADVANCED_FACE ( 'NONE', ( #4619 ), #7533, .F. ) ;
#7708 = DIRECTION ( 'NONE',  ( 0.000000000000000000, 0.000000000000000000, 1.000000000000000000 ) ) ;
#7709 = DIRECTION ( 'NONE',  ( 0.000000000000000000, 0.000000000000000000, 1.000000000000000000 ) ) ;
#7710 = AXIS2_PLACEMENT_3D ( 'NONE', #375, #3026, #5706 ) ;
#7711 = DIRECTION ( 'NONE',  ( -1.000000000000000000, -0.000000000000000000, -0.000000000000000000 ) ) ;
#7712 = DIRECTION ( 'NONE',  ( -1.000000000000000000, -0.000000000000000000, -0.000000000000000000 ) ) ;
#7713 = DIRECTION ( 'NONE',  ( -0.000000000000000000, -2.478176394252584592E-16, -1.000000000000000000 ) ) ;
#7714 = LINE ( 'NONE', #1650, #8137 ) ;
#7715 = DIRECTION ( 'NONE',  ( -0.000000000000000000, -0.000000000000000000, 1.000000000000000000 ) ) ;
#7716 = DIRECTION ( 'NONE',  ( 0.000000000000000000, -1.000000000000000000, 0.000000000000000000 ) ) ;
#7717 = ORIENTED_EDGE ( 'NONE', *, *, #2706, .F. ) ;
#7718 = AXIS2_PLACEMENT_3D ( 'NONE', #2737, #6717, #4756 ) ;
#7719 = VECTOR ( 'NONE', #8449, 1000.000000000000000 ) ;
#7720 = CYLINDRICAL_SURFACE ( 'NONE', #2060, 0.9999999999999940048 ) ;
#7721 = ADVANCED_FACE ( 'NONE', ( #603 ), #7128, .T. ) ;
#7722 = DIRECTION ( 'NONE',  ( -1.000000000000000000, 0.000000000000000000, 0.000000000000000000 ) ) ;
#7723 = ORIENTED_EDGE ( 'NONE', *, *, #3825, .F. ) ;
#7724 = ORIENTED_EDGE ( 'NONE', *, *, #7561, .T. ) ;
#7725 = CARTESIAN_POINT ( 'NONE',  ( 6.000000000000005329, -22.66666666666666075, -40.99999999999998579 ) ) ;
#7726 = EDGE_LOOP ( 'NONE', ( #5599, #261, #3290, #1841 ) ) ;
#7727 = CIRCLE ( 'NONE', #7029, 1.000000000000000888 ) ;
#7728 = CARTESIAN_POINT ( 'NONE',  ( 0.8782414818815762469, 43.56139952882003286, -36.42818859365594619 ) ) ;
#7729 = ORIENTED_EDGE ( 'NONE', *, *, #4482, .F. ) ;
#7730 = EDGE_CURVE ( 'NONE', #4095, #7859, #6005, .T. ) ;
#7731 = AXIS2_PLACEMENT_3D ( 'NONE', #4686, #6574, #2756 ) ;
#7732 = EDGE_CURVE ( 'NONE', #8457, #707, #6289, .T. ) ;
#7733 = DIRECTION ( 'NONE',  ( 0.000000000000000000, 0.000000000000000000, 1.000000000000000000 ) ) ;
#7734 = AXIS2_PLACEMENT_3D ( 'NONE', #217, #6162, #5458 ) ;
#7735 = DIRECTION ( 'NONE',  ( 0.000000000000000000, 0.000000000000000000, 1.000000000000000000 ) ) ;
#7736 = DIRECTION ( 'NONE',  ( -1.000000000000000000, 0.000000000000000000, 0.000000000000000000 ) ) ;
#7737 = ORIENTED_EDGE ( 'NONE', *, *, #2755, .F. ) ;
#7738 = ORIENTED_EDGE ( 'NONE', *, *, #7464, .T. ) ;
#7739 = VECTOR ( 'NONE', #6308, 1000.000000000000000 ) ;
#7740 = VECTOR ( 'NONE', #3092, 1000.000000000000000 ) ;
#7741 = EDGE_CURVE ( 'NONE', #7655, #8243, #6589, .T. ) ;
#7742 = EDGE_LOOP ( 'NONE', ( #5740, #2444, #444, #4085 ) ) ;
#7743 = EDGE_CURVE ( 'NONE', #8589, #111, #1264, .T. ) ;
#7744 = EDGE_CURVE ( 'NONE', #5293, #511, #5585, .T. ) ;
#7745 = DIRECTION ( 'NONE',  ( -0.000000000000000000, -0.000000000000000000, 1.000000000000000000 ) ) ;
#7746 = ORIENTED_EDGE ( 'NONE', *, *, #7782, .T. ) ;
#7747 = AXIS2_PLACEMENT_3D ( 'NONE', #1526, #2912, #2867 ) ;
#7748 = CIRCLE ( 'NONE', #4386, 1.000000000000000000 ) ;
#7749 = DIRECTION ( 'NONE',  ( -0.000000000000000000, 1.000000000000000000, 0.000000000000000000 ) ) ;
#7750 = ORIENTED_EDGE ( 'NONE', *, *, #3776, .F. ) ;
#7751 = CARTESIAN_POINT ( 'NONE',  ( 1.000000000000000888, -46.00000000000000711, -34.00000000000000000 ) ) ;
#7752 = CIRCLE ( 'NONE', #3963, 1.000000000000000000 ) ;
#7753 = DIRECTION ( 'NONE',  ( 0.02829055873697620960, 0.000000000000000000, 0.9995997420399574951 ) ) ;
#7754 = CARTESIAN_POINT ( 'NONE',  ( 6.000000000000005329, 44.00000000000000711, 36.52786404500042039 ) ) ;
#7755 = DIRECTION ( 'NONE',  ( 3.469446951953610639E-15, 1.000000000000000000, 0.000000000000000000 ) ) ;
#7756 = DIRECTION ( 'NONE',  ( -1.000000000000000000, 0.000000000000000000, 0.000000000000000000 ) ) ;
#7757 = DIRECTION ( 'NONE',  ( -1.000000000000000000, 0.000000000000000000, 0.000000000000000000 ) ) ;
#7758 = VECTOR ( 'NONE', #2375, 1000.000000000000000 ) ;
#7759 = AXIS2_PLACEMENT_3D ( 'NONE', #7919, #1858, #7149 ) ;
#7760 = DIRECTION ( 'NONE',  ( 0.000000000000000000, -1.000000000000000000, 0.000000000000000000 ) ) ;
#7761 = DIRECTION ( 'NONE',  ( 1.000000000000000000, 0.000000000000000000, 0.000000000000000000 ) ) ;
#7762 = DIRECTION ( 'NONE',  ( 0.000000000000000000, 0.000000000000000000, 1.000000000000000000 ) ) ;
#7763 = DIRECTION ( 'NONE',  ( -1.000000000000000000, -0.000000000000000000, -0.000000000000000000 ) ) ;
#7764 = ORIENTED_EDGE ( 'NONE', *, *, #933, .T. ) ;
#7765 = AXIS2_PLACEMENT_3D ( 'NONE', #218, #2409, #7549 ) ;
#7766 = CARTESIAN_POINT ( 'NONE',  ( 0.9257962900745752011, 34.87320448729857247, 40.05419641778748741 ) ) ;
#7767 = CARTESIAN_POINT ( 'NONE',  ( 1.000000000000000888, 44.00000000000000711, 35.52786404500041328 ) ) ;
#7768 = VERTEX_POINT ( 'NONE', #2653 ) ;
#7769 = ORIENTED_EDGE ( 'NONE', *, *, #2909, .F. ) ;
#7770 = AXIS2_PLACEMENT_3D ( 'NONE', #7155, #1906, #2399 ) ;
#7771 = ORIENTED_EDGE ( 'NONE', *, *, #4409, .F. ) ;
#7772 = ADVANCED_FACE ( 'NONE', ( #5327 ), #6686, .F. ) ;
#7773 = CARTESIAN_POINT ( 'NONE',  ( 0.8184460840253929836, 43.42027709852909112, -36.34453116541664031 ) ) ;
#7774 = ORIENTED_EDGE ( 'NONE', *, *, #5125, .F. ) ;
#7775 = CARTESIAN_POINT ( 'NONE',  ( 0.000000000000000000, -20.66666666666666785, 34.00000000000000711 ) ) ;
#7776 = LINE ( 'NONE', #961, #5080 ) ;
#7777 = CYLINDRICAL_SURFACE ( 'NONE', #8582, 2.249999999999995115 ) ;
#7778 = AXIS2_PLACEMENT_3D ( 'NONE', #1927, #6594, #1885 ) ;
#7779 = ORIENTED_EDGE ( 'NONE', *, *, #2987, .T. ) ;
#7780 = ORIENTED_EDGE ( 'NONE', *, *, #5321, .T. ) ;
#7781 = EDGE_CURVE ( 'NONE', #5074, #7496, #2003, .T. ) ;
#7782 = EDGE_CURVE ( 'NONE', #2507, #1612, #2643, .T. ) ;
#7783 = ORIENTED_EDGE ( 'NONE', *, *, #5592, .F. ) ;
#7784 = STYLED_ITEM ( 'NONE', ( #2629 ), #6187 ) ;
#7785 = LINE ( 'NONE', #850, #5839 ) ;
#7786 = ORIENTED_EDGE ( 'NONE', *, *, #1639, .F. ) ;
#7787 = CARTESIAN_POINT ( 'NONE',  ( -6.829394412867370441E-10, -43.15520845258708249, -36.66397302448611129 ) ) ;
#7788 = DIRECTION ( 'NONE',  ( -0.000000000000000000, -0.000000000000000000, 1.000000000000000000 ) ) ;
#7789 = VERTEX_POINT ( 'NONE', #2049 ) ;
#7790 = CARTESIAN_POINT ( 'NONE',  ( 1.000000000000000888, 45.00000000000001421, -35.52786404500041328 ) ) ;
#7791 = EDGE_CURVE ( 'NONE', #5859, #5937, #912, .T. ) ;
#7792 = TOROIDAL_SURFACE ( 'NONE', #5286, 2.000000000000006217, 1.000000000000000000 ) ;
#7793 = DIRECTION ( 'NONE',  ( -1.000000000000000000, 0.000000000000000000, 0.000000000000000000 ) ) ;
#7794 = EDGE_CURVE ( 'NONE', #6697, #6292, #6043, .T. ) ;
#7795 = DIRECTION ( 'NONE',  ( 0.000000000000000000, 0.000000000000000000, 1.000000000000000000 ) ) ;
#7796 = CARTESIAN_POINT ( 'NONE',  ( 10.00000000000000178, -56.99999999999998579, 19.99999999999999645 ) ) ;
#7797 = LINE ( 'NONE', #2587, #210 ) ;
#7798 = CARTESIAN_POINT ( 'NONE',  ( 7.500000000000000888, -55.00000000000000000, 9.999999999999996447 ) ) ;
#7799 = LINE ( 'NONE', #6495, #5541 ) ;
#7800 = DIRECTION ( 'NONE',  ( 0.000000000000000000, 0.000000000000000000, 1.000000000000000000 ) ) ;
#7801 = CARTESIAN_POINT ( 'NONE',  ( 143.6861997365472519, 20.66666666666667140, -34.00000000000000000 ) ) ;
#7802 = DIRECTION ( 'NONE',  ( -1.000000000000000000, 0.000000000000000000, 0.000000000000000000 ) ) ;
#7803 = ADVANCED_FACE ( 'NONE', ( #957 ), #297, .T. ) ;
#7804 = VERTEX_POINT ( 'NONE', #3521 ) ;
#7805 = VECTOR ( 'NONE', #5707, 1000.000000000000000 ) ;
#7806 = DIRECTION ( 'NONE',  ( 0.000000000000000000, -0.1250000000000000555, 0.9921567416492216296 ) ) ;
#7807 = DIRECTION ( 'NONE',  ( -0.000000000000000000, 9.083130042379432208E-15, -1.000000000000000000 ) ) ;
#7808 = CARTESIAN_POINT ( 'NONE',  ( 1.000000000000000888, 34.65725893522787260, 40.50615503039842480 ) ) ;
#7809 = CARTESIAN_POINT ( 'NONE',  ( 1.000000000000000888, -32.06274606680621986, 41.99999999999999289 ) ) ;
#7810 = CIRCLE ( 'NONE', #8500, 4.590000000000003411 ) ;
#7811 = VECTOR ( 'NONE', #3182, 1000.000000000000000 ) ;
#7812 = ORIENTED_EDGE ( 'NONE', *, *, #1699, .T. ) ;
#7813 = DIRECTION ( 'NONE',  ( 0.000000000000000000, 0.000000000000000000, 1.000000000000000000 ) ) ;
#7814 = DIRECTION ( 'NONE',  ( 0.000000000000000000, 0.000000000000000000, 1.000000000000000000 ) ) ;
#7815 = VERTEX_POINT ( 'NONE', #2266 ) ;
#7816 = VECTOR ( 'NONE', #7123, 1000.000000000000000 ) ;
#7817 = DIRECTION ( 'NONE',  ( 1.000000000000000000, 0.000000000000000000, 0.000000000000000000 ) ) ;
#7818 = ADVANCED_FACE ( 'NONE', ( #4269 ), #7647, .T. ) ;
#7819 = DIRECTION ( 'NONE',  ( 0.000000000000000000, 0.000000000000000000, 1.000000000000000000 ) ) ;
#7820 = CARTESIAN_POINT ( 'NONE',  ( 0.000000000000000000, 43.86443802271307391, 37.52326449361068939 ) ) ;
#7821 = TOROIDAL_SURFACE ( 'NONE', #2387, 2.000000000000002665, 1.000000000000000000 ) ;
#7822 = ORIENTED_EDGE ( 'NONE', *, *, #8348, .T. ) ;
#7823 = ORIENTED_EDGE ( 'NONE', *, *, #2546, .F. ) ;
#7824 = DIRECTION ( 'NONE',  ( -1.000000000000000000, 0.000000000000000000, -0.000000000000000000 ) ) ;
#7825 = ORIENTED_EDGE ( 'NONE', *, *, #3976, .F. ) ;
#7826 = DIRECTION ( 'NONE',  ( 0.000000000000000000, 0.000000000000000000, 1.000000000000000000 ) ) ;
#7827 = ORIENTED_EDGE ( 'NONE', *, *, #6032, .T. ) ;
#7828 = DIRECTION ( 'NONE',  ( 0.000000000000000000, 0.000000000000000000, 1.000000000000000000 ) ) ;
#7829 = EDGE_CURVE ( 'NONE', #1922, #645, #4171, .T. ) ;
#7830 = CARTESIAN_POINT ( 'NONE',  ( 7.500000000000000888, -56.50000000000000000, -9.999999999999996447 ) ) ;
#7831 = VERTEX_POINT ( 'NONE', #2905 ) ;
#7832 = DIRECTION ( 'NONE',  ( 0.000000000000000000, -1.000000000000000000, 0.000000000000000000 ) ) ;
#7833 = DIRECTION ( 'NONE',  ( 0.000000000000000000, 0.8648376228072159888, 0.5020516767994741558 ) ) ;
#7834 = CARTESIAN_POINT ( 'NONE',  ( 6.000000000000005329, 22.66666666666666785, 41.99999999999999289 ) ) ;
#7835 = ADVANCED_FACE ( 'NONE', ( #8291 ), #866, .T. ) ;
#7836 = EDGE_CURVE ( 'NONE', #1419, #6687, #3625, .T. ) ;
#7837 = SPHERICAL_SURFACE ( 'NONE', #4261, 1.000000000000000000 ) ;
#7838 = EDGE_CURVE ( 'NONE', #1235, #2314, #8223, .T. ) ;
#7839 = DIRECTION ( 'NONE',  ( -0.000000000000000000, 0.000000000000000000, 1.000000000000000000 ) ) ;
#7840 = DIRECTION ( 'NONE',  ( -1.000000000000000000, -0.000000000000000000, -0.000000000000000000 ) ) ;
#7841 = DIRECTION ( 'NONE',  ( 0.000000000000000000, 2.478176394252584592E-16, 1.000000000000000000 ) ) ;
#7842 = FACE_OUTER_BOUND ( 'NONE', #2467, .T. ) ;
#7843 = EDGE_CURVE ( 'NONE', #3722, #1677, #8245, .T. ) ;
#7844 = CARTESIAN_POINT ( 'NONE',  ( 2.999999999999554134, 16.66666666666667140, 45.00000000000000000 ) ) ;
#7845 = DIRECTION ( 'NONE',  ( -1.000000000000000000, 0.000000000000000000, 0.000000000000000000 ) ) ;
#7846 = ORIENTED_EDGE ( 'NONE', *, *, #800, .T. ) ;
#7847 = ADVANCED_FACE ( 'NONE', ( #7850 ), #3087, .T. ) ;
#7848 = EDGE_LOOP ( 'NONE', ( #7043, #2001 ) ) ;
#7849 = DIRECTION ( 'NONE',  ( -0.000000000000000000, 1.000000000000000000, 0.000000000000000000 ) ) ;
#7850 = FACE_OUTER_BOUND ( 'NONE', #1917, .T. ) ;
#7851 = AXIS2_PLACEMENT_3D ( 'NONE', #4106, #6092, #5430 ) ;
#7852 = VERTEX_POINT ( 'NONE', #8503 ) ;
#7853 = CARTESIAN_POINT ( 'NONE',  ( 6.000000000000005329, -45.00000000000000711, 35.52786404500041328 ) ) ;
#7854 = EDGE_CURVE ( 'NONE', #5874, #7815, #5767, .T. ) ;
#7855 = DIRECTION ( 'NONE',  ( 0.000000000000000000, 4.541565021189716104E-15, 1.000000000000000000 ) ) ;
#7856 = AXIS2_PLACEMENT_3D ( 'NONE', #2298, #4970, #99 ) ;
#7857 = FACE_OUTER_BOUND ( 'NONE', #7325, .T. ) ;
#7858 = EDGE_LOOP ( 'NONE', ( #3755, #2556 ) ) ;
#7859 = VERTEX_POINT ( 'NONE', #437 ) ;
#7860 = PLANE ( 'NONE',  #1127 ) ;
#7861 = ORIENTED_EDGE ( 'NONE', *, *, #3816, .T. ) ;
#7862 = AXIS2_PLACEMENT_3D ( 'NONE', #6622, #1296, #1829 ) ;
#7863 = AXIS2_PLACEMENT_3D ( 'NONE', #548, #7182, #8525 ) ;
#7864 = DIRECTION ( 'NONE',  ( 0.000000000000000000, 0.000000000000000000, 1.000000000000000000 ) ) ;
#7865 = ORIENTED_EDGE ( 'NONE', *, *, #6560, .F. ) ;
#7866 = FACE_OUTER_BOUND ( 'NONE', #1520, .T. ) ;
#7867 = AXIS2_PLACEMENT_3D ( 'NONE', #7582, #2392, #8281 ) ;
#7868 = VERTEX_POINT ( 'NONE', #1181 ) ;
#7869 = LINE ( 'NONE', #1891, #7368 ) ;
#7870 = EDGE_CURVE ( 'NONE', #3191, #1235, #7030, .T. ) ;
#7871 = DIRECTION ( 'NONE',  ( -1.000000000000000000, 0.000000000000000000, 0.000000000000000000 ) ) ;
#7872 = VECTOR ( 'NONE', #6264, 1000.000000000000000 ) ;
#7873 = DIRECTION ( 'NONE',  ( -1.000000000000000000, 0.000000000000000000, 0.000000000000000000 ) ) ;
#7874 = DIRECTION ( 'NONE',  ( 0.000000000000000000, 1.000000000000000000, 0.000000000000000000 ) ) ;
#7875 = LINE ( 'NONE', #2068, #3230 ) ;
#7876 = ORIENTED_EDGE ( 'NONE', *, *, #6855, .F. ) ;
#7877 = VECTOR ( 'NONE', #3011, 1000.000000000000000 ) ;
#7878 = CIRCLE ( 'NONE', #4974, 4.590000000000003411 ) ;
#7879 = ADVANCED_FACE ( 'NONE', ( #562 ), #4027, .F. ) ;
#7880 = PLANE ( 'NONE',  #5251 ) ;
#7881 = DIRECTION ( 'NONE',  ( 0.000000000000000000, 0.000000000000000000, 1.000000000000000000 ) ) ;
#7882 = CIRCLE ( 'NONE', #1055, 4.590000000000003411 ) ;
#7883 = AXIS2_PLACEMENT_3D ( 'NONE', #7269, #629, #5964 ) ;
#7884 = DIRECTION ( 'NONE',  ( 1.000000000000000000, 0.000000000000000000, 0.000000000000000000 ) ) ;
#7885 = DIRECTION ( 'NONE',  ( 0.000000000000000000, 0.000000000000000000, 1.000000000000000000 ) ) ;
#7886 = ORIENTED_EDGE ( 'NONE', *, *, #8478, .T. ) ;
#7887 = CYLINDRICAL_SURFACE ( 'NONE', #3893, 2.249999999999995115 ) ;
#7888 = EDGE_CURVE ( 'NONE', #1939, #6500, #7200, .T. ) ;
#7889 = CARTESIAN_POINT ( 'NONE',  ( 0.000000000000000000, -55.00000000000000000, 9.999999999999996447 ) ) ;
#7890 = CARTESIAN_POINT ( 'NONE',  ( 5.000000000000009770, -16.66666666666666430, -39.69999999999039630 ) ) ;
#7891 = ORIENTED_EDGE ( 'NONE', *, *, #2777, .F. ) ;
#7892 = EDGE_CURVE ( 'NONE', #2184, #6884, #6387, .T. ) ;
#7893 = DIRECTION ( 'NONE',  ( 0.000000000000000000, 1.000000000000000000, 0.000000000000000000 ) ) ;
#7894 = AXIS2_PLACEMENT_3D ( 'NONE', #6949, #7736, #2869 ) ;
#7895 = CARTESIAN_POINT ( 'NONE',  ( 6.000000000000005329, -40.00000000000000000, -33.99999999999998579 ) ) ;
#7896 = VERTEX_POINT ( 'NONE', #4491 ) ;
#7897 = ORIENTED_EDGE ( 'NONE', *, *, #7854, .T. ) ;
#7898 = DIRECTION ( 'NONE',  ( 0.000000000000000000, 0.000000000000000000, 1.000000000000000000 ) ) ;
#7899 = ORIENTED_EDGE ( 'NONE', *, *, #4520, .T. ) ;
#7900 = EDGE_CURVE ( 'NONE', #5431, #7768, #979, .T. ) ;
#7901 = CIRCLE ( 'NONE', #8170, 4.590000000000003411 ) ;
#7902 = CARTESIAN_POINT ( 'NONE',  ( 6.000000000000005329, 12.66666666666667673, -34.00000000000000000 ) ) ;
#7903 = CARTESIAN_POINT ( 'NONE',  ( 0.2262681015122831873, -43.81025811625325161, -36.52431660722216833 ) ) ;
#7904 = DIRECTION ( 'NONE',  ( 1.000000000000000000, 0.000000000000000000, 0.000000000000000000 ) ) ;
#7905 = ORIENTED_EDGE ( 'NONE', *, *, #1392, .F. ) ;
#7906 = CARTESIAN_POINT ( 'NONE',  ( 6.000000000000005329, -32.06274606680621986, 38.99999999999999289 ) ) ;
#7907 = AXIS2_PLACEMENT_3D ( 'NONE', #6922, #8177, #1106 ) ;
#7908 = CARTESIAN_POINT ( 'NONE',  ( 0.000000000000000000, 0.000000000000000000, 0.000000000000000000 ) ) ;
#7909 = CARTESIAN_POINT ( 'NONE',  ( 0.000000000000000000, -40.00000000000000000, -44.58999999999999631 ) ) ;
#7910 = ORIENTED_EDGE ( 'NONE', *, *, #1367, .T. ) ;
#7911 = CARTESIAN_POINT ( 'NONE',  ( 2.999999999999561240, -49.99999999999999289, 45.00000000000000000 ) ) ;
#7912 = DIRECTION ( 'NONE',  ( 0.000000000000000000, 0.000000000000000000, 1.000000000000000000 ) ) ;
#7913 = DIRECTION ( 'NONE',  ( 0.000000000000000000, 0.000000000000000000, -1.000000000000000000 ) ) ;
#7914 = VECTOR ( 'NONE', #6805, 1000.000000000000000 ) ;
#7915 = EDGE_CURVE ( 'NONE', #3085, #6754, #7252, .T. ) ;
#7916 = ORIENTED_EDGE ( 'NONE', *, *, #3635, .T. ) ;
#7917 = CARTESIAN_POINT ( 'NONE',  ( -3.610274730976949068E-09, 35.40208725939981349, -40.03680939023726637 ) ) ;
#7918 = CARTESIAN_POINT ( 'NONE',  ( 2.340000000000001634, -40.00000000000000000, -42.24999999999998579 ) ) ;
#7919 = CARTESIAN_POINT ( 'NONE',  ( 5.000000000000013323, -49.99999999999999289, 45.00000000000000000 ) ) ;
#7920 = VECTOR ( 'NONE', #976, 1000.000000000000000 ) ;
#7921 = CARTESIAN_POINT ( 'NONE',  ( 1.000000000000000888, 21.66666666666666785, 40.99999999999999289 ) ) ;
#7922 = CARTESIAN_POINT ( 'NONE',  ( 0.000000000000000000, 46.00000000000002132, 35.52786404500040618 ) ) ;
#7923 = ORIENTED_EDGE ( 'NONE', *, *, #4123, .F. ) ;
#7924 = EDGE_CURVE ( 'NONE', #5557, #829, #2774, .T. ) ;
#7925 = CIRCLE ( 'NONE', #1666, 1.000000000000000000 ) ;
#7926 = LINE ( 'NONE', #5240, #2512 ) ;
#7927 = CYLINDRICAL_SURFACE ( 'NONE', #8377, 1.000000000000000888 ) ;
#7928 = ORIENTED_EDGE ( 'NONE', *, *, #454, .F. ) ;
#7929 = AXIS2_PLACEMENT_3D ( 'NONE', #8174, #886, #2884 ) ;
#7930 = AXIS2_PLACEMENT_3D ( 'NONE', #5105, #7760, #1778 ) ;
#7931 = CARTESIAN_POINT ( 'NONE',  ( 143.6861997365472519, 10.66666666666666785, -40.99999999999999289 ) ) ;
#7932 = ADVANCED_FACE ( 'NONE', ( #5162 ), #1129, .T. ) ;
#7933 = ADVANCED_FACE ( 'NONE', ( #1956 ), #5242, .F. ) ;
#7934 = ORIENTED_EDGE ( 'NONE', *, *, #8478, .F. ) ;
#7935 = ADVANCED_FACE ( 'NONE', ( #7277 ), #8583, .F. ) ;
#7936 = FACE_OUTER_BOUND ( 'NONE', #7602, .T. ) ;
#7937 = ORIENTED_EDGE ( 'NONE', *, *, #2961, .T. ) ;
#7938 = VERTEX_POINT ( 'NONE', #680 ) ;
#7939 = CIRCLE ( 'NONE', #7380, 2.000000000000253131 ) ;
#7940 = CARTESIAN_POINT ( 'NONE',  ( 10.00000000000000000, 40.00000000000000000, -39.99999999999999289 ) ) ;
#7941 = ORIENTED_EDGE ( 'NONE', *, *, #363, .T. ) ;
#7942 = CARTESIAN_POINT ( 'NONE',  ( 0.8184460840253927616, -43.42027709852908401, 36.34453116541663320 ) ) ;
#7943 = EDGE_CURVE ( 'NONE', #2635, #405, #6563, .T. ) ;
#7944 = AXIS2_PLACEMENT_3D ( 'NONE', #2317, #5547, #8195 ) ;
#7945 = DIRECTION ( 'NONE',  ( 0.000000000000000000, -1.000000000000000000, -6.938893903907222067E-15 ) ) ;
#7946 = ADVANCED_FACE ( 'NONE', ( #3911 ), #7927, .F. ) ;
#7947 = ORIENTED_EDGE ( 'NONE', *, *, #1179, .T. ) ;
#7948 = FACE_BOUND ( 'NONE', #1168, .T. ) ;
#7949 = AXIS2_PLACEMENT_3D ( 'NONE', #5319, #7966, #1346 ) ;
#7950 = DIRECTION ( 'NONE',  ( 0.000000000000000000, 0.000000000000000000, 1.000000000000000000 ) ) ;
#7951 = EDGE_LOOP ( 'NONE', ( #4173, #3742, #2614, #2287 ) ) ;
#7952 = CARTESIAN_POINT ( 'NONE',  ( 1.000000000000000888, -32.06274606680621986, 38.99999999999999289 ) ) ;
#7953 = CARTESIAN_POINT ( 'NONE',  ( 6.000000000000000000, 32.06274606680621986, 40.99999999999999289 ) ) ;
#7954 = CARTESIAN_POINT ( 'NONE',  ( 5.000000000000005329, 16.66666666666667140, -39.50000000000000000 ) ) ;
#7955 = ORIENTED_EDGE ( 'NONE', *, *, #4795, .T. ) ;
#7956 =( NAMED_UNIT ( * ) PLANE_ANGLE_UNIT ( ) SI_UNIT ( $, .RADIAN. ) );
#7957 = CARTESIAN_POINT ( 'NONE',  ( 143.6861997365472519, -21.66666666666666430, -34.00000000000000000 ) ) ;
#7958 = LINE ( 'NONE', #6695, #5449 ) ;
#7959 = FACE_OUTER_BOUND ( 'NONE', #4658, .T. ) ;
#7960 = DIRECTION ( 'NONE',  ( 0.000000000000000000, 0.000000000000000000, 1.000000000000000000 ) ) ;
#7961 = DIRECTION ( 'NONE',  ( -0.02829055873697646287, 0.000000000000000000, -0.9995997420399574951 ) ) ;
#7962 = CYLINDRICAL_SURFACE ( 'NONE', #5566, 1.000000000000000888 ) ;
#7963 = ORIENTED_EDGE ( 'NONE', *, *, #1366, .T. ) ;
#7964 = CARTESIAN_POINT ( 'NONE',  ( 7.000000000000000000, 12.66666666666667673, -34.00000000000000000 ) ) ;
#7965 = CARTESIAN_POINT ( 'NONE',  ( 7.000000000000000000, 43.99999999999985789, -1.998288609323468491E-13 ) ) ;
#7966 = DIRECTION ( 'NONE',  ( 0.000000000000000000, 0.000000000000000000, 1.000000000000000000 ) ) ;
#7967 = ORIENTED_EDGE ( 'NONE', *, *, #1521, .F. ) ;
#7968 = ADVANCED_FACE ( 'NONE', ( #1389 ), #1425, .F. ) ;
#7969 = FACE_OUTER_BOUND ( 'NONE', #8351, .T. ) ;
#7970 = ORIENTED_EDGE ( 'NONE', *, *, #2275, .T. ) ;
#7971 = DIRECTION ( 'NONE',  ( 0.000000000000000000, 0.000000000000000000, 1.000000000000000000 ) ) ;
#7972 = ORIENTED_EDGE ( 'NONE', *, *, #4682, .T. ) ;
#7973 = ORIENTED_EDGE ( 'NONE', *, *, #1892, .F. ) ;
#7974 = AXIS2_PLACEMENT_3D ( 'NONE', #3824, #8378, #7722 ) ;
#7975 = CIRCLE ( 'NONE', #1574, 0.5000000000000004441 ) ;
#7976 = ORIENTED_EDGE ( 'NONE', *, *, #5766, .T. ) ;
#7977 = EDGE_CURVE ( 'NONE', #2052, #5289, #4600, .T. ) ;
#7978 = ADVANCED_FACE ( 'NONE', ( #3296 ), #4570, .T. ) ;
#7979 = AXIS2_PLACEMENT_3D ( 'NONE', #6101, #4536, #2038 ) ;
#7980 = CIRCLE ( 'NONE', #4214, 0.9999999999999987788 ) ;
#7981 = CARTESIAN_POINT ( 'NONE',  ( 0.9268327424335082165, -43.66157298349731519, 36.47042535373963545 ) ) ;
#7982 = ORIENTED_EDGE ( 'NONE', *, *, #7452, .T. ) ;
#7983 = DIRECTION ( 'NONE',  ( 0.000000000000000000, 0.000000000000000000, 1.000000000000000000 ) ) ;
#7984 = PLANE ( 'NONE',  #5814 ) ;
#7985 = ORIENTED_EDGE ( 'NONE', *, *, #6822, .F. ) ;
#7986 = LINE ( 'NONE', #8640, #5851 ) ;
#7987 = VECTOR ( 'NONE', #3934, 1000.000000000000000 ) ;
#7988 = ORIENTED_EDGE ( 'NONE', *, *, #6249, .T. ) ;
#7989 = ADVANCED_FACE ( 'NONE', ( #5362 ), #7404, .T. ) ;
#7990 = CARTESIAN_POINT ( 'NONE',  ( 1.000000000000000888, -32.06274606680621986, 43.00000000000000000 ) ) ;
#7991 = EDGE_CURVE ( 'NONE', #3058, #1691, #2779, .T. ) ;
#7992 = VERTEX_POINT ( 'NONE', #4034 ) ;
#7993 = CARTESIAN_POINT ( 'NONE',  ( 0.9999999678866062780, -34.70833554675028410, 40.41817011304551244 ) ) ;
#7994 = TOROIDAL_SURFACE ( 'NONE', #3819, 2.000000000000002665, 1.000000000000000000 ) ;
#7995 = DIRECTION ( 'NONE',  ( 0.000000000000000000, 0.000000000000000000, 1.000000000000000000 ) ) ;
#7996 = AXIS2_PLACEMENT_3D ( 'NONE', #5651, #1679, #3670 ) ;
#7997 = CARTESIAN_POINT ( 'NONE',  ( 1.000000000000000000, -22.66666666666666075, -42.99999999999999289 ) ) ;
#7998 = ORIENTED_EDGE ( 'NONE', *, *, #7991, .F. ) ;
#7999 = CARTESIAN_POINT ( 'NONE',  ( 6.000000000000005329, -22.66666666666666075, -40.99999999999998579 ) ) ;
#8000 = VECTOR ( 'NONE', #2165, 1000.000000000000000 ) ;
#8001 = CYLINDRICAL_SURFACE ( 'NONE', #3630, 1.849999999999999201 ) ;
#8002 = DIRECTION ( 'NONE',  ( -0.000000000000000000, 0.000000000000000000, 1.000000000000000000 ) ) ;
#8003 = VERTEX_POINT ( 'NONE', #7324 ) ;
#8004 = CIRCLE ( 'NONE', #489, 2.000000000000001776 ) ;
#8005 = DIRECTION ( 'NONE',  ( -1.000000000000000000, 0.000000000000000000, -0.000000000000000000 ) ) ;
#8006 = CARTESIAN_POINT ( 'NONE',  ( 2.499999999999999556, -55.50000000000000000, 9.999999999999996447 ) ) ;
#8007 = CARTESIAN_POINT ( 'NONE',  ( 6.000000000000002665, 44.00000000000000711, 35.52786404500041328 ) ) ;
#8008 = VECTOR ( 'NONE', #8231, 1000.000000000000000 ) ;
#8009 = CYLINDRICAL_SURFACE ( 'NONE', #5711, 1.000000000000000000 ) ;
#8010 = CARTESIAN_POINT ( 'NONE',  ( 5.000000000000000000, 49.99999999999999289, 45.00000000000000000 ) ) ;
#8011 = DIRECTION ( 'NONE',  ( -0.000000000000000000, -0.000000000000000000, 1.000000000000000000 ) ) ;
#8012 = CARTESIAN_POINT ( 'NONE',  ( 0.8074032449773838049, 43.33333333332915061, -36.27322003749660695 ) ) ;
#8013 = ORIENTED_EDGE ( 'NONE', *, *, #7160, .T. ) ;
#8014 = AXIS2_PLACEMENT_3D ( 'NONE', #5266, #5303, #1246 ) ;
#8015 = AXIS2_PLACEMENT_3D ( 'NONE', #4207, #4832, #3511 ) ;
#8016 = ORIENTED_EDGE ( 'NONE', *, *, #5976, .F. ) ;
#8017 = SPHERICAL_SURFACE ( 'NONE', #7080, 1.000000000000000000 ) ;
#8018 = CONICAL_SURFACE ( 'NONE', #5522, 2.000000000000252687, 0.02829433384850025754 ) ;
#8019 = EDGE_CURVE ( 'NONE', #2277, #7571, #60, .T. ) ;
#8020 = ORIENTED_EDGE ( 'NONE', *, *, #1959, .T. ) ;
#8021 = EDGE_LOOP ( 'NONE', ( #2669, #1318, #6820, #8502 ) ) ;
#8022 = CIRCLE ( 'NONE', #3701, 5.000000000000004441 ) ;
#8023 = DIRECTION ( 'NONE',  ( 0.000000000000000000, 0.000000000000000000, 1.000000000000000000 ) ) ;
#8024 = ORIENTED_EDGE ( 'NONE', *, *, #3244, .T. ) ;
#8025 = AXIS2_PLACEMENT_3D ( 'NONE', #7690, #8388, #5595 ) ;
#8026 = CARTESIAN_POINT ( 'NONE',  ( 6.000000000000005329, -40.00000000000000000, 39.99999999999999289 ) ) ;
#8027 = ORIENTED_EDGE ( 'NONE', *, *, #2627, .T. ) ;
#8028 = CARTESIAN_POINT ( 'NONE',  ( 2.999999999999759748, -49.99999999999999289, -45.00000000000000000 ) ) ;
#8029 = CARTESIAN_POINT ( 'NONE',  ( 0.000000000000000000, 35.52209655803508781, -41.00820670719788552 ) ) ;
#8030 = EDGE_CURVE ( 'NONE', #2017, #1836, #1963, .T. ) ;
#8031 = ADVANCED_FACE ( 'NONE', ( #1914 ), #2096, .F. ) ;
#8032 = ORIENTED_EDGE ( 'NONE', *, *, #8562, .F. ) ;
#8033 = VECTOR ( 'NONE', #8242, 1000.000000000000000 ) ;
#8034 = FACE_BOUND ( 'NONE', #3348, .T. ) ;
#8035 = ORIENTED_EDGE ( 'NONE', *, *, #3392, .F. ) ;
#8036 = DIRECTION ( 'NONE',  ( 0.000000000000000000, -0.8648376228072159888, 0.5020516767994741558 ) ) ;
#8037 = ORIENTED_EDGE ( 'NONE', *, *, #4574, .F. ) ;
#8038 = LINE ( 'NONE', #4764, #7199 ) ;
#8039 = DIRECTION ( 'NONE',  ( -1.000000000000000000, 0.000000000000000000, 0.000000000000000000 ) ) ;
#8040 = ADVANCED_FACE ( 'NONE', ( #3424 ), #1140, .F. ) ;
#8041 = FACE_OUTER_BOUND ( 'NONE', #2685, .T. ) ;
#8042 = ORIENTED_EDGE ( 'NONE', *, *, #8030, .F. ) ;
#8043 = ADVANCED_FACE ( 'NONE', ( #3990 ), #2258, .T. ) ;
#8044 = LINE ( 'NONE', #5307, #2005 ) ;
#8045 = TOROIDAL_SURFACE ( 'NONE', #7637, 2.000000000000002665, 1.000000000000000000 ) ;
#8046 = DIRECTION ( 'NONE',  ( 0.000000000000000000, 0.000000000000000000, -1.000000000000000000 ) ) ;
#8047 = ORIENTED_EDGE ( 'NONE', *, *, #7186, .T. ) ;
#8048 = CARTESIAN_POINT ( 'NONE',  ( 0.000000000000000000, 40.00000000000000000, -44.58999999999999631 ) ) ;
#8049 = CIRCLE ( 'NONE', #1788, 4.000000000000003553 ) ;
#8050 = DIRECTION ( 'NONE',  ( -1.000000000000000000, -0.000000000000000000, -0.000000000000000000 ) ) ;
#8051 = PLANE ( 'NONE',  #7979 ) ;
#8052 = CYLINDRICAL_SURFACE ( 'NONE', #5294, 1.000000000000000888 ) ;
#8053 = EDGE_CURVE ( 'NONE', #4181, #2207, #4300, .T. ) ;
#8054 = CARTESIAN_POINT ( 'NONE',  ( 143.6861997365472519, -40.00000000000000000, -34.99999999999999289 ) ) ;
#8055 = CARTESIAN_POINT ( 'NONE',  ( 7.499999999999982236, -59.50000000000000711, 9.999999999999996447 ) ) ;
#8056 = CIRCLE ( 'NONE', #1372, 1.000000000000000000 ) ;
#8057 = DIRECTION ( 'NONE',  ( 0.000000000000000000, 1.000000000000000000, 0.000000000000000000 ) ) ;
#8058 = DIRECTION ( 'NONE',  ( 0.000000000000000000, 1.000000000000000000, 0.000000000000000000 ) ) ;
#8059 = VERTEX_POINT ( 'NONE', #149 ) ;
#8060 = AXIS2_PLACEMENT_3D ( 'NONE', #7579, #5484, #4781 ) ;
#8061 = ORIENTED_EDGE ( 'NONE', *, *, #6014, .T. ) ;
#8062 = LINE ( 'NONE', #7281, #8595 ) ;
#8063 = EDGE_LOOP ( 'NONE', ( #5077, #2740, #4407, #3677, #2050 ) ) ;
#8064 = VERTEX_POINT ( 'NONE', #4978 ) ;
#8065 = CARTESIAN_POINT ( 'NONE',  ( 7.000000000000000000, 46.00000000000001421, 34.00000000000001421 ) ) ;
#8066 = ORIENTED_EDGE ( 'NONE', *, *, #577, .T. ) ;
#8067 = ADVANCED_FACE ( 'NONE', ( #4257 ), #3467, .F. ) ;
#8068 = CARTESIAN_POINT ( 'NONE',  ( 1.000000000000000888, -32.06274606680622696, -38.99999999999997868 ) ) ;
#8069 = CARTESIAN_POINT ( 'NONE',  ( 0.000000000000000000, -46.00000000000000711, -35.52786404500042039 ) ) ;
#8070 = CARTESIAN_POINT ( 'NONE',  ( 1.000000000000000888, -11.66666666666668561, -34.00000000000000000 ) ) ;
#8071 = AXIS2_PLACEMENT_3D ( 'NONE', #1771, #5097, #2381 ) ;
#8072 = AXIS2_PLACEMENT_3D ( 'NONE', #1798, #3219, #7898 ) ;
#8073 = VERTEX_POINT ( 'NONE', #1514 ) ;
#8074 = VERTEX_POINT ( 'NONE', #4831 ) ;
#8075 = ORIENTED_EDGE ( 'NONE', *, *, #3844, .F. ) ;
#8076 = DIRECTION ( 'NONE',  ( -1.000000000000000000, -0.000000000000000000, -0.000000000000000000 ) ) ;
#8077 = AXIS2_PLACEMENT_3D ( 'NONE', #4400, #3174, #3044 ) ;
#8078 = EDGE_CURVE ( 'NONE', #2651, #529, #284, .T. ) ;
#8079 = VERTEX_POINT ( 'NONE', #1652 ) ;
#8080 = CARTESIAN_POINT ( 'NONE',  ( 0.9874327471777473164, -34.75424234740687268, 40.32884414205666701 ) ) ;
#8081 = LINE ( 'NONE', #87, #3383 ) ;
#8082 = FACE_OUTER_BOUND ( 'NONE', #2075, .T. ) ;
#8083 = ORIENTED_EDGE ( 'NONE', *, *, #5135, .F. ) ;
#8084 = CARTESIAN_POINT ( 'NONE',  ( 6.000000000000005329, -20.66666666666667496, -32.00000000000000711 ) ) ;
#8085 = DIRECTION ( 'NONE',  ( -1.000000000000000000, -0.000000000000000000, -0.000000000000000000 ) ) ;
#8086 = AXIS2_PLACEMENT_3D ( 'NONE', #2671, #5348, #7397 ) ;
#8087 = CARTESIAN_POINT ( 'NONE',  ( 6.000000000000005329, -44.00000000000002132, -35.52786404500041328 ) ) ;
#8088 = CARTESIAN_POINT ( 'NONE',  ( 7.000000000000262901, -16.66666666666666430, -45.00000000000000000 ) ) ;
#8089 = LINE ( 'NONE', #2074, #2568 ) ;
#8090 = ORIENTED_EDGE ( 'NONE', *, *, #3572, .F. ) ;
#8091 = ADVANCED_FACE ( 'NONE', ( #2307 ), #6286, .T. ) ;
#8092 = LINE ( 'NONE', #671, #3299 ) ;
#8093 = LINE ( 'NONE', #6144, #171 ) ;
#8094 = FACE_OUTER_BOUND ( 'NONE', #7334, .T. ) ;
#8095 = DIRECTION ( 'NONE',  ( 0.000000000000000000, 1.000000000000000000, -0.000000000000000000 ) ) ;
#8096 = LINE ( 'NONE', #3466, #2831 ) ;
#8097 = DIRECTION ( 'NONE',  ( -1.000000000000000000, -0.000000000000000000, -0.000000000000000000 ) ) ;
#8098 = CARTESIAN_POINT ( 'NONE',  ( 1.000000000000000888, 10.66666666666666785, -40.99999999999999289 ) ) ;
#8099 = ORIENTED_EDGE ( 'NONE', *, *, #3623, .F. ) ;
#8100 = EDGE_CURVE ( 'NONE', #4990, #2542, #2944, .T. ) ;
#8101 = EDGE_CURVE ( 'NONE', #4182, #5984, #2805, .T. ) ;
#8102 = ORIENTED_EDGE ( 'NONE', *, *, #7096, .T. ) ;
#8103 = DIRECTION ( 'NONE',  ( 1.000000000000000000, 0.000000000000000000, 0.000000000000000000 ) ) ;
#8104 = ORIENTED_EDGE ( 'NONE', *, *, #4423, .F. ) ;
#8105 = ORIENTED_EDGE ( 'NONE', *, *, #4565, .F. ) ;
#8106 = DIRECTION ( 'NONE',  ( -1.000000000000000000, 0.000000000000000000, 0.000000000000000000 ) ) ;
#8107 = EDGE_LOOP ( 'NONE', ( #1147, #7934, #1934, #5011 ) ) ;
#8108 = DIRECTION ( 'NONE',  ( 1.000000000000000000, 0.000000000000000000, 0.000000000000000000 ) ) ;
#8109 = DIRECTION ( 'NONE',  ( 0.000000000000000000, 1.000000000000000000, 2.775557561562896479E-15 ) ) ;
#8110 = CIRCLE ( 'NONE', #1163, 2.249999999999995115 ) ;
#8111 = FACE_OUTER_BOUND ( 'NONE', #112, .T. ) ;
#8112 = ORIENTED_EDGE ( 'NONE', *, *, #26, .F. ) ;
#8113 = ORIENTED_EDGE ( 'NONE', *, *, #2951, .T. ) ;
#8114 = ORIENTED_EDGE ( 'NONE', *, *, #3678, .T. ) ;
#8115 = DIRECTION ( 'NONE',  ( -0.000000000000000000, -0.000000000000000000, -1.000000000000000000 ) ) ;
#8116 = CIRCLE ( 'NONE', #4356, 3.999999999999996447 ) ;
#8117 = ORIENTED_EDGE ( 'NONE', *, *, #5501, .F. ) ;
#8118 = CARTESIAN_POINT ( 'NONE',  ( 0.9504075650566260469, -34.83667887509599126, 40.14685472378111797 ) ) ;
#8119 = DIRECTION ( 'NONE',  ( -0.000000000000000000, -0.000000000000000000, 1.000000000000000000 ) ) ;
#8120 = VERTEX_POINT ( 'NONE', #8142 ) ;
#8121 = AXIS2_PLACEMENT_3D ( 'NONE', #1209, #5917, #5225 ) ;
#8122 = FACE_OUTER_BOUND ( 'NONE', #4008, .T. ) ;
#8123 = CARTESIAN_POINT ( 'NONE',  ( 6.000000000000005329, 40.00000000000000000, -39.99999999999999289 ) ) ;
#8124 = ADVANCED_FACE ( 'NONE', ( #2854 ), #6978, .F. ) ;
#8125 = DIRECTION ( 'NONE',  ( 1.000000000000000000, 0.000000000000000000, 0.000000000000000000 ) ) ;
#8126 = DIRECTION ( 'NONE',  ( 0.000000000000000000, 0.000000000000000000, 1.000000000000000000 ) ) ;
#8127 = CARTESIAN_POINT ( 'NONE',  ( 2.999999999999999112, -56.50000000000000000, 19.99999999999999645 ) ) ;
#8128 = ORIENTED_EDGE ( 'NONE', *, *, #1977, .F. ) ;
#8129 = VECTOR ( 'NONE', #7904, 1000.000000000000000 ) ;
#8130 = CARTESIAN_POINT ( 'NONE',  ( 1.000000000000000888, 46.00000000000001421, 35.52786404500041328 ) ) ;
#8131 = DIRECTION ( 'NONE',  ( 0.000000000000000000, 0.000000000000000000, 1.000000000000000000 ) ) ;
#8132 = CARTESIAN_POINT ( 'NONE',  ( 7.000000000000000000, 20.66666666666666430, 32.00000000000000000 ) ) ;
#8133 = CARTESIAN_POINT ( 'NONE',  ( 1.000000000000000888, -10.66666666666666785, -40.99999999999998579 ) ) ;
#8134 = DIRECTION ( 'NONE',  ( 0.000000000000000000, 0.000000000000000000, -1.000000000000000000 ) ) ;
#8135 = CARTESIAN_POINT ( 'NONE',  ( 1.000000000000000888, 21.66666666666666785, 40.99999999999999289 ) ) ;
#8136 = ADVANCED_FACE ( 'NONE', ( #1468 ), #105, .T. ) ;
#8137 = VECTOR ( 'NONE', #2256, 1000.000000000000000 ) ;
#8138 = EDGE_CURVE ( 'NONE', #681, #6333, #8186, .T. ) ;
#8139 = ORIENTED_EDGE ( 'NONE', *, *, #3325, .T. ) ;
#8140 = VECTOR ( 'NONE', #495, 1000.000000000000000 ) ;
#8141 = DIRECTION ( 'NONE',  ( 0.000000000000000000, 0.000000000000000000, 1.000000000000000000 ) ) ;
#8142 = CARTESIAN_POINT ( 'NONE',  ( 3.150000000000010125, -16.66666666666666430, -39.50000000000000000 ) ) ;
#8143 = CARTESIAN_POINT ( 'NONE',  ( 143.6861997365472519, 21.66666666666667496, -40.99999999999999289 ) ) ;
#8144 = VERTEX_POINT ( 'NONE', #6188 ) ;
#8145 = ORIENTED_EDGE ( 'NONE', *, *, #7450, .F. ) ;
#8146 = DIRECTION ( 'NONE',  ( 1.000000000000000000, 0.000000000000000000, 0.000000000000000000 ) ) ;
#8147 = ADVANCED_FACE ( 'NONE', ( #6242 ), #5581, .T. ) ;
#8148 = EDGE_LOOP ( 'NONE', ( #5968, #5992, #1704, #3310 ) ) ;
#8149 = ADVANCED_FACE ( 'NONE', ( #4161 ), #2166, .F. ) ;
#8150 = CIRCLE ( 'NONE', #4534, 1.000000000000000888 ) ;
#8151 = CARTESIAN_POINT ( 'NONE',  ( 0.8074032449777304166, 35.01350797831955219, 39.57905341192270043 ) ) ;
#8152 = VERTEX_POINT ( 'NONE', #6880 ) ;
#8153 = DIRECTION ( 'NONE',  ( 1.000000000000000000, -0.000000000000000000, -0.000000000000000000 ) ) ;
#8154 = FACE_OUTER_BOUND ( 'NONE', #8338, .T. ) ;
#8155 = DIRECTION ( 'NONE',  ( 0.000000000000000000, 0.000000000000000000, 1.000000000000000000 ) ) ;
#8156 = AXIS2_PLACEMENT_3D ( 'NONE', #6401, #2879, #5693 ) ;
#8157 = CIRCLE ( 'NONE', #5122, 5.000000000000004441 ) ;
#8158 = CARTESIAN_POINT ( 'NONE',  ( 6.000000000000005329, 50.99999999999999289, 32.00000000000000000 ) ) ;
#8159 = FACE_OUTER_BOUND ( 'NONE', #4908, .T. ) ;
#8160 = VERTEX_POINT ( 'NONE', #8236 ) ;
#8161 = ORIENTED_EDGE ( 'NONE', *, *, #7838, .F. ) ;
#8162 = EDGE_CURVE ( 'NONE', #2168, #2598, #7256, .T. ) ;
#8163 = CYLINDRICAL_SURFACE ( 'NONE', #8354, 1.000000000000000000 ) ;
#8164 = ORIENTED_EDGE ( 'NONE', *, *, #3782, .F. ) ;
#8165 = TOROIDAL_SURFACE ( 'NONE', #636, 4.000000000000001776, 1.000000000000000000 ) ;
#8166 = DIRECTION ( 'NONE',  ( -1.000000000000000000, -0.000000000000000000, -0.000000000000000000 ) ) ;
#8167 = LINE ( 'NONE', #172, #7877 ) ;
#8168 = ORIENTED_EDGE ( 'NONE', *, *, #7276, .F. ) ;
#8169 = DIRECTION ( 'NONE',  ( 0.000000000000000000, 1.000000000000000000, 0.000000000000000000 ) ) ;
#8170 = AXIS2_PLACEMENT_3D ( 'NONE', #4931, #3613, #207 ) ;
#8171 = ORIENTED_EDGE ( 'NONE', *, *, #7730, .F. ) ;
#8172 = LINE ( 'NONE', #7521, #7357 ) ;
#8173 = CARTESIAN_POINT ( 'NONE',  ( 0.8074032449773838049, 35.03921629175388830, -39.37499999999999289 ) ) ;
#8174 = CARTESIAN_POINT ( 'NONE',  ( 6.000000000000005329, 22.66666666666666785, 40.99999999999999289 ) ) ;
#8175 = DIRECTION ( 'NONE',  ( -0.000000000000000000, -0.000000000000000000, -1.000000000000000000 ) ) ;
#8176 = CIRCLE ( 'NONE', #4417, 1.000000000000000000 ) ;
#8177 = DIRECTION ( 'NONE',  ( -0.000000000000000000, -0.000000000000000000, 1.000000000000000000 ) ) ;
#8178 = SPHERICAL_SURFACE ( 'NONE', #63, 1.000000000000000000 ) ;
#8179 = EDGE_CURVE ( 'NONE', #5073, #4196, #8509, .T. ) ;
#8180 = DIRECTION ( 'NONE',  ( 1.000000000000000000, 0.000000000000000000, 0.000000000000000000 ) ) ;
#8181 = LINE ( 'NONE', #2801, #3688 ) ;
#8182 = AXIS2_PLACEMENT_3D ( 'NONE', #7483, #938, #2888 ) ;
#8183 = FACE_OUTER_BOUND ( 'NONE', #8519, .T. ) ;
#8184 = EDGE_LOOP ( 'NONE', ( #2048, #5631, #2414, #555 ) ) ;
#8185 = CARTESIAN_POINT ( 'NONE',  ( 5.000000000000009770, -16.66666666666666430, -39.50000000000000000 ) ) ;
#8186 = LINE ( 'NONE', #4120, #5313 ) ;
#8187 = ORIENTED_EDGE ( 'NONE', *, *, #2795, .F. ) ;
#8188 = CIRCLE ( 'NONE', #2744, 0.9999999999999870104 ) ;
#8189 = ADVANCED_FACE ( 'NONE', ( #5549 ), #6894, .F. ) ;
#8190 = EDGE_LOOP ( 'NONE', ( #7705, #1972, #4964, #8462 ) ) ;
#8191 = ORIENTED_EDGE ( 'NONE', *, *, #7228, .T. ) ;
#8192 = LINE ( 'NONE', #5544, #2728 ) ;
#8193 = AXIS2_PLACEMENT_3D ( 'NONE', #1681, #5838, #3804 ) ;
#8194 = EDGE_LOOP ( 'NONE', ( #7342, #2965, #520, #5644 ) ) ;
#8195 = DIRECTION ( 'NONE',  ( -1.000000000000000000, 0.000000000000000000, 0.000000000000000000 ) ) ;
#8196 = ORIENTED_EDGE ( 'NONE', *, *, #7176, .F. ) ;
#8197 = EDGE_CURVE ( 'NONE', #265, #8074, #2523, .T. ) ;
#8198 = DIRECTION ( 'NONE',  ( 0.000000000000000000, 0.000000000000000000, 1.000000000000000000 ) ) ;
#8199 = CIRCLE ( 'NONE', #6126, 2.999999999999995559 ) ;
#8200 = EDGE_CURVE ( 'NONE', #6553, #1953, #5119, .T. ) ;
#8201 = FACE_OUTER_BOUND ( 'NONE', #2447, .T. ) ;
#8202 = CARTESIAN_POINT ( 'NONE',  ( 0.000000000000000000, -12.66666666666666963, 33.99999999999999289 ) ) ;
#8203 = CYLINDRICAL_SURFACE ( 'NONE', #7734, 2.249999999999995115 ) ;
#8204 = DIRECTION ( 'NONE',  ( -0.000000000000000000, 0.000000000000000000, 1.000000000000000000 ) ) ;
#8205 = ORIENTED_EDGE ( 'NONE', *, *, #6668, .T. ) ;
#8206 = ORIENTED_EDGE ( 'NONE', *, *, #4907, .T. ) ;
#8207 = AXIS2_PLACEMENT_3D ( 'NONE', #8490, #3645, #2516 ) ;
#8208 = DIRECTION ( 'NONE',  ( 0.000000000000000000, 0.000000000000000000, -1.000000000000000000 ) ) ;
#8209 = EDGE_CURVE ( 'NONE', #305, #5937, #4088, .T. ) ;
#8210 = ORIENTED_EDGE ( 'NONE', *, *, #5381, .F. ) ;
#8211 = DIRECTION ( 'NONE',  ( -1.000000000000000000, 0.000000000000000000, 0.000000000000000000 ) ) ;
#8212 = EDGE_CURVE ( 'NONE', #6769, #6868, #158, .T. ) ;
#8213 = DIRECTION ( 'NONE',  ( 0.000000000000000000, 0.000000000000000000, 1.000000000000000000 ) ) ;
#8214 = EDGE_CURVE ( 'NONE', #5903, #2017, #4322, .T. ) ;
#8215 = CIRCLE ( 'NONE', #8071, 1.000000000000000888 ) ;
#8216 = VERTEX_POINT ( 'NONE', #844 ) ;
#8217 = CARTESIAN_POINT ( 'NONE',  ( 143.6861997365472519, 44.00000000000000711, 35.52786404500041328 ) ) ;
#8218 = AXIS2_PLACEMENT_3D ( 'NONE', #4193, #4061, #2112 ) ;
#8219 = DIRECTION ( 'NONE',  ( 0.000000000000000000, 0.000000000000000000, 1.000000000000000000 ) ) ;
#8220 = ORIENTED_EDGE ( 'NONE', *, *, #2413, .T. ) ;
#8221 = DIRECTION ( 'NONE',  ( 1.000000000000000000, -0.000000000000000000, -0.000000000000000000 ) ) ;
#8222 = FACE_OUTER_BOUND ( 'NONE', #5161, .T. ) ;
#8223 = CIRCLE ( 'NONE', #6146, 2.500000000000001332 ) ;
#8224 = CARTESIAN_POINT ( 'NONE',  ( 7.000000000000000000, 50.99999999999999289, 32.00000000000000000 ) ) ;
#8225 = FACE_OUTER_BOUND ( 'NONE', #6498, .T. ) ;
#8226 = EDGE_LOOP ( 'NONE', ( #3847, #5324, #2045, #8128 ) ) ;
#8227 = CARTESIAN_POINT ( 'NONE',  ( 10.00000000000000000, -55.00000000000000000, 45.00000000000000000 ) ) ;
#8228 = CARTESIAN_POINT ( 'NONE',  ( 0.000000000000000000, 22.66666666666667496, -43.00000000000000000 ) ) ;
#8229 = DIRECTION ( 'NONE',  ( 1.000000000000000000, 0.000000000000000000, 0.000000000000000000 ) ) ;
#8230 = CARTESIAN_POINT ( 'NONE',  ( 6.000000000000005329, -22.66666666666666075, -40.99999999999998579 ) ) ;
#8231 = DIRECTION ( 'NONE',  ( -1.000000000000000000, -0.000000000000000000, -0.000000000000000000 ) ) ;
#8232 = AXIS2_PLACEMENT_3D ( 'NONE', #4662, #1354, #2689 ) ;
#8233 = AXIS2_PLACEMENT_3D ( 'NONE', #2395, #5235, #7881 ) ;
#8234 = EDGE_LOOP ( 'NONE', ( #2826, #858, #2565, #336 ) ) ;
#8235 = FACE_OUTER_BOUND ( 'NONE', #3508, .T. ) ;
#8236 = CARTESIAN_POINT ( 'NONE',  ( 10.00000000000000000, -40.00000000000000000, -42.24999999999998579 ) ) ;
#8237 = DIRECTION ( 'NONE',  ( -1.000000000000000000, 0.000000000000000000, 0.000000000000000000 ) ) ;
#8238 = VERTEX_POINT ( 'NONE', #5437 ) ;
#8239 = AXIS2_PLACEMENT_3D ( 'NONE', #1377, #2031, #709 ) ;
#8240 = ORIENTED_EDGE ( 'NONE', *, *, #1579, .F. ) ;
#8241 = ORIENTED_EDGE ( 'NONE', *, *, #7577, .F. ) ;
#8242 = DIRECTION ( 'NONE',  ( 0.000000000000000000, 0.000000000000000000, -1.000000000000000000 ) ) ;
#8243 = VERTEX_POINT ( 'NONE', #668 ) ;
#8244 = EDGE_CURVE ( 'NONE', #4719, #537, #3327, .T. ) ;
#8245 = LINE ( 'NONE', #4348, #2917 ) ;
#8246 = ORIENTED_EDGE ( 'NONE', *, *, #3432, .F. ) ;
#8247 = CARTESIAN_POINT ( 'NONE',  ( 0.9999999999999995559, 43.81512338894565772, -36.51760911718722724 ) ) ;
#8248 = DIRECTION ( 'NONE',  ( 0.000000000000000000, -1.000000000000000000, 0.000000000000000000 ) ) ;
#8249 = DIRECTION ( 'NONE',  ( -1.000000000000000000, -0.000000000000000000, -0.000000000000000000 ) ) ;
#8250 = DIRECTION ( 'NONE',  ( 1.000000000000000000, 0.000000000000000000, 0.000000000000000000 ) ) ;
#8251 = ORIENTED_EDGE ( 'NONE', *, *, #3022, .T. ) ;
#8252 = VERTEX_POINT ( 'NONE', #5924 ) ;
#8253 = EDGE_CURVE ( 'NONE', #4439, #7815, #694, .T. ) ;
#8254 = EDGE_CURVE ( 'NONE', #2061, #168, #6567, .T. ) ;
#8255 = ORIENTED_EDGE ( 'NONE', *, *, #8373, .T. ) ;
#8256 = DIRECTION ( 'NONE',  ( 0.000000000000000000, 0.000000000000000000, 1.000000000000000000 ) ) ;
#8257 = LINE ( 'NONE', #1675, #7872 ) ;
#8258 = ORIENTED_EDGE ( 'NONE', *, *, #3816, .F. ) ;
#8259 = DIRECTION ( 'NONE',  ( 1.000000000000000000, 0.000000000000000000, 0.000000000000000000 ) ) ;
#8260 = CARTESIAN_POINT ( 'NONE',  ( 0.000000000000000000, -46.00000000000000711, 34.00000000000000711 ) ) ;
#8261 = ORIENTED_EDGE ( 'NONE', *, *, #6668, .F. ) ;
#8262 = DIRECTION ( 'NONE',  ( 0.000000000000000000, 0.000000000000000000, 1.000000000000000000 ) ) ;
#8263 = EDGE_CURVE ( 'NONE', #1625, #5688, #3772, .T. ) ;
#8264 = FACE_OUTER_BOUND ( 'NONE', #1807, .T. ) ;
#8265 = CARTESIAN_POINT ( 'NONE',  ( 143.6861997365472519, -11.66666666666667673, 33.99999999999999289 ) ) ;
#8266 = AXIS2_PLACEMENT_3D ( 'NONE', #5069, #3123, #1174 ) ;
#8267 = ADVANCED_FACE ( 'NONE', ( #4062 ), #3343, .T. ) ;
#8268 = DIRECTION ( 'NONE',  ( 0.000000000000000000, -1.000000000000000000, 0.000000000000000000 ) ) ;
#8269 = DIRECTION ( 'NONE',  ( 0.000000000000000000, 1.000000000000000000, 0.000000000000000000 ) ) ;
#8270 = DIRECTION ( 'NONE',  ( 0.000000000000000000, -1.000000000000000000, -2.230358754827328253E-15 ) ) ;
#8271 = VERTEX_POINT ( 'NONE', #8088 ) ;
#8272 = DIRECTION ( 'NONE',  ( 0.000000000000000000, 0.000000000000000000, 1.000000000000000000 ) ) ;
#8273 = DIRECTION ( 'NONE',  ( 1.000000000000000000, 0.000000000000000000, 0.000000000000000000 ) ) ;
#8274 = VECTOR ( 'NONE', #6342, 1000.000000000000000 ) ;
#8275 = CARTESIAN_POINT ( 'NONE',  ( 0.000000000000000000, -12.66666666666666963, -40.99999999999998579 ) ) ;
#8276 = VECTOR ( 'NONE', #7400, 1000.000000000000227 ) ;
#8277 = DIRECTION ( 'NONE',  ( -1.000000000000000000, -0.000000000000000000, -0.000000000000000000 ) ) ;
#8278 = DIRECTION ( 'NONE',  ( 0.000000000000000000, 0.000000000000000000, -1.000000000000000000 ) ) ;
#8279 = ORIENTED_EDGE ( 'NONE', *, *, #8486, .T. ) ;
#8280 = EDGE_CURVE ( 'NONE', #31, #3627, #4477, .T. ) ;
#8281 = DIRECTION ( 'NONE',  ( 0.000000000000000000, 1.000000000000000000, -3.252606517456512809E-16 ) ) ;
#8282 = DIRECTION ( 'NONE',  ( -1.000000000000000000, 0.000000000000000000, 0.000000000000000000 ) ) ;
#8283 = DIRECTION ( 'NONE',  ( 0.000000000000000000, 0.000000000000000000, -1.000000000000000000 ) ) ;
#8284 = AXIS2_PLACEMENT_3D ( 'NONE', #4014, #7874, #3359 ) ;
#8285 = ORIENTED_EDGE ( 'NONE', *, *, #5715, .T. ) ;
#8286 = ORIENTED_EDGE ( 'NONE', *, *, #8373, .F. ) ;
#8287 = AXIS2_PLACEMENT_3D ( 'NONE', #3421, #7363, #3509 ) ;
#8288 = VERTEX_POINT ( 'NONE', #8571 ) ;
#8289 = PLANE ( 'NONE',  #3427 ) ;
#8290 = ORIENTED_EDGE ( 'NONE', *, *, #5962, .T. ) ;
#8291 = FACE_OUTER_BOUND ( 'NONE', #2813, .T. ) ;
#8292 = ORIENTED_EDGE ( 'NONE', *, *, #4260, .T. ) ;
#8293 = AXIS2_PLACEMENT_3D ( 'NONE', #1033, #6376, #3031 ) ;
#8294 = DIRECTION ( 'NONE',  ( -1.000000000000000000, 0.000000000000000000, 0.000000000000000000 ) ) ;
#8295 = ADVANCED_FACE ( 'NONE', ( #5963 ), #7821, .T. ) ;
#8296 = LINE ( 'NONE', #6393, #8274 ) ;
#8297 = DIRECTION ( 'NONE',  ( 3.268283530064966487E-14, 0.9977002243051330543, 0.06778098864347827102 ) ) ;
#8298 = AXIS2_PLACEMENT_3D ( 'NONE', #3460, #3254, #6143 ) ;
#8299 = EDGE_LOOP ( 'NONE', ( #771, #3695, #6952, #558 ) ) ;
#8300 = ORIENTED_EDGE ( 'NONE', *, *, #4129, .F. ) ;
#8301 = VERTEX_POINT ( 'NONE', #7918 ) ;
#8302 = DIRECTION ( 'NONE',  ( 1.224646799147351728E-16, 1.000000000000000000, 0.000000000000000000 ) ) ;
#8303 = AXIS2_PLACEMENT_3D ( 'NONE', #5617, #4249, #234 ) ;
#8304 = CARTESIAN_POINT ( 'NONE',  ( 1.000000000000000000, 46.00000000000000000, -34.00000000000000711 ) ) ;
#8305 = VECTOR ( 'NONE', #7763, 1000.000000000000000 ) ;
#8306 = ORIENTED_EDGE ( 'NONE', *, *, #1665, .T. ) ;
#8307 = CARTESIAN_POINT ( 'NONE',  ( 7.000000000000000000, 0.000000000000000000, -32.00000000000000711 ) ) ;
#8308 = EDGE_CURVE ( 'NONE', #5293, #4042, #585, .T. ) ;
#8309 = FACE_OUTER_BOUND ( 'NONE', #3187, .T. ) ;
#8310 = ORIENTED_EDGE ( 'NONE', *, *, #4887, .T. ) ;
#8311 = AXIS2_PLACEMENT_3D ( 'NONE', #1017, #3669, #5048 ) ;
#8312 = DIRECTION ( 'NONE',  ( 0.000000000000000000, 0.000000000000000000, 1.000000000000000000 ) ) ;
#8313 = DIRECTION ( 'NONE',  ( 1.000000000000000000, 0.000000000000000000, 0.000000000000000000 ) ) ;
#8314 = CARTESIAN_POINT ( 'NONE',  ( 6.000000000000005329, -12.66666666666667318, -33.00000000000000711 ) ) ;
#8315 = LINE ( 'NONE', #6366, #5795 ) ;
#8316 = ORIENTED_EDGE ( 'NONE', *, *, #1380, .T. ) ;
#8317 = EDGE_CURVE ( 'NONE', #6744, #1087, #7684, .T. ) ;
#8318 = DIRECTION ( 'NONE',  ( -1.000000000000000000, 0.000000000000000000, 0.000000000000000000 ) ) ;
#8319 = AXIS2_PLACEMENT_3D ( 'NONE', #3482, #2011, #6033 ) ;
#8320 = DIRECTION ( 'NONE',  ( 0.000000000000000000, 1.000000000000000000, -0.000000000000000000 ) ) ;
#8321 = ADVANCED_FACE ( 'NONE', ( #96 ), #8001, .F. ) ;
#8322 = FACE_OUTER_BOUND ( 'NONE', #4524, .T. ) ;
#8323 = DIRECTION ( 'NONE',  ( -1.000000000000000000, -0.000000000000000000, -0.000000000000000000 ) ) ;
#8324 = ORIENTED_EDGE ( 'NONE', *, *, #36, .F. ) ;
#8325 = CARTESIAN_POINT ( 'NONE',  ( 10.00000000000000000, -55.00000000000000000, 9.999999999999996447 ) ) ;
#8326 = AXIS2_PLACEMENT_3D ( 'NONE', #1162, #6417, #3813 ) ;
#8327 = DIRECTION ( 'NONE',  ( 0.000000000000000000, 0.000000000000000000, 1.000000000000000000 ) ) ;
#8328 = CARTESIAN_POINT ( 'NONE',  ( 10.00000000000000000, -55.00000000000000000, 45.00000000000000000 ) ) ;
#8329 = EDGE_CURVE ( 'NONE', #3222, #1635, #4746, .T. ) ;
#8330 = EDGE_LOOP ( 'NONE', ( #4615, #7425, #6632, #4836 ) ) ;
#8331 = DIRECTION ( 'NONE',  ( -1.000000000000000000, -0.000000000000000000, -0.000000000000000000 ) ) ;
#8332 = ORIENTED_EDGE ( 'NONE', *, *, #1480, .F. ) ;
#8333 = EDGE_CURVE ( 'NONE', #6754, #6292, #7958, .T. ) ;
#8334 = EDGE_LOOP ( 'NONE', ( #4930, #3323, #6084, #6957 ) ) ;
#8335 = CARTESIAN_POINT ( 'NONE',  ( 2.499999999999999556, -57.00000000000000000, 9.999999999999996447 ) ) ;
#8336 = ORIENTED_EDGE ( 'NONE', *, *, #4722, .F. ) ;
#8337 = CARTESIAN_POINT ( 'NONE',  ( 2.048887919905653623E-09, 43.62353571452887735, 37.18055264509621338 ) ) ;
#8338 = EDGE_LOOP ( 'NONE', ( #5896, #3307, #3088, #5605 ) ) ;
#8339 = DIRECTION ( 'NONE',  ( 0.000000000000000000, 0.000000000000000000, 1.000000000000000000 ) ) ;
#8340 = CARTESIAN_POINT ( 'NONE',  ( 1.000000000000000888, 20.66666666666666785, 34.00000000000000000 ) ) ;
#8341 = PRESENTATION_LAYER_ASSIGNMENT (  '', '', ( #7784 ) ) ;
#8342 = LINE ( 'NONE', #5400, #3806 ) ;
#8343 = CYLINDRICAL_SURFACE ( 'NONE', #7203, 1.000000000000000888 ) ;
#8344 = ORIENTED_EDGE ( 'NONE', *, *, #4940, .F. ) ;
#8345 = ORIENTED_EDGE ( 'NONE', *, *, #2531, .F. ) ;
#8346 = ORIENTED_EDGE ( 'NONE', *, *, #4971, .F. ) ;
#8347 = CIRCLE ( 'NONE', #663, 1.000000000000000000 ) ;
#8348 = EDGE_CURVE ( 'NONE', #4983, #5448, #133, .T. ) ;
#8349 = FACE_OUTER_BOUND ( 'NONE', #4748, .T. ) ;
#8350 = CARTESIAN_POINT ( 'NONE',  ( 143.6861997365472519, 12.66666666666667318, 34.00000000000000000 ) ) ;
#8351 = EDGE_LOOP ( 'NONE', ( #1786, #1009, #7699 ) ) ;
#8352 = DIRECTION ( 'NONE',  ( -0.000000000000000000, 0.000000000000000000, 1.000000000000000000 ) ) ;
#8353 = DIRECTION ( 'NONE',  ( 0.000000000000000000, 0.000000000000000000, 1.000000000000000000 ) ) ;
#8354 = AXIS2_PLACEMENT_3D ( 'NONE', #7420, #8208, #1442 ) ;
#8355 = ORIENTED_EDGE ( 'NONE', *, *, #6569, .T. ) ;
#8356 = DIRECTION ( 'NONE',  ( -1.000000000000000000, 0.000000000000000000, 0.000000000000000000 ) ) ;
#8357 = EDGE_CURVE ( 'NONE', #5859, #6349, #4149, .T. ) ;
#8358 = DIRECTION ( 'NONE',  ( 0.000000000000000000, 0.000000000000000000, 1.000000000000000000 ) ) ;
#8359 = CARTESIAN_POINT ( 'NONE',  ( -3.609868947317046860E-09, -35.40208725939903900, -40.03680939023846008 ) ) ;
#8360 = EDGE_LOOP ( 'NONE', ( #6856, #7771, #3710 ) ) ;
#8361 = AXIS2_PLACEMENT_3D ( 'NONE', #3072, #8407, #2431 ) ;
#8362 = CARTESIAN_POINT ( 'NONE',  ( 7.000000000000000000, 22.66666666666666785, 34.00000000000000000 ) ) ;
#8363 = CARTESIAN_POINT ( 'NONE',  ( 1.000000000000000888, 22.66666666666667496, -40.99999999999999289 ) ) ;
#8364 = CARTESIAN_POINT ( 'NONE',  ( 7.000000000000253131, 49.99999999999999289, -45.00000000000000000 ) ) ;
#8366 = EDGE_CURVE ( 'NONE', #5325, #3818, #970, .T. ) ;
#8365 = DIRECTION ( 'NONE',  ( -0.000000000000000000, -0.000000000000000000, -1.000000000000000000 ) ) ;
#8367 = CARTESIAN_POINT ( 'NONE',  ( 6.000000000000005329, 51.00000000000000000, -32.00000000000001421 ) ) ;
#8368 = VECTOR ( 'NONE', #7525, 1000.000000000000000 ) ;
#8369 = CARTESIAN_POINT ( 'NONE',  ( 6.000000000000005329, 32.06274606680621986, -41.99999999999999289 ) ) ;
#8370 = AXIS2_PLACEMENT_3D ( 'NONE', #8010, #5282, #6704 ) ;
#8371 = ADVANCED_FACE ( 'NONE', ( #7616 ), #6826, .F. ) ;
#8372 = CARTESIAN_POINT ( 'NONE',  ( 6.000000000000005329, -22.66666666666666075, -40.99999999999998579 ) ) ;
#8373 = EDGE_CURVE ( 'NONE', #1741, #1447, #5865, .T. ) ;
#8374 = FACE_OUTER_BOUND ( 'NONE', #1112, .T. ) ;
#8375 = ORIENTED_EDGE ( 'NONE', *, *, #4847, .F. ) ;
#8376 = CARTESIAN_POINT ( 'NONE',  ( 6.000000000000005329, -10.66666666666666785, 40.99999999999998579 ) ) ;
#8377 = AXIS2_PLACEMENT_3D ( 'NONE', #12, #720, #8057 ) ;
#8378 = DIRECTION ( 'NONE',  ( -0.000000000000000000, -0.000000000000000000, -1.000000000000000000 ) ) ;
#8379 = ORIENTED_EDGE ( 'NONE', *, *, #2002, .T. ) ;
#8380 = ORIENTED_EDGE ( 'NONE', *, *, #6148, .F. ) ;
#8381 = EDGE_CURVE ( 'NONE', #352, #4394, #5525, .T. ) ;
#8382 = CARTESIAN_POINT ( 'NONE',  ( 0.9268327424335078835, 43.66157298349697413, -36.47042535373949335 ) ) ;
#8383 = ORIENTED_EDGE ( 'NONE', *, *, #8214, .F. ) ;
#8384 = EDGE_CURVE ( 'NONE', #2700, #4082, #6139, .T. ) ;
#8385 = DIRECTION ( 'NONE',  ( 0.000000000000000000, -0.000000000000000000, 1.000000000000000000 ) ) ;
#8386 = CARTESIAN_POINT ( 'NONE',  ( 1.000000000000000888, 12.66666666666667318, 34.00000000000000000 ) ) ;
#8387 = DIRECTION ( 'NONE',  ( 0.000000000000000000, 1.000000000000000000, 2.775557561562896479E-15 ) ) ;
#8388 = DIRECTION ( 'NONE',  ( -1.000000000000000000, -0.000000000000000000, -0.000000000000000000 ) ) ;
#8389 = VERTEX_POINT ( 'NONE', #4914 ) ;
#8390 = ORIENTED_EDGE ( 'NONE', *, *, #4572, .F. ) ;
#8391 = VERTEX_POINT ( 'NONE', #8224 ) ;
#8392 = VECTOR ( 'NONE', #1196, 1000.000000000000000 ) ;
#8393 = CARTESIAN_POINT ( 'NONE',  ( 6.000000000000005329, 10.66666666666666785, -41.99999999999999289 ) ) ;
#8394 = ORIENTED_EDGE ( 'NONE', *, *, #6193, .T. ) ;
#8395 = DIRECTION ( 'NONE',  ( -1.000000000000000000, -0.000000000000000000, -0.000000000000000000 ) ) ;
#8396 = LINE ( 'NONE', #5295, #1875 ) ;
#8397 = ORIENTED_EDGE ( 'NONE', *, *, #4045, .F. ) ;
#8398 = CIRCLE ( 'NONE', #166, 1.000000000000000888 ) ;
#8399 = DIRECTION ( 'NONE',  ( 0.000000000000000000, 0.000000000000000000, 1.000000000000000000 ) ) ;
#8400 = DIRECTION ( 'NONE',  ( 0.000000000000000000, 0.000000000000000000, 1.000000000000000000 ) ) ;
#8401 = CARTESIAN_POINT ( 'NONE',  ( 0.8521711016308527453, -34.96917791554936628, -39.76985738353334199 ) ) ;
#8402 = DIRECTION ( 'NONE',  ( 0.000000000000000000, 0.6666666666666669627, -0.7453559924999295649 ) ) ;
#8403 = DIRECTION ( 'NONE',  ( 1.000000000000000000, -0.000000000000000000, -0.000000000000000000 ) ) ;
#8404 = CARTESIAN_POINT ( 'NONE',  ( 3.150000000000010125, -16.66666666666666430, 39.50000000000000000 ) ) ;
#8405 = EDGE_CURVE ( 'NONE', #4095, #8419, #3498, .T. ) ;
#8406 = VECTOR ( 'NONE', #624, 1000.000000000000000 ) ;
#8407 = DIRECTION ( 'NONE',  ( -1.000000000000000000, -0.000000000000000000, -0.000000000000000000 ) ) ;
#8408 = LINE ( 'NONE', #6419, #2699 ) ;
#8409 = DIRECTION ( 'NONE',  ( 0.000000000000000000, 0.000000000000000000, 1.000000000000000000 ) ) ;
#8410 = TOROIDAL_SURFACE ( 'NONE', #6325, 2.000000000000000888, 1.000000000000000000 ) ;
#8411 = CYLINDRICAL_SURFACE ( 'NONE', #752, 1.000000000000000000 ) ;
#8412 = ORIENTED_EDGE ( 'NONE', *, *, #3089, .F. ) ;
#8413 = AXIS2_PLACEMENT_3D ( 'NONE', #458, #6970, #4474 ) ;
#8414 = CARTESIAN_POINT ( 'NONE',  ( -1.051439140571178072E-09, 35.44409431097128049, 40.57076138032856250 ) ) ;
#8415 = CARTESIAN_POINT ( 'NONE',  ( 6.000000000000005329, 12.66666666666667318, 34.00000000000000000 ) ) ;
#8416 = EDGE_LOOP ( 'NONE', ( #6310, #4853, #3297, #3651 ) ) ;
#8417 = EDGE_CURVE ( 'NONE', #1827, #4394, #6138, .T. ) ;
#8418 = ORIENTED_EDGE ( 'NONE', *, *, #5702, .F. ) ;
#8419 = VERTEX_POINT ( 'NONE', #3593 ) ;
#8420 = AXIS2_PLACEMENT_3D ( 'NONE', #2748, #5429, #4143 ) ;
#8421 = CARTESIAN_POINT ( 'NONE',  ( 1.260919481306628748E-09, 43.78517686637408701, -37.40226439447405937 ) ) ;
#8422 = ORIENTED_EDGE ( 'NONE', *, *, #4805, .F. ) ;
#8423 = VECTOR ( 'NONE', #3452, 1000.000000000000000 ) ;
#8424 = LINE ( 'NONE', #2492, #4533 ) ;
#8425 = CIRCLE ( 'NONE', #7042, 2.249999999999995115 ) ;
#8426 = EDGE_CURVE ( 'NONE', #8120, #2052, #5570, .T. ) ;
#8427 = FACE_OUTER_BOUND ( 'NONE', #1799, .T. ) ;
#8428 = EDGE_CURVE ( 'NONE', #1151, #6157, #4591, .T. ) ;
#8429 = FACE_BOUND ( 'NONE', #7858, .T. ) ;
#8430 = EDGE_LOOP ( 'NONE', ( #5970, #8090, #8104, #2200 ) ) ;
#8431 = VERTEX_POINT ( 'NONE', #8314 ) ;
#8432 = CIRCLE ( 'NONE', #6491, 1.000000000000000888 ) ;
#8433 = ORIENTED_EDGE ( 'NONE', *, *, #619, .F. ) ;
#8434 = CIRCLE ( 'NONE', #7596, 2.249999999999995115 ) ;
#8435 = CARTESIAN_POINT ( 'NONE',  ( -2.449293598294688665E-16, -56.99999999999998579, -9.999999999999996447 ) ) ;
#8436 = ORIENTED_EDGE ( 'NONE', *, *, #3065, .F. ) ;
#8437 = FACE_OUTER_BOUND ( 'NONE', #919, .T. ) ;
#8438 = CIRCLE ( 'NONE', #6617, 4.590000000000003411 ) ;
#8439 = FACE_OUTER_BOUND ( 'NONE', #7040, .T. ) ;
#8440 = ADVANCED_FACE ( 'NONE', ( #181 ), #2792, .T. ) ;
#8441 = ORIENTED_EDGE ( 'NONE', *, *, #8078, .T. ) ;
#8442 = CARTESIAN_POINT ( 'NONE',  ( 7.000000000000000000, -34.04705955010467022, 39.24999999999999289 ) ) ;
#8443 = DIRECTION ( 'NONE',  ( 0.000000000000000000, 0.000000000000000000, -1.000000000000000000 ) ) ;
#8444 = AXIS2_PLACEMENT_3D ( 'NONE', #5102, #7755, #1774 ) ;
#8445 = CARTESIAN_POINT ( 'NONE',  ( 7.000000000000000000, -12.66666666666666252, 32.00000000000000711 ) ) ;
#8446 = CIRCLE ( 'NONE', #2715, 1.000000000000000888 ) ;
#8447 = DIRECTION ( 'NONE',  ( 0.000000000000000000, 0.000000000000000000, 1.000000000000000000 ) ) ;
#8448 = CARTESIAN_POINT ( 'NONE',  ( 6.000000000000005329, -32.06274606680621986, 40.99999999999999289 ) ) ;
#8449 = DIRECTION ( 'NONE',  ( 0.000000000000000000, 0.000000000000000000, -1.000000000000000000 ) ) ;
#8450 = CARTESIAN_POINT ( 'NONE',  ( 5.000000000000005329, 16.66666666666667140, 39.69999999998344009 ) ) ;
#8451 = AXIS2_PLACEMENT_3D ( 'NONE', #4951, #8352, #8259 ) ;
#8452 = FACE_OUTER_BOUND ( 'NONE', #412, .T. ) ;
#8453 = DIRECTION ( 'NONE',  ( 0.000000000000000000, 1.000000000000000000, -7.384882149680598319E-16 ) ) ;
#8454 = ORIENTED_EDGE ( 'NONE', *, *, #5213, .F. ) ;
#8455 = DIRECTION ( 'NONE',  ( 0.000000000000000000, 0.000000000000000000, 1.000000000000000000 ) ) ;
#8456 = CARTESIAN_POINT ( 'NONE',  ( 143.6861997365472519, 20.66666666666667496, -33.00000000000000000 ) ) ;
#8457 = VERTEX_POINT ( 'NONE', #6782 ) ;
#8458 = AXIS2_PLACEMENT_3D ( 'NONE', #5207, #4537, #6584 ) ;
#8459 = EDGE_CURVE ( 'NONE', #111, #4036, #2198, .T. ) ;
#8460 = CYLINDRICAL_SURFACE ( 'NONE', #6250, 1.000000000000000888 ) ;
#8461 = DIRECTION ( 'NONE',  ( 0.000000000000000000, -1.387778780781444492E-15, 1.000000000000000000 ) ) ;
#8462 = ORIENTED_EDGE ( 'NONE', *, *, #953, .F. ) ;
#8463 = DIRECTION ( 'NONE',  ( 1.000000000000000000, 0.000000000000000000, 0.000000000000000000 ) ) ;
#8464 = AXIS2_PLACEMENT_3D ( 'NONE', #1777, #506, #5059 ) ;
#8465 = ORIENTED_EDGE ( 'NONE', *, *, #7110, .F. ) ;
#8466 = CARTESIAN_POINT ( 'NONE',  ( 10.00000000000000000, -55.00000000000000000, -19.99999999999999645 ) ) ;
#8467 = ORIENTED_EDGE ( 'NONE', *, *, #5188, .T. ) ;
#8468 = EDGE_CURVE ( 'NONE', #1151, #3450, #7569, .T. ) ;
#8469 = ADVANCED_FACE ( 'NONE', ( #4868 ), #230, .T. ) ;
#8470 = DIRECTION ( 'NONE',  ( 0.000000000000000000, 0.000000000000000000, 1.000000000000000000 ) ) ;
#8471 = CARTESIAN_POINT ( 'NONE',  ( 143.6861997365472519, -46.00000000000000711, 34.00000000000000711 ) ) ;
#8472 = CARTESIAN_POINT ( 'NONE',  ( 0.8074032449773749232, -36.03137303340311348, 39.49999999999999289 ) ) ;
#8473 = CIRCLE ( 'NONE', #5000, 1.000000000000000888 ) ;
#8474 = ORIENTED_EDGE ( 'NONE', *, *, #5925, .T. ) ;
#8475 = ORIENTED_EDGE ( 'NONE', *, *, #8179, .T. ) ;
#8476 = DIRECTION ( 'NONE',  ( -0.7071067811865464625, 8.659560562354947649E-17, -0.7071067811865486830 ) ) ;
#8477 = ORIENTED_EDGE ( 'NONE', *, *, #1651, .T. ) ;
#8478 = EDGE_CURVE ( 'NONE', #6937, #7494, #5594, .T. ) ;
#8479 = CARTESIAN_POINT ( 'NONE',  ( 1.000000000000000888, 20.66666666666667496, -33.00000000000000000 ) ) ;
#8480 = ORIENTED_EDGE ( 'NONE', *, *, #1820, .T. ) ;
#8481 = CARTESIAN_POINT ( 'NONE',  ( 2.048773609233117857E-09, -43.62353571452853629, -37.18055264509618496 ) ) ;
#8482 = DIRECTION ( 'NONE',  ( 0.000000000000000000, 0.000000000000000000, 1.000000000000000000 ) ) ;
#8483 = VERTEX_POINT ( 'NONE', #1589 ) ;
#8484 = PLANE ( 'NONE',  #1931 ) ;
#8485 = DIRECTION ( 'NONE',  ( -0.000000000000000000, -0.000000000000000000, -1.000000000000000000 ) ) ;
#8486 = EDGE_CURVE ( 'NONE', #8216, #2138, #4194, .T. ) ;
#8487 = AXIS2_PLACEMENT_3D ( 'NONE', #6016, #1952, #7885 ) ;
#8488 = CARTESIAN_POINT ( 'NONE',  ( 6.850000000000001421, 49.99999999999999289, 39.50000000000000000 ) ) ;
#8489 = LINE ( 'NONE', #1123, #2186 ) ;
#8490 = CARTESIAN_POINT ( 'NONE',  ( 5.000000000000009770, -16.66666666666666430, 39.50000000000000000 ) ) ;
#8491 = DIRECTION ( 'NONE',  ( 0.000000000000000000, 0.000000000000000000, 1.000000000000000000 ) ) ;
#8492 = DIRECTION ( 'NONE',  ( 0.000000000000000000, 1.734723475976805517E-15, -1.000000000000000000 ) ) ;
#8493 = ORIENTED_EDGE ( 'NONE', *, *, #5199, .T. ) ;
#8494 = AXIS2_PLACEMENT_3D ( 'NONE', #3211, #8581, #5892 ) ;
#8495 = CARTESIAN_POINT ( 'NONE',  ( 6.000000000000005329, 44.00000000000000711, -35.52786404500041328 ) ) ;
#8496 = DIRECTION ( 'NONE',  ( -1.000000000000000000, -0.000000000000000000, -0.000000000000000000 ) ) ;
#8497 = CARTESIAN_POINT ( 'NONE',  ( 0.000000000000000000, -55.00000000000000000, 9.999999999999996447 ) ) ;
#8498 = CARTESIAN_POINT ( 'NONE',  ( 1.000000000000000888, -34.76101678260930328, -40.32742105892958762 ) ) ;
#8499 = ORIENTED_EDGE ( 'NONE', *, *, #143, .T. ) ;
#8500 = AXIS2_PLACEMENT_3D ( 'NONE', #5699, #6489, #8358 ) ;
#8501 = TOROIDAL_SURFACE ( 'NONE', #3471, 2.000000000000000888, 1.000000000000000000 ) ;
#8502 = ORIENTED_EDGE ( 'NONE', *, *, #1923, .F. ) ;
#8503 = CARTESIAN_POINT ( 'NONE',  ( 1.000000000000000888, -21.66666666666666075, 40.99999999999998579 ) ) ;
#8504 = EDGE_LOOP ( 'NONE', ( #208, #4359, #4896, #8607 ) ) ;
#8505 = CIRCLE ( 'NONE', #1822, 1.000000000000000000 ) ;
#8506 = DIRECTION ( 'NONE',  ( -1.000000000000000000, -0.000000000000000000, -0.000000000000000000 ) ) ;
#8507 = PLANE ( 'NONE',  #7289 ) ;
#8508 = DIRECTION ( 'NONE',  ( -0.000000000000000000, 2.775557561562904367E-15, 1.000000000000000000 ) ) ;
#8509 = CIRCLE ( 'NONE', #436, 1.000000000000000000 ) ;
#8510 = EDGE_CURVE ( 'NONE', #8301, #5130, #4468, .T. ) ;
#8511 = ORIENTED_EDGE ( 'NONE', *, *, #3865, .F. ) ;
#8512 = EDGE_LOOP ( 'NONE', ( #6508, #7310 ) ) ;
#8513 = DIRECTION ( 'NONE',  ( 0.000000000000000000, 0.000000000000000000, 1.000000000000000000 ) ) ;
#8514 = EDGE_LOOP ( 'NONE', ( #5899, #65, #399, #3209 ) ) ;
#8515 = LINE ( 'NONE', #1840, #2344 ) ;
#8516 = VERTEX_POINT ( 'NONE', #1846 ) ;
#8517 = LINE ( 'NONE', #5873, #8129 ) ;
#8518 = EDGE_CURVE ( 'NONE', #6292, #2064, #2907, .T. ) ;
#8519 = EDGE_LOOP ( 'NONE', ( #7201, #165, #8286 ) ) ;
#8520 = LINE ( 'NONE', #2702, #3314 ) ;
#8521 = CIRCLE ( 'NONE', #5065, 6.000000000000005329 ) ;
#8522 = DIRECTION ( 'NONE',  ( -0.000000000000000000, -0.000000000000000000, 1.000000000000000000 ) ) ;
#8523 = DIRECTION ( 'NONE',  ( 1.000000000000000000, 0.000000000000000000, 0.000000000000000000 ) ) ;
#8524 = CARTESIAN_POINT ( 'NONE',  ( 0.000000000000000000, 35.44600055583006792, -39.42624999999999602 ) ) ;
#8525 = DIRECTION ( 'NONE',  ( 0.000000000000000000, 0.000000000000000000, 1.000000000000000000 ) ) ;
#8526 = EDGE_CURVE ( 'NONE', #5466, #4331, #7177, .T. ) ;
#8527 = CARTESIAN_POINT ( 'NONE',  ( 5.000000000000005329, 16.66666666666667140, 39.69999999998344009 ) ) ;
#8528 = SURFACE_STYLE_FILL_AREA ( #1940 ) ;
#8529 = EDGE_CURVE ( 'NONE', #6900, #7896, #1676, .T. ) ;
#8530 = EDGE_LOOP ( 'NONE', ( #400, #7600, #4980 ) ) ;
#8531 = CARTESIAN_POINT ( 'NONE',  ( 0.1227374783114467544, 34.71041239714001136, 40.41634031964428431 ) ) ;
#8532 = CARTESIAN_POINT ( 'NONE',  ( 143.6861997365472519, 44.00000000000000711, -35.52786404500041328 ) ) ;
#8533 = AXIS2_PLACEMENT_3D ( 'NONE', #7349, #3360, #8565 ) ;
#8534 = ORIENTED_EDGE ( 'NONE', *, *, #2891, .T. ) ;
#8535 = FACE_OUTER_BOUND ( 'NONE', #3316, .T. ) ;
#8536 = CARTESIAN_POINT ( 'NONE',  ( 0.000000000000000000, -43.06000000000000227, 36.57881599442531240 ) ) ;
#8537 = EDGE_CURVE ( 'NONE', #6697, #6996, #4158, .T. ) ;
#8538 = DIRECTION ( 'NONE',  ( 0.000000000000000000, 0.000000000000000000, -1.000000000000000000 ) ) ;
#8539 = CARTESIAN_POINT ( 'NONE',  ( 0.000000000000000000, -46.00000000000000711, -34.00000000000000000 ) ) ;
#8540 = AXIS2_PLACEMENT_3D ( 'NONE', #42, #5305, #6690 ) ;
#8541 = ORIENTED_EDGE ( 'NONE', *, *, #6933, .F. ) ;
#8542 = DIRECTION ( 'NONE',  ( -1.000000000000000000, -0.000000000000000000, -0.000000000000000000 ) ) ;
#8543 = CIRCLE ( 'NONE', #6046, 0.5000000000000004441 ) ;
#8544 = DIRECTION ( 'NONE',  ( 3.737357873361038167E-15, 0.1250000000000000278, 0.9921567416492216296 ) ) ;
#8545 = ORIENTED_EDGE ( 'NONE', *, *, #447, .F. ) ;
#8546 = ORIENTED_EDGE ( 'NONE', *, *, #1012, .T. ) ;
#8547 = DIRECTION ( 'NONE',  ( 0.000000000000000000, 0.000000000000000000, 1.000000000000000000 ) ) ;
#8548 = EDGE_LOOP ( 'NONE', ( #5954, #5871, #155, #2457 ) ) ;
#8549 = AXIS2_PLACEMENT_3D ( 'NONE', #4568, #7157, #1180 ) ;
#8550 = CARTESIAN_POINT ( 'NONE',  ( 5.000000000000009770, -16.66666666666666430, 39.69999999998334772 ) ) ;
#8551 = VECTOR ( 'NONE', #5468, 1000.000000000000114 ) ;
#8552 = EDGE_CURVE ( 'NONE', #3722, #1566, #1023, .T. ) ;
#8553 = CARTESIAN_POINT ( 'NONE',  ( 143.6861997365472519, 45.00000000000000000, -34.00000000000001421 ) ) ;
#8554 = VERTEX_POINT ( 'NONE', #1072 ) ;
#8555 = CARTESIAN_POINT ( 'NONE',  ( 1.000000000000000888, -51.00000000000000711, -32.00000000000000000 ) ) ;
#8556 = CIRCLE ( 'NONE', #5650, 1.000000000000000888 ) ;
#8557 = EDGE_LOOP ( 'NONE', ( #2008, #570, #3218, #5994 ) ) ;
#8558 = VECTOR ( 'NONE', #8599, 1000.000000000000000 ) ;
#8559 = DIRECTION ( 'NONE',  ( 0.000000000000000000, -1.084202172485504187E-16, 1.000000000000000000 ) ) ;
#8560 = CYLINDRICAL_SURFACE ( 'NONE', #4965, 1.000000000000000888 ) ;
#8561 = CIRCLE ( 'NONE', #3547, 6.000000000000005329 ) ;
#8562 = EDGE_CURVE ( 'NONE', #1487, #6803, #3675, .T. ) ;
#8563 = CARTESIAN_POINT ( 'NONE',  ( 0.000000000000000000, 46.00000000000001421, 34.00000000000001421 ) ) ;
#8564 = LINE ( 'NONE', #2588, #7987 ) ;
#8565 = DIRECTION ( 'NONE',  ( 0.000000000000000000, 0.000000000000000000, 1.000000000000000000 ) ) ;
#8566 = ORIENTED_EDGE ( 'NONE', *, *, #2134, .T. ) ;
#8567 = CARTESIAN_POINT ( 'NONE',  ( 6.000000000000002665, -44.00000000000000711, 35.52786404500041328 ) ) ;
#8568 = CARTESIAN_POINT ( 'NONE',  ( 0.8074032449773838049, 35.03921629175392383, -39.37499999999969447 ) ) ;
#8569 = AXIS2_PLACEMENT_3D ( 'NONE', #1620, #6946, #2954 ) ;
#8570 = ADVANCED_FACE ( 'NONE', ( #1205 ), #6974, .T. ) ;
#8571 = CARTESIAN_POINT ( 'NONE',  ( 1.000000000000000888, 32.06274606680621986, -41.99999999999999289 ) ) ;
#8572 = CARTESIAN_POINT ( 'NONE',  ( 10.00000000000000000, -55.00000000000000000, -45.00000000000000000 ) ) ;
#8573 = EDGE_CURVE ( 'NONE', #684, #3604, #1158, .T. ) ;
#8574 = EDGE_CURVE ( 'NONE', #5469, #2652, #7668, .T. ) ;
#8575 = CARTESIAN_POINT ( 'NONE',  ( 143.6861997365472519, -20.66666666666667496, -33.00000000000000711 ) ) ;
#8576 = VECTOR ( 'NONE', #4905, 1000.000000000000000 ) ;
#8577 = VECTOR ( 'NONE', #4926, 1000.000000000000000 ) ;
#8578 = PLANE ( 'NONE',  #2681 ) ;
#8579 = ORIENTED_EDGE ( 'NONE', *, *, #5690, .T. ) ;
#8580 = ORIENTED_EDGE ( 'NONE', *, *, #6135, .T. ) ;
#8581 = DIRECTION ( 'NONE',  ( -0.000000000000000000, 0.000000000000000000, 1.000000000000000000 ) ) ;
#8582 = AXIS2_PLACEMENT_3D ( 'NONE', #3793, #5823, #7204 ) ;
#8583 = SPHERICAL_SURFACE ( 'NONE', #5444, 1.000000000000000000 ) ;
#8584 = EDGE_LOOP ( 'NONE', ( #3789, #7015, #6988, #1402 ) ) ;
#8585 = EDGE_CURVE ( 'NONE', #408, #2064, #7810, .T. ) ;
#8586 = EDGE_CURVE ( 'NONE', #5290, #5933, #8215, .T. ) ;
#8587 = CARTESIAN_POINT ( 'NONE',  ( 0.000000000000000000, -40.00000000000000000, 39.99999999999999289 ) ) ;
#8588 = CIRCLE ( 'NONE', #8025, 2.249999999999995115 ) ;
#8589 = VERTEX_POINT ( 'NONE', #455 ) ;
#8590 = DIRECTION ( 'NONE',  ( 1.000000000000000000, -0.000000000000000000, -0.000000000000000000 ) ) ;
#8591 = VERTEX_POINT ( 'NONE', #1810 ) ;
#8592 = EDGE_LOOP ( 'NONE', ( #8292, #4499, #3183, #7540 ) ) ;
#8593 = DIRECTION ( 'NONE',  ( 1.000000000000000000, 0.000000000000000000, 0.000000000000000000 ) ) ;
#8594 = ORIENTED_EDGE ( 'NONE', *, *, #5442, .F. ) ;
#8595 = VECTOR ( 'NONE', #3341, 1000.000000000000000 ) ;
#8596 = DIRECTION ( 'NONE',  ( 0.000000000000000000, 0.000000000000000000, 1.000000000000000000 ) ) ;
#8597 = CARTESIAN_POINT ( 'NONE',  ( -1.260920773040074393E-09, -43.68316241609395689, 37.25954224428986095 ) ) ;
#8598 = AXIS2_PLACEMENT_3D ( 'NONE', #1801, #5478, #1552 ) ;
#8599 = DIRECTION ( 'NONE',  ( -1.000000000000000000, -0.000000000000000000, -0.000000000000000000 ) ) ;
#8600 = ORIENTED_EDGE ( 'NONE', *, *, #5985, .F. ) ;
#8601 = CARTESIAN_POINT ( 'NONE',  ( 1.000000000000000888, 34.65725893522787260, 40.50615503039841769 ) ) ;
#8602 = LINE ( 'NONE', #5953, #6752 ) ;
#8603 = ORIENTED_EDGE ( 'NONE', *, *, #1255, .F. ) ;
#8604 = CARTESIAN_POINT ( 'NONE',  ( 5.000000000000013323, -49.99999999999999289, -45.00000000000000000 ) ) ;
#8605 = DIRECTION ( 'NONE',  ( -0.000000000000000000, -0.000000000000000000, 1.000000000000000000 ) ) ;
#8606 = DIRECTION ( 'NONE',  ( 1.000000000000000000, 0.000000000000000000, 0.000000000000000000 ) ) ;
#8607 = ORIENTED_EDGE ( 'NONE', *, *, #4409, .T. ) ;
#8608 = DIRECTION ( 'NONE',  ( 0.000000000000000000, -0.7453559924999296760, 0.6666666666666669627 ) ) ;
#8609 = CARTESIAN_POINT ( 'NONE',  ( 0.9999999678866062780, 34.70833554675022015, -40.41817011304562612 ) ) ;
#8610 = EDGE_CURVE ( 'NONE', #1757, #8073, #410, .T. ) ;
#8611 = DIRECTION ( 'NONE',  ( 1.000000000000000000, 0.000000000000000000, 0.000000000000000000 ) ) ;
#8612 = DIRECTION ( 'NONE',  ( -1.000000000000000000, -0.000000000000000000, -0.000000000000000000 ) ) ;
#8613 = CARTESIAN_POINT ( 'NONE',  ( 1.000000000000000888, -12.66666666666667318, -33.00000000000000711 ) ) ;
#8614 = CARTESIAN_POINT ( 'NONE',  ( 1.000000000000000888, 32.06274606680621986, -39.00000000000000000 ) ) ;
#8615 = EDGE_CURVE ( 'NONE', #1274, #1347, #6281, .T. ) ;
#8616 = CIRCLE ( 'NONE', #8487, 1.000000000000000888 ) ;
#8617 = EDGE_CURVE ( 'NONE', #2783, #390, #556, .T. ) ;
#8618 = ORIENTED_EDGE ( 'NONE', *, *, #465, .F. ) ;
#8619 = DIRECTION ( 'NONE',  ( -0.000000000000000000, -0.000000000000000000, -1.000000000000000000 ) ) ;
#8620 = CARTESIAN_POINT ( 'NONE',  ( 5.000000000000013323, -49.99999999999999289, -39.50000000000000000 ) ) ;
#8621 = ORIENTED_EDGE ( 'NONE', *, *, #2459, .F. ) ;
#8622 = CIRCLE ( 'NONE', #6676, 1.000000000000000888 ) ;
#8623 = CARTESIAN_POINT ( 'NONE',  ( 2.999999999999999112, -55.50000000000000000, 45.00000000000000000 ) ) ;
#8624 = ORIENTED_EDGE ( 'NONE', *, *, #4447, .F. ) ;
#8625 = FACE_OUTER_BOUND ( 'NONE', #4044, .T. ) ;
#8626 = EDGE_CURVE ( 'NONE', #1626, #7938, #5743, .T. ) ;
#8627 = VERTEX_POINT ( 'NONE', #3156 ) ;
#8628 = ORIENTED_EDGE ( 'NONE', *, *, #6423, .T. ) ;
#8629 = ADVANCED_FACE ( 'NONE', ( #4425 ), #1116, .F. ) ;
#8630 = AXIS2_PLACEMENT_3D ( 'NONE', #7615, #6964, #8547 ) ;
#8631 = CARTESIAN_POINT ( 'NONE',  ( 1.000000000000000888, -12.66666666666666607, 33.99999999999999289 ) ) ;
#8632 = ORIENTED_EDGE ( 'NONE', *, *, #7402, .F. ) ;
#8633 = CARTESIAN_POINT ( 'NONE',  ( -1.885305661714962626E-09, -43.48963836685103956, 37.01641847563815446 ) ) ;
#8634 = VERTEX_POINT ( 'NONE', #8445 ) ;
#8635 = AXIS2_PLACEMENT_3D ( 'NONE', #6251, #7545, #1565 ) ;
#8636 = DIRECTION ( 'NONE',  ( 0.000000000000000000, 0.000000000000000000, -1.000000000000000000 ) ) ;
#8637 = AXIS2_PLACEMENT_3D ( 'NONE', #8376, #4522, #3206 ) ;
#8638 = CYLINDRICAL_SURFACE ( 'NONE', #3154, 0.9999999999999870104 ) ;
#8639 = ORIENTED_EDGE ( 'NONE', *, *, #3572, .T. ) ;
#8640 = CARTESIAN_POINT ( 'NONE',  ( 143.6861997365472519, -22.66666666666666075, 41.99999999999998579 ) ) ;
#8641 = ORIENTED_EDGE ( 'NONE', *, *, #5831, .T. ) ;
#8642 = VECTOR ( 'NONE', #116, 1000.000000000000000 ) ;
#8643 = FACE_OUTER_BOUND ( 'NONE', #2143, .T. ) ;
#8644 = EDGE_LOOP ( 'NONE', ( #1978, #438, #2383, #1268 ) ) ;
#8645 = CARTESIAN_POINT ( 'NONE',  ( 0.2950245123691433435, -34.94144710664555475, 39.87573460082304422 ) ) ;
#8646 = CARTESIAN_POINT ( 'NONE',  ( 143.6861997365472519, -12.66666666666667318, -33.00000000000000711 ) ) ;
#8647 = FACE_OUTER_BOUND ( 'NONE', #3101, .T. ) ;
#8648 = ORIENTED_EDGE ( 'NONE', *, *, #5913, .F. ) ;
#8649 = LINE ( 'NONE', #7311, #7642 ) ;
ENDSEC;
END-ISO-10303-21;
