ISO-10303-21;
HEADER;
FILE_DESCRIPTION (( 'STEP AP214' ),
    '1' );
FILE_NAME ('Mast_Cap.STEP',
    '2025-11-12T17:56:05',
    ( '' ),
    ( '' ),
    'SwSTEP 2.0',
    'SolidWorks 2024',
    '' );
FILE_SCHEMA (( 'AUTOMOTIVE_DESIGN' ));
ENDSEC;

DATA;
#1 = DIRECTION ( 'NONE',  ( -1.000000000000000000, -0.000000000000000000, -0.000000000000000000 ) ) ;
#2 = DIRECTION ( 'NONE',  ( 0.000000000000000000, -1.000000000000000000, 0.000000000000000000 ) ) ;
#3 = CARTESIAN_POINT ( 'NONE',  ( 1.470967741935480966, -21.57740464604362529, -5.220690446760356096 ) ) ;
#4 = CARTESIAN_POINT ( 'NONE',  ( 56.71751442127219178, 8.928247901240812467, 6.425448576869071005 ) ) ;
#5 = CIRCLE ( 'NONE', #5239, 2.000000000000000000 ) ;
#6 = CARTESIAN_POINT ( 'NONE',  ( 60.00000000000000711, 45.00000000000000000, 6.123233995736766282E-16 ) ) ;
#7 = CARTESIAN_POINT ( 'NONE',  ( 19.16515138991168499, -21.83666641225257976, 1.999999999999999556 ) ) ;
#8 = DIRECTION ( 'NONE',  ( 0.000000000000000000, 1.734723475976807094E-15, -1.000000000000000000 ) ) ;
#9 = EDGE_CURVE ( 'NONE', #5633, #1376, #4462, .T. ) ;
#10 = ORIENTED_EDGE ( 'NONE', *, *, #1379, .F. ) ;
#11 = CARTESIAN_POINT ( 'NONE',  ( 3.176774193558101977, -21.57740464603881492, 4.176552357424157869 ) ) ;
#12 = CARTESIAN_POINT ( 'NONE',  ( 39.89363824602779118, 12.16996538451878074, 17.79249393741795870 ) ) ;
#13 = CARTESIAN_POINT ( 'NONE',  ( 38.52773594965216120, -38.63778048585751890, 19.61270697408903629 ) ) ;
#14 = CARTESIAN_POINT ( 'NONE',  ( 38.00000000000000711, 10.66883885520437225, 17.18767026412077925 ) ) ;
#15 = ORIENTED_EDGE ( 'NONE', *, *, #1311, .F. ) ;
#16 = EDGE_CURVE ( 'NONE', #2139, #6460, #3337, .T. ) ;
#17 = CARTESIAN_POINT ( 'NONE',  ( 50.00000000000000000, 36.50000000000000000, 0.000000000000000000 ) ) ;
#18 = B_SPLINE_CURVE_WITH_KNOTS ( 'NONE', 3,
 ( #8006, #1135, #4289, #6862, #6128, #7516 ),
 .UNSPECIFIED., .F., .F.,
 ( 4, 2, 4 ),
 ( 0.002299640620875086951, 0.003000754344011640363, 0.003701868067148193775 ),
 .UNSPECIFIED. ) ;
#19 = CARTESIAN_POINT ( 'NONE',  ( 40.34394284523602892, 15.60341927775519899, -17.02208832868946331 ) ) ;
#20 = ORIENTED_EDGE ( 'NONE', *, *, #7315, .F. ) ;
#21 = CARTESIAN_POINT ( 'NONE',  ( 41.99999999999999289, -12.71219886565654811, 20.20000000000000639 ) ) ;
#22 = CARTESIAN_POINT ( 'NONE',  ( 60.00000000000000711, 45.00000000000000000, 6.123233995736766282E-16 ) ) ;
#23 = CARTESIAN_POINT ( 'NONE',  ( 38.19239571706299330, 11.56742633326871861, 16.56724943009326267 ) ) ;
#24 = CARTESIAN_POINT ( 'NONE',  ( 39.99999999999999289, -16.05803077114966015, -15.15836036806978626 ) ) ;
#25 = CARTESIAN_POINT ( 'NONE',  ( 45.00000000000000711, -2.696705809357441641, -20.19999999999999929 ) ) ;
#26 = CARTESIAN_POINT ( 'NONE',  ( 39.16503109306933084, 36.84085405338555574, 19.13951111290127827 ) ) ;
#27 = CARTESIAN_POINT ( 'NONE',  ( 2.819851098652648158, 21.71505851031443157, 3.546626961586393012 ) ) ;
#28 = CIRCLE ( 'NONE', #1980, 22.19999999999999574 ) ;
#29 = ORIENTED_EDGE ( 'NONE', *, *, #1654, .T. ) ;
#30 = CARTESIAN_POINT ( 'NONE',  ( 41.40548430481092623, -5.303403161431709201, -19.74996224807197720 ) ) ;
#31 = CARTESIAN_POINT ( 'NONE',  ( 39.39062743582365300, -12.49548090937858724, -16.25250864445094123 ) ) ;
#32 = CARTESIAN_POINT ( 'NONE',  ( 39.70301910481066443, 6.571014052124041882, -19.06479849381116054 ) ) ;
#33 = CARTESIAN_POINT ( 'NONE',  ( 38.53800970022292205, 7.027755579627467775, -18.93351628463969760 ) ) ;
#34 = DIRECTION ( 'NONE',  ( 0.000000000000000000, -1.000000000000000000, 2.232650849431820908E-15 ) ) ;
#35 = ORIENTED_EDGE ( 'NONE', *, *, #3811, .F. ) ;
#36 = CARTESIAN_POINT ( 'NONE',  ( 39.91761669283722114, -11.86334436857960384, 18.05259847848569876 ) ) ;
#37 = VERTEX_POINT ( 'NONE', #4647 ) ;
#38 = TOROIDAL_SURFACE ( 'NONE', #5646, 10.49999999999999822, 0.5000000000000000000 ) ;
#39 = VERTEX_POINT ( 'NONE', #7141 ) ;
#40 = CARTESIAN_POINT ( 'NONE',  ( 3.589239999414005400, 19.10255753355022179, -10.76718606124197919 ) ) ;
#41 = FACE_OUTER_BOUND ( 'NONE', #4793, .T. ) ;
#42 = EDGE_CURVE ( 'NONE', #455, #6710, #6525, .T. ) ;
#43 = DIRECTION ( 'NONE',  ( 0.000000000000000000, -0.2384406918210979220, -0.9711570606672621508 ) ) ;
#44 = CARTESIAN_POINT ( 'NONE',  ( 39.99999999999999289, 12.63214365497085367, 18.25591636035542464 ) ) ;
#45 = CARTESIAN_POINT ( 'NONE',  ( 39.93574707266824220, 14.72457112160722659, -15.71455413946952895 ) ) ;
#46 = TOROIDAL_SURFACE ( 'NONE', #694, 22.19999999999999574, 2.000000000000000000 ) ;
#47 = AXIS2_PLACEMENT_3D ( 'NONE', #1717, #1103, #3600 ) ;
#48 = DIRECTION ( 'NONE',  ( 0.000000000000000000, 0.000000000000000000, -1.000000000000000000 ) ) ;
#49 = DIRECTION ( 'NONE',  ( 1.000000000000000000, 0.000000000000000000, 0.000000000000000000 ) ) ;
#50 = CARTESIAN_POINT ( 'NONE',  ( 39.96164551392365638, 2.731065531117129238E-15, 20.17562402875952543 ) ) ;
#51 = VERTEX_POINT ( 'NONE', #7796 ) ;
#52 = EDGE_CURVE ( 'NONE', #3289, #2139, #346, .T. ) ;
#53 = CARTESIAN_POINT ( 'NONE',  ( 44.99999999966252062, -25.23827771848290524, -20.20000000000000284 ) ) ;
#54 = CARTESIAN_POINT ( 'NONE',  ( 40.00000000000000000, -30.77705835859652339, 18.19999999999999929 ) ) ;
#55 = CARTESIAN_POINT ( 'NONE',  ( 38.00000000000000711, 5.427841158615234640, 19.46374730523986329 ) ) ;
#56 = ORIENTED_EDGE ( 'NONE', *, *, #2060, .F. ) ;
#57 = CARTESIAN_POINT ( 'NONE',  ( 4.913576940709106999, 19.58511982884553859, -6.599282443655654973 ) ) ;
#58 = CARTESIAN_POINT ( 'NONE',  ( 40.38247315682800576, 14.87808971879992903, -17.11809390340263448 ) ) ;
#59 = ORIENTED_EDGE ( 'NONE', *, *, #1173, .T. ) ;
#60 = CARTESIAN_POINT ( 'NONE',  ( 2.399229445697191210, 21.73101877521599690, 2.522517749122788366 ) ) ;
#61 = CIRCLE ( 'NONE', #2147, 11.00000000000000000 ) ;
#62 = EDGE_CURVE ( 'NONE', #163, #3635, #5456, .T. ) ;
#63 = CARTESIAN_POINT ( 'NONE',  ( 41.51598985428676514, 8.196332369492454362, 20.17402318555756935 ) ) ;
#64 = EDGE_CURVE ( 'NONE', #2901, #6900, #503, .T. ) ;
#65 = CARTESIAN_POINT ( 'NONE',  ( 40.97087536800593455, 6.944068156671942159E-15, -20.11376744117787041 ) ) ;
#66 = CARTESIAN_POINT ( 'NONE',  ( 41.33126234701970958, -15.73482779275961541, -18.60233015888519148 ) ) ;
#67 = CARTESIAN_POINT ( 'NONE',  ( 59.50000000000001421, -11.00000000000000000, -3.322472255405742636E-16 ) ) ;
#68 = DIRECTION ( 'NONE',  ( 0.000000000000000000, 0.000000000000000000, 1.000000000000000000 ) ) ;
#69 = ORIENTED_EDGE ( 'NONE', *, *, #7181, .F. ) ;
#70 = CARTESIAN_POINT ( 'NONE',  ( 36.45910246964218260, -45.00000000000000000, 18.74414051476480125 ) ) ;
#71 = EDGE_CURVE ( 'NONE', #1968, #2055, #2385, .T. ) ;
#72 = CARTESIAN_POINT ( 'NONE',  ( 40.97087536800593455, 6.944068156671942159E-15, -20.11376744117787041 ) ) ;
#73 = CARTESIAN_POINT ( 'NONE',  ( 40.29942111340190536, -8.296115225011591932, -18.66953805298196301 ) ) ;
#74 = CARTESIAN_POINT ( 'NONE',  ( 38.19308860308574793, -11.56695572460641408, 16.56036036036036307 ) ) ;
#75 = DIRECTION ( 'NONE',  ( 0.000000000000000000, 1.000000000000000000, 0.000000000000000000 ) ) ;
#76 = ORIENTED_EDGE ( 'NONE', *, *, #7502, .T. ) ;
#77 = ORIENTED_EDGE ( 'NONE', *, *, #4349, .F. ) ;
#78 = ORIENTED_EDGE ( 'NONE', *, *, #918, .F. ) ;
#79 = CARTESIAN_POINT ( 'NONE',  ( 3.380218928938729661, 19.01204020862775224, 6.831070756099450136 ) ) ;
#80 = CARTESIAN_POINT ( 'NONE',  ( 45.00000000000000711, 2.081668171172168513E-14, -20.19999999999999929 ) ) ;
#81 = CIRCLE ( 'NONE', #1651, 19.00000000000000000 ) ;
#82 = CIRCLE ( 'NONE', #5564, 3.850000000000000533 ) ;
#83 = CARTESIAN_POINT ( 'NONE',  ( 39.16757556968624954, 9.892081896575810163, 17.98150405388156869 ) ) ;
#84 = CARTESIAN_POINT ( 'NONE',  ( 39.53632174464184601, 14.69289712727815811, -14.88521722133385339 ) ) ;
#85 = CARTESIAN_POINT ( 'NONE',  ( 57.90435398331666761, -9.916682275894297405, 6.158060544100711020 ) ) ;
#86 = CARTESIAN_POINT ( 'NONE',  ( 39.47723188310529707, 39.16162339032127448, -20.19999999999999218 ) ) ;
#87 = AXIS2_PLACEMENT_3D ( 'NONE', #6403, #5057, #7560 ) ;
#88 = AXIS2_PLACEMENT_3D ( 'NONE', #6812, #1163, #6541 ) ;
#89 = CARTESIAN_POINT ( 'NONE',  ( 38.00000000000000000, 0.000000000000000000, 0.000000000000000000 ) ) ;
#90 = ORIENTED_EDGE ( 'NONE', *, *, #6922, .F. ) ;
#91 = CARTESIAN_POINT ( 'NONE',  ( 41.52120761227690338, -3.042552001282681218, -20.00573328605677403 ) ) ;
#92 = CARTESIAN_POINT ( 'NONE',  ( 42.92153128915619220, -10.33573745162665602, -19.86964521729779065 ) ) ;
#93 = CONICAL_SURFACE ( 'NONE', #2705, 3.850000000000000533, 0.03163501222811938157 ) ;
#94 = CARTESIAN_POINT ( 'NONE',  ( 41.05810518864856817, -30.31174846304507398, -20.19999999999959073 ) ) ;
#95 = CARTESIAN_POINT ( 'NONE',  ( 40.97006469131470396, 15.67018548544879586, -18.16097212355153445 ) ) ;
#96 = CARTESIAN_POINT ( 'NONE',  ( 39.39042816887519649, 5.520138105606763546, 19.53254150859914873 ) ) ;
#97 = EDGE_LOOP ( 'NONE', ( #413, #2678, #5027, #7036 ) ) ;
#98 = DIRECTION ( 'NONE',  ( 1.301042606982604138E-15, 4.513898307157575623E-30, 1.000000000000000000 ) ) ;
#99 = ADVANCED_FACE ( 'NONE', ( #3690 ), #1770, .T. ) ;
#100 = CARTESIAN_POINT ( 'NONE',  ( 39.76748358423625263, 10.22785922093521727, -17.67399699341111585 ) ) ;
#101 = VERTEX_POINT ( 'NONE', #7308 ) ;
#102 = CARTESIAN_POINT ( 'NONE',  ( 2.897371577368859530, 20.05342129183902600, 3.689979423148309845 ) ) ;
#103 = CARTESIAN_POINT ( 'NONE',  ( 41.99999999999999289, 4.237399621885526990, 20.20000000000000284 ) ) ;
#104 = CARTESIAN_POINT ( 'NONE',  ( 38.29590699158434575, 6.250933711825184425, -19.21387460328543284 ) ) ;
#105 = DIRECTION ( 'NONE',  ( 0.000000000000000000, 0.000000000000000000, 1.000000000000000000 ) ) ;
#106 = CARTESIAN_POINT ( 'NONE',  ( 39.04463662850893968, 14.87837227403970175, -14.09268604742326225 ) ) ;
#107 = FACE_OUTER_BOUND ( 'NONE', #971, .T. ) ;
#108 = CARTESIAN_POINT ( 'NONE',  ( 40.05851886969387721, -12.49894589090885511, 18.70126686411569850 ) ) ;
#109 = EDGE_CURVE ( 'NONE', #5221, #3722, #2926, .T. ) ;
#110 = PLANE ( 'NONE',  #7666 ) ;
#111 = CARTESIAN_POINT ( 'NONE',  ( 39.96923894319323267, 10.96492221220072238, 18.58860487512805548 ) ) ;
#112 = ORIENTED_EDGE ( 'NONE', *, *, #2605, .F. ) ;
#113 = FACE_OUTER_BOUND ( 'NONE', #1223, .T. ) ;
#114 = CARTESIAN_POINT ( 'NONE',  ( 38.00000000000000000, 0.000000000000000000, 0.000000000000000000 ) ) ;
#115 = CARTESIAN_POINT ( 'NONE',  ( 39.78331498286388523, -7.831836417585170906, -18.62613278282701756 ) ) ;
#116 = CARTESIAN_POINT ( 'NONE',  ( 40.22581534559844840, 2.244367496404990892, -20.03423417714445520 ) ) ;
#117 = EDGE_CURVE ( 'NONE', #7977, #7355, #710, .T. ) ;
#118 = DIRECTION ( 'NONE',  ( 8.673617379884027583E-16, -0.000000000000000000, 1.000000000000000000 ) ) ;
#119 = ORIENTED_EDGE ( 'NONE', *, *, #2918, .F. ) ;
#120 = ORIENTED_EDGE ( 'NONE', *, *, #451, .F. ) ;
#121 = CARTESIAN_POINT ( 'NONE',  ( 10.00000000000000178, 22.70553022664234533, 8.000000000000000000 ) ) ;
#122 = CARTESIAN_POINT ( 'NONE',  ( 40.02372286069068963, 2.726675978729225847, 20.07592372861125085 ) ) ;
#123 = CARTESIAN_POINT ( 'NONE',  ( 39.16757556968624954, 9.892081896575810163, 17.98150405388156869 ) ) ;
#124 = CARTESIAN_POINT ( 'NONE',  ( 39.69226105845816477, 13.72950780492182510, -15.82897427502526888 ) ) ;
#125 = DIRECTION ( 'NONE',  ( 0.000000000000000000, 0.000000000000000000, 1.000000000000000000 ) ) ;
#126 = CARTESIAN_POINT ( 'NONE',  ( 40.98398519100135928, 34.06793809123471561, -20.19999999999999574 ) ) ;
#127 = CARTESIAN_POINT ( 'NONE',  ( 57.07106781186546129, 9.334077351297210612, 7.071067811865480834 ) ) ;
#128 = CARTESIAN_POINT ( 'NONE',  ( 38.71731564772740342, -6.591554453470315877, -19.08699935071664910 ) ) ;
#129 = CARTESIAN_POINT ( 'NONE',  ( 43.85772144615075518, -4.792023642498443259, -20.19631449735815565 ) ) ;
#130 = CARTESIAN_POINT ( 'NONE',  ( 41.08227822292518994, -30.94641534640901170, -20.19999999999998508 ) ) ;
#131 = CARTESIAN_POINT ( 'NONE',  ( 40.00000000000000000, 45.00000000000000000, -20.19999999999999929 ) ) ;
#132 = CARTESIAN_POINT ( 'NONE',  ( 6.078395854880411342, 20.41738609123282089, 6.972877521438396009 ) ) ;
#133 = EDGE_LOOP ( 'NONE', ( #2637, #1016, #1663, #1178 ) ) ;
#134 = CARTESIAN_POINT ( 'NONE',  ( 15.98275346694913424, 19.54591322307748058, -5.321001291589486648 ) ) ;
#135 = CARTESIAN_POINT ( 'NONE',  ( 39.94200684365507215, 11.12027604967526528, -17.43561798957638587 ) ) ;
#136 = CARTESIAN_POINT ( 'NONE',  ( 42.00000000000000711, 5.826424480092596170, 20.20000000000000284 ) ) ;
#137 = ADVANCED_FACE ( 'NONE', ( #6773 ), #1075, .F. ) ;
#138 = CARTESIAN_POINT ( 'NONE',  ( 37.99999999999999289, -3.464574387010403989, 19.90692939068218337 ) ) ;
#139 = CYLINDRICAL_SURFACE ( 'NONE', #8004, 2.000000000000000000 ) ;
#140 = LINE ( 'NONE', #2598, #7546 ) ;
#141 = CARTESIAN_POINT ( 'NONE',  ( 40.05333622252494052, -11.61361888233232520, 18.71774476606029936 ) ) ;
#142 = CARTESIAN_POINT ( 'NONE',  ( 40.97087536800593455, 6.944068156671942159E-15, -20.11376744117787041 ) ) ;
#143 = CARTESIAN_POINT ( 'NONE',  ( 40.20686337482090522, 9.274075327505640232, 19.32084788002423537 ) ) ;
#144 = ORIENTED_EDGE ( 'NONE', *, *, #5420, .T. ) ;
#145 = CARTESIAN_POINT ( 'NONE',  ( 37.00000000000000000, 0.000000000000000000, 0.000000000000000000 ) ) ;
#146 = MECHANICAL_DESIGN_GEOMETRIC_PRESENTATION_REPRESENTATION (  '', ( #3861 ), #5511 ) ;
#147 = ADVANCED_FACE ( 'NONE', ( #3003 ), #1693, .T. ) ;
#148 = DIRECTION ( 'NONE',  ( -1.000000000000000000, -0.000000000000000000, -0.000000000000000000 ) ) ;
#149 = CARTESIAN_POINT ( 'NONE',  ( 38.66945097370935969, -12.40720729090245911, -15.97958639118322921 ) ) ;
#150 = CIRCLE ( 'NONE', #5119, 0.5000000000000004441 ) ;
#151 = CARTESIAN_POINT ( 'NONE',  ( 40.92374117830880920, -7.807131150798382713, -19.13099154398512169 ) ) ;
#152 = CARTESIAN_POINT ( 'NONE',  ( 39.66388300259745847, 7.506561092599138618, -18.71809607164943401 ) ) ;
#153 = DIRECTION ( 'NONE',  ( 0.000000000000000000, 0.4095215355438326377, -0.9123004504689349314 ) ) ;
#154 = EDGE_LOOP ( 'NONE', ( #4864, #4508, #2189, #7144, #7676 ) ) ;
#155 = EDGE_LOOP ( 'NONE', ( #1149, #272, #2603, #3471, #6636, #1869 ) ) ;
#156 = CARTESIAN_POINT ( 'NONE',  ( 13.65161609200836779, 20.74064367572554701, 7.117984259366242128 ) ) ;
#157 = ADVANCED_FACE ( 'NONE', ( #4234 ), #1158, .F. ) ;
#158 = DIRECTION ( 'NONE',  ( -1.000000000000000000, 0.000000000000000000, 3.435095992033281961E-16 ) ) ;
#159 = CARTESIAN_POINT ( 'NONE',  ( 59.98333943705156202, 10.98486068224246992, 0.6643690494772809263 ) ) ;
#160 = CARTESIAN_POINT ( 'NONE',  ( 19.16515138991168499, 45.00200000000000244, 4.000000000000000000 ) ) ;
#161 = CARTESIAN_POINT ( 'NONE',  ( 44.29206137093208184, 31.58871684570503646, -20.19999999999999929 ) ) ;
#162 = CARTESIAN_POINT ( 'NONE',  ( 39.45185961159081245, -5.031411854727988242, 19.65893237220803158 ) ) ;
#163 = VERTEX_POINT ( 'NONE', #3574 ) ;
#164 = CARTESIAN_POINT ( 'NONE',  ( 39.66388300259745847, -7.506561092599127960, -18.71809607164941980 ) ) ;
#165 = CARTESIAN_POINT ( 'NONE',  ( 41.70526098832927886, -6.323041464427413771, -19.72024683794374056 ) ) ;
#166 = AXIS2_PLACEMENT_3D ( 'NONE', #2885, #2796, #4062 ) ;
#167 = ADVANCED_FACE ( 'NONE', ( #6731 ), #992, .F. ) ;
#168 = CARTESIAN_POINT ( 'NONE',  ( 44.27307589715392311, 6.679840011287174961E-15, -20.20000000000000284 ) ) ;
#169 = CARTESIAN_POINT ( 'NONE',  ( 3.327936256733531106, -19.73209491280317351, 4.443052233501485482 ) ) ;
#170 = CARTESIAN_POINT ( 'NONE',  ( 39.16757556968623533, -9.892081896575803057, 17.98150405388157580 ) ) ;
#171 = DIRECTION ( 'NONE',  ( -1.000000000000000000, 0.000000000000000000, 0.000000000000000000 ) ) ;
#172 = ORIENTED_EDGE ( 'NONE', *, *, #4850, .T. ) ;
#173 = CARTESIAN_POINT ( 'NONE',  ( 40.29673387961008046, 15.60648260971635182, -16.89741507414812460 ) ) ;
#174 = ORIENTED_EDGE ( 'NONE', *, *, #6666, .F. ) ;
#175 = CARTESIAN_POINT ( 'NONE',  ( 41.42143193600985995, 0.4230715189867655934, 20.19325989080893180 ) ) ;
#176 = CIRCLE ( 'NONE', #447, 2.000000000000000000 ) ;
#177 = CIRCLE ( 'NONE', #6313, 15.19999999999999929 ) ;
#178 = CARTESIAN_POINT ( 'NONE',  ( 1.789348609517134481, -17.37375193029019016, 10.80587643407898391 ) ) ;
#179 = LINE ( 'NONE', #4564, #804 ) ;
#180 = CARTESIAN_POINT ( 'NONE',  ( 37.99999999999999289, 2.473786534277653227E-15, -20.19999999999999929 ) ) ;
#181 = FACE_OUTER_BOUND ( 'NONE', #1756, .T. ) ;
#182 = CARTESIAN_POINT ( 'NONE',  ( 40.81487141521586182, 1.323420613184927541, -20.09558304301038589 ) ) ;
#183 = ADVANCED_FACE ( 'NONE', ( #6115 ), #6847, .F. ) ;
#184 = AXIS2_PLACEMENT_3D ( 'NONE', #145, #6325, #4444 ) ;
#185 = CARTESIAN_POINT ( 'NONE',  ( 40.31294019818543006, 5.876065242995959892, 19.84674337082164541 ) ) ;
#186 = VERTEX_POINT ( 'NONE', #3040 ) ;
#187 = LINE ( 'NONE', #5667, #2532 ) ;
#188 = CARTESIAN_POINT ( 'NONE',  ( 41.47404071557295424, 2.419134227816191363, -20.04331344404736726 ) ) ;
#189 = CARTESIAN_POINT ( 'NONE',  ( 40.00000000000000000, 45.00000000000000000, -20.19999999999999929 ) ) ;
#190 = CARTESIAN_POINT ( 'NONE',  ( 38.42838475954374644, -14.21072359282498887, -14.43613904367288825 ) ) ;
#191 = CARTESIAN_POINT ( 'NONE',  ( 40.36488771786012109, -10.20700376102991846, -18.10180384898579931 ) ) ;
#192 = DIRECTION ( 'NONE',  ( 0.000000000000000000, -0.8235817325433578695, 0.5671976109090032248 ) ) ;
#193 = CARTESIAN_POINT ( 'NONE',  ( 39.18996576263697307, 5.796810954709003205, -19.33536254153958467 ) ) ;
#194 = CARTESIAN_POINT ( 'NONE',  ( 10.00000000000000355, 45.00000000000000000, -8.000000000000000000 ) ) ;
#195 = ORIENTED_EDGE ( 'NONE', *, *, #3305, .T. ) ;
#196 = EDGE_CURVE ( 'NONE', #6492, #4048, #4925, .T. ) ;
#197 = ORIENTED_EDGE ( 'NONE', *, *, #2614, .F. ) ;
#198 = CARTESIAN_POINT ( 'NONE',  ( 10.00000000000000178, 22.70553022664234533, 8.000000000000000000 ) ) ;
#199 = CARTESIAN_POINT ( 'NONE',  ( 40.00355857045499874, 0.5188563312452296739, 20.17551799066754370 ) ) ;
#200 = DIRECTION ( 'NONE',  ( 0.000000000000000000, 0.000000000000000000, 1.000000000000000000 ) ) ;
#201 = VECTOR ( 'NONE', #6398, 1000.000000000000000 ) ;
#202 = CARTESIAN_POINT ( 'NONE',  ( 59.50000000000000711, 11.00000000000000000, -1.194577401633725267E-15 ) ) ;
#203 = DIRECTION ( 'NONE',  ( 0.000000000000000000, -1.000000000000000000, 0.000000000000000000 ) ) ;
#204 = FACE_OUTER_BOUND ( 'NONE', #4536, .T. ) ;
#205 = CARTESIAN_POINT ( 'NONE',  ( 30.45551943308462484, 39.13940053352842341, -19.76150225234330904 ) ) ;
#206 = ORIENTED_EDGE ( 'NONE', *, *, #2641, .F. ) ;
#207 = ADVANCED_FACE ( 'NONE', ( #6808 ), #1545, .F. ) ;
#208 = VECTOR ( 'NONE', #7862, 1000.000000000000000 ) ;
#209 = VECTOR ( 'NONE', #2481, 1000.000000000000000 ) ;
#210 = CARTESIAN_POINT ( 'NONE',  ( 38.26421770924477528, -7.217103131733162868, -18.86852965602371768 ) ) ;
#211 = CARTESIAN_POINT ( 'NONE',  ( 41.76821378893141201, -14.46058006044590449, -19.03332514186084623 ) ) ;
#212 = CARTESIAN_POINT ( 'NONE',  ( 45.00000000000000711, -2.696705809357441641, -20.19999999999999929 ) ) ;
#213 = CARTESIAN_POINT ( 'NONE',  ( 41.28177590837464805, -39.23885590975958593, -20.19999999999999574 ) ) ;
#214 = AXIS2_PLACEMENT_3D ( 'NONE', #3150, #6925, #578 ) ;
#215 = CARTESIAN_POINT ( 'NONE',  ( 38.93505469910108019, -9.676351664763862104, 17.92999947451820475 ) ) ;
#216 = CARTESIAN_POINT ( 'NONE',  ( 4.080707197619435789, 19.29920648563834362, 6.470939120704868763 ) ) ;
#217 = CIRCLE ( 'NONE', #8066, 20.19999999999999929 ) ;
#218 = ORIENTED_EDGE ( 'NONE', *, *, #6977, .F. ) ;
#219 = EDGE_CURVE ( 'NONE', #7630, #3291, #279, .T. ) ;
#220 = CARTESIAN_POINT ( 'NONE',  ( 39.31646247743476863, 8.888798402911536556, -18.07582520436967854 ) ) ;
#221 = ORIENTED_EDGE ( 'NONE', *, *, #7103, .T. ) ;
#222 = CARTESIAN_POINT ( 'NONE',  ( 42.25979035106004034, 6.518820799134168698E-15, -20.11173820651900712 ) ) ;
#223 = CARTESIAN_POINT ( 'NONE',  ( 37.99999999999999289, 2.473786534277653621E-15, -20.20000000000000284 ) ) ;
#224 = CARTESIAN_POINT ( 'NONE',  ( 38.00000000000000711, -4.938810380390119548, 19.59343725475081754 ) ) ;
#225 = DIRECTION ( 'NONE',  ( 0.000000000000000000, 0.000000000000000000, -1.000000000000000000 ) ) ;
#226 = CARTESIAN_POINT ( 'NONE',  ( 3.176774193548386194, -21.57740464604362884, -4.176552357408286120 ) ) ;
#227 = CARTESIAN_POINT ( 'NONE',  ( 40.03244936881603167, -12.51324767864198861, 18.56988301593361257 ) ) ;
#228 = CARTESIAN_POINT ( 'NONE',  ( 41.04454641333249754, 0.6654957320366846618, -20.11233954312026384 ) ) ;
#229 = ORIENTED_EDGE ( 'NONE', *, *, #2947, .T. ) ;
#230 = CARTESIAN_POINT ( 'NONE',  ( 40.15347803254740455, 11.21121800324729101, 19.00708194279454588 ) ) ;
#231 = ORIENTED_EDGE ( 'NONE', *, *, #2419, .F. ) ;
#232 = FACE_OUTER_BOUND ( 'NONE', #6278, .T. ) ;
#233 = CARTESIAN_POINT ( 'NONE',  ( 38.00000000000000000, -18.28351446246254852, 12.59178696217985660 ) ) ;
#234 = CARTESIAN_POINT ( 'NONE',  ( 3.589239999414006288, 19.10255753355022179, 10.76718606124197919 ) ) ;
#235 = CARTESIAN_POINT ( 'NONE',  ( 40.40111830042177132, -8.455360374779791854, -18.67016238131194328 ) ) ;
#236 = CARTESIAN_POINT ( 'NONE',  ( 0.000000000000000000, 0.000000000000000000, -19.00000000000000000 ) ) ;
#237 = CARTESIAN_POINT ( 'NONE',  ( 39.23340799430661008, 5.471141142351655162, -19.43226281975676173 ) ) ;
#238 =( BOUNDED_CURVE ( )  B_SPLINE_CURVE ( 3, ( #1288, #634, #599, #7519 ),
 .UNSPECIFIED., .F., .T. ) 
 B_SPLINE_CURVE_WITH_KNOTS ( ( 4, 4 ),
 ( 1.570796326794898334, 2.730075807522306608 ),
 .UNSPECIFIED. ) 
 CURVE ( )  GEOMETRIC_REPRESENTATION_ITEM ( )  RATIONAL_B_SPLINE_CURVE ( ( 1.000000000000000000, 0.8911066843560503381, 0.8911066843560503381, 1.000000000000000000 ) ) 
 REPRESENTATION_ITEM ( '' )  );
#239 = CARTESIAN_POINT ( 'NONE',  ( 42.02530839078116287, -15.85890514182876387, -19.23289113127208694 ) ) ;
#240 = ORIENTED_EDGE ( 'NONE', *, *, #6188, .T. ) ;
#241 = CARTESIAN_POINT ( 'NONE',  ( 39.99772495833106234, -12.52023117543131825, 18.15398207137269893 ) ) ;
#242 = ORIENTED_EDGE ( 'NONE', *, *, #4276, .T. ) ;
#243 = CARTESIAN_POINT ( 'NONE',  ( 42.10050506338833998, 41.18700821125062816, -20.19999999999999929 ) ) ;
#244 = CARTESIAN_POINT ( 'NONE',  ( 39.37166199812904210, 10.93767448087118410, 17.62954466000775255 ) ) ;
#245 = DIRECTION ( 'NONE',  ( -0.000000000000000000, -1.000000000000000000, -0.000000000000000000 ) ) ;
#246 = CARTESIAN_POINT ( 'NONE',  ( 59.85756149121936431, 11.38840858711211546, 1.716102945467951946 ) ) ;
#247 = EDGE_CURVE ( 'NONE', #5264, #3229, #2019, .T. ) ;
#248 = CARTESIAN_POINT ( 'NONE',  ( 6.078395854880398019, 20.41738609123282444, -6.972877521438386239 ) ) ;
#249 = CARTESIAN_POINT ( 'NONE',  ( 7.239768055466586638, 23.47156434257750490, -8.343864203153112058 ) ) ;
#250 = CARTESIAN_POINT ( 'NONE',  ( 40.00000000000000000, 45.00000000000000000, -20.19999999999999929 ) ) ;
#251 = EDGE_LOOP ( 'NONE', ( #522, #4123, #7901, #2592 ) ) ;
#252 = CARTESIAN_POINT ( 'NONE',  ( 2.219737113663343919, 20.69700421293214632, 1.895760172519440179 ) ) ;
#253 = CARTESIAN_POINT ( 'NONE',  ( 38.00000000000000711, -6.865253010785327348, -18.99833060024661080 ) ) ;
#254 = LINE ( 'NONE', #3813, #1990 ) ;
#255 = CARTESIAN_POINT ( 'NONE',  ( 44.27537853158148096, -1.227822145812617505, -20.20000000000000284 ) ) ;
#256 = EDGE_CURVE ( 'NONE', #5907, #6343, #1498, .T. ) ;
#257 = CARTESIAN_POINT ( 'NONE',  ( 43.71028013348231411, -34.03538140577543203, -20.20000000000000639 ) ) ;
#258 = CARTESIAN_POINT ( 'NONE',  ( 6.078395854880411342, 20.41738609123282089, 6.972877521438396009 ) ) ;
#259 = CARTESIAN_POINT ( 'NONE',  ( 2.371701166388515691, -19.32315055162478146, 5.893946463803076519 ) ) ;
#260 = ORIENTED_EDGE ( 'NONE', *, *, #5710, .F. ) ;
#261 = CARTESIAN_POINT ( 'NONE',  ( 39.12860856863966319, 12.07109608663429157, -16.34172428319691051 ) ) ;
#262 = CARTESIAN_POINT ( 'NONE',  ( -6.938893903907228378E-15, 0.000000000000000000, -5.089031099308352675E-17 ) ) ;
#263 = EDGE_CURVE ( 'NONE', #304, #5957, #4908, .T. ) ;
#264 = DIRECTION ( 'NONE',  ( 1.000000000000000000, 0.000000000000000000, 0.000000000000000000 ) ) ;
#265 = CARTESIAN_POINT ( 'NONE',  ( 38.00000000000000711, 5.125203385271415613, -19.55018815015353084 ) ) ;
#266 = FACE_OUTER_BOUND ( 'NONE', #604, .T. ) ;
#267 = CARTESIAN_POINT ( 'NONE',  ( 39.11134885325835597, 10.76354122839090799, -17.07293870702482508 ) ) ;
#268 = CARTESIAN_POINT ( 'NONE',  ( 40.00325459618636614, -12.41670052901909393, 18.34793959779319650 ) ) ;
#269 = CARTESIAN_POINT ( 'NONE',  ( 41.46446609406727646, 15.75879749091904714, -18.73553390593273704 ) ) ;
#270 = VERTEX_POINT ( 'NONE', #236 ) ;
#271 = CARTESIAN_POINT ( 'NONE',  ( 40.40518909687289550, 7.462075570502260113, 19.73162356020129238 ) ) ;
#272 = ORIENTED_EDGE ( 'NONE', *, *, #3819, .T. ) ;
#273 = CARTESIAN_POINT ( 'NONE',  ( 17.33212111192934657, 45.00200000000000244, -3.199999999999999289 ) ) ;
#274 = CARTESIAN_POINT ( 'NONE',  ( 43.86771363079630959, 6.150334242294948517, -20.18827676161942009 ) ) ;
#275 = AXIS2_PLACEMENT_3D ( 'NONE', #7340, #4728, #7262 ) ;
#276 = CARTESIAN_POINT ( 'NONE',  ( 55.00000000000000711, 45.00000000000000000, -20.19999999999999929 ) ) ;
#277 = CARTESIAN_POINT ( 'NONE',  ( 48.50000000000000000, 1.285879139104720436E-15, 10.49999999999998224 ) ) ;
#278 = CARTESIAN_POINT ( 'NONE',  ( 41.25171868757703919, -7.680647074547463760, -19.33440586483608215 ) ) ;
#279 = LINE ( 'NONE', #4425, #7399 ) ;
#280 = CARTESIAN_POINT ( 'NONE',  ( 38.97516790699760492, 13.72051176835116237, -15.12390844238272791 ) ) ;
#281 = LINE ( 'NONE', #940, #4389 ) ;
#282 = VERTEX_POINT ( 'NONE', #620 ) ;
#283 = ORIENTED_EDGE ( 'NONE', *, *, #7236, .F. ) ;
#284 = CARTESIAN_POINT ( 'NONE',  ( 39.61825124645976359, 11.89033146791662787, 17.33656860990368642 ) ) ;
#285 = CARTESIAN_POINT ( 'NONE',  ( 39.96164551392365638, 2.731065531117129238E-15, 20.17562402875952543 ) ) ;
#286 = FACE_OUTER_BOUND ( 'NONE', #5763, .T. ) ;
#287 = CARTESIAN_POINT ( 'NONE',  ( 19.16515138991168499, -21.83666641225257976, -1.999999999999999556 ) ) ;
#288 =( BOUNDED_SURFACE ( )  B_SPLINE_SURFACE ( 3, 2, ( 
 ( #6729, #4156, #537 ),
 ( #1116, #8026, #4109 ),
 ( #5380, #4881, #999 ),
 ( #3613, #5412, #7880 ),
 ( #6650, #3001, #7920 ),
 ( #4809, #7306, #1691 ),
 ( #4196, #6688, #3572 ),
 ( #461, #3119, #3077 ),
 ( #3769, #5034, #1272 ),
 ( #5075, #5569, #1878 ),
 ( #2580, #1841, #1232 ),
 ( #4383, #6885, #85 ),
 ( #7581, #6259, #2615 ),
 ( #651, #8073, #6806 ) ),
 .UNSPECIFIED., .F., .F., .F. ) 
 B_SPLINE_SURFACE_WITH_KNOTS ( ( 4, 2, 2, 2, 2, 2, 4 ),
 ( 3, 3 ),
 ( 0.000000000000000000, 0.001947409057116720413, 0.002921113585675080837, 0.003894818114233440827, 0.004868522642791800817, 0.005842227171350161674, 0.007789636228466881654 ),
 ( 0.000000000000000000, 1.000000000000000000 ),
 .UNSPECIFIED. ) 
 GEOMETRIC_REPRESENTATION_ITEM ( )  RATIONAL_B_SPLINE_SURFACE ( (
 ( 1.000000000000000000, 0.7071067811865487940, 1.000000000000000000),
 ( 1.000000000000000000, 0.7070919704809917050, 1.000000000000000000),
 ( 1.000000000000000000, 0.7029176629571860513, 1.000000000000000000),
 ( 1.000000000000000000, 0.6909094469991051701, 1.000000000000000000),
 ( 1.000000000000000000, 0.6859069571045984803, 1.000000000000000000),
 ( 1.000000000000000000, 0.6741839363317899680, 1.000000000000000000),
 ( 1.000000000000000000, 0.6675066525712903820, 1.000000000000000000),
 ( 1.000000000000000000, 0.6526825218632711367, 1.000000000000000000),
 ( 1.000000000000000000, 0.6445349902291647171, 1.000000000000000000),
 ( 1.000000000000000000, 0.6268813533301730301, 1.000000000000000000),
 ( 1.000000000000000000, 0.6173355053902286338, 1.000000000000000000),
 ( 1.000000000000000000, 0.5872795952269026509, 1.000000000000000000),
 ( 1.000000000000000000, 0.5652620173680839022, 1.000000000000000000),
 ( 1.000000000000000000, 0.5417363388859665063, 1.000000000000000000) ) ) 
 REPRESENTATION_ITEM ( '' )  SURFACE ( )  );
#289 = FACE_BOUND ( 'NONE', #1150, .T. ) ;
#290 = CARTESIAN_POINT ( 'NONE',  ( 44.65346430153520885, 29.50162560741105011, -20.19999999999999929 ) ) ;
#291 = CARTESIAN_POINT ( 'NONE',  ( 14.09332016506779794, -20.32979950739782282, -6.874740500220910988 ) ) ;
#292 = CARTESIAN_POINT ( 'NONE',  ( 40.16578062139989669, -15.62196288974280378, -16.52433059368292945 ) ) ;
#293 = ORIENTED_EDGE ( 'NONE', *, *, #2261, .F. ) ;
#294 = CIRCLE ( 'NONE', #1076, 0.5000000000000001110 ) ;
#295 = CARTESIAN_POINT ( 'NONE',  ( 1.470967741796171069, 20.18582478647625322, 0.8642871822273218152 ) ) ;
#296 = ADVANCED_FACE ( 'NONE', ( #3353 ), #7835, .T. ) ;
#297 = CARTESIAN_POINT ( 'NONE',  ( 38.27495090102955544, -6.895071184642308282, -18.98921367532453175 ) ) ;
#298 = DIRECTION ( 'NONE',  ( 1.000000000000000000, -0.000000000000000000, -0.000000000000000000 ) ) ;
#299 = CARTESIAN_POINT ( 'NONE',  ( 56.71751442127216336, 8.928247901240794704, 6.425448576869096762 ) ) ;
#300 = CARTESIAN_POINT ( 'NONE',  ( 39.04735444807656819, -4.405291538738902446, 19.74714130834046344 ) ) ;
#301 = FACE_OUTER_BOUND ( 'NONE', #3772, .T. ) ;
#302 = CARTESIAN_POINT ( 'NONE',  ( 40.00000000000000000, -19.86939916790550242, 3.639639639639639768 ) ) ;
#303 = EDGE_CURVE ( 'NONE', #2445, #7600, #7831, .T. ) ;
#304 = VERTEX_POINT ( 'NONE', #1549 ) ;
#305 = CARTESIAN_POINT ( 'NONE',  ( 50.00000000000000000, 45.00000000000000000, 0.000000000000000000 ) ) ;
#306 = CARTESIAN_POINT ( 'NONE',  ( 38.00000000000000000, -39.13940053353144322, -19.76150225234467328 ) ) ;
#307 = CARTESIAN_POINT ( 'NONE',  ( 40.00318993396910372, 12.57984656067299234, 18.34720776405347209 ) ) ;
#308 = CARTESIAN_POINT ( 'NONE',  ( 40.42828832477255929, -2.381795826650599412, -20.01964545588762334 ) ) ;
#309 = CARTESIAN_POINT ( 'NONE',  ( 40.00000000000000000, 0.000000000000000000, 0.000000000000000000 ) ) ;
#310 = CARTESIAN_POINT ( 'NONE',  ( 10.00000000000000178, -37.09999999999999432, 0.000000000000000000 ) ) ;
#311 = APPLICATION_CONTEXT ( 'automotive_design' ) ;
#312 = CARTESIAN_POINT ( 'NONE',  ( 41.06597090852851295, 4.043501213567567198, -19.85550562601734725 ) ) ;
#313 = EDGE_LOOP ( 'NONE', ( #2993, #1951, #771, #2415 ) ) ;
#314 = EDGE_CURVE ( 'NONE', #37, #485, #5155, .T. ) ;
#315 = CARTESIAN_POINT ( 'NONE',  ( 1.470967741935475193, -19.71899242078205461, -4.396989547381163987 ) ) ;
#316 = ORIENTED_EDGE ( 'NONE', *, *, #1706, .T. ) ;
#317 = CARTESIAN_POINT ( 'NONE',  ( 5.514493438643871315, 20.59535843212816530, -6.633043581018864820 ) ) ;
#318 = CARTESIAN_POINT ( 'NONE',  ( 42.81277903416464170, 5.961414265776078913, -20.04392437880635214 ) ) ;
#319 = CARTESIAN_POINT ( 'NONE',  ( 37.99999999999999289, 2.477204233401900435, 20.05374211050772004 ) ) ;
#320 = DIRECTION ( 'NONE',  ( 0.000000000000000000, 1.224646799147353454E-16, 1.000000000000000000 ) ) ;
#321 = CARTESIAN_POINT ( 'NONE',  ( 39.67209472758495536, -14.87931292429105845, -14.95699614216347939 ) ) ;
#322 = CARTESIAN_POINT ( 'NONE',  ( 39.70948699516076630, -4.010835887880188189, 19.89121806848725171 ) ) ;
#323 = CARTESIAN_POINT ( 'NONE',  ( 39.04296920387002956, 6.792141170182738996, -18.98720181932558759 ) ) ;
#324 = CARTESIAN_POINT ( 'NONE',  ( 19.16515138991168499, 21.83666641225257976, 1.999999999999999556 ) ) ;
#325 = ORIENTED_EDGE ( 'NONE', *, *, #5871, .T. ) ;
#326 = EDGE_CURVE ( 'NONE', #2055, #3291, #857, .T. ) ;
#327 = VERTEX_POINT ( 'NONE', #2283 ) ;
#328 = ADVANCED_FACE ( 'NONE', ( #6768 ), #5304, .F. ) ;
#329 = CYLINDRICAL_SURFACE ( 'NONE', #6207, 2.000000000000000000 ) ;
#330 = CIRCLE ( 'NONE', #6860, 20.19999999999999929 ) ;
#331 = CARTESIAN_POINT ( 'NONE',  ( 39.79423892221682735, 5.241434585246620870, 19.71111296139472202 ) ) ;
#332 = DIRECTION ( 'NONE',  ( 0.000000000000000000, 1.000000000000000000, 0.000000000000000000 ) ) ;
#333 = DIRECTION ( 'NONE',  ( 0.000000000000000000, 0.000000000000000000, 1.000000000000000000 ) ) ;
#334 = PLANE ( 'NONE',  #2411 ) ;
#335 = CARTESIAN_POINT ( 'NONE',  ( 39.93693711601219576, 27.96239545500542079, -16.37285459775974417 ) ) ;
#336 = DIRECTION ( 'NONE',  ( -0.000000000000000000, -1.000000000000000000, -0.000000000000000000 ) ) ;
#337 = CARTESIAN_POINT ( 'NONE',  ( 39.99999999999999289, -16.07810832639103538, -15.29007613882944128 ) ) ;
#338 = VERTEX_POINT ( 'NONE', #2183 ) ;
#339 = CARTESIAN_POINT ( 'NONE',  ( 38.16818663019587632, -11.91320119062096872, -16.32943705845534055 ) ) ;
#340 = CARTESIAN_POINT ( 'NONE',  ( 19.16515138991168499, -45.00000000000000000, 4.000000000000000000 ) ) ;
#341 = FACE_OUTER_BOUND ( 'NONE', #4599, .T. ) ;
#342 = DIRECTION ( 'NONE',  ( 0.000000000000000000, -0.9123004504689347094, -0.4095215355438330818 ) ) ;
#343 = CARTESIAN_POINT ( 'NONE',  ( 38.00000000000000711, -5.125203385271408507, -19.55018815015353084 ) ) ;
#344 = CARTESIAN_POINT ( 'NONE',  ( 30.45551943308869625, 39.13940053353145743, 19.76150225234467328 ) ) ;
#345 = DIRECTION ( 'NONE',  ( -3.435095992033281468E-16, 0.000000000000000000, -1.000000000000000000 ) ) ;
#346 = LINE ( 'NONE', #7227, #8037 ) ;
#347 = AXIS2_PLACEMENT_3D ( 'NONE', #4372, #6284, #6915 ) ;
#348 = VECTOR ( 'NONE', #4603, 1000.000000000000000 ) ;
#349 = CARTESIAN_POINT ( 'NONE',  ( 50.00000000000000000, 37.09999999996985309, 0.000000000000000000 ) ) ;
#350 = CIRCLE ( 'NONE', #6624, 2.000000000000000444 ) ;
#351 = DIRECTION ( 'NONE',  ( 0.000000000000000000, 0.000000000000000000, 1.000000000000000000 ) ) ;
#352 = CARTESIAN_POINT ( 'NONE',  ( 38.10746443510345927, 14.19644578793072220, -14.39066927820754138 ) ) ;
#353 = CARTESIAN_POINT ( 'NONE',  ( 38.88308788559241691, -4.638276967139435492, -19.67199202533674551 ) ) ;
#354 = EDGE_CURVE ( 'NONE', #588, #1202, #5040, .T. ) ;
#355 = CARTESIAN_POINT ( 'NONE',  ( 5.850562418365757189, -19.04218043914458391, -6.845703303883287738 ) ) ;
#356 = CARTESIAN_POINT ( 'NONE',  ( 1.470967741935481632, 0.000000000000000000, 9.568958528775276393E-17 ) ) ;
#357 = CARTESIAN_POINT ( 'NONE',  ( 39.91987444491711301, 6.424814324823482359, -19.15614231809978207 ) ) ;
#358 = VERTEX_POINT ( 'NONE', #879 ) ;
#359 = CARTESIAN_POINT ( 'NONE',  ( 2.199515454762182909, -21.67670207683854144, 1.812875225534350321 ) ) ;
#360 = VERTEX_POINT ( 'NONE', #3386 ) ;
#361 = CARTESIAN_POINT ( 'NONE',  ( 5.246639928439323697, 19.17920874954839761, -6.452354159119138011 ) ) ;
#362 = CARTESIAN_POINT ( 'NONE',  ( 41.52120761227689627, 3.042552001282697649, -20.00573328605679180 ) ) ;
#363 = MANIFOLD_SOLID_BREP ( 'Chamfer4', #4781 ) ;
#364 = CARTESIAN_POINT ( 'NONE',  ( 38.29688212815167248, 3.316114057850027219, 19.93265870895026026 ) ) ;
#365 = ADVANCED_FACE ( 'NONE', ( #5726 ), #5150, .F. ) ;
#366 = CARTESIAN_POINT ( 'NONE',  ( 40.77368352657721573, -10.61994776501693494, -18.40101029618196193 ) ) ;
#367 = CARTESIAN_POINT ( 'NONE',  ( 39.92083404512150935, -5.532692093484753215, 19.70724867415407644 ) ) ;
#368 = CARTESIAN_POINT ( 'NONE',  ( 38.86476450330656007, 12.45683904827196820, -15.99013562774334574 ) ) ;
#369 = CARTESIAN_POINT ( 'NONE',  ( 58.96618615783857109, 10.58116847371989167, 3.061657670292766031 ) ) ;
#370 = EDGE_LOOP ( 'NONE', ( #1590, #4822, #3144, #3370 ) ) ;
#371 = VERTEX_POINT ( 'NONE', #287 ) ;
#372 = CARTESIAN_POINT ( 'NONE',  ( 39.62818459589613695, 9.127493756428648908, 18.64916578217914989 ) ) ;
#373 = CARTESIAN_POINT ( 'NONE',  ( 40.00000000000000000, 30.77705835859655181, 18.19999999999999929 ) ) ;
#374 = CARTESIAN_POINT ( 'NONE',  ( 6.078395854880422888, -20.41738609123282089, 6.972877521438402226 ) ) ;
#375 = EDGE_CURVE ( 'NONE', #4491, #1913, #3927, .T. ) ;
#376 = CARTESIAN_POINT ( 'NONE',  ( 40.81487141521585471, -1.323420613184914441, -20.09558304301037879 ) ) ;
#377 = PLANE ( 'NONE',  #3041 ) ;
#378 = CARTESIAN_POINT ( 'NONE',  ( 40.97006469131470396, -15.67018548544879586, -18.16097212355153090 ) ) ;
#379 = CARTESIAN_POINT ( 'NONE',  ( 39.85587647269969125, 33.45192067299008443, 18.58354947642217070 ) ) ;
#380 = CARTESIAN_POINT ( 'NONE',  ( 38.00000000000000000, 41.18700821125062816, 20.19999999999999929 ) ) ;
#381 = B_SPLINE_SURFACE_WITH_KNOTS ( 'NONE', 3, 3, ( 
 ( #5195, #4583, #690, #2122, #5848, #7577, #6923, #5105, #3885, #7656, #3803, #83, #2080, #733 ),
 ( #199, #1341, #2611, #6419, #7086, #3964, #7044, #2578, #3275, #5073, #1380, #7000, #853, #3363 ),
 ( #774, #7742, #5806, #4541, #4455, #6960, #2742, #5236, #3843, #7614, #3924, #6337, #244, #3233 ),
 ( #1993, #5723, #122, #4492, #5282, #1593, #4752, #4049, #7784, #2287, #6549, #902, #7211, #284 ),
 ( #4678, #2873, #3406, #6637, #5888, #4094, #331, #4719, #7295, #5329, #2829, #7252, #1633, #4140 ),
 ( #4795, #7867, #6592, #2783, #7125, #7904, #4630, #2163, #5932, #5976, #1510, #2910, #1552, #984 ),
 ( #4010, #5399, #7172, #944, #3489, #1026, #7828, #3445, #6510, #3528, #372, #2205, #6015, #408 ),
 ( #5368, #2242, #3993, #5093, #7689, #1404, #3913, #5267, #762, #7769, #2602, #5182, #7072, #6989 ),
 ( #7726, #185, #4612, #1365, #5133, #6407, #1982, #7599, #6495, #7031, #5835, #7108, #5875, #6323 ),
 ( #1492, #271, #7155, #4570, #796, #3260, #3872, #4481, #3830, #7642, #3301, #2148, #887, #2068 ),
 ( #4657, #1443, #6368, #5752, #5788, #143, #3948, #3393, #719, #6448, #111, #2107, #3220, #2769 ),
 ( #5711, #2638, #2021, #4526, #2677, #836, #3345, #230, #2726, #5222, #1339, #5103, #3231, #5145 ),
 ( #3316, #5721, #2610, #7740, #6379, #2740, #4628, #1377, #1417, #3962, #1506, #6508, #1460, #7610 ),
 ( #2078, #772, #3273, #850, #2797, #2302, #5296, #7184, #4063, #6562, #3844, #2653, #44, #6291 ) ),
 .UNSPECIFIED., .F., .F., .F.,
 ( 4, 2, 2, 2, 2, 2, 4 ),
 ( 4, 2, 2, 2, 2, 2, 4 ),
 ( 0.000000000000000000, 0.1250000000000000000, 0.2500000000000000000, 0.3750000000000000000, 0.5000000000000000000, 0.7500000000000000000, 1.000000000000000000 ),
 ( 0.000000000000000000, 0.1250000000000000000, 0.2500000000000000000, 0.3750000000000000000, 0.5000000000000000000, 0.7500000000000000000, 1.000000000000000000 ),
 .UNSPECIFIED. ) ;
#382 = CARTESIAN_POINT ( 'NONE',  ( 39.08506335652105435, -12.62738730669599185, -15.97584370869073389 ) ) ;
#383 = CARTESIAN_POINT ( 'NONE',  ( 40.00000000000000000, 45.00000000000000000, -20.19999999999999929 ) ) ;
#384 = CARTESIAN_POINT ( 'NONE',  ( 1.470967741935481854, 19.63349431756862629, -4.750357974090000823 ) ) ;
#385 = CARTESIAN_POINT ( 'NONE',  ( 38.00000000000000000, 39.29720888048783678, 22.02460090093786604 ) ) ;
#386 = CARTESIAN_POINT ( 'NONE',  ( 39.05798164102138514, -36.90271347048313544, -19.08338281714241447 ) ) ;
#387 = CARTESIAN_POINT ( 'NONE',  ( 38.34362880166008836, -9.701557019137652560, 17.76963636928241641 ) ) ;
#388 = CARTESIAN_POINT ( 'NONE',  ( 6.078395854880411342, 20.41738609123282089, 6.972877521438396009 ) ) ;
#389 = ORIENTED_EDGE ( 'NONE', *, *, #8007, .F. ) ;
#390 = CARTESIAN_POINT ( 'NONE',  ( 45.00000000000000711, 2.081668171172168513E-14, -20.19999999999999929 ) ) ;
#391 = CARTESIAN_POINT ( 'NONE',  ( 38.00000000000000711, 8.896443253278171426, -18.14872815192460820 ) ) ;
#392 = CARTESIAN_POINT ( 'NONE',  ( 38.33495313084998912, -4.965348976430464134, -19.59380843058904631 ) ) ;
#393 = DIRECTION ( 'NONE',  ( 0.000000000000000000, 0.000000000000000000, 1.000000000000000000 ) ) ;
#394 = DIRECTION ( 'NONE',  ( 0.000000000000000000, 0.000000000000000000, 1.000000000000000000 ) ) ;
#395 = CARTESIAN_POINT ( 'NONE',  ( 40.04362545828464448, 6.300604648572543098, -19.21704586395427228 ) ) ;
#396 = CARTESIAN_POINT ( 'NONE',  ( 2.897371577366913531, -20.05342129183844335, -3.689979423147637938 ) ) ;
#397 = ORIENTED_EDGE ( 'NONE', *, *, #3902, .F. ) ;
#398 = DIRECTION ( 'NONE',  ( -1.000000000000000000, -0.000000000000000000, -0.000000000000000000 ) ) ;
#399 = EDGE_CURVE ( 'NONE', #2486, #4674, #942, .T. ) ;
#400 = CARTESIAN_POINT ( 'NONE',  ( 45.00000000000000000, 10.78682323742979854, -20.19999999999999574 ) ) ;
#401 = AXIS2_PLACEMENT_3D ( 'NONE', #6604, #1722, #2297 ) ;
#402 = CARTESIAN_POINT ( 'NONE',  ( 40.76783437901951146, -11.67531448578954567, -18.19175265148784248 ) ) ;
#403 = CARTESIAN_POINT ( 'NONE',  ( 39.96972543849730641, -7.902288467976563702, 19.29153821273327907 ) ) ;
#404 = DIRECTION ( 'NONE',  ( -1.000000000000000000, -0.000000000000000000, -0.000000000000000000 ) ) ;
#405 = ORIENTED_EDGE ( 'NONE', *, *, #3967, .T. ) ;
#406 = ORIENTED_EDGE ( 'NONE', *, *, #1596, .F. ) ;
#407 = EDGE_CURVE ( 'NONE', #7781, #5632, #6420, .T. ) ;
#408 = CARTESIAN_POINT ( 'NONE',  ( 39.78144183623729191, 12.02170207632287990, 17.56866285148307583 ) ) ;
#409 = DIRECTION ( 'NONE',  ( -1.000000000000000000, 0.000000000000000000, -0.000000000000000000 ) ) ;
#410 = CARTESIAN_POINT ( 'NONE',  ( 40.00000000000000000, 41.18700821125062816, 20.19999999999999929 ) ) ;
#411 = CARTESIAN_POINT ( 'NONE',  ( 39.59479466189548447, -15.19255446640677043, -14.48505293412302741 ) ) ;
#412 = CARTESIAN_POINT ( 'NONE',  ( 52.82221418964257964, -3.579438544145446599, 11.31992143408834295 ) ) ;
#413 = ORIENTED_EDGE ( 'NONE', *, *, #7766, .F. ) ;
#414 = CARTESIAN_POINT ( 'NONE',  ( 39.34557900465325275, 36.14481175480217701, 18.98568296991107829 ) ) ;
#415 = CARTESIAN_POINT ( 'NONE',  ( 41.80548665929681107, 37.63534268793738846, 20.19999999999999929 ) ) ;
#416 = ORIENTED_EDGE ( 'NONE', *, *, #1643, .T. ) ;
#417 = CARTESIAN_POINT ( 'NONE',  ( 38.60241296262189081, -10.48030583374904090, -17.20937435044762154 ) ) ;
#418 = CARTESIAN_POINT ( 'NONE',  ( 1.881745167355383108, 19.48575179344502573, 5.360986062261959617 ) ) ;
#419 = EDGE_CURVE ( 'NONE', #2529, #7799, #2524, .T. ) ;
#420 = CARTESIAN_POINT ( 'NONE',  ( 1.470967741935481410, 19.63349431757122687, 4.750357974079242318 ) ) ;
#421 = AXIS2_PLACEMENT_3D ( 'NONE', #5411, #6805, #1231 ) ;
#422 = CARTESIAN_POINT ( 'NONE',  ( 39.28545674318795733, 36.41894414283908077, 19.03479874283816287 ) ) ;
#423 = PLANE ( 'NONE',  #4982 ) ;
#424 = CARTESIAN_POINT ( 'NONE',  ( 38.33147715058559157, -3.563550626197299140E-15, 20.20000000000000284 ) ) ;
#425 = CARTESIAN_POINT ( 'NONE',  ( 2.610850328534584541, 18.28351446246255563, -10.59178696217984950 ) ) ;
#426 = CARTESIAN_POINT ( 'NONE',  ( 40.00000000000000000, 45.81904307108766972, 16.18313886399156942 ) ) ;
#427 = EDGE_CURVE ( 'NONE', #2273, #6262, #2298, .T. ) ;
#428 = CARTESIAN_POINT ( 'NONE',  ( 37.99999999999999289, 11.56695572460641230, 16.56036036036036663 ) ) ;
#429 = CARTESIAN_POINT ( 'NONE',  ( 40.33396616874809126, -36.90015321801138981, 20.20000000000162999 ) ) ;
#430 = CARTESIAN_POINT ( 'NONE',  ( 37.99999999999999289, -0.6426330974679657082, -20.20000000000000284 ) ) ;
#431 = CARTESIAN_POINT ( 'NONE',  ( 5.800183758426937786, -20.50043480091919434, -6.817572941029026445 ) ) ;
#432 = DIRECTION ( 'NONE',  ( 0.000000000000000000, 1.000000000000000000, 0.000000000000000000 ) ) ;
#433 = CARTESIAN_POINT ( 'NONE',  ( 40.26246589329549863, 7.374744570005535849, -18.94577387512042677 ) ) ;
#434 = ORIENTED_EDGE ( 'NONE', *, *, #2773, .T. ) ;
#435 = CARTESIAN_POINT ( 'NONE',  ( 2.219071223498511714, -20.69729693075980137, 1.892880267829588181 ) ) ;
#436 = ORIENTED_EDGE ( 'NONE', *, *, #5281, .F. ) ;
#437 = CARTESIAN_POINT ( 'NONE',  ( 6.099748663312672292, 20.41099429877388616, -6.984843556635230932 ) ) ;
#438 = CARTESIAN_POINT ( 'NONE',  ( 41.28103819452384471, 3.308976403050787329, -19.95808856152891764 ) ) ;
#439 = CARTESIAN_POINT ( 'NONE',  ( 39.78799465819024306, -15.09131124029493343, -15.02863362237426514 ) ) ;
#440 = CARTESIAN_POINT ( 'NONE',  ( 40.03855177233791096, -5.312261659522975243, 19.79004021664939472 ) ) ;
#441 = CARTESIAN_POINT ( 'NONE',  ( 59.41412806442039596, 10.93222887432865953, 1.258914962655474756 ) ) ;
#442 = ORIENTED_EDGE ( 'NONE', *, *, #7602, .T. ) ;
#443 = B_SPLINE_CURVE_WITH_KNOTS ( 'NONE', 3,
 ( #2798, #4064, #5297, #2176, #1647, #4693, #6649, #7185, #1565, #5945, #6564, #998, #4108, #958, #2886, #343, #4729, #7224, #1037, #2710, #7712, #7879 ),
 .UNSPECIFIED., .F., .F.,
 ( 4, 2, 2, 2, 2, 2, 2, 2, 2, 2, 4 ),
 ( 0.000000000000000000, 0.1250000000000000000, 0.2500000000000000000, 0.3750000000000000000, 0.5000000000000000000, 0.5312500000000000000, 0.5625000000000000000, 0.6250000000000000000, 0.7500000000000000000, 0.8750000000000000000, 1.000000000000000000 ),
 .UNSPECIFIED. ) ;
#444 = ORIENTED_EDGE ( 'NONE', *, *, #5553, .F. ) ;
#445 = DIRECTION ( 'NONE',  ( 0.000000000000000000, -0.9123004504689348204, 0.4095215355438325822 ) ) ;
#446 = DIRECTION ( 'NONE',  ( -0.000000000000000000, 0.9123004504689347094, 0.4095215355438330262 ) ) ;
#447 = AXIS2_PLACEMENT_3D ( 'NONE', #734, #6924, #1876 ) ;
#448 = AXIS2_PLACEMENT_3D ( 'NONE', #5682, #1959, #6180 ) ;
#449 = CARTESIAN_POINT ( 'NONE',  ( 40.23847803097685016, -5.404995718195202414, -19.50123143360310607 ) ) ;
#450 = CARTESIAN_POINT ( 'NONE',  ( 40.00000000000000000, 0.000000000000000000, 0.000000000000000000 ) ) ;
#451 = EDGE_CURVE ( 'NONE', #8092, #2445, #2793, .T. ) ;
#452 = CARTESIAN_POINT ( 'NONE',  ( 54.12394260528062517, 6.513996014499677578, 8.906256400861106926 ) ) ;
#453 = ORIENTED_EDGE ( 'NONE', *, *, #5688, .T. ) ;
#454 = CARTESIAN_POINT ( 'NONE',  ( 39.87577613367196960, 33.28294541019904074, 18.56370344513813819 ) ) ;
#455 = VERTEX_POINT ( 'NONE', #505 ) ;
#456 = CARTESIAN_POINT ( 'NONE',  ( 38.00000000000000711, -8.275690807343355715, -18.43936345349744954 ) ) ;
#457 = CARTESIAN_POINT ( 'NONE',  ( 39.59966984481624053, 35.07122846080963541, 18.78848380538239837 ) ) ;
#458 = AXIS2_PLACEMENT_3D ( 'NONE', #6920, #2530, #1226 ) ;
#459 = CARTESIAN_POINT ( 'NONE',  ( 17.65993673991690471, -20.33145176225779949, -2.448880035378769193 ) ) ;
#460 = DIRECTION ( 'NONE',  ( 0.000000000000000000, 0.000000000000000000, -1.000000000000000000 ) ) ;
#461 = CARTESIAN_POINT ( 'NONE',  ( 58.60713573506064478, -10.30549334610241985, 3.857474173256982386 ) ) ;
#462 = CARTESIAN_POINT ( 'NONE',  ( 17.33212111192934657, -20.00363613427023779, 3.199999999999999289 ) ) ;
#463 = AXIS2_PLACEMENT_3D ( 'NONE', #844, #2115, #8 ) ;
#464 = CARTESIAN_POINT ( 'NONE',  ( 38.00000000000000000, 0.000000000000000000, 0.000000000000000000 ) ) ;
#465 = ADVANCED_FACE ( 'NONE', ( #6810 ), #6185, .T. ) ;
#466 = COLOUR_RGB ( '',0.7921568627450980005, 0.8196078431372548767, 0.9333333333333333481 ) ;
#467 = CARTESIAN_POINT ( 'NONE',  ( 58.92301970135219591, -10.67001072564320907, 4.525881745980957049 ) ) ;
#468 = AXIS2_PLACEMENT_3D ( 'NONE', #2748, #5243, #6307 ) ;
#469 = CARTESIAN_POINT ( 'NONE',  ( 45.00000000000000711, 2.696705809357454964, -20.19999999999999574 ) ) ;
#470 = AXIS2_PLACEMENT_3D ( 'NONE', #6958, #3923, #3317 ) ;
#471 = EDGE_CURVE ( 'NONE', #5812, #3797, #1318, .T. ) ;
#472 = CARTESIAN_POINT ( 'NONE',  ( 39.62634106167289616, 1.574583213799257118E-15, 20.17647233349539349 ) ) ;
#473 = LINE ( 'NONE', #2227, #1121 ) ;
#474 = CARTESIAN_POINT ( 'NONE',  ( 40.35823052037790148, 8.069403159716246776, -18.76837415577375268 ) ) ;
#475 = ORIENTED_EDGE ( 'NONE', *, *, #1241, .T. ) ;
#476 = CARTESIAN_POINT ( 'NONE',  ( 2.817359264555818310, -21.71571314603413683, 3.541836353233174695 ) ) ;
#477 = ORIENTED_EDGE ( 'NONE', *, *, #6552, .T. ) ;
#478 = CARTESIAN_POINT ( 'NONE',  ( 41.42302803606520456, -0.8655824640243487966, 20.19498215003416419 ) ) ;
#479 = CIRCLE ( 'NONE', #4141, 11.00000000000000000 ) ;
#480 = CARTESIAN_POINT ( 'NONE',  ( 19.16515138991168499, -45.00000000000000000, 1.999999999999999556 ) ) ;
#481 = CARTESIAN_POINT ( 'NONE',  ( 41.39592128467882048, -9.525000541884514504, -19.13310467274897420 ) ) ;
#482 = AXIS2_PLACEMENT_3D ( 'NONE', #5454, #6730, #1117 ) ;
#483 = CARTESIAN_POINT ( 'NONE',  ( 39.80800044290920425, -3.137020106470681746, 20.01598911469416109 ) ) ;
#484 = CARTESIAN_POINT ( 'NONE',  ( 2.026265335392422706, 21.57723364698203028, 0.7431253094991763231 ) ) ;
#485 = VERTEX_POINT ( 'NONE', #6850 ) ;
#486 = ORIENTED_EDGE ( 'NONE', *, *, #1772, .F. ) ;
#487 = VECTOR ( 'NONE', #987, 1000.000000000000000 ) ;
#488 = CARTESIAN_POINT ( 'NONE',  ( 42.00000000000002132, 8.474799243771043322, 20.20000000000000284 ) ) ;
#489 = CARTESIAN_POINT ( 'NONE',  ( 39.33485649428219944, -14.49731525413057831, -14.78922382104931010 ) ) ;
#490 = CARTESIAN_POINT ( 'NONE',  ( 50.00000000000000000, -45.00000000000000000, 0.000000000000000000 ) ) ;
#491 = CARTESIAN_POINT ( 'NONE',  ( 55.30738845200976073, -7.830348344530925431, 7.774264721380410137 ) ) ;
#492 = ORIENTED_EDGE ( 'NONE', *, *, #196, .F. ) ;
#493 = CARTESIAN_POINT ( 'NONE',  ( 39.84981433855817556, 33.50123439336794462, 18.58936902214856701 ) ) ;
#494 = CARTESIAN_POINT ( 'NONE',  ( 39.69652201291499694, -11.34347402281623118, 17.83087932791237051 ) ) ;
#495 = CARTESIAN_POINT ( 'NONE',  ( 38.00000000000000000, -45.00000000000000000, -18.00773976492944684 ) ) ;
#496 = CYLINDRICAL_SURFACE ( 'NONE', #2541, 20.19999999999999929 ) ;
#497 = EDGE_CURVE ( 'NONE', #5632, #2260, #5574, .T. ) ;
#498 = FACE_OUTER_BOUND ( 'NONE', #1142, .T. ) ;
#499 = DIRECTION ( 'NONE',  ( 1.000000000000000000, 0.000000000000000000, 0.000000000000000000 ) ) ;
#500 = CARTESIAN_POINT ( 'NONE',  ( 50.00000000000000000, 37.09999999996985309, 0.000000000000000000 ) ) ;
#501 = CARTESIAN_POINT ( 'NONE',  ( 38.33147715058559157, -0.4479419423997355043, 20.20000000000000284 ) ) ;
#502 = CARTESIAN_POINT ( 'NONE',  ( 5.778762833935714660, 20.50730961367994354, -6.804361425559940280 ) ) ;
#503 = LINE ( 'NONE', #5571, #1769 ) ;
#504 = EDGE_CURVE ( 'NONE', #1470, #4451, #1591, .T. ) ;
#505 = CARTESIAN_POINT ( 'NONE',  ( 17.12411561483696332, -19.86939916790550242, 3.639639639639641100 ) ) ;
#506 = CARTESIAN_POINT ( 'NONE',  ( 38.32422400437196330, -38.94915525047507998, 19.70454377866522577 ) ) ;
#507 = CARTESIAN_POINT ( 'NONE',  ( 39.58760639596550845, 0.8073484469541399866, 20.16909883734240694 ) ) ;
#508 = ORIENTED_EDGE ( 'NONE', *, *, #6007, .F. ) ;
#509 = CARTESIAN_POINT ( 'NONE',  ( 2.479404541235532111, -19.28786673115279982, -6.009920037519599134 ) ) ;
#510 = CYLINDRICAL_SURFACE ( 'NONE', #877, 11.00000000000000000 ) ;
#511 = CARTESIAN_POINT ( 'NONE',  ( 40.45014021005009397, 15.60397106432951553, -17.27169365441998394 ) ) ;
#512 = ORIENTED_EDGE ( 'NONE', *, *, #7309, .F. ) ;
#513 = CARTESIAN_POINT ( 'NONE',  ( 41.43301569768615877, -2.266922460438762776, 20.19966188939166329 ) ) ;
#514 = EDGE_CURVE ( 'NONE', #3462, #2350, #6694, .T. ) ;
#515 = CARTESIAN_POINT ( 'NONE',  ( 16.52651898378694639, -19.66260906333740621, 4.632256216688449335 ) ) ;
#516 = CARTESIAN_POINT ( 'NONE',  ( 41.46446609406726225, 15.75879749091904003, -18.73553390593273704 ) ) ;
#517 = CARTESIAN_POINT ( 'NONE',  ( 40.32648904758760722, -11.86507285420961644, -17.56613469152386386 ) ) ;
#518 = CARTESIAN_POINT ( 'NONE',  ( 39.42804105535351766, -7.529263456173194591, 19.00327831876791862 ) ) ;
#519 = CARTESIAN_POINT ( 'NONE',  ( 10.00000000000000178, 45.00000000000000000, 0.000000000000000000 ) ) ;
#520 = CARTESIAN_POINT ( 'NONE',  ( 50.00000000000000000, -45.00000000000000000, 0.000000000000000000 ) ) ;
#521 = ORIENTED_EDGE ( 'NONE', *, *, #4393, .T. ) ;
#522 = ORIENTED_EDGE ( 'NONE', *, *, #1250, .F. ) ;
#523 = CARTESIAN_POINT ( 'NONE',  ( 38.00000000000000000, 0.000000000000000000, 0.000000000000000000 ) ) ;
#524 = CARTESIAN_POINT ( 'NONE',  ( 38.33132078015407984, 10.61528143833896287, -17.17989450502580695 ) ) ;
#525 = CARTESIAN_POINT ( 'NONE',  ( 41.48281186413482402, -7.332496492489612550, -19.49549013253521679 ) ) ;
#526 = CARTESIAN_POINT ( 'NONE',  ( 38.43595554012119209, 9.910570359246362315, -17.57289834212645019 ) ) ;
#527 = CARTESIAN_POINT ( 'NONE',  ( 39.86969658560660434, -7.048961895737736683, -18.93604125231361479 ) ) ;
#528 = DIRECTION ( 'NONE',  ( -0.000000000000000000, -1.000000000000000000, -0.000000000000000000 ) ) ;
#529 = CARTESIAN_POINT ( 'NONE',  ( 37.17362906404271428, -45.00000000000000000, -20.19999999999999929 ) ) ;
#530 = VERTEX_POINT ( 'NONE', #1238 ) ;
#531 = ORIENTED_EDGE ( 'NONE', *, *, #1004, .T. ) ;
#532 = ORIENTED_EDGE ( 'NONE', *, *, #247, .T. ) ;
#533 = CARTESIAN_POINT ( 'NONE',  ( 3.537319687337639795, 21.39926087540544231, 4.765574859007964292 ) ) ;
#534 = LINE ( 'NONE', #3802, #6872 ) ;
#535 = CARTESIAN_POINT ( 'NONE',  ( 38.98873475270181643, 39.69981848082480980, 20.20000000000041496 ) ) ;
#536 = CARTESIAN_POINT ( 'NONE',  ( 1.740312765999908695, -17.30536117301614851, -10.84007839297578712 ) ) ;
#537 = CARTESIAN_POINT ( 'NONE',  ( 60.00000000000000711, -11.50000000000000000, 6.123233995736766282E-16 ) ) ;
#538 = CARTESIAN_POINT ( 'NONE',  ( 38.00000000000000000, 45.00000000000000000, -2.000000000000000000 ) ) ;
#539 = DIRECTION ( 'NONE',  ( 0.000000000000000000, 0.000000000000000000, -1.000000000000000000 ) ) ;
#540 = EDGE_CURVE ( 'NONE', #2432, #4696, #3734, .T. ) ;
#541 = CONICAL_SURFACE ( 'NONE', #6030, 4.100000000000055600, 0.03163501222811938157 ) ;
#542 = CARTESIAN_POINT ( 'NONE',  ( 58.61305134306974196, -10.43759911954529507, 5.091093471049953578 ) ) ;
#543 = CIRCLE ( 'NONE', #2772, 5.000000000000000888 ) ;
#544 = CARTESIAN_POINT ( 'NONE',  ( 38.16128544538486977, -39.09723529062704017, 19.74879913483598770 ) ) ;
#545 = CARTESIAN_POINT ( 'NONE',  ( 38.31267555392456359, 2.336242347889233351, 20.07104717236424207 ) ) ;
#546 = ORIENTED_EDGE ( 'NONE', *, *, #3426, .F. ) ;
#547 = CARTESIAN_POINT ( 'NONE',  ( 40.00000000000000000, -45.00000000000000000, -15.81547952985888905 ) ) ;
#548 = CARTESIAN_POINT ( 'NONE',  ( 39.66388300259745847, -7.506561092599127960, -18.71809607164941980 ) ) ;
#549 = ADVANCED_FACE ( 'NONE', ( #4199 ), #3382, .F. ) ;
#550 = CARTESIAN_POINT ( 'NONE',  ( 39.70176511710202050, 7.352652846809051290, -18.78629198822657997 ) ) ;
#551 = VERTEX_POINT ( 'NONE', #1965 ) ;
#552 = CARTESIAN_POINT ( 'NONE',  ( 42.00000000000000711, -10.59349905471378861, 20.20000000000000284 ) ) ;
#553 = CARTESIAN_POINT ( 'NONE',  ( 17.12411561483696332, -19.86939916790550242, 3.639639639639641100 ) ) ;
#554 = CARTESIAN_POINT ( 'NONE',  ( 41.28103819452384471, 3.308976403050787329, -19.95808856152891764 ) ) ;
#555 = CARTESIAN_POINT ( 'NONE',  ( 40.38247315682799865, -14.87808971879992725, -17.11809390340262738 ) ) ;
#556 = CARTESIAN_POINT ( 'NONE',  ( 39.19731551403267389, -6.978440516751606815, 19.07295912686106476 ) ) ;
#557 = DIRECTION ( 'NONE',  ( 1.000000000000000000, 0.000000000000000000, 0.000000000000000000 ) ) ;
#558 = ADVANCED_FACE ( 'NONE', ( #2665 ), #4388, .T. ) ;
#559 = CARTESIAN_POINT ( 'NONE',  ( 60.00000000000001421, 45.00000000000000000, 0.000000000000000000 ) ) ;
#560 = EDGE_LOOP ( 'NONE', ( #4079, #5060, #531 ) ) ;
#561 = ORIENTED_EDGE ( 'NONE', *, *, #1250, .T. ) ;
#562 = AXIS2_PLACEMENT_3D ( 'NONE', #385, #342, #6561 ) ;
#563 = CARTESIAN_POINT ( 'NONE',  ( 44.82081528017126004, 45.00000000000000000, 19.32132034355964478 ) ) ;
#564 = CARTESIAN_POINT ( 'NONE',  ( 38.28025200555448748, 6.734012995795725764, -19.04714569368223920 ) ) ;
#565 = CARTESIAN_POINT ( 'NONE',  ( 40.29694996617441660, 4.754909586423403918E-15, 20.17477572402366093 ) ) ;
#566 = CARTESIAN_POINT ( 'NONE',  ( 40.71643220487577253, -4.830419608702351653, -19.68647750686642439 ) ) ;
#567 = LINE ( 'NONE', #6170, #3691 ) ;
#568 = EDGE_CURVE ( 'NONE', #4330, #982, #3773, .T. ) ;
#569 = CARTESIAN_POINT ( 'NONE',  ( 53.14213562373093680, -0.7728114564000048148, 10.99999999999997868 ) ) ;
#570 = VERTEX_POINT ( 'NONE', #7014 ) ;
#571 = ADVANCED_FACE ( 'NONE', ( #5817 ), #2854, .T. ) ;
#572 = VERTEX_POINT ( 'NONE', #5342 ) ;
#573 = B_SPLINE_CURVE_WITH_KNOTS ( 'NONE', 3,
 ( #7737, #4624, #5277, #2159, #4671, #4046, #6044, #1674, #3482, #6132, #2239, #7900, #1023, #3525, #8010, #6011, #1790, #4790, #4749, #2324, #1630, #5475 ),
 .UNSPECIFIED., .F., .F.,
 ( 4, 2, 2, 2, 2, 2, 2, 2, 2, 2, 4 ),
 ( 0.000000000000000000, 0.1250000000000000000, 0.2500000000000000000, 0.3750000000000000000, 0.4375000000000000000, 0.4687500000000000000, 0.5000000000000000000, 0.6250000000000000000, 0.7500000000000000000, 0.8750000000000000000, 1.000000000000000000 ),
 .UNSPECIFIED. ) ;
#574 = CARTESIAN_POINT ( 'NONE',  ( 2.925126040495115820, 18.57981112854277583, -10.59178696217984950 ) ) ;
#575 = CARTESIAN_POINT ( 'NONE',  ( 40.00000000000000000, -45.00000000000000000, -15.81547952985888905 ) ) ;
#576 = AXIS2_PLACEMENT_3D ( 'NONE', #5680, #158, #2696 ) ;
#577 = CARTESIAN_POINT ( 'NONE',  ( 39.82521952934311571, 40.57914249102593374, 20.19999999999999929 ) ) ;
#578 = DIRECTION ( 'NONE',  ( 0.000000000000000000, 0.000000000000000000, -1.000000000000000000 ) ) ;
#579 = DIRECTION ( 'NONE',  ( 1.000000000000000000, 0.000000000000000000, 0.000000000000000000 ) ) ;
#580 = CARTESIAN_POINT ( 'NONE',  ( 40.00000000000000000, 45.00000000000000000, 15.81547952985888195 ) ) ;
#581 = CARTESIAN_POINT ( 'NONE',  ( 48.00000000000000000, 1.316495309083404420E-15, 10.49999999999998224 ) ) ;
#582 = DIRECTION ( 'NONE',  ( -0.000000000000000000, 0.9123004504689347094, 0.4095215355438328597 ) ) ;
#583 = CIRCLE ( 'NONE', #6195, 5.000000000000000888 ) ;
#584 = AXIS2_PLACEMENT_3D ( 'NONE', #7500, #2497, #192 ) ;
#585 = DIRECTION ( 'NONE',  ( 0.000000000000000000, 0.000000000000000000, 1.000000000000000000 ) ) ;
#586 = DIRECTION ( 'NONE',  ( 0.000000000000000000, 0.000000000000000000, -1.000000000000000000 ) ) ;
#587 = CARTESIAN_POINT ( 'NONE',  ( 39.27270985170404316, 1.583163271449948839, 20.13528780097799498 ) ) ;
#588 = VERTEX_POINT ( 'NONE', #299 ) ;
#589 = CARTESIAN_POINT ( 'NONE',  ( 30.45551943308462484, 39.13940053352842341, -19.76150225234330904 ) ) ;
#590 = DIRECTION ( 'NONE',  ( 0.000000000000000000, 1.000000000000000000, 0.000000000000000000 ) ) ;
#591 = CARTESIAN_POINT ( 'NONE',  ( 39.86969658560659013, 7.048961895737752670, -18.93604125231362900 ) ) ;
#592 = AXIS2_PLACEMENT_3D ( 'NONE', #2996, #7952, #7916 ) ;
#593 = ORIENTED_EDGE ( 'NONE', *, *, #4676, .T. ) ;
#594 = CARTESIAN_POINT ( 'NONE',  ( 41.65899613207415797, -0.4808025833225196832, 20.20000000000000284 ) ) ;
#595 = CARTESIAN_POINT ( 'NONE',  ( 50.00000000000000000, 45.00000000000000000, 4.100000000000927791 ) ) ;
#596 = EDGE_CURVE ( 'NONE', #6124, #6536, #443, .T. ) ;
#597 = CARTESIAN_POINT ( 'NONE',  ( 39.20780256659283225, 11.69664670968812636, 16.93214357045886942 ) ) ;
#598 = CARTESIAN_POINT ( 'NONE',  ( 2.523941627548292210, -21.74600824617199279, 2.871177311910583452 ) ) ;
#599 = CARTESIAN_POINT ( 'NONE',  ( 17.65993673991690471, -20.33145176225780304, 2.448880035378770081 ) ) ;
#600 = DIRECTION ( 'NONE',  ( -0.000000000000000000, 1.000000000000000000, -0.000000000000000000 ) ) ;
#601 = ORIENTED_EDGE ( 'NONE', *, *, #7234, .F. ) ;
#602 = AXIS2_PLACEMENT_3D ( 'NONE', #5433, #404, #7407 ) ;
#603 = AXIS2_PLACEMENT_3D ( 'NONE', #4843, #1113, #4269 ) ;
#604 = EDGE_LOOP ( 'NONE', ( #3762, #7408, #3130, #5597 ) ) ;
#605 = ADVANCED_FACE ( 'NONE', ( #4880 ), #4070, .F. ) ;
#606 = DIRECTION ( 'NONE',  ( 0.000000000000000000, 0.000000000000000000, -1.000000000000000000 ) ) ;
#607 = CARTESIAN_POINT ( 'NONE',  ( 40.26246589329550574, -7.374744570005520750, -18.94577387512040900 ) ) ;
#608 = CARTESIAN_POINT ( 'NONE',  ( 39.90246189448766501, 4.655272927633577140, -19.64985616784781186 ) ) ;
#609 = CARTESIAN_POINT ( 'NONE',  ( 38.83355818874416343, 3.500169133434183279E-15, -20.19259837075238551 ) ) ;
#610 = ORIENTED_EDGE ( 'NONE', *, *, #3693, .F. ) ;
#611 = ORIENTED_EDGE ( 'NONE', *, *, #8040, .T. ) ;
#612 = EDGE_LOOP ( 'NONE', ( #6670, #828, #973, #2737 ) ) ;
#613 = AXIS2_PLACEMENT_3D ( 'NONE', #927, #968, #7276 ) ;
#614 = FACE_OUTER_BOUND ( 'NONE', #5855, .T. ) ;
#615 = FACE_OUTER_BOUND ( 'NONE', #7083, .T. ) ;
#616 = EDGE_CURVE ( 'NONE', #485, #5520, #7989, .T. ) ;
#617 = CARTESIAN_POINT ( 'NONE',  ( 39.13597859800224654, 39.54632481259171328, 20.20000000000041851 ) ) ;
#618 = CARTESIAN_POINT ( 'NONE',  ( -35.77713417233866977, 45.00000000000000000, 18.00773976492943618 ) ) ;
#619 = CARTESIAN_POINT ( 'NONE',  ( 38.00000000000000000, 40.11625195157549939, -20.19999999999999574 ) ) ;
#620 = CARTESIAN_POINT ( 'NONE',  ( 38.00000000000000000, 44.99999999999999289, -18.00773976492943262 ) ) ;
#621 = ORIENTED_EDGE ( 'NONE', *, *, #5207, .F. ) ;
#622 = CARTESIAN_POINT ( 'NONE',  ( 55.00000000000000711, 45.00000000000000000, -20.19999999999999929 ) ) ;
#623 = CARTESIAN_POINT ( 'NONE',  ( 38.82734283964725108, -37.93208694794389402, 19.41229512522228973 ) ) ;
#624 = CARTESIAN_POINT ( 'NONE',  ( 38.99146030733004409, 6.560591809620489379, 19.13782427681772447 ) ) ;
#625 = EDGE_LOOP ( 'NONE', ( #4955, #1048, #3442, #3359, #2564, #718, #1207, #7679, #4161, #2398, #6189, #4751, #5789, #5863, #3024, #4181, #7240, #3903, #2636, #3627, #444 ) ) ;
#626 = CARTESIAN_POINT ( 'NONE',  ( 40.18673432316086291, -5.175551602247137062, -19.54996647529173970 ) ) ;
#627 = CARTESIAN_POINT ( 'NONE',  ( 40.07721451716067662, 9.124110267379801797, -18.26684145346155930 ) ) ;
#628 = ORIENTED_EDGE ( 'NONE', *, *, #3623, .T. ) ;
#629 = CARTESIAN_POINT ( 'NONE',  ( 41.99999999999999289, -1.059349905471363984, 20.20000000000000284 ) ) ;
#630 = CARTESIAN_POINT ( 'NONE',  ( 42.95953039231259396, 13.17850876662694759, -19.79956347630320224 ) ) ;
#631 = CARTESIAN_POINT ( 'NONE',  ( 37.99999999999999289, -0.9917497881938390769, 20.18178711760511845 ) ) ;
#632 = CARTESIAN_POINT ( 'NONE',  ( 40.16578062139989669, -15.62196288974280378, -16.52433059368292945 ) ) ;
#633 = DIRECTION ( 'NONE',  ( 1.000000000000000000, 0.000000000000000000, 0.000000000000000000 ) ) ;
#634 = CARTESIAN_POINT ( 'NONE',  ( 18.34561231994279140, -21.01712734228368262, 2.000000000000001776 ) ) ;
#635 = CARTESIAN_POINT ( 'NONE',  ( 36.12372949650433895, 45.00000000000000000, 18.00773976492943618 ) ) ;
#636 = EDGE_CURVE ( 'NONE', #1279, #3831, #4258, .T. ) ;
#637 = ORIENTED_EDGE ( 'NONE', *, *, #6116, .T. ) ;
#638 = B_SPLINE_CURVE_WITH_KNOTS ( 'NONE', 3,
 ( #4652, #4562, #1436, #7720, #7148, #4605, #5827, #7101, #1485, #2763, #1532, #307, #4030, #2224 ),
 .UNSPECIFIED., .F., .F.,
 ( 4, 2, 2, 2, 2, 2, 4 ),
 ( 0.000000000000000000, 0.1250000000000000000, 0.2500000000000000000, 0.3750000000000000000, 0.5000000000000000000, 0.7500000000000000000, 1.000000000000000000 ),
 .UNSPECIFIED. ) ;
#639 = LINE ( 'NONE', #6204, #1656 ) ;
#640 = CARTESIAN_POINT ( 'NONE',  ( 39.90491352593456043, -8.273864901307659281, -18.50199152758994003 ) ) ;
#641 = CARTESIAN_POINT ( 'NONE',  ( 40.05400565799613588, 4.837811063934754685, -19.61287621551235105 ) ) ;
#642 = LINE ( 'NONE', #769, #1002 ) ;
#643 = ORIENTED_EDGE ( 'NONE', *, *, #1059, .F. ) ;
#644 = ADVANCED_FACE ( 'NONE', ( #5568 ), #541, .F. ) ;
#645 = EDGE_LOOP ( 'NONE', ( #6827, #6590, #7810, #8038 ) ) ;
#646 = CARTESIAN_POINT ( 'NONE',  ( 40.00000000000000000, 0.000000000000000000, 0.000000000000000000 ) ) ;
#647 = CARTESIAN_POINT ( 'NONE',  ( 36.80953879959592001, 45.00000000000000000, 19.47471212274061259 ) ) ;
#648 = DIRECTION ( 'NONE',  ( 0.5112957703660341302, 0.2021029957216590733, -0.8353029476340515513 ) ) ;
#649 = CARTESIAN_POINT ( 'NONE',  ( 17.26924520083887060, -19.94076022317976893, -3.344066810980714788 ) ) ;
#650 = CARTESIAN_POINT ( 'NONE',  ( 39.90743595002946620, 15.62334472367252580, -14.89245936181974805 ) ) ;
#651 = CARTESIAN_POINT ( 'NONE',  ( 56.71751442127219178, -8.928247901240812467, 6.425448576869070116 ) ) ;
#652 = CARTESIAN_POINT ( 'NONE',  ( 39.55500688861842207, 33.60597865737081946, -18.08387779659624073 ) ) ;
#653 = CARTESIAN_POINT ( 'NONE',  ( 39.87514438598874023, -1.032149227771708144, 20.16431432724609252 ) ) ;
#654 = VERTEX_POINT ( 'NONE', #5525 ) ;
#655 = EDGE_CURVE ( 'NONE', #1124, #7589, #6692, .T. ) ;
#656 = DIRECTION ( 'NONE',  ( 0.000000000000000000, 0.000000000000000000, -1.000000000000000000 ) ) ;
#657 = CARTESIAN_POINT ( 'NONE',  ( 40.29639809231247938, -25.07151986250664422, -20.20000000001155627 ) ) ;
#658 = CARTESIAN_POINT ( 'NONE',  ( 39.59966984481692975, -35.07122846080653744, 18.78848380538180152 ) ) ;
#659 = DIRECTION ( 'NONE',  ( 0.000000000000000000, 0.000000000000000000, 1.000000000000000000 ) ) ;
#660 = EDGE_LOOP ( 'NONE', ( #6252, #5771, #3392, #120 ) ) ;
#661 = CARTESIAN_POINT ( 'NONE',  ( 40.53036444930933868, -3.269261545211648912, -19.92294536155758777 ) ) ;
#662 = EDGE_CURVE ( 'NONE', #7320, #5113, #7386, .T. ) ;
#663 = CARTESIAN_POINT ( 'NONE',  ( 40.46746297048930785, 14.01539153099633950, -17.36769361469956152 ) ) ;
#664 = EDGE_CURVE ( 'NONE', #2815, #6124, #7191, .T. ) ;
#665 = B_SPLINE_CURVE_WITH_KNOTS ( 'NONE', 3,
 ( #3021, #7326, #3592, #1709, #4213, #2363, #6747, #2405, #5510, #1094, #1140, #6088, #484, #2985, #6824, #7447, #1327, #27, #5623, #1826 ),
 .UNSPECIFIED., .F., .F.,
 ( 4, 2, 2, 2, 2, 2, 2, 2, 2, 4 ),
 ( 0.000000000000000000, 0.001119530994813067301, 0.002239061989626134602, 0.003358592984439202119, 0.003918358481845735444, 0.004478123979252268336, 0.005597654974065335853, 0.006717185968878402504, 0.007836716963691470889, 0.008956247958504536671 ),
 .UNSPECIFIED. ) ;
#666 = VERTEX_POINT ( 'NONE', #1840 ) ;
#667 = CARTESIAN_POINT ( 'NONE',  ( 1.470967741935474749, 19.71899242078214343, 4.396989547380828256 ) ) ;
#668 = CARTESIAN_POINT ( 'NONE',  ( 40.66917838961530407, 2.107214448872363199, 20.17177644642312373 ) ) ;
#669 = CARTESIAN_POINT ( 'NONE',  ( 41.36911888479226462, 4.636401999384280437, -19.82671144988072598 ) ) ;
#670 = CARTESIAN_POINT ( 'NONE',  ( 40.00162561130441929, -15.83114201902787244, -15.38018693585062913 ) ) ;
#671 = CARTESIAN_POINT ( 'NONE',  ( 45.00000000000000000, -5.393411618714890388, -20.20000000000000284 ) ) ;
#672 = CARTESIAN_POINT ( 'NONE',  ( 50.00000000000000000, -45.00000000000000000, 0.000000000000000000 ) ) ;
#673 = ORIENTED_EDGE ( 'NONE', *, *, #6359, .F. ) ;
#674 = CIRCLE ( 'NONE', #953, 5.250000000000000000 ) ;
#675 = CARTESIAN_POINT ( 'NONE',  ( 39.52114768771631503, -11.83331267415683286, 17.22651871011569824 ) ) ;
#676 = VERTEX_POINT ( 'NONE', #2460 ) ;
#677 = CARTESIAN_POINT ( 'NONE',  ( 38.00000000000000000, -21.83666641225257976, -2.000000000000000000 ) ) ;
#678 = CARTESIAN_POINT ( 'NONE',  ( 45.00000000000000711, 6.938893903907228378E-15, -20.20000000000000284 ) ) ;
#679 = DIRECTION ( 'NONE',  ( 0.000000000000000000, -1.000000000000000000, 0.000000000000000000 ) ) ;
#680 = CARTESIAN_POINT ( 'NONE',  ( 2.899440571443486103, -19.15696293410671558, 6.407087570906243812 ) ) ;
#681 = CARTESIAN_POINT ( 'NONE',  ( 40.04555726177114394, -7.730327651403044342, -18.75254392957609184 ) ) ;
#682 = CARTESIAN_POINT ( 'NONE',  ( 39.17841311076285393, 14.39064681637291443, -14.71443962479917289 ) ) ;
#683 = CARTESIAN_POINT ( 'NONE',  ( 38.69033059267837160, 4.749461311136640163, -19.64748080517080098 ) ) ;
#684 = CARTESIAN_POINT ( 'NONE',  ( 10.00000000000000178, -45.00000000000000000, 0.000000000000000000 ) ) ;
#685 = VERTEX_POINT ( 'NONE', #7462 ) ;
#686 = B_SPLINE_CURVE_WITH_KNOTS ( 'NONE', 3,
 ( #1922, #7542, #1233, #5570 ),
 .UNSPECIFIED., .F., .F.,
 ( 4, 4 ),
 ( 0.03309205978374647750, 0.06791310465508462735 ),
 .UNSPECIFIED. ) ;
#687 = ORIENTED_EDGE ( 'NONE', *, *, #4453, .T. ) ;
#688 = DIRECTION ( 'NONE',  ( 0.000000000000000000, -0.4095215355438329152, 0.9123004504689347094 ) ) ;
#689 = DIRECTION ( 'NONE',  ( 0.000000000000000000, -0.000000000000000000, 1.000000000000000000 ) ) ;
#690 = CARTESIAN_POINT ( 'NONE',  ( 39.87514438598878286, 1.032149227771712585, 20.16431432724612094 ) ) ;
#691 = CARTESIAN_POINT ( 'NONE',  ( 40.00000000000000000, -21.83666641225257976, -4.000000000000000000 ) ) ;
#692 = CARTESIAN_POINT ( 'NONE',  ( 57.70241016790421895, 8.964762283794774689, 6.410314312114071100 ) ) ;
#693 = ADVANCED_FACE ( 'NONE', ( #2343, #4844, #1115 ), #423, .F. ) ;
#694 = AXIS2_PLACEMENT_3D ( 'NONE', #3374, #3284, #7584 ) ;
#695 = CARTESIAN_POINT ( 'NONE',  ( 50.00000000000000000, -45.00000000000000000, 0.000000000000000000 ) ) ;
#696 = CARTESIAN_POINT ( 'NONE',  ( 38.54915912047267312, 38.59917013205959790, -19.59771504185885505 ) ) ;
#697 = CARTESIAN_POINT ( 'NONE',  ( 39.91260312125056231, -1.441128087340592945, 20.15042481398748819 ) ) ;
#698 = ORIENTED_EDGE ( 'NONE', *, *, #4766, .F. ) ;
#699 = CARTESIAN_POINT ( 'NONE',  ( 40.00000000000000000, 6.429395695523605139E-16, 5.249999999999986677 ) ) ;
#700 = CARTESIAN_POINT ( 'NONE',  ( 41.77698855924749921, -2.885757850776355049, -20.04014102414936715 ) ) ;
#701 = ADVANCED_FACE ( 'NONE', ( #2421 ), #3157, .F. ) ;
#702 = CARTESIAN_POINT ( 'NONE',  ( 44.41989757003597106, -30.91162699798265123, -20.19999999999999929 ) ) ;
#703 = CARTESIAN_POINT ( 'NONE',  ( 10.00000000000000178, 45.00000000000000000, -4.100000000000055600 ) ) ;
#704 = CARTESIAN_POINT ( 'NONE',  ( 39.19918139401450219, 4.988417318484222207, 19.61522967825499819 ) ) ;
#705 = ORIENTED_EDGE ( 'NONE', *, *, #7461, .F. ) ;
#706 = AXIS2_PLACEMENT_3D ( 'NONE', #6423, #858, #3410 ) ;
#707 = CARTESIAN_POINT ( 'NONE',  ( 40.10237071380432639, 8.010240923883218400, -18.67644250425452768 ) ) ;
#708 = ORIENTED_EDGE ( 'NONE', *, *, #2947, .F. ) ;
#709 = CARTESIAN_POINT ( 'NONE',  ( 1.470967741891123115, 20.20005789739026625, -0.2106436458801391187 ) ) ;
#710 = B_SPLINE_CURVE_WITH_KNOTS ( 'NONE', 3,
 ( #1843, #4198, #5414, #6182, #4274, #1234, #4883, #3081, #2306, #7922, #4348, #4812, #7389, #8028 ),
 .UNSPECIFIED., .F., .F.,
 ( 4, 2, 2, 2, 2, 2, 4 ),
 ( 0.000000000000000000, 0.2500000000000000000, 0.5000000000000000000, 0.6250000000000000000, 0.7500000000000000000, 0.8750000000000000000, 1.000000000000000000 ),
 .UNSPECIFIED. ) ;
#711 = CARTESIAN_POINT ( 'NONE',  ( 41.99999999999999289, 0.5296749527357025311, 20.20000000000000284 ) ) ;
#712 = EDGE_CURVE ( 'NONE', #186, #6890, #2382, .T. ) ;
#713 = CARTESIAN_POINT ( 'NONE',  ( 38.32030981519621093, 11.86290031307242465, -16.35986939496097392 ) ) ;
#714 = CYLINDRICAL_SURFACE ( 'NONE', #7358, 20.19999999999999929 ) ;
#715 = CARTESIAN_POINT ( 'NONE',  ( 40.41268569994382176, -15.60264171319250437, -17.18850511527774572 ) ) ;
#716 = CARTESIAN_POINT ( 'NONE',  ( 58.00889828186729602, -9.854071670535276439, 4.895762788450849889 ) ) ;
#717 = FACE_BOUND ( 'NONE', #7929, .T. ) ;
#718 = ORIENTED_EDGE ( 'NONE', *, *, #7766, .T. ) ;
#719 = CARTESIAN_POINT ( 'NONE',  ( 40.08247453898094648, 9.983082356105333233, 19.02586995326378982 ) ) ;
#720 = ORIENTED_EDGE ( 'NONE', *, *, #7433, .F. ) ;
#721 = CARTESIAN_POINT ( 'NONE',  ( 38.00000000000000000, 0.000000000000000000, 0.000000000000000000 ) ) ;
#722 = DIRECTION ( 'NONE',  ( 0.000000000000000000, 0.000000000000000000, 1.000000000000000000 ) ) ;
#723 = AXIS2_PLACEMENT_3D ( 'NONE', #1949, #3269, #34 ) ;
#724 = CARTESIAN_POINT ( 'NONE',  ( 39.89356959162239491, -7.394708930396594937, -18.82139787316300072 ) ) ;
#725 = AXIS2_PLACEMENT_3D ( 'NONE', #7380, #689, #6801 ) ;
#726 = CARTESIAN_POINT ( 'NONE',  ( 39.11134885325835597, 10.76354122839090799, -17.07293870702482508 ) ) ;
#727 = CARTESIAN_POINT ( 'NONE',  ( 39.61634726383368843, 4.795287931344492958E-15, -20.15930264626615553 ) ) ;
#728 = ORIENTED_EDGE ( 'NONE', *, *, #4445, .F. ) ;
#729 = ORIENTED_EDGE ( 'NONE', *, *, #2088, .F. ) ;
#730 = CARTESIAN_POINT ( 'NONE',  ( 41.57100952808229266, 12.69472266790698534, 20.17161579000351068 ) ) ;
#731 = CIRCLE ( 'NONE', #3745, 22.19999999999999574 ) ;
#732 = AXIS2_PLACEMENT_3D ( 'NONE', #2327, #5513, #1099 ) ;
#733 = CARTESIAN_POINT ( 'NONE',  ( 39.41446739863830828, 11.78313987870417279, 17.12358276649948152 ) ) ;
#734 = CARTESIAN_POINT ( 'NONE',  ( 38.00000000000000000, -21.55968674681321673, -5.293383358428381591 ) ) ;
#735 = CARTESIAN_POINT ( 'NONE',  ( 39.74392466737052132, 15.34979451522365324, -14.64965732581203639 ) ) ;
#736 = DIRECTION ( 'NONE',  ( 0.000000000000000000, -1.000000000000000000, 0.000000000000000000 ) ) ;
#737 = CARTESIAN_POINT ( 'NONE',  ( 39.05798164102139225, 36.90271347048309991, -19.08338281714240026 ) ) ;
#738 = CARTESIAN_POINT ( 'NONE',  ( 38.00000000000000000, -45.00000000000000000, -2.000000000000000000 ) ) ;
#739 = VECTOR ( 'NONE', #1019, 999.9999999999998863 ) ;
#740 = ORIENTED_EDGE ( 'NONE', *, *, #6205, .T. ) ;
#741 = EDGE_CURVE ( 'NONE', #1185, #2366, #4512, .T. ) ;
#742 = CARTESIAN_POINT ( 'NONE',  ( 38.00000000000000711, -6.392470847977715032, -19.16476758019891591 ) ) ;
#743 = CARTESIAN_POINT ( 'NONE',  ( 41.04454641333249754, -0.6654957320366703399, -20.11233954312025674 ) ) ;
#744 = CARTESIAN_POINT ( 'NONE',  ( 42.66553127211038543, -2.142636966011052468, -20.12159548120341057 ) ) ;
#745 = AXIS2_PLACEMENT_3D ( 'NONE', #17, #7999, #2394 ) ;
#746 = CARTESIAN_POINT ( 'NONE',  ( 44.95263408516013470, -26.35700228069307727, -20.19999999999999218 ) ) ;
#747 = CARTESIAN_POINT ( 'NONE',  ( 38.32422400437196330, -38.94915525047507998, 19.70454377866522577 ) ) ;
#748 = DIRECTION ( 'NONE',  ( 0.000000000000000000, 0.4095215355438329152, -0.9123004504689347094 ) ) ;
#749 = ORIENTED_EDGE ( 'NONE', *, *, #7284, .T. ) ;
#750 = CARTESIAN_POINT ( 'NONE',  ( 41.46446609406726225, -15.75879749091904714, -18.73553390593273704 ) ) ;
#751 = CARTESIAN_POINT ( 'NONE',  ( 40.03184511710944093, 15.52702748649242714, -15.78372435574756238 ) ) ;
#752 = EDGE_CURVE ( 'NONE', #3289, #2231, #543, .T. ) ;
#753 = CARTESIAN_POINT ( 'NONE',  ( 41.99999999999999289, 2.118699810942768824, 20.20000000000000284 ) ) ;
#754 = CARTESIAN_POINT ( 'NONE',  ( 38.19489969213338298, 13.64789564657519350, -14.91918410441717135 ) ) ;
#755 = CARTESIAN_POINT ( 'NONE',  ( 37.99999999999999289, 2.473786534277653621E-15, -20.20000000000000284 ) ) ;
#756 = DIRECTION ( 'NONE',  ( -0.000000000000000000, 0.9123004504689345984, -0.4095215355438330262 ) ) ;
#757 = DIRECTION ( 'NONE',  ( 1.000000000000000000, 0.000000000000000000, 0.000000000000000000 ) ) ;
#758 = CARTESIAN_POINT ( 'NONE',  ( 39.25686389047257308, -8.152757928741809934, 18.71432743935034537 ) ) ;
#759 = CARTESIAN_POINT ( 'NONE',  ( 41.40563100666007301, 10.79241612180947563, -18.97428331864868412 ) ) ;
#760 = B_SPLINE_CURVE_WITH_KNOTS ( 'NONE', 3,
 ( #6290, #5563, #1836, #4918, #7424, #5679 ),
 .UNSPECIFIED., .F., .F.,
 ( 4, 2, 4 ),
 ( 0.000000000000000000, 0.5000000000000000000, 1.000000000000000000 ),
 .UNSPECIFIED. ) ;
#761 = ADVANCED_FACE ( 'NONE', ( #6821 ), #7349, .F. ) ;
#762 = CARTESIAN_POINT ( 'NONE',  ( 39.89315854261086258, 7.862411033369693492, 19.23334644796718962 ) ) ;
#763 = ORIENTED_EDGE ( 'NONE', *, *, #2008, .T. ) ;
#764 = CARTESIAN_POINT ( 'NONE',  ( 40.00000000000000000, -16.69983372084371709, -11.88089027371985118 ) ) ;
#765 = CARTESIAN_POINT ( 'NONE',  ( 42.28614049643651640, 1.032007934377663583, -20.11261681531076917 ) ) ;
#766 = CARTESIAN_POINT ( 'NONE',  ( 5.175946343420534390, -19.70952988586055810, 6.655128735915744720 ) ) ;
#767 = CARTESIAN_POINT ( 'NONE',  ( 41.04204339157341508, -8.125243114469569150, -19.13427067073784826 ) ) ;
#768 = CARTESIAN_POINT ( 'NONE',  ( 39.59456744132866390, 7.048947980541822922, -18.87461981327057003 ) ) ;
#769 = CARTESIAN_POINT ( 'NONE',  ( -2.471980953266950110E-15, 2.326828918379970970E-15, 19.00000000000000000 ) ) ;
#770 = EDGE_LOOP ( 'NONE', ( #4482, #76, #5917 ) ) ;
#771 = ORIENTED_EDGE ( 'NONE', *, *, #4969, .T. ) ;
#772 = CARTESIAN_POINT ( 'NONE',  ( 40.53111280441825670, 12.54787146534912701, 19.55953992916444761 ) ) ;
#773 = LINE ( 'NONE', #5072, #3484 ) ;
#774 = CARTESIAN_POINT ( 'NONE',  ( 40.04406314578132253, 1.036519080231618206, 20.16388697060665791 ) ) ;
#775 = CARTESIAN_POINT ( 'NONE',  ( 17.12411561483696332, 19.86939916790550242, 3.639639639639641544 ) ) ;
#776 = CARTESIAN_POINT ( 'NONE',  ( 59.91090223204917464, 11.43016121544050101, 1.375531275578077084 ) ) ;
#777 = DIRECTION ( 'NONE',  ( -1.000000000000000000, 0.000000000000000000, 0.000000000000000000 ) ) ;
#778 = CARTESIAN_POINT ( 'NONE',  ( 39.84580469760702215, 29.89123351504280279, -16.95764028250076549 ) ) ;
#779 = CARTESIAN_POINT ( 'NONE',  ( 41.80548665929681107, -37.63534268795068982, 20.20000000000000639 ) ) ;
#780 = DIRECTION ( 'NONE',  ( -0.000000000000000000, -1.000000000000000000, -0.000000000000000000 ) ) ;
#781 = CARTESIAN_POINT ( 'NONE',  ( 39.80633374068958119, -6.095104243913266551, -19.23807447784025371 ) ) ;
#782 = CARTESIAN_POINT ( 'NONE',  ( 41.77245675018152582, -9.172757025957482213, -19.41459243354436381 ) ) ;
#783 = CARTESIAN_POINT ( 'NONE',  ( 42.63500291760221472, -1.028632411531104074, -20.12364506905734629 ) ) ;
#784 = CARTESIAN_POINT ( 'NONE',  ( 39.91973245739230691, -0.5188563312452244558, 20.17573006685150716 ) ) ;
#785 = CARTESIAN_POINT ( 'NONE',  ( 38.46172829189417541, 4.572615121657332082, 19.69645949809378038 ) ) ;
#786 = EDGE_CURVE ( 'NONE', #2273, #3462, #3236, .T. ) ;
#787 = ORIENTED_EDGE ( 'NONE', *, *, #5215, .F. ) ;
#788 = CARTESIAN_POINT ( 'NONE',  ( 40.09258888073392768, 15.66404659648502218, -16.20043059543429109 ) ) ;
#789 = CARTESIAN_POINT ( 'NONE',  ( 39.94152699329434597, -12.25381144684764756, 17.90774574909757177 ) ) ;
#790 = CARTESIAN_POINT ( 'NONE',  ( 41.44369912798413935, 3.260522002469341540, 20.20047909670705977 ) ) ;
#791 = CYLINDRICAL_SURFACE ( 'NONE', #7229, 20.19999999999999929 ) ;
#792 = EDGE_CURVE ( 'NONE', #7949, #7239, #3561, .T. ) ;
#793 = CARTESIAN_POINT ( 'NONE',  ( 38.80495109553388744, 14.80876230146177264, -13.98533866927126290 ) ) ;
#794 = DIRECTION ( 'NONE',  ( 0.000000000000000000, 0.000000000000000000, 1.000000000000000000 ) ) ;
#795 = CARTESIAN_POINT ( 'NONE',  ( 30.87905094444873555, 39.45494023352521396, 19.90314451767520154 ) ) ;
#796 = CARTESIAN_POINT ( 'NONE',  ( 40.23707402356545515, 8.045306594432030778, 19.52210983684578594 ) ) ;
#797 = EDGE_LOOP ( 'NONE', ( #1330, #6975, #3314, #7717, #6212, #3031, #2146 ) ) ;
#798 = DIRECTION ( 'NONE',  ( 1.000000000000000000, 0.000000000000000000, 0.000000000000000000 ) ) ;
#799 = AXIS2_PLACEMENT_3D ( 'NONE', #2168, #3968, #5109 ) ;
#800 = CARTESIAN_POINT ( 'NONE',  ( 42.62575024158201842, 0.5005234967496263732, -20.12180757511653084 ) ) ;
#801 = CARTESIAN_POINT ( 'NONE',  ( -35.77713417233866977, -39.13940053353142901, 19.76150225234467328 ) ) ;
#802 = EDGE_CURVE ( 'NONE', #7643, #3672, #2113, .T. ) ;
#803 = CARTESIAN_POINT ( 'NONE',  ( 38.38351030778398609, -13.64502932544833058, -14.95232453620931423 ) ) ;
#804 = VECTOR ( 'NONE', #2720, 1000.000000000000000 ) ;
#805 = CARTESIAN_POINT ( 'NONE',  ( 40.49757677083826479, -9.759133894444712354, -18.34717380319603208 ) ) ;
#806 = CARTESIAN_POINT ( 'NONE',  ( 39.43633210674694567, 7.056288704323635308, -18.86063399376629235 ) ) ;
#807 = DIRECTION ( 'NONE',  ( 0.000000000000000000, -0.9123004504689348204, 0.4095215355438327487 ) ) ;
#808 = ORIENTED_EDGE ( 'NONE', *, *, #752, .T. ) ;
#809 = EDGE_LOOP ( 'NONE', ( #5696, #1416, #4780, #5366 ) ) ;
#810 = DIRECTION ( 'NONE',  ( 0.000000000000000000, -1.000000000000000000, 0.000000000000000000 ) ) ;
#811 = FACE_OUTER_BOUND ( 'NONE', #5232, .T. ) ;
#812 = CARTESIAN_POINT ( 'NONE',  ( 32.94213245116441868, 41.18700821124066636, 20.19999999999999929 ) ) ;
#813 = CARTESIAN_POINT ( 'NONE',  ( 60.00000000000000711, 11.50000000000000000, -3.366523922991728466E-16 ) ) ;
#814 = EDGE_CURVE ( 'NONE', #6900, #5867, #18, .T. ) ;
#815 = CARTESIAN_POINT ( 'NONE',  ( 43.89353892410277780, 16.12994444057353860, -20.12144176134201246 ) ) ;
#816 = CARTESIAN_POINT ( 'NONE',  ( 38.00000000000000000, -21.55968674681321673, -5.293383358428381591 ) ) ;
#817 = DIRECTION ( 'NONE',  ( 0.000000000000000000, -1.000000000000000000, 0.000000000000000000 ) ) ;
#818 = CARTESIAN_POINT ( 'NONE',  ( 12.53715263546824410, 25.78987092504714695, -13.76904673920282463 ) ) ;
#819 = B_SPLINE_SURFACE_WITH_KNOTS ( 'NONE', 3, 3, ( 
 ( #1209, #3706, #6196, #3096, #5583, #2474, #4975, #4361, #1248, #3747, #5618, #2552 ),
 ( #2594, #5823, #3253, #7593, #7556, #5659, #6272, #2511, #6312, #5086, #830, #3292 ),
 ( #2059, #5781, #5124, #1360, #668, #5171, #5702, #1972, #5012, #3168, #4561, #3338 ),
 ( #7021, #175, #7062, #7681, #4475, #790, #2670, #3862, #7634, #63, #5054, #1435 ),
 ( #6982, #1936, #7515, #4437, #5744, #1895, #3823, #3781, #4401, #6939, #1322, #6902 ),
 ( #3941, #711, #6360, #753, #6437, #3208, #103, #2012, #136, #2628, #1284, #4515 ) ),
 .UNSPECIFIED., .F., .F., .F.,
 ( 4, 2, 4 ),
 ( 4, 2, 2, 2, 2, 4 ),
 ( 0.000000000000000000, 0.5000000000000000000, 1.000000000000000000 ),
 ( 0.000000000000000000, 0.1250000000000000000, 0.2500000000000000000, 0.3750000000000000000, 0.5000000000000000000, 1.000000000000000000 ),
 .UNSPECIFIED. ) ;
#820 = EDGE_LOOP ( 'NONE', ( #3166, #4251, #5245, #6267 ) ) ;
#821 = CARTESIAN_POINT ( 'NONE',  ( 39.67313123013244791, -5.921536452565378639, -19.28627125837745382 ) ) ;
#822 = CARTESIAN_POINT ( 'NONE',  ( 41.11107703367843413, -1.326811633257678702, -20.08984196216405493 ) ) ;
#823 = VECTOR ( 'NONE', #1606, 1000.000000000000000 ) ;
#824 = CARTESIAN_POINT ( 'NONE',  ( 42.73473468433586220, -3.960278108411886322, -20.09941104448309090 ) ) ;
#825 = CARTESIAN_POINT ( 'NONE',  ( 2.473591864042358424, -19.28976351646788601, 6.003727662426426193 ) ) ;
#826 = CARTESIAN_POINT ( 'NONE',  ( 13.01520948548918000, -27.77874933758084808, -10.27731168979907395 ) ) ;
#827 = DIRECTION ( 'NONE',  ( 0.000000000000000000, -1.000000000000000000, 0.000000000000000000 ) ) ;
#828 = ORIENTED_EDGE ( 'NONE', *, *, #5518, .T. ) ;
#829 = CARTESIAN_POINT ( 'NONE',  ( 39.79182754376471109, 11.98922939768102403, -16.91100225132199952 ) ) ;
#830 = CARTESIAN_POINT ( 'NONE',  ( 40.79519071069435654, 10.27638125901430755, 19.82451307517192873 ) ) ;
#831 = CARTESIAN_POINT ( 'NONE',  ( 38.00000000000000711, 13.63788325843347948, -14.91990597263502849 ) ) ;
#832 = CARTESIAN_POINT ( 'NONE',  ( 1.470967741935480966, -16.63635099737583545, 11.45739174036185304 ) ) ;
#833 = CARTESIAN_POINT ( 'NONE',  ( 39.47087159972929982, 8.274470709439356142, -18.36127892316067545 ) ) ;
#834 = DIRECTION ( 'NONE',  ( 0.000000000000000000, -0.9123004504689347094, 0.4095215355438330818 ) ) ;
#835 = ORIENTED_EDGE ( 'NONE', *, *, #1160, .T. ) ;
#836 = CARTESIAN_POINT ( 'NONE',  ( 40.25186651778379598, 10.93615383375215444, 19.21353517543392897 ) ) ;
#837 = ORIENTED_EDGE ( 'NONE', *, *, #1302, .F. ) ;
#838 = CARTESIAN_POINT ( 'NONE',  ( 40.00000000000000000, 16.63635099737584255, 11.45739174036184949 ) ) ;
#839 = EDGE_CURVE ( 'NONE', #6298, #1300, #3678, .T. ) ;
#840 = AXIS2_PLACEMENT_3D ( 'NONE', #5598, #4916, #1301 ) ;
#841 = CARTESIAN_POINT ( 'NONE',  ( 37.00000000000000000, 0.000000000000000000, -12.19999999999999929 ) ) ;
#842 = CARTESIAN_POINT ( 'NONE',  ( 3.124383291329473789, 18.74180037678556232, 10.63498839506690885 ) ) ;
#843 = CARTESIAN_POINT ( 'NONE',  ( 41.02281053344095341, -7.530667355580185074, -19.24119591153462849 ) ) ;
#844 = CARTESIAN_POINT ( 'NONE',  ( 38.00000000000000000, -21.83666641225257621, -4.000000000000000000 ) ) ;
#845 = CARTESIAN_POINT ( 'NONE',  ( 38.85582566964751550, 14.26888845385643911, -14.57552418824919016 ) ) ;
#846 = CARTESIAN_POINT ( 'NONE',  ( 36.12372949650433895, 45.00000000000000000, -18.00773976492943262 ) ) ;
#847 = VERTEX_POINT ( 'NONE', #5619 ) ;
#848 = CARTESIAN_POINT ( 'NONE',  ( 39.61825124645976359, -11.89033146791663320, 17.33656860990369353 ) ) ;
#849 = ORIENTED_EDGE ( 'NONE', *, *, #5864, .F. ) ;
#850 = CARTESIAN_POINT ( 'NONE',  ( 40.38291588787676289, 12.52249009480808084, 19.37703343445229009 ) ) ;
#851 = ADVANCED_FACE ( 'NONE', ( #3667 ), #1285, .F. ) ;
#852 = CARTESIAN_POINT ( 'NONE',  ( 11.27598830081286252, 22.70553022664234177, 8.000000000000000000 ) ) ;
#853 = CARTESIAN_POINT ( 'NONE',  ( 39.31250752569407325, 10.88875563917473599, 17.59964107063425587 ) ) ;
#854 = DIRECTION ( 'NONE',  ( -1.000000000000000000, -0.000000000000000000, -0.000000000000000000 ) ) ;
#855 = CIRCLE ( 'NONE', #5558, 1.999999999999998668 ) ;
#856 = CARTESIAN_POINT ( 'NONE',  ( 0.000000000000000000, 0.000000000000000000, 0.000000000000000000 ) ) ;
#857 =( BOUNDED_CURVE ( )  B_SPLINE_CURVE ( 3, ( #2381, #2961, #5259, #4270 ),
 .UNSPECIFIED., .F., .T. ) 
 B_SPLINE_CURVE_WITH_KNOTS ( ( 4, 4 ),
 ( 4.712388980384689674, 6.283185307179586232 ),
 .UNSPECIFIED. ) 
 CURVE ( )  GEOMETRIC_REPRESENTATION_ITEM ( )  RATIONAL_B_SPLINE_CURVE ( ( 1.000000000000000000, 0.8047378541243649375, 0.8047378541243649375, 1.000000000000000000 ) ) 
 REPRESENTATION_ITEM ( '' )  );
#858 = DIRECTION ( 'NONE',  ( 1.000000000000000000, 0.000000000000000000, -0.000000000000000000 ) ) ;
#859 = CARTESIAN_POINT ( 'NONE',  ( 39.99999999999996447, 24.09389004176475524, -20.19999999999999218 ) ) ;
#860 = CARTESIAN_POINT ( 'NONE',  ( 34.34755082682040950, -42.46400151611339879, -20.19999999999999929 ) ) ;
#861 = ORIENTED_EDGE ( 'NONE', *, *, #5542, .T. ) ;
#862 = VECTOR ( 'NONE', #2281, 1000.000000000000000 ) ;
#863 = AXIS2_PLACEMENT_3D ( 'NONE', #1830, #4333, #606 ) ;
#864 = CYLINDRICAL_SURFACE ( 'NONE', #3591, 2.000000000000000000 ) ;
#865 = EDGE_CURVE ( 'NONE', #2486, #2691, #2547, .T. ) ;
#866 = CARTESIAN_POINT ( 'NONE',  ( 38.66788055817442427, -7.090543294586725054, -18.89996783940732428 ) ) ;
#867 = CARTESIAN_POINT ( 'NONE',  ( 41.22932292427412193, -2.648551968764727871, -20.01271647136836762 ) ) ;
#868 = CARTESIAN_POINT ( 'NONE',  ( 42.59299676506100241, -8.898558110409110711, -19.82202496667104086 ) ) ;
#869 = CARTESIAN_POINT ( 'NONE',  ( 40.75978917881904806, -35.62164194987345667, -20.19999999999999218 ) ) ;
#870 = CIRCLE ( 'NONE', #1258, 10.49999999999999822 ) ;
#871 = CARTESIAN_POINT ( 'NONE',  ( 39.31617911282922506, 4.300624190642655094E-16, 20.18172013413891008 ) ) ;
#872 = DIRECTION ( 'NONE',  ( 0.000000000000000000, 1.000000000000000000, 0.000000000000000000 ) ) ;
#873 = VECTOR ( 'NONE', #5992, 1000.000000000000000 ) ;
#874 = ORIENTED_EDGE ( 'NONE', *, *, #7996, .F. ) ;
#875 = CARTESIAN_POINT ( 'NONE',  ( 39.63710456462582954, 9.732346008194483034, -17.81462802102667098 ) ) ;
#876 = ORIENTED_EDGE ( 'NONE', *, *, #5420, .F. ) ;
#877 = AXIS2_PLACEMENT_3D ( 'NONE', #3010, #5499, #8082 ) ;
#878 = DIRECTION ( 'NONE',  ( 0.000000000000000000, 1.000000000000000000, 0.000000000000000000 ) ) ;
#879 = CARTESIAN_POINT ( 'NONE',  ( 3.589239999414012505, -19.10255753355022179, 10.76718606124199162 ) ) ;
#880 = CARTESIAN_POINT ( 'NONE',  ( 38.15682541525300309, 6.028863386560188609, -19.28227824830027615 ) ) ;
#881 = B_SPLINE_CURVE_WITH_KNOTS ( 'NONE', 3,
 ( #3239, #5730, #4688, #1559, #991, #415, #2917, #5244, #5337, #2837, #1685, #4637, #7834, #6681, #5984, #380 ),
 .UNSPECIFIED., .F., .F.,
 ( 4, 2, 2, 2, 2, 2, 2, 4 ),
 ( 0.000000000000000000, 0.2500000000000000555, 0.5000000000000000000, 0.7499999999999998890, 0.8750000000000000000, 0.9375000000000001110, 0.9687500000000000000, 1.000000000000000000 ),
 .UNSPECIFIED. ) ;
#882 = CARTESIAN_POINT ( 'NONE',  ( 1.470967741935480522, -16.72277602542433783, 11.33190095378886575 ) ) ;
#883 = CARTESIAN_POINT ( 'NONE',  ( 39.98861581292109690, 6.113587753264392077, -19.26271152102609108 ) ) ;
#884 = CARTESIAN_POINT ( 'NONE',  ( 41.22932292427410061, 2.648551968764743858, -20.01271647136838183 ) ) ;
#885 = ORIENTED_EDGE ( 'NONE', *, *, #2238, .F. ) ;
#886 = ORIENTED_EDGE ( 'NONE', *, *, #7718, .F. ) ;
#887 = CARTESIAN_POINT ( 'NONE',  ( 39.91761669283722114, 11.86334436857960561, 18.05259847848569876 ) ) ;
#888 = ORIENTED_EDGE ( 'NONE', *, *, #2714, .F. ) ;
#889 = CARTESIAN_POINT ( 'NONE',  ( 4.430477242975578989, 19.39460414585884251, -5.764327121949855304 ) ) ;
#890 = CARTESIAN_POINT ( 'NONE',  ( 42.33194870298826373, 2.144715223992420317, -20.10462951011612276 ) ) ;
#891 = CARTESIAN_POINT ( 'NONE',  ( 40.00000000000000000, -16.63635099737583900, 11.45739174036185659 ) ) ;
#892 = B_SPLINE_SURFACE_WITH_KNOTS ( 'NONE', 3, 3, ( 
 ( #1361, #1975, #3825, #7595, #6985, #5782, #5055, #3866, #6362, #755 ),
 ( #2671, #3254, #3943, #5175, #6441, #7192, #5385, #3545, #2142, #430 ),
 ( #1008, #7848, #2225, #7149, #1044, #4738, #6032, #2265, #3511, #5261 ),
 ( #2185, #308, #2930, #7764, #4653, #4073, #5997, #4776, #6656, #1533 ),
 ( #7274, #5419, #1659, #2853, #7233, #6532, #924, #4031, #2764, #1618 ),
 ( #3428, #5912, #4164, #2807, #5306, #7806, #4701, #5349, #1573, #7888 ),
 ( #6575, #4117, #966, #3467, #5952, #353, #6616, #392, #2895, #912 ),
 ( #1962, #7623, #7753, #6521, #3417, #2132, #3850, #5294, #5897, #6346 ),
 ( #1472, #781, #821, #4463, #1347, #2751, #6968, #5248, #1388, #742 ),
 ( #3975, #3373, #4642, #2089, #3242, #6427, #5733, #4550, #2048, #253 ),
 ( #7136, #1426, #2794, #6474, #3327, #128, #2618, #297, #5115, #2000 ),
 ( #3931, #4501, #7010, #3894, #5814, #6389, #3283, #210, #5773, #2662 ),
 ( #164, #5158, #7668, #2707, #7707, #866, #1521, #5204, #4593, #7093 ),
 ( #4022, #5857, #4061, #5988, #2883, #5338, #7260, #6600, #3535, #456 ),
 ( #5407, #5940, #6682, #6721, #7950, #2295, #1603, #4225, #1641, #1066 ),
 ( #7875, #2211, #7837, #2954, #6644, #4149, #4726, #994, #2337, #5446 ),
 ( #3499, #2838, #3454, #1033, #417, #6021, #4839, #7338, #7220, #2253 ),
 ( #2919, #4060, #7302, #6558, #1686, #4192, #954, #339, #4103, #5985 ),
 ( #382, #2881, #4762, #149, #7202, #1585, #5137, #1450, #4000, #4087 ),
 ( #5795, #5840, #3954, #3265, #5925, #2027, #803, #7115, #4665, #2072 ),
 ( #6585, #4575, #4532, #2112, #1410, #7647, #190, #2776, #7037, #3436 ),
 ( #3918, #5758, #2644, #5273, #4619, #893, #6411, #7820, #3398, #3308 ) ),
 .UNSPECIFIED., .F., .F., .F.,
 ( 4, 2, 2, 2, 2, 2, 2, 2, 2, 2, 4 ),
 ( 4, 2, 2, 2, 4 ),
 ( 0.000000000000000000, 0.1250000000000000000, 0.2500000000000000000, 0.3750000000000000000, 0.4375000000000000000, 0.4687500000000000000, 0.5000000000000000000, 0.6250000000000000000, 0.7500000000000000000, 0.8750000000000000000, 1.000000000000000000 ),
 ( 0.000000000000000000, 0.2500000000000000000, 0.5000000000000000000, 0.7500000000000000000, 1.000000000000000000 ),
 .UNSPECIFIED. ) ;
#893 = CARTESIAN_POINT ( 'NONE',  ( 38.61991627125220816, -14.76877058526510211, -13.91857198245497962 ) ) ;
#894 = CARTESIAN_POINT ( 'NONE',  ( 39.75174660686456463, -15.01813047427184955, -15.00481644653896751 ) ) ;
#895 = CARTESIAN_POINT ( 'NONE',  ( 40.53046497077680499, -11.52769405027780358, 19.55878019055658967 ) ) ;
#896 = CARTESIAN_POINT ( 'NONE',  ( 39.67313123013245502, 5.921536452565387521, -19.28627125837746448 ) ) ;
#897 = EDGE_CURVE ( 'NONE', #6997, #7196, #3684, .T. ) ;
#898 = DIRECTION ( 'NONE',  ( 0.000000000000000000, -0.4095215355438328042, -0.9123004504689348204 ) ) ;
#899 = EDGE_LOOP ( 'NONE', ( #4831, #2480, #7725, #3346 ) ) ;
#900 = ORIENTED_EDGE ( 'NONE', *, *, #1811, .T. ) ;
#901 = CARTESIAN_POINT ( 'NONE',  ( 4.936419646183236587, -20.79835907922964822, 6.230414870963074669 ) ) ;
#902 = CARTESIAN_POINT ( 'NONE',  ( 39.41123098571015504, 10.18245008114083383, 18.03739160771063155 ) ) ;
#903 = DIRECTION ( 'NONE',  ( 0.000000000000000000, 0.000000000000000000, 1.000000000000000000 ) ) ;
#904 = DIRECTION ( 'NONE',  ( -1.000000000000000000, -0.000000000000000000, -0.000000000000000000 ) ) ;
#905 = CARTESIAN_POINT ( 'NONE',  ( 10.00000000000000355, -22.70553022664231690, 8.000000000000000000 ) ) ;
#906 = CARTESIAN_POINT ( 'NONE',  ( 40.00000000000000000, -18.28351446246255207, 12.59178696217986015 ) ) ;
#907 = CARTESIAN_POINT ( 'NONE',  ( 30.45551943308869625, 39.13940053353145743, 19.76150225234467328 ) ) ;
#908 = EDGE_CURVE ( 'NONE', #6386, #3156, #1823, .T. ) ;
#909 = CARTESIAN_POINT ( 'NONE',  ( 40.31200242914726317, -15.60519131709097529, -16.93894794858259445 ) ) ;
#910 = EDGE_LOOP ( 'NONE', ( #610, #6377, #2758, #477 ) ) ;
#911 = FACE_OUTER_BOUND ( 'NONE', #7892, .T. ) ;
#912 = CARTESIAN_POINT ( 'NONE',  ( 38.00000000000000711, -5.125203385271408507, -19.55018815015353084 ) ) ;
#913 = CARTESIAN_POINT ( 'NONE',  ( 42.26838021973175330, -0.5033628222577595235, -20.11210496994370089 ) ) ;
#914 = CARTESIAN_POINT ( 'NONE',  ( 39.92205692162446695, -40.57325555085181179, -20.19999999999999929 ) ) ;
#915 = CARTESIAN_POINT ( 'NONE',  ( 24.56774527675076669, -36.39129556883154493, -14.14338799804938418 ) ) ;
#916 = DIRECTION ( 'NONE',  ( 0.000000000000000000, 0.000000000000000000, -1.000000000000000000 ) ) ;
#917 = VERTEX_POINT ( 'NONE', #4976 ) ;
#918 = EDGE_CURVE ( 'NONE', #6262, #2582, #1771, .T. ) ;
#919 = ADVANCED_FACE ( 'NONE', ( #3295 ), #714, .T. ) ;
#920 = VERTEX_POINT ( 'NONE', #5870 ) ;
#921 = CARTESIAN_POINT ( 'NONE',  ( 41.26555954931215808, 6.799507867007208760E-15, -20.10805584894745479 ) ) ;
#922 = SURFACE_STYLE_FILL_AREA ( #6573 ) ;
#923 = CARTESIAN_POINT ( 'NONE',  ( 38.09056544651947007, 12.51325235830012161, -15.87489917339574319 ) ) ;
#924 = CARTESIAN_POINT ( 'NONE',  ( 38.77747925892176539, -2.877578752664172512, -20.00008496155743387 ) ) ;
#925 = ADVANCED_FACE ( 'NONE', ( #1437 ), #791, .T. ) ;
#926 = DIRECTION ( 'NONE',  ( -0.6301991726041836772, -0.4535394202249772300, 0.6301991726041805686 ) ) ;
#927 = CARTESIAN_POINT ( 'NONE',  ( 38.00000000000000000, -21.83666641225257976, 4.000000000000000000 ) ) ;
#928 = APPLICATION_PROTOCOL_DEFINITION ( 'draft international standard', 'automotive_design', 1998, #3651 ) ;
#929 = CARTESIAN_POINT ( 'NONE',  ( 41.02113583371441052, 3.479808166936121605, -19.92149653952296617 ) ) ;
#930 = ORIENTED_EDGE ( 'NONE', *, *, #6348, .T. ) ;
#931 = CARTESIAN_POINT ( 'NONE',  ( 1.470967741862405864, -20.19660079811482589, 0.4279797757480519604 ) ) ;
#932 = ORIENTED_EDGE ( 'NONE', *, *, #5803, .T. ) ;
#933 = CARTESIAN_POINT ( 'NONE',  ( 51.93502884254438356, -3.608666906220947546, 10.99999999999998046 ) ) ;
#934 = CARTESIAN_POINT ( 'NONE',  ( 43.84116626246455439, 2.868526280279116936, -20.19599444502064145 ) ) ;
#935 = CARTESIAN_POINT ( 'NONE',  ( 32.12696878936616685, -40.46511129075799573, 20.15990323180455235 ) ) ;
#936 = CARTESIAN_POINT ( 'NONE',  ( 40.00000000000000000, 19.61737262547869420, 4.816501974786175921 ) ) ;
#937 = CARTESIAN_POINT ( 'NONE',  ( 40.30482011356618699, -9.880994492467271684, -18.15575958067196183 ) ) ;
#938 = CARTESIAN_POINT ( 'NONE',  ( 40.10998480070025352, -6.167456214709319262, 19.70086744959796832 ) ) ;
#939 = CARTESIAN_POINT ( 'NONE',  ( 39.54179693614354107, 6.567186295577074340, -19.05583139961171568 ) ) ;
#940 = CARTESIAN_POINT ( 'NONE',  ( 40.00000000000000000, -18.28351446246255207, -10.59178696217986015 ) ) ;
#941 = ORIENTED_EDGE ( 'NONE', *, *, #3419, .F. ) ;
#942 = B_SPLINE_CURVE_WITH_KNOTS ( 'NONE', 3,
 ( #1382, #7659, #6466, #2041, #4544, #815, #2699, #4586 ),
 .UNSPECIFIED., .F., .F.,
 ( 4, 2, 2, 4 ),
 ( 0.000000000000000000, 0.2500000000000000000, 0.5000000000000000000, 1.000000000000000000 ),
 .UNSPECIFIED. ) ;
#943 = ORIENTED_EDGE ( 'NONE', *, *, #741, .F. ) ;
#944 = CARTESIAN_POINT ( 'NONE',  ( 40.07851562263500256, 5.044494253288270613, 19.84205803350862496 ) ) ;
#945 = PRESENTATION_LAYER_ASSIGNMENT (  '', '', ( #3861 ) ) ;
#946 = SPHERICAL_SURFACE ( 'NONE', #2660, 2.000000000000000000 ) ;
#947 = CARTESIAN_POINT ( 'NONE',  ( 59.67532030429958212, 10.70583420666547170, 2.615042121596798275 ) ) ;
#948 = CARTESIAN_POINT ( 'NONE',  ( 38.00000000000000000, 17.51887679193139391, -10.05628937278197554 ) ) ;
#949 = CARTESIAN_POINT ( 'NONE',  ( 39.98646688154406803, 26.08590101350474555, -15.80393846649819700 ) ) ;
#950 = CARTESIAN_POINT ( 'NONE',  ( 32.94213245117539657, -41.18700821125065659, -20.19999999999999929 ) ) ;
#951 = AXIS2_PLACEMENT_3D ( 'NONE', #1562, #5987, #1644 ) ;
#952 = CARTESIAN_POINT ( 'NONE',  ( 38.00000000000000000, 21.83666641225257621, -3.999999999999997335 ) ) ;
#953 = AXIS2_PLACEMENT_3D ( 'NONE', #5386, #3468, #7850 ) ;
#954 = CARTESIAN_POINT ( 'NONE',  ( 38.32030981519622514, -11.86290031307242110, -16.35986939496098103 ) ) ;
#955 = CARTESIAN_POINT ( 'NONE',  ( 2.897424096382652969, 20.05330403315108967, -3.690082251719201345 ) ) ;
#956 = EDGE_CURVE ( 'NONE', #4770, #5268, #1846, .T. ) ;
#957 = CARTESIAN_POINT ( 'NONE',  ( 45.00000000000000000, -9.438470332751062841, -20.20000000000000284 ) ) ;
#958 = CARTESIAN_POINT ( 'NONE',  ( 38.00000000000000711, -6.392470847977715032, -19.16476758019891591 ) ) ;
#959 = CARTESIAN_POINT ( 'NONE',  ( 39.62634106167289616, 1.574583213799257118E-15, 20.17647233349539349 ) ) ;
#960 = CARTESIAN_POINT ( 'NONE',  ( 48.00000000000000000, 0.000000000000000000, -10.50000000000001599 ) ) ;
#961 = ORIENTED_EDGE ( 'NONE', *, *, #3553, .T. ) ;
#962 = EDGE_CURVE ( 'NONE', #358, #304, #7631, .T. ) ;
#963 = DIRECTION ( 'NONE',  ( 0.000000000000000000, 0.000000000000000000, 1.000000000000000000 ) ) ;
#964 = SURFACE_SIDE_STYLE ('',( #922 ) ) ;
#965 = CARTESIAN_POINT ( 'NONE',  ( 39.99999999999999289, -30.77705835859652339, 18.19999999999999929 ) ) ;
#966 = CARTESIAN_POINT ( 'NONE',  ( 39.90246189448765790, -4.655272927633566482, -19.64985616784779765 ) ) ;
#967 = CARTESIAN_POINT ( 'NONE',  ( 3.176774193548386638, -21.57740464604362884, -4.176552357408286120 ) ) ;
#968 = DIRECTION ( 'NONE',  ( 1.734723475976805319E-15, -1.000000000000000000, 0.000000000000000000 ) ) ;
#969 = DIRECTION ( 'NONE',  ( 0.000000000000000000, 0.000000000000000000, -1.000000000000000000 ) ) ;
#970 = CARTESIAN_POINT ( 'NONE',  ( 40.63478393779092812, 13.79883115622615186, -17.70126982746870326 ) ) ;
#971 = EDGE_LOOP ( 'NONE', ( #1539, #7419 ) ) ;
#972 = CARTESIAN_POINT ( 'NONE',  ( 2.025812500843914066, -21.57688438639707229, -0.7380971657823485188 ) ) ;
#973 = ORIENTED_EDGE ( 'NONE', *, *, #7730, .F. ) ;
#974 = FACE_OUTER_BOUND ( 'NONE', #4611, .T. ) ;
#975 = EDGE_CURVE ( 'NONE', #4674, #2231, #3340, .T. ) ;
#976 = CARTESIAN_POINT ( 'NONE',  ( 45.00000000000000000, 9.438470332751075276, -20.20000000000000284 ) ) ;
#977 = CARTESIAN_POINT ( 'NONE',  ( 39.30697975077776363, 0.7566718827896311561, 20.17430279812050387 ) ) ;
#978 = CARTESIAN_POINT ( 'NONE',  ( 40.14971586168221762, -13.21914016733573938, -16.92654654306201323 ) ) ;
#979 = CARTESIAN_POINT ( 'NONE',  ( 39.65856712602153067, -4.454819194507070534, 19.81242596067922435 ) ) ;
#980 = CARTESIAN_POINT ( 'NONE',  ( 39.35228314584210096, 4.509019702126844109, -19.68866462889066327 ) ) ;
#981 = DIRECTION ( 'NONE',  ( 0.000000000000000000, 0.000000000000000000, -1.000000000000000000 ) ) ;
#982 = VERTEX_POINT ( 'NONE', #2062 ) ;
#983 = ORIENTED_EDGE ( 'NONE', *, *, #1844, .T. ) ;
#984 = CARTESIAN_POINT ( 'NONE',  ( 39.74496299959184142, 11.98677439408231926, 17.50967466553050755 ) ) ;
#985 = CYLINDRICAL_SURFACE ( 'NONE', #5292, 2.000000000000000000 ) ;
#986 = CARTESIAN_POINT ( 'NONE',  ( 40.00000000000000000, 19.86939916790550242, -3.639639639639639768 ) ) ;
#987 = DIRECTION ( 'NONE',  ( 1.000000000000000000, 0.000000000000000000, 0.000000000000000000 ) ) ;
#988 = CARTESIAN_POINT ( 'NONE',  ( 59.98212085487005396, 11.48595716615886175, 0.6887174511068054894 ) ) ;
#989 = CARTESIAN_POINT ( 'NONE',  ( 16.38759021281742179, 19.61737262547869420, -4.816501974786174145 ) ) ;
#990 = CARTESIAN_POINT ( 'NONE',  ( 39.90464576114611361, 33.00895640373791906, 18.53169065294274986 ) ) ;
#991 = CARTESIAN_POINT ( 'NONE',  ( 42.12861145771474014, 35.84039230402366627, 20.19999999999999929 ) ) ;
#992 = TOROIDAL_SURFACE ( 'NONE', #3595, 22.19999999999999574, 2.000000000000000000 ) ;
#993 = ORIENTED_EDGE ( 'NONE', *, *, #6153, .F. ) ;
#994 = CARTESIAN_POINT ( 'NONE',  ( 38.18372579599152772, -10.08104064828085100, -17.51546714851471975 ) ) ;
#995 = CARTESIAN_POINT ( 'NONE',  ( 2.358964113820073649, 19.32282210082272655, 5.911174587995204455 ) ) ;
#996 = DIRECTION ( 'NONE',  ( -1.000000000000000000, -0.000000000000000000, -0.000000000000000000 ) ) ;
#997 = DIRECTION ( 'NONE',  ( 0.000000000000000000, 1.000000000000000000, 0.000000000000000000 ) ) ;
#998 = CARTESIAN_POINT ( 'NONE',  ( 38.00000000000000711, -7.022589498618506454, -18.94074325722422358 ) ) ;
#999 = CARTESIAN_POINT ( 'NONE',  ( 59.92841125784545397, -11.44363871377960784, 1.372522755920093207 ) ) ;
#1000 = CARTESIAN_POINT ( 'NONE',  ( 8.618657235498673685, 22.70553022664234177, 8.000000000000001776 ) ) ;
#1001 = ORIENTED_EDGE ( 'NONE', *, *, #3258, .F. ) ;
#1002 = VECTOR ( 'NONE', #4336, 1000.000000000000000 ) ;
#1003 = CIRCLE ( 'NONE', #3618, 3.850000000000000533 ) ;
#1004 = EDGE_CURVE ( 'NONE', #7977, #6343, #2243, .T. ) ;
#1005 = CARTESIAN_POINT ( 'NONE',  ( 50.00000000000000000, -37.10000000000890452, -3.850000000000000533 ) ) ;
#1006 = CIRCLE ( 'NONE', #7937, 8.000000000000000000 ) ;
#1007 = CARTESIAN_POINT ( 'NONE',  ( 38.09928275939270037, 13.64730314053858429, -14.91123598783388715 ) ) ;
#1008 = CARTESIAN_POINT ( 'NONE',  ( 40.81487141521584761, -1.323420613184914219, -20.09558304301037523 ) ) ;
#1009 = CARTESIAN_POINT ( 'NONE',  ( 39.41442458138376281, -15.05865200620466382, -14.32810843525883193 ) ) ;
#1010 = ADVANCED_FACE ( 'NONE', ( #266 ), #892, .T. ) ;
#1011 = CARTESIAN_POINT ( 'NONE',  ( 40.60038969464043390, 14.71995354538108636, -17.57758689293642362 ) ) ;
#1012 = ORIENTED_EDGE ( 'NONE', *, *, #6848, .T. ) ;
#1013 = VERTEX_POINT ( 'NONE', #5320 ) ;
#1014 = VECTOR ( 'NONE', #7161, 1000.000000000000000 ) ;
#1015 = CARTESIAN_POINT ( 'NONE',  ( 1.470967742034566372, -19.79613801327547051, -4.036903147939649550 ) ) ;
#1016 = ORIENTED_EDGE ( 'NONE', *, *, #419, .T. ) ;
#1017 = CARTESIAN_POINT ( 'NONE',  ( 38.00000000000000000, 18.28351446246255563, -12.59178696217984950 ) ) ;
#1018 = CARTESIAN_POINT ( 'NONE',  ( 42.92153128915615667, 10.33573745162666135, -19.86964521729778355 ) ) ;
#1019 = DIRECTION ( 'NONE',  ( -0.7071067811865482389, 0.000000000000000000, 0.7071067811865469066 ) ) ;
#1020 = CARTESIAN_POINT ( 'NONE',  ( 40.54017385167274767, -11.23911481156656578, -17.99663893920789803 ) ) ;
#1021 = CARTESIAN_POINT ( 'NONE',  ( 40.17392639888868189, -9.440171381717020083, 19.25266785569891681 ) ) ;
#1022 = EDGE_CURVE ( 'NONE', #6783, #3060, #1091, .T. ) ;
#1023 = CARTESIAN_POINT ( 'NONE',  ( 38.00000000000000711, 7.493452557764597621, -18.75944409347832931 ) ) ;
#1024 = ORIENTED_EDGE ( 'NONE', *, *, #5615, .F. ) ;
#1025 = ORIENTED_EDGE ( 'NONE', *, *, #3078, .T. ) ;
#1026 = CARTESIAN_POINT ( 'NONE',  ( 39.96097201615334171, 5.894773289416529671, 19.66404589201565045 ) ) ;
#1027 = DIRECTION ( 'NONE',  ( -6.505213034913026604E-17, 0.000000000000000000, 1.000000000000000000 ) ) ;
#1028 = CARTESIAN_POINT ( 'NONE',  ( 38.99086599699582223, 2.788085314420628347, -20.00793548848575654 ) ) ;
#1029 = CARTESIAN_POINT ( 'NONE',  ( 40.99276203925820994, -30.77705835859652339, 19.94757277670851892 ) ) ;
#1030 = CARTESIAN_POINT ( 'NONE',  ( 59.91170214611480560, 11.43078747000288509, 1.369390030412725556 ) ) ;
#1031 = CARTESIAN_POINT ( 'NONE',  ( 56.33440303756648859, -8.803917158835547596, 7.807732586164443767 ) ) ;
#1032 = CARTESIAN_POINT ( 'NONE',  ( 39.40473806193902817, 35.90393138932094530, 18.93976932385175971 ) ) ;
#1033 = CARTESIAN_POINT ( 'NONE',  ( 38.69430750620975346, -10.45664749652875081, -17.20507381446813255 ) ) ;
#1034 = DIRECTION ( 'NONE',  ( 0.000000000000000000, 0.000000000000000000, 1.000000000000000000 ) ) ;
#1035 = CARTESIAN_POINT ( 'NONE',  ( 19.16515138991168499, -20.10074625480358534, -1.999999999999999556 ) ) ;
#1036 = CARTESIAN_POINT ( 'NONE',  ( 38.52773594965143644, 38.63778048585670177, 19.61270697408840746 ) ) ;
#1037 = CARTESIAN_POINT ( 'NONE',  ( 38.00000000000000711, -2.568890767361124983, -20.04649052812742482 ) ) ;
#1038 = CARTESIAN_POINT ( 'NONE',  ( 38.18820428996951222, -9.759676194312675079, 17.71838806758133700 ) ) ;
#1039 = DIRECTION ( 'NONE',  ( 1.000000000000000000, 0.000000000000000000, 0.000000000000000000 ) ) ;
#1040 = EDGE_LOOP ( 'NONE', ( #3217, #532, #2936 ) ) ;
#1041 = B_SPLINE_CURVE_WITH_KNOTS ( 'NONE', 3,
 ( #3377, #6393, #3287, #3935, #5861, #6431, #2217, #258 ),
 .UNSPECIFIED., .F., .F.,
 ( 4, 2, 2, 4 ),
 ( 0.01318761445028021617, 0.01531076542120053154, 0.01637234090666068662, 0.01743391639212084343 ),
 .UNSPECIFIED. ) ;
#1042 = ORIENTED_EDGE ( 'NONE', *, *, #7502, .F. ) ;
#1043 = CARTESIAN_POINT ( 'NONE',  ( 40.16978399400714039, -37.65387782937820305, 20.19999999999830109 ) ) ;
#1044 = CARTESIAN_POINT ( 'NONE',  ( 39.60372590562553796, -1.017494592240958395, -20.14295328880448466 ) ) ;
#1045 = CARTESIAN_POINT ( 'NONE',  ( 6.099797872367608065, -20.41097960643624631, -6.984871034143131929 ) ) ;
#1046 = DIRECTION ( 'NONE',  ( -0.000000000000000000, -1.000000000000000000, -0.000000000000000000 ) ) ;
#1047 = CARTESIAN_POINT ( 'NONE',  ( 40.30800587162435988, 4.544385586449030789, -19.69819957211774764 ) ) ;
#1048 = ORIENTED_EDGE ( 'NONE', *, *, #7217, .T. ) ;
#1049 = CARTESIAN_POINT ( 'NONE',  ( 2.125201136074042818, -21.63803863269985683, 1.456270397987960763 ) ) ;
#1050 = ORIENTED_EDGE ( 'NONE', *, *, #786, .F. ) ;
#1051 = CARTESIAN_POINT ( 'NONE',  ( 40.00355857045499874, -0.5188563312452237897, 20.17551799066753659 ) ) ;
#1052 = CARTESIAN_POINT ( 'NONE',  ( 44.34454713362516287, 7.184793092159388550, -20.20000000000000284 ) ) ;
#1053 = EDGE_CURVE ( 'NONE', #2915, #1902, #5227, .T. ) ;
#1054 = CARTESIAN_POINT ( 'NONE',  ( 41.53173470923295696, -10.70093697479954820, -19.07800241007339181 ) ) ;
#1055 = CARTESIAN_POINT ( 'NONE',  ( 40.33814137535416933, -12.51510421126672767, 19.31228094173478738 ) ) ;
#1056 = CARTESIAN_POINT ( 'NONE',  ( 14.79053534156035354, -20.74064367572554701, -7.117984259366249233 ) ) ;
#1057 = ORIENTED_EDGE ( 'NONE', *, *, #1550, .F. ) ;
#1058 = ORIENTED_EDGE ( 'NONE', *, *, #2365, .T. ) ;
#1059 = EDGE_CURVE ( 'NONE', #6203, #2934, #150, .T. ) ;
#1060 = DIRECTION ( 'NONE',  ( 0.000000000000000000, 0.000000000000000000, 1.000000000000000000 ) ) ;
#1061 = CARTESIAN_POINT ( 'NONE',  ( 41.47650423128143871, -30.77705835859652694, 20.14794535333663461 ) ) ;
#1062 = CARTESIAN_POINT ( 'NONE',  ( 17.12411561483696332, 19.86939916790550242, -3.639639639639638435 ) ) ;
#1063 = CARTESIAN_POINT ( 'NONE',  ( 53.79328246050152273, 3.846897560163680563, 10.34885316322044524 ) ) ;
#1064 = CARTESIAN_POINT ( 'NONE',  ( 39.94326253259223591, 32.56654717189986314, 18.47942424783394344 ) ) ;
#1065 = ORIENTED_EDGE ( 'NONE', *, *, #4393, .F. ) ;
#1066 = CARTESIAN_POINT ( 'NONE',  ( 38.00000000000000711, -8.896443253278155439, -18.14872815192460820 ) ) ;
#1067 = CARTESIAN_POINT ( 'NONE',  ( 2.125201136073136432, 21.63803863269622241, -1.456270397982851073 ) ) ;
#1068 = DIRECTION ( 'NONE',  ( 0.000000000000000000, -1.734723475976807094E-15, 1.000000000000000000 ) ) ;
#1069 = EDGE_CURVE ( 'NONE', #5483, #2445, #294, .T. ) ;
#1070 = LINE ( 'NONE', #7222, #823 ) ;
#1071 = FACE_OUTER_BOUND ( 'NONE', #4874, .T. ) ;
#1072 = CARTESIAN_POINT ( 'NONE',  ( 1.480534508977412678, -16.75156134588106127, -11.30261798567624254 ) ) ;
#1073 = CARTESIAN_POINT ( 'NONE',  ( 37.99999999999999289, -2.477204233401909317, 20.05374211050772004 ) ) ;
#1074 = CARTESIAN_POINT ( 'NONE',  ( 38.00000000000000000, 21.83666641225257976, 4.000000000000000000 ) ) ;
#1075 = PLANE ( 'NONE',  #4377 ) ;
#1076 = AXIS2_PLACEMENT_3D ( 'NONE', #2155, #7162, #1543 ) ;
#1077 = CARTESIAN_POINT ( 'NONE',  ( 4.914201223422031362, -19.58547352389749818, -6.599441213434547926 ) ) ;
#1078 = CARTESIAN_POINT ( 'NONE',  ( 38.00000000000000000, -39.13940053353143611, 19.76150225234467328 ) ) ;
#1079 = ORIENTED_EDGE ( 'NONE', *, *, #2143, .F. ) ;
#1080 = CARTESIAN_POINT ( 'NONE',  ( 39.13134526556000736, -40.96100284472997544, 20.19999999999999929 ) ) ;
#1081 = CARTESIAN_POINT ( 'NONE',  ( 60.00000000000001421, 0.000000000000000000, -2.061100003812463765E-14 ) ) ;
#1082 = B_SPLINE_CURVE_WITH_KNOTS ( 'NONE', 3,
 ( #425, #6181, #1768, #6143, #1809, #3039, #7267, #3573, #2305, #4769 ),
 .UNSPECIFIED., .F., .F.,
 ( 4, 2, 2, 2, 4 ),
 ( 0.001287226901250939802, 0.002424202542155590254, 0.002708446452381754223, 0.002992690362607918625, 0.003561178183060237021 ),
 .UNSPECIFIED. ) ;
#1083 = AXIS2_PLACEMENT_3D ( 'NONE', #1996, #4495, #7004 ) ;
#1084 = CARTESIAN_POINT ( 'NONE',  ( 40.62550233773121278, 4.004742651718264490, -19.82037395961534898 ) ) ;
#1085 = ORIENTED_EDGE ( 'NONE', *, *, #6188, .F. ) ;
#1086 = ORIENTED_EDGE ( 'NONE', *, *, #2588, .T. ) ;
#1087 = CARTESIAN_POINT ( 'NONE',  ( 1.470967741836384901, -19.93364714859014697, -3.291409822451460077 ) ) ;
#1088 = ORIENTED_EDGE ( 'NONE', *, *, #4488, .F. ) ;
#1089 = CARTESIAN_POINT ( 'NONE',  ( 41.66053187523138490, -0.9735686356625441462, 20.20000000000000284 ) ) ;
#1090 = CARTESIAN_POINT ( 'NONE',  ( 41.50399062508551395, 14.47761341937154533, -18.77505843695099230 ) ) ;
#1091 = B_SPLINE_CURVE_WITH_KNOTS ( 'NONE', 3,
 ( #2197, #2683, #2732, #7774, #7076, #5881, #5187, #7693, #4041, #6454, #6542, #842, #3349, #234 ),
 .UNSPECIFIED., .F., .F.,
 ( 4, 2, 2, 2, 2, 2, 4 ),
 ( 0.000000000000000000, 0.0004478948870942660505, 0.0008957897741885321010, 0.001343684661282798423, 0.001791579548377064636, 0.002687369322565597712, 0.003583159096754131006 ),
 .UNSPECIFIED. ) ;
#1092 = CARTESIAN_POINT ( 'NONE',  ( 41.51962679734124606, -9.407904421736521527, -19.22575093473122010 ) ) ;
#1093 = CARTESIAN_POINT ( 'NONE',  ( 40.25763437140112444, -11.73743077584346395, 19.18120612488181109 ) ) ;
#1094 = CARTESIAN_POINT ( 'NONE',  ( 2.006113509854063892, 21.55997098419920377, -0.3629168362594417663 ) ) ;
#1095 = ORIENTED_EDGE ( 'NONE', *, *, #5066, .T. ) ;
#1096 = EDGE_CURVE ( 'NONE', #588, #7600, #6163, .T. ) ;
#1097 = ORIENTED_EDGE ( 'NONE', *, *, #5279, .F. ) ;
#1098 = AXIS2_PLACEMENT_3D ( 'NONE', #5732, #780, #4193 ) ;
#1099 = DIRECTION ( 'NONE',  ( 0.000000000000000000, 0.000000000000000000, -1.000000000000000000 ) ) ;
#1100 = LINE ( 'NONE', #986, #6354 ) ;
#1101 = AXIS2_PLACEMENT_3D ( 'NONE', #1343, #7463, #48 ) ;
#1102 = CARTESIAN_POINT ( 'NONE',  ( 40.25242722329148393, -30.77705835859651984, 19.20723796074180001 ) ) ;
#1103 = DIRECTION ( 'NONE',  ( 0.000000000000000000, 0.4095215355438330262, -0.9123004504689347094 ) ) ;
#1104 = CARTESIAN_POINT ( 'NONE',  ( 53.54886689287124568, -3.081426305733898197, 10.59326873085970178 ) ) ;
#1105 = ORIENTED_EDGE ( 'NONE', *, *, #7451, .F. ) ;
#1106 = CARTESIAN_POINT ( 'NONE',  ( 39.74294093788505222, 34.26899583480558675, 18.68366291665230250 ) ) ;
#1107 = ORIENTED_EDGE ( 'NONE', *, *, #5565, .F. ) ;
#1108 = ADVANCED_FACE ( 'NONE', ( #5784 ), #139, .F. ) ;
#1109 = CARTESIAN_POINT ( 'NONE',  ( 39.99772495833106234, -12.52023117543131825, 18.15398207137269893 ) ) ;
#1110 = CARTESIAN_POINT ( 'NONE',  ( 40.00000000000000000, 16.63635099737584255, -11.45739174036184949 ) ) ;
#1111 = CIRCLE ( 'NONE', #184, 15.19999999999999929 ) ;
#1112 = CARTESIAN_POINT ( 'NONE',  ( 40.45979295075549231, 40.05771762630100596, 20.19999999999999929 ) ) ;
#1113 = DIRECTION ( 'NONE',  ( 1.000000000000000000, -0.000000000000000000, -3.435095992033281961E-16 ) ) ;
#1114 = DIRECTION ( 'NONE',  ( 1.000000000000000000, -1.734723475976805517E-15, 0.000000000000000000 ) ) ;
#1115 = FACE_OUTER_BOUND ( 'NONE', #6953, .T. ) ;
#1116 = CARTESIAN_POINT ( 'NONE',  ( 59.49999999824817820, -10.99999999999999822, 0.6313410909051925257 ) ) ;
#1117 = DIRECTION ( 'NONE',  ( 0.000000000000000000, 0.4095215355438326377, 0.9123004504689349314 ) ) ;
#1118 = DIRECTION ( 'NONE',  ( 1.000000000000000000, 0.000000000000000000, 0.000000000000000000 ) ) ;
#1119 = EDGE_CURVE ( 'NONE', #7042, #3229, #4604, .T. ) ;
#1120 = CARTESIAN_POINT ( 'NONE',  ( 2.899440571443478998, -19.15696293410671913, -6.407087570906241147 ) ) ;
#1121 = VECTOR ( 'NONE', #432, 1000.000000000000000 ) ;
#1122 = CARTESIAN_POINT ( 'NONE',  ( 39.13597859800134415, -39.54632481259177013, 20.19999999999999218 ) ) ;
#1123 = AXIS2_PLACEMENT_3D ( 'NONE', #349, #878, #3385 ) ;
#1124 = VERTEX_POINT ( 'NONE', #2672 ) ;
#1125 =( BOUNDED_SURFACE ( )  B_SPLINE_SURFACE ( 3, 2, ( 
 ( #7812, #5918, #6580 ),
 ( #315, #396, #2191 ),
 ( #1015, #6003, #4036 ),
 ( #1087, #7968, #2900 ),
 ( #2977, #2861, #4782 ),
 ( #7893, #7930, #2272 ),
 ( #1580, #4706, #1702 ),
 ( #7279, #1538, #972 ),
 ( #3550, #4856, #7854 ),
 ( #2814, #3474, #5958 ),
 ( #931, #4821, #5313 ),
 ( #2317, #1666, #6537 ),
 ( #4081, #4170, #6662 ),
 ( #7319, #4206, #1049 ),
 ( #6037, #435, #359 ),
 ( #5467, #2356, #2230 ),
 ( #2935, #5426, #6701 ),
 ( #3583, #6081, #476 ),
 ( #1159, #3694, #4350 ),
 ( #6184, #5607, #11 ) ),
 .UNSPECIFIED., .F., .F., .F. ) 
 B_SPLINE_SURFACE_WITH_KNOTS ( ( 4, 2, 2, 2, 2, 2, 2, 2, 2, 4 ),
 ( 3, 3 ),
 ( 0.005361623680376514066, 0.006746667897603067857, 0.008131712114829620780, 0.009516756332056173703, 0.01090180054928272663, 0.01159432265789600222, 0.01228684476650927955, 0.01367188898373583247, 0.01505693320096238540, 0.01644197741818893832 ),
 ( 0.000000000000000000, 1.000000000000000000 ),
 .UNSPECIFIED. ) 
 GEOMETRIC_REPRESENTATION_ITEM ( )  RATIONAL_B_SPLINE_SURFACE ( (
 ( 1.000000000000000000, 0.7492573030496163522, 1.000000000000000000),
 ( 1.000000000000000000, 0.7769706707586422345, 1.000000000000000000),
 ( 1.000000000000000000, 0.8019967700971212254, 1.000000000000000000),
 ( 1.000000000000000000, 0.8464578189410970621, 1.000000000000000000),
 ( 1.000000000000000000, 0.8660212010755493628, 1.000000000000000000),
 ( 1.000000000000000000, 0.8979296847532404202, 1.000000000000000000),
 ( 1.000000000000000000, 0.9102763031079430522, 1.000000000000000000),
 ( 1.000000000000000000, 0.9270672527724499457, 1.000000000000000000),
 ( 1.000000000000000000, 0.9314894627101791835, 1.000000000000000000),
 ( 1.000000000000000000, 0.9315449208859525321, 1.000000000000000000),
 ( 1.000000000000000000, 0.9304558137041945010, 1.000000000000000000),
 ( 1.000000000000000000, 0.9261592995341809686, 1.000000000000000000),
 ( 1.000000000000000000, 0.9229558661171399780, 1.000000000000000000),
 ( 1.000000000000000000, 0.9103705047886759827, 1.000000000000000000),
 ( 1.000000000000000000, 0.8980304775768283010, 1.000000000000000000),
 ( 1.000000000000000000, 0.8662576068291208964, 1.000000000000000000),
 ( 1.000000000000000000, 0.8466384575799170698, 1.000000000000000000),
 ( 1.000000000000000000, 0.8019996706471599346, 1.000000000000000000),
 ( 1.000000000000000000, 0.7769535280690395007, 1.000000000000000000),
 ( 1.000000000000000000, 0.7492573030482005958, 1.000000000000000000) ) ) 
 REPRESENTATION_ITEM ( '' )  SURFACE ( )  );
#1126 = CARTESIAN_POINT ( 'NONE',  ( 4.703098396250513069, -20.89487961305098906, -6.004821322530345284 ) ) ;
#1127 = DIRECTION ( 'NONE',  ( 0.000000000000000000, 1.000000000000000000, 0.000000000000000000 ) ) ;
#1128 = B_SPLINE_CURVE_WITH_KNOTS ( 'NONE', 3,
 ( #6190, #8081, #6425, #5770, #6231, #7662, #162, #2617, #1243, #6149, #2657, #3088, #7470, #2393 ),
 .UNSPECIFIED., .F., .F.,
 ( 4, 2, 2, 2, 2, 2, 4 ),
 ( 0.000000000000000000, 0.2500000000000000000, 0.5000000000000000000, 0.6250000000000000000, 0.7500000000000000000, 0.8750000000000000000, 1.000000000000000000 ),
 .UNSPECIFIED. ) ;
#1129 = CARTESIAN_POINT ( 'NONE',  ( 40.50775041846296176, 13.95948923025495425, -17.45209520697744310 ) ) ;
#1130 = ORIENTED_EDGE ( 'NONE', *, *, #3115, .T. ) ;
#1131 = CARTESIAN_POINT ( 'NONE',  ( 40.96092260701789201, -8.065153853624517311, 20.02127494891484716 ) ) ;
#1132 = AXIS2_PLACEMENT_3D ( 'NONE', #559, #1978, #3136 ) ;
#1133 = AXIS2_PLACEMENT_3D ( 'NONE', #4255, #6755, #1144 ) ;
#1134 = CARTESIAN_POINT ( 'NONE',  ( 41.76821378893141201, 14.46058006044591338, -19.03332514186084623 ) ) ;
#1135 = CARTESIAN_POINT ( 'NONE',  ( 16.52651759347105198, 19.66260861063825160, -4.632258060509592212 ) ) ;
#1136 = VECTOR ( 'NONE', #1363, 1000.000000000000000 ) ;
#1137 = CARTESIAN_POINT ( 'NONE',  ( 40.42224454950840595, -11.57937350937847576, -17.76609536773262477 ) ) ;
#1138 = VECTOR ( 'NONE', #345, 1000.000000000000000 ) ;
#1139 = DIRECTION ( 'NONE',  ( 0.000000000000000000, 0.000000000000000000, -1.000000000000000000 ) ) ;
#1140 = CARTESIAN_POINT ( 'NONE',  ( 1.999813573872481598, 21.55493961432198446, -0.1767460747253178088 ) ) ;
#1141 = ORIENTED_EDGE ( 'NONE', *, *, #3799, .T. ) ;
#1142 = EDGE_LOOP ( 'NONE', ( #7291, #7440, #4337, #1517 ) ) ;
#1143 = AXIS2_PLACEMENT_3D ( 'NONE', #1438, #3945, #2766 ) ;
#1144 = DIRECTION ( 'NONE',  ( 0.000000000000000000, 0.000000000000000000, -1.000000000000000000 ) ) ;
#1145 = EDGE_CURVE ( 'NONE', #2934, #4293, #6040, .T. ) ;
#1146 = CARTESIAN_POINT ( 'NONE',  ( 40.77090656005017166, -30.77705835859652339, 19.79933368479635902 ) ) ;
#1147 = PLANE ( 'NONE',  #47 ) ;
#1148 = CARTESIAN_POINT ( 'NONE',  ( 52.04295497750969446, 1.736096550771716318, 10.89676630568572158 ) ) ;
#1149 = ORIENTED_EDGE ( 'NONE', *, *, #5104, .T. ) ;
#1150 = EDGE_LOOP ( 'NONE', ( #3516, #1246 ) ) ;
#1151 = CARTESIAN_POINT ( 'NONE',  ( 12.51630801196817977, -22.03813051706724124, -7.700411685924076544 ) ) ;
#1152 = DIRECTION ( 'NONE',  ( -1.000000000000000000, -0.000000000000000000, -0.000000000000000000 ) ) ;
#1153 = CARTESIAN_POINT ( 'NONE',  ( 38.70685567675282357, 39.90231868746841570, 20.19999999999979678 ) ) ;
#1154 = EDGE_CURVE ( 'NONE', #1316, #2468, #3437, .T. ) ;
#1155 = CARTESIAN_POINT ( 'NONE',  ( 56.71751442127216336, 8.928247901240794704, 6.425448576869096762 ) ) ;
#1156 = CARTESIAN_POINT ( 'NONE',  ( 38.00000000000000711, -4.938810380390119548, 19.59343725475081754 ) ) ;
#1157 = CARTESIAN_POINT ( 'NONE',  ( 38.00000000000000000, 41.18700821125062816, -20.19999999999999929 ) ) ;
#1158 = SPHERICAL_SURFACE ( 'NONE', #7646, 2.000000000000000000 ) ;
#1159 = CARTESIAN_POINT ( 'NONE',  ( 1.470967741935474749, -19.71894712683146622, 4.397176749805316476 ) ) ;
#1160 = EDGE_CURVE ( 'NONE', #2739, #2350, #28, .T. ) ;
#1161 = CARTESIAN_POINT ( 'NONE',  ( 39.85631455127035849, 12.11208456776009790, 17.70919602387203184 ) ) ;
#1162 = CARTESIAN_POINT ( 'NONE',  ( 38.21164984964590161, -40.11625107788621847, 20.20000000000202078 ) ) ;
#1163 = DIRECTION ( 'NONE',  ( -1.000000000000000000, -0.000000000000000000, -0.000000000000000000 ) ) ;
#1164 = ORIENTED_EDGE ( 'NONE', *, *, #7730, .T. ) ;
#1165 = CARTESIAN_POINT ( 'NONE',  ( 13.65161609200838377, 20.74064367572555412, -7.117984259366233246 ) ) ;
#1166 = CARTESIAN_POINT ( 'NONE',  ( 57.07106781186546129, -45.00000000000000000, 7.071067811865480834 ) ) ;
#1167 = CARTESIAN_POINT ( 'NONE',  ( 40.20038313067686175, 7.625797760555618865, -18.84467582483153336 ) ) ;
#1168 = CARTESIAN_POINT ( 'NONE',  ( 41.99999999999999289, 2.118699810942768824, 20.20000000000000284 ) ) ;
#1169 = VERTEX_POINT ( 'NONE', #7807 ) ;
#1170 = CARTESIAN_POINT ( 'NONE',  ( 40.58095162564836045, -5.225891346195913556, 20.02567200146631876 ) ) ;
#1171 = CARTESIAN_POINT ( 'NONE',  ( 14.21134521238916903, 20.24346523285736055, 6.803310716947533976 ) ) ;
#1172 = EDGE_CURVE ( 'NONE', #6417, #1124, #5308, .T. ) ;
#1173 = EDGE_CURVE ( 'NONE', #2574, #8048, #179, .T. ) ;
#1174 = CARTESIAN_POINT ( 'NONE',  ( 40.00249939638683827, -15.99331889567765330, -15.39714538439444347 ) ) ;
#1175 = CARTESIAN_POINT ( 'NONE',  ( 17.33212111192934657, 20.00363613427023779, -3.199999999999999289 ) ) ;
#1176 = CARTESIAN_POINT ( 'NONE',  ( 30.45551943308869625, 39.13940053353145743, 19.76150225234467328 ) ) ;
#1177 = ORIENTED_EDGE ( 'NONE', *, *, #263, .T. ) ;
#1178 = ORIENTED_EDGE ( 'NONE', *, *, #839, .T. ) ;
#1179 = CARTESIAN_POINT ( 'NONE',  ( 38.38192393500883526, 3.059970897374053589, -19.97763253833986852 ) ) ;
#1180 = LINE ( 'NONE', #5591, #209 ) ;
#1181 = CARTESIAN_POINT ( 'NONE',  ( 39.38671361112507441, -14.54000238226537611, -14.81348221343844251 ) ) ;
#1182 = CARTESIAN_POINT ( 'NONE',  ( 39.70970254942121613, -15.30841828700968321, -14.60818855836952146 ) ) ;
#1183 = CARTESIAN_POINT ( 'NONE',  ( 38.60914917761837728, 6.042996184907434731, -19.27945350510934475 ) ) ;
#1184 = CARTESIAN_POINT ( 'NONE',  ( 36.45879585515314858, -45.00000000000000000, -18.74346726093184046 ) ) ;
#1185 = VERTEX_POINT ( 'NONE', #6075 ) ;
#1186 = B_SPLINE_CURVE_WITH_KNOTS ( 'NONE', 3,
 ( #2218, #2888, #4695, #3980 ),
 .UNSPECIFIED., .F., .F.,
 ( 4, 4 ),
 ( 0.1288877595492166905, 0.1345824880145740921 ),
 .UNSPECIFIED. ) ;
#1187 = ORIENTED_EDGE ( 'NONE', *, *, #6712, .F. ) ;
#1188 = CARTESIAN_POINT ( 'NONE',  ( 3.709868789908964626, 18.91864794473195843, 7.084202481923544958 ) ) ;
#1189 = DIRECTION ( 'NONE',  ( -1.000000000000000000, -0.000000000000000000, -0.000000000000000000 ) ) ;
#1190 = DIRECTION ( 'NONE',  ( 0.000000000000000000, -1.000000000000000000, 0.000000000000000000 ) ) ;
#1191 = CARTESIAN_POINT ( 'NONE',  ( 39.99999999999999289, 16.18023485614469692, -15.20000000000000107 ) ) ;
#1192 = UNCERTAINTY_MEASURE_WITH_UNIT (LENGTH_MEASURE( 1.000000000000000082E-05 ), #2342, 'distance_accuracy_value', 'NONE');
#1193 = CARTESIAN_POINT ( 'NONE',  ( 1.470967741935482520, -16.69171996761877352, -11.37699494114272269 ) ) ;
#1194 = CARTESIAN_POINT ( 'NONE',  ( 0.000000000000000000, 0.000000000000000000, 0.000000000000000000 ) ) ;
#1195 = CYLINDRICAL_SURFACE ( 'NONE', #2316, 4.999999999999999112 ) ;
#1196 = DIRECTION ( 'NONE',  ( -1.000000000000000000, -0.000000000000000000, -0.000000000000000000 ) ) ;
#1197 = ADVANCED_FACE ( 'NONE', ( #3513 ), #4215, .F. ) ;
#1198 = CARTESIAN_POINT ( 'NONE',  ( 4.080707197619445559, -19.29920648563833296, -6.470939120704878533 ) ) ;
#1199 = VECTOR ( 'NONE', #1998, 1000.000000000000000 ) ;
#1200 = CARTESIAN_POINT ( 'NONE',  ( 38.70685567675274541, -39.90231868746926125, 20.20000000000020535 ) ) ;
#1201 = CARTESIAN_POINT ( 'NONE',  ( 30.87905094444566956, -39.45494023352281943, 19.90314451767439508 ) ) ;
#1202 = VERTEX_POINT ( 'NONE', #5498 ) ;
#1203 = CARTESIAN_POINT ( 'NONE',  ( 40.15990877172137630, -2.591940124137716683, 20.09696042355094647 ) ) ;
#1204 = CARTESIAN_POINT ( 'NONE',  ( 4.075204408819084634, 19.29797224214133067, -6.470385082512875918 ) ) ;
#1205 = CARTESIAN_POINT ( 'NONE',  ( 39.94081964188114142, 8.136931583886731545, -18.56757592050941597 ) ) ;
#1206 = EDGE_CURVE ( 'NONE', #2260, #1731, #7963, .T. ) ;
#1207 = ORIENTED_EDGE ( 'NONE', *, *, #3055, .T. ) ;
#1208 = CARTESIAN_POINT ( 'NONE',  ( 41.74514004137045475, -8.368906558199206813, 20.20000000000000284 ) ) ;
#1209 = CARTESIAN_POINT ( 'NONE',  ( 39.96164551392365638, 2.731065531117129238E-15, 20.17562402875952543 ) ) ;
#1210 = DIRECTION ( 'NONE',  ( 0.000000000000000000, 0.000000000000000000, -1.000000000000000000 ) ) ;
#1211 = CARTESIAN_POINT ( 'NONE',  ( 2.125098540587899265, -21.63798832825808205, 1.455853118001513069 ) ) ;
#1212 = CARTESIAN_POINT ( 'NONE',  ( 38.59438612004219493, 38.49690711415762934, 19.57214590438450941 ) ) ;
#1213 = FACE_OUTER_BOUND ( 'NONE', #2364, .T. ) ;
#1214 = EDGE_LOOP ( 'NONE', ( #4027, #90, #2240, #1254 ) ) ;
#1215 = ADVANCED_FACE ( 'NONE', ( #6576 ), #7275, .T. ) ;
#1216 = ORIENTED_EDGE ( 'NONE', *, *, #5470, .F. ) ;
#1217 = AXIS2_PLACEMENT_3D ( 'NONE', #4379, #5638, #7459 ) ;
#1218 = CARTESIAN_POINT ( 'NONE',  ( 17.74596669241483582, 21.83666641225257976, -1.999999999999999556 ) ) ;
#1219 = LINE ( 'NONE', #6245, #4277 ) ;
#1220 = CARTESIAN_POINT ( 'NONE',  ( 40.00014175077922118, -8.401148823376214381, -18.49389942946066867 ) ) ;
#1221 = CARTESIAN_POINT ( 'NONE',  ( 40.40746168748086831, 6.091121213686365195E-15, -20.12755977952995678 ) ) ;
#1222 = CARTESIAN_POINT ( 'NONE',  ( 41.57100952808229266, -12.69472266790697290, 20.17161579000351068 ) ) ;
#1223 = EDGE_LOOP ( 'NONE', ( #6919, #7573, #1862, #3900 ) ) ;
#1224 = ORIENTED_EDGE ( 'NONE', *, *, #4717, .F. ) ;
#1225 = ORIENTED_EDGE ( 'NONE', *, *, #7718, .T. ) ;
#1226 = DIRECTION ( 'NONE',  ( 0.000000000000000000, 0.000000000000000000, -1.000000000000000000 ) ) ;
#1227 = CARTESIAN_POINT ( 'NONE',  ( 37.00000000000000000, 0.000000000000000000, 0.000000000000000000 ) ) ;
#1228 = CIRCLE ( 'NONE', #5799, 20.19999999999999929 ) ;
#1229 = DIRECTION ( 'NONE',  ( -1.000000000000000000, -0.000000000000000000, -6.505213034913026604E-17 ) ) ;
#1230 = CARTESIAN_POINT ( 'NONE',  ( 39.74321398515775883, 13.88878866931730904, -15.80905846238098178 ) ) ;
#1231 = DIRECTION ( 'NONE',  ( 0.000000000000000000, 0.000000000000000000, -1.000000000000000000 ) ) ;
#1232 = CARTESIAN_POINT ( 'NONE',  ( 58.43930907601217939, -10.30854808632371977, 5.373843383383490213 ) ) ;
#1233 = CARTESIAN_POINT ( 'NONE',  ( 21.49634578085293413, -32.46463161883947635, -16.76527265063850081 ) ) ;
#1234 = CARTESIAN_POINT ( 'NONE',  ( 40.12715757042006715, -12.49284899457448361, 18.90541873810094842 ) ) ;
#1235 = VECTOR ( 'NONE', #6582, 1000.000000000000000 ) ;
#1236 = ORIENTED_EDGE ( 'NONE', *, *, #4992, .T. ) ;
#1237 = VECTOR ( 'NONE', #7992, 1000.000000000000000 ) ;
#1238 = CARTESIAN_POINT ( 'NONE',  ( 50.00000000000000000, -37.10000000000890452, 3.850000000000000533 ) ) ;
#1239 = CARTESIAN_POINT ( 'NONE',  ( 38.27602625599266162, -39.00476465583941632, 19.72112328109173163 ) ) ;
#1240 = CARTESIAN_POINT ( 'NONE',  ( 38.44167982929128158, 5.086917243150393730, 19.57124471135905708 ) ) ;
#1241 = EDGE_CURVE ( 'NONE', #2432, #5476, #674, .T. ) ;
#1242 = ORIENTED_EDGE ( 'NONE', *, *, #3329, .F. ) ;
#1243 = CARTESIAN_POINT ( 'NONE',  ( 39.62466059817009523, -3.551793325881442254, 19.94617339442602955 ) ) ;
#1244 = DIRECTION ( 'NONE',  ( 0.000000000000000000, 0.000000000000000000, 1.000000000000000000 ) ) ;
#1245 = CARTESIAN_POINT ( 'NONE',  ( 40.36530713807268000, 12.62509363058132372, -17.42185453445892307 ) ) ;
#1246 = ORIENTED_EDGE ( 'NONE', *, *, #7336, .F. ) ;
#1247 = CARTESIAN_POINT ( 'NONE',  ( 40.26721807238438089, -4.158217489446522031, 19.99605008718834043 ) ) ;
#1248 = CARTESIAN_POINT ( 'NONE',  ( 40.36593978494226320, 5.746161865131472979, 19.88225562302278604 ) ) ;
#1249 = DIRECTION ( 'NONE',  ( 1.000000000000000000, 0.000000000000000000, 0.000000000000000000 ) ) ;
#1250 = EDGE_CURVE ( 'NONE', #6944, #1013, #4777, .T. ) ;
#1251 = DIRECTION ( 'NONE',  ( -1.000000000000000000, -0.000000000000000000, -6.505213034913026604E-17 ) ) ;
#1252 = CARTESIAN_POINT ( 'NONE',  ( 39.05886520704426346, 37.20778386823027972, 19.22663981517728971 ) ) ;
#1253 = DIRECTION ( 'NONE',  ( 0.000000000000000000, 0.000000000000000000, 1.000000000000000000 ) ) ;
#1254 = ORIENTED_EDGE ( 'NONE', *, *, #6967, .F. ) ;
#1255 = CIRCLE ( 'NONE', #4265, 1.999999999999999112 ) ;
#1256 = VECTOR ( 'NONE', #1765, 1000.000000000000000 ) ;
#1257 = ORIENTED_EDGE ( 'NONE', *, *, #7360, .F. ) ;
#1258 = AXIS2_PLACEMENT_3D ( 'NONE', #3966, #1464, #2166 ) ;
#1259 = CARTESIAN_POINT ( 'NONE',  ( 41.50399062508551395, -14.47761341937152935, -18.77505843695099230 ) ) ;
#1260 = EDGE_CURVE ( 'NONE', #6262, #6909, #3728, .T. ) ;
#1261 = CARTESIAN_POINT ( 'NONE',  ( 40.93668394546865841, -5.864648783374129870, -19.53513754249441092 ) ) ;
#1262 = CARTESIAN_POINT ( 'NONE',  ( 39.19142698718812312, 13.85448777069290394, -15.18093999904003510 ) ) ;
#1263 = DIRECTION ( 'NONE',  ( 1.000000000000000000, 0.000000000000000000, 0.000000000000000000 ) ) ;
#1264 = ORIENTED_EDGE ( 'NONE', *, *, #3004, .F. ) ;
#1265 = ORIENTED_EDGE ( 'NONE', *, *, #7709, .T. ) ;
#1266 = CARTESIAN_POINT ( 'NONE',  ( 4.433541263464587878, 19.39372772450978033, 5.767376396137405159 ) ) ;
#1267 = CYLINDRICAL_SURFACE ( 'NONE', #3082, 3.850000000000000533 ) ;
#1268 = CARTESIAN_POINT ( 'NONE',  ( 39.58565656272255495, 40.74470993340209191, 20.19999999999999929 ) ) ;
#1269 = CARTESIAN_POINT ( 'NONE',  ( 48.50000000000000000, 1.347111479062088799E-15, 10.99999999999998224 ) ) ;
#1270 = CARTESIAN_POINT ( 'NONE',  ( 39.33485649428219944, 14.49731525413057831, -14.78922382104931010 ) ) ;
#1271 = EDGE_CURVE ( 'NONE', #5221, #1353, #5365, .T. ) ;
#1272 = CARTESIAN_POINT ( 'NONE',  ( 58.91791481175279444, -10.66615778213860821, 4.535894640376723963 ) ) ;
#1273 = CARTESIAN_POINT ( 'NONE',  ( 38.93765025951616821, 37.42462002353520489, -19.24161459800706098 ) ) ;
#1274 = CARTESIAN_POINT ( 'NONE',  ( 39.95852879723982198, -0.9794144097541718219, 20.16785323564104004 ) ) ;
#1275 = ORIENTED_EDGE ( 'NONE', *, *, #7381, .F. ) ;
#1276 = CARTESIAN_POINT ( 'NONE',  ( 5.494989815931627497, -20.59154900735915206, 6.647177263562919158 ) ) ;
#1277 = CARTESIAN_POINT ( 'NONE',  ( 40.86075538067061785, 15.65177729478657298, -18.00485675580824463 ) ) ;
#1278 = DIRECTION ( 'NONE',  ( -1.000000000000000000, -0.000000000000000000, -0.000000000000000000 ) ) ;
#1279 = VERTEX_POINT ( 'NONE', #6033 ) ;
#1280 = CARTESIAN_POINT ( 'NONE',  ( 2.899440571443465231, 19.15696293410672268, -6.407087570906228713 ) ) ;
#1281 = CARTESIAN_POINT ( 'NONE',  ( 40.25375559984964724, 10.58260729454705817, -17.88344223677250966 ) ) ;
#1282 = ORIENTED_EDGE ( 'NONE', *, *, #6263, .T. ) ;
#1283 = CARTESIAN_POINT ( 'NONE',  ( 6.078395854880422888, -20.41738609123282089, -6.972877521438402226 ) ) ;
#1284 = CARTESIAN_POINT ( 'NONE',  ( 42.00000000000000711, 10.59349905471380282, 20.19999999999999929 ) ) ;
#1285 = CYLINDRICAL_SURFACE ( 'NONE', #5910, 2.000000000000000000 ) ;
#1286 = CARTESIAN_POINT ( 'NONE',  ( 2.126789239595106018, -21.63889229181665641, -1.464661069813594674 ) ) ;
#1287 = CARTESIAN_POINT ( 'NONE',  ( 59.14990941157736870, -10.72489333977982717, 2.463203561741656777 ) ) ;
#1288 = CARTESIAN_POINT ( 'NONE',  ( 19.16515138991168499, -21.83666641225257976, 1.999999999999999556 ) ) ;
#1289 = DIRECTION ( 'NONE',  ( -1.000000000000000000, -0.000000000000000000, -0.000000000000000000 ) ) ;
#1290 = ORIENTED_EDGE ( 'NONE', *, *, #7113, .F. ) ;
#1291 = ORIENTED_EDGE ( 'NONE', *, *, #6263, .F. ) ;
#1292 = CYLINDRICAL_SURFACE ( 'NONE', #4903, 2.000000000000000000 ) ;
#1293 = EDGE_CURVE ( 'NONE', #1353, #5561, #4054, .T. ) ;
#1294 = CARTESIAN_POINT ( 'NONE',  ( 41.61548043827529852, 0.5500459890750037939, -20.10493131957755253 ) ) ;
#1295 = CARTESIAN_POINT ( 'NONE',  ( 2.610850328534587650, -18.28351446246255207, -10.59178696217986015 ) ) ;
#1296 = CARTESIAN_POINT ( 'NONE',  ( 41.22932292427412904, -2.648551968764728315, -20.01271647136836762 ) ) ;
#1297 = CARTESIAN_POINT ( 'NONE',  ( 39.81257549626085535, 6.889586105810995065, -18.97867281072018031 ) ) ;
#1298 = CARTESIAN_POINT ( 'NONE',  ( 40.00000000000000000, 19.10255753355022179, 10.76718606124198097 ) ) ;
#1299 = VERTEX_POINT ( 'NONE', #4890 ) ;
#1300 = VERTEX_POINT ( 'NONE', #4282 ) ;
#1301 = DIRECTION ( 'NONE',  ( 0.000000000000000000, 0.000000000000000000, 1.000000000000000000 ) ) ;
#1302 = EDGE_CURVE ( 'NONE', #3634, #6909, #1128, .T. ) ;
#1303 = FACE_OUTER_BOUND ( 'NONE', #7844, .T. ) ;
#1304 = CARTESIAN_POINT ( 'NONE',  ( 50.00000000000000000, 45.00000000000000000, 3.850000000000000533 ) ) ;
#1305 = DIRECTION ( 'NONE',  ( 1.000000000000000000, 0.000000000000000000, 0.000000000000000000 ) ) ;
#1306 = CARTESIAN_POINT ( 'NONE',  ( 57.07106781186546840, 9.334077351297212388, 7.071067811865486163 ) ) ;
#1307 = DIRECTION ( 'NONE',  ( 1.000000000000000000, 0.000000000000000000, 0.000000000000000000 ) ) ;
#1308 = CARTESIAN_POINT ( 'NONE',  ( 38.27601149550795157, 39.03238323439160240, -19.72905671647196968 ) ) ;
#1309 = CARTESIAN_POINT ( 'NONE',  ( 40.07140732565901686, -2.391364070083021875, 20.10399765272265071 ) ) ;
#1310 = ORIENTED_EDGE ( 'NONE', *, *, #2482, .T. ) ;
#1311 = EDGE_CURVE ( 'NONE', #551, #2782, #6780, .T. ) ;
#1312 = CARTESIAN_POINT ( 'NONE',  ( 41.46446609406727646, -15.75879749091903292, -18.73553390593274415 ) ) ;
#1313 = CARTESIAN_POINT ( 'NONE',  ( 44.46031644170254538, -30.68021870852132338, -20.19999999999999574 ) ) ;
#1314 = CARTESIAN_POINT ( 'NONE',  ( 40.29673387961008046, 15.60648260971635182, -16.89741507414812460 ) ) ;
#1315 = CARTESIAN_POINT ( 'NONE',  ( 38.34362880166008836, 9.701557019137645455, 17.76963636928242352 ) ) ;
#1316 = VERTEX_POINT ( 'NONE', #738 ) ;
#1317 = CARTESIAN_POINT ( 'NONE',  ( 14.57079272441735895, 20.00596008286257188, -6.571773036287027026 ) ) ;
#1318 = B_SPLINE_CURVE_WITH_KNOTS ( 'NONE', 3,
 ( #4848, #5608, #6117, #5458, #6146, #7960, #1077, #6733, #1198, #7348, #7467, #1120 ),
 .UNSPECIFIED., .F., .F.,
 ( 4, 2, 2, 2, 2, 4 ),
 ( 5.204170427930421283E-18, 0.0004444223629653859184, 0.0008888447259307666326, 0.001777689451861526109, 0.002666534177792285586, 0.003555378903723043979 ),
 .UNSPECIFIED. ) ;
#1319 = CARTESIAN_POINT ( 'NONE',  ( 40.33755283977617978, 10.29940603450913983, -18.04926932375522242 ) ) ;
#1320 = ORIENTED_EDGE ( 'NONE', *, *, #3142, .F. ) ;
#1321 = DIRECTION ( 'NONE',  ( 0.000000000000000000, 0.000000000000000000, 1.000000000000000000 ) ) ;
#1322 = CARTESIAN_POINT ( 'NONE',  ( 41.78214016963539734, 10.58535110796829493, 20.19999999999999929 ) ) ;
#1323 = CARTESIAN_POINT ( 'NONE',  ( 38.21223731136839774, 8.821500342867542699, -18.18275696930991003 ) ) ;
#1324 = DIRECTION ( 'NONE',  ( -0.000000000000000000, 1.000000000000000000, 0.000000000000000000 ) ) ;
#1325 = CARTESIAN_POINT ( 'NONE',  ( 2.818724059021703976, -21.71542825743920346, 3.544627456343141247 ) ) ;
#1326 = CARTESIAN_POINT ( 'NONE',  ( 60.00000000000000711, -11.49999999999998224, 6.123233995736766282E-16 ) ) ;
#1327 = CARTESIAN_POINT ( 'NONE',  ( 2.526846502965993224, 21.74595627649370755, 2.878381117909773135 ) ) ;
#1328 = ORIENTED_EDGE ( 'NONE', *, *, #1696, .T. ) ;
#1329 = AXIS2_PLACEMENT_3D ( 'NONE', #4970, #2044, #8034 ) ;
#1330 = ORIENTED_EDGE ( 'NONE', *, *, #4074, .F. ) ;
#1331 = DIRECTION ( 'NONE',  ( 0.000000000000000000, 0.000000000000000000, -1.000000000000000000 ) ) ;
#1332 = CARTESIAN_POINT ( 'NONE',  ( 36.12372949650433895, 45.00000000000000000, 18.00773976492943618 ) ) ;
#1333 = CARTESIAN_POINT ( 'NONE',  ( 39.41375121206357335, -14.07482724097529392, -15.22770749649100885 ) ) ;
#1334 = CARTESIAN_POINT ( 'NONE',  ( 39.55716724920470284, 7.208766209704746686, -18.80666899866134756 ) ) ;
#1335 = EDGE_CURVE ( 'NONE', #4092, #847, #5637, .T. ) ;
#1336 = CARTESIAN_POINT ( 'NONE',  ( 1.470967741935482964, 0.000000000000000000, -20.19999999999999929 ) ) ;
#1337 = EDGE_LOOP ( 'NONE', ( #1882, #2098, #5019, #3248 ) ) ;
#1338 = ORIENTED_EDGE ( 'NONE', *, *, #7315, .T. ) ;
#1339 = CARTESIAN_POINT ( 'NONE',  ( 40.02719439398116918, 11.81785145913457846, 18.57559362647467793 ) ) ;
#1340 = DIRECTION ( 'NONE',  ( -1.000000000000000000, 0.000000000000000000, -0.000000000000000000 ) ) ;
#1341 = CARTESIAN_POINT ( 'NONE',  ( 39.95852879723983619, 0.9794144097541772620, 20.16785323564104715 ) ) ;
#1342 = CARTESIAN_POINT ( 'NONE',  ( 39.24612266108094616, 13.89601443787155866, -15.19499431022284242 ) ) ;
#1343 = CARTESIAN_POINT ( 'NONE',  ( 50.00000000000000000, 45.00000000000000000, 0.000000000000000000 ) ) ;
#1344 = CARTESIAN_POINT ( 'NONE',  ( 40.75978917881931807, 35.62164194987458643, -20.19999999999999929 ) ) ;
#1345 = EDGE_CURVE ( 'NONE', #4207, #1711, #5906, .T. ) ;
#1346 = ORIENTED_EDGE ( 'NONE', *, *, #865, .F. ) ;
#1347 = CARTESIAN_POINT ( 'NONE',  ( 39.18996576263696596, -5.796810954708995212, -19.33536254153957046 ) ) ;
#1348 = CARTESIAN_POINT ( 'NONE',  ( 19.16515138991168499, 45.00000000000000000, 4.000000000000000000 ) ) ;
#1349 = CARTESIAN_POINT ( 'NONE',  ( 42.62304320784111411, -10.32527768814613189, -19.75530539848218581 ) ) ;
#1350 = CARTESIAN_POINT ( 'NONE',  ( 1.938315736353512175, -19.46800503401669857, 5.397823854234260033 ) ) ;
#1351 = CARTESIAN_POINT ( 'NONE',  ( 39.11945784822862748, -37.03834393451160878, 19.17806673299873665 ) ) ;
#1352 = PLANE ( 'NONE',  #2310 ) ;
#1353 = VERTEX_POINT ( 'NONE', #1423 ) ;
#1354 = EDGE_CURVE ( 'NONE', #4169, #3635, #6183, .T. ) ;
#1355 = AXIS2_PLACEMENT_3D ( 'NONE', #6926, #4311, #3237 ) ;
#1356 = SPHERICAL_SURFACE ( 'NONE', #2173, 2.000000000000000000 ) ;
#1357 = CARTESIAN_POINT ( 'NONE',  ( 40.31552156855838120, 14.94265283102760833, -16.94949692787070461 ) ) ;
#1358 = ORIENTED_EDGE ( 'NONE', *, *, #6396, .F. ) ;
#1359 = AXIS2_PLACEMENT_3D ( 'NONE', #7158, #398, #3518 ) ;
#1360 = CARTESIAN_POINT ( 'NONE',  ( 40.65270224551445466, 1.654822890247788836, 20.17567426399232389 ) ) ;
#1361 = CARTESIAN_POINT ( 'NONE',  ( 40.97087536800593455, 6.944068156671942159E-15, -20.11376744117787041 ) ) ;
#1362 = CARTESIAN_POINT ( 'NONE',  ( 39.41442458138376281, 15.05865200620466382, -14.32810843525883016 ) ) ;
#1363 = DIRECTION ( 'NONE',  ( 1.000000000000000000, 0.000000000000000000, 0.000000000000000000 ) ) ;
#1364 = CARTESIAN_POINT ( 'NONE',  ( 60.00000000000000711, 45.00000000000000000, -15.20000000000000107 ) ) ;
#1365 = CARTESIAN_POINT ( 'NONE',  ( 40.18199904716410487, 6.407229185341381417, 19.70952752458957846 ) ) ;
#1366 = ORIENTED_EDGE ( 'NONE', *, *, #4965, .T. ) ;
#1367 = PLANE ( 'NONE',  #3841 ) ;
#1368 = CARTESIAN_POINT ( 'NONE',  ( 40.58578643762703564, 12.55707641300339539, 19.61421356237322655 ) ) ;
#1369 = AXIS2_PLACEMENT_3D ( 'NONE', #3441, #7651, #153 ) ;
#1370 = CARTESIAN_POINT ( 'NONE',  ( 40.41707948234623871, -9.488895666876624446, -18.36455944056418588 ) ) ;
#1371 = AXIS2_PLACEMENT_3D ( 'NONE', #89, #6965, #6342 ) ;
#1372 = CARTESIAN_POINT ( 'NONE',  ( 39.41446739863830118, -11.78313987870415680, 17.12358276649949573 ) ) ;
#1373 =( BOUNDED_CURVE ( )  B_SPLINE_CURVE ( 3, ( #248, #4587, #4545, #2655 ),
 .UNSPECIFIED., .F., .F. ) 
 B_SPLINE_CURVE_WITH_KNOTS ( ( 4, 4 ),
 ( 5.770865514155643972, 6.283185307179586232 ),
 .UNSPECIFIED. ) 
 CURVE ( )  GEOMETRIC_REPRESENTATION_ITEM ( )  RATIONAL_B_SPLINE_CURVE ( ( 1.000000000000000000, 0.9782467108379402365, 0.9782467108379402365, 1.000000000000000000 ) ) 
 REPRESENTATION_ITEM ( '' )  );
#1374 = CARTESIAN_POINT ( 'NONE',  ( 41.99999999999999289, -2.648374763678432497, 20.20000000000000284 ) ) ;
#1375 = ORIENTED_EDGE ( 'NONE', *, *, #4167, .T. ) ;
#1376 = VERTEX_POINT ( 'NONE', #1165 ) ;
#1377 = CARTESIAN_POINT ( 'NONE',  ( 40.15596220059560295, 11.88090720786691357, 18.97650301382845939 ) ) ;
#1378 = CIRCLE ( 'NONE', #2686, 22.19999999999999574 ) ;
#1379 = EDGE_CURVE ( 'NONE', #2529, #7513, #3658, .T. ) ;
#1380 = CARTESIAN_POINT ( 'NONE',  ( 39.19565387920793853, 8.041622060496568025, 18.72430773458992093 ) ) ;
#1381 = CARTESIAN_POINT ( 'NONE',  ( 59.36468341611413280, 10.89326038819110742, 1.559415285209606816 ) ) ;
#1382 = CARTESIAN_POINT ( 'NONE',  ( 41.46446609406726225, 15.75879749091904003, -18.73553390593273704 ) ) ;
#1383 = DIRECTION ( 'NONE',  ( 0.000000000000000000, 0.000000000000000000, 1.000000000000000000 ) ) ;
#1384 = CARTESIAN_POINT ( 'NONE',  ( 44.04973705523455862, 32.70864901101141697, -20.19999999999999929 ) ) ;
#1385 = CARTESIAN_POINT ( 'NONE',  ( 40.12223824641448999, -2.073060976677858047, 20.12460818704834864 ) ) ;
#1386 = CIRCLE ( 'NONE', #2182, 1.999999999999999778 ) ;
#1387 = CARTESIAN_POINT ( 'NONE',  ( 2.610850328534587650, -18.28351446246255207, -10.59178696217986015 ) ) ;
#1388 = CARTESIAN_POINT ( 'NONE',  ( 38.15169179453632609, -6.348128680692265213, -19.17960575348855201 ) ) ;
#1389 = DIRECTION ( 'NONE',  ( -1.000000000000000000, -0.000000000000000000, -0.000000000000000000 ) ) ;
#1390 = EDGE_CURVE ( 'NONE', #7355, #6909, #4343, .T. ) ;
#1391 = CARTESIAN_POINT ( 'NONE',  ( 42.96682312373440737, -14.58438766803340236, -19.77956408476794081 ) ) ;
#1392 = CARTESIAN_POINT ( 'NONE',  ( 44.65346430153808654, -29.50162560741195605, -20.19999999999999218 ) ) ;
#1393 = CARTESIAN_POINT ( 'NONE',  ( 40.57032859821539716, 15.61197763410769568, -17.52020486377657349 ) ) ;
#1394 = CARTESIAN_POINT ( 'NONE',  ( 17.12411561483696332, 19.86939916790550242, -3.639639639639638435 ) ) ;
#1395 = ORIENTED_EDGE ( 'NONE', *, *, #4349, .T. ) ;
#1396 = CARTESIAN_POINT ( 'NONE',  ( 40.16578062139990379, 15.62196288974280378, -16.52433059368292234 ) ) ;
#1397 = EDGE_CURVE ( 'NONE', #7600, #4988, #3660, .T. ) ;
#1398 = LINE ( 'NONE', #3904, #201 ) ;
#1399 = CARTESIAN_POINT ( 'NONE',  ( 2.155514205773656045, -17.82293450546359637, 10.64242719053827457 ) ) ;
#1400 = DIRECTION ( 'NONE',  ( 0.000000000000000000, 0.000000000000000000, 1.000000000000000000 ) ) ;
#1401 = DIRECTION ( 'NONE',  ( 3.873525483906373281E-18, 0.9994996547304630941, -0.03162973590918845279 ) ) ;
#1402 = CARTESIAN_POINT ( 'NONE',  ( 59.43093550805732406, -10.94525179377596835, 1.256052088837163572 ) ) ;
#1403 = CARTESIAN_POINT ( 'NONE',  ( 41.24589789396437567, 14.50363513411892136, -18.50680126828354943 ) ) ;
#1404 = CARTESIAN_POINT ( 'NONE',  ( 40.03686501228474981, 6.672850263952136984, 19.57513597532330252 ) ) ;
#1405 = ORIENTED_EDGE ( 'NONE', *, *, #399, .T. ) ;
#1406 = PLANE ( 'NONE',  #7778 ) ;
#1407 = ADVANCED_FACE ( 'NONE', ( #7870 ), #1728, .F. ) ;
#1408 = EDGE_CURVE ( 'NONE', #6567, #7421, #6984, .T. ) ;
#1409 = DIRECTION ( 'NONE',  ( 1.734723475976805517E-15, 1.000000000000000000, 0.000000000000000000 ) ) ;
#1410 = CARTESIAN_POINT ( 'NONE',  ( 38.74846354794764380, -14.24708649958088280, -14.53429910610734588 ) ) ;
#1411 = CARTESIAN_POINT ( 'NONE',  ( 40.74715256574140909, -8.942380058229373319, -18.75782797261667767 ) ) ;
#1412 = CARTESIAN_POINT ( 'NONE',  ( 39.41623295659709925, 3.887541494274900700, -19.81419575115540255 ) ) ;
#1413 = DIRECTION ( 'NONE',  ( 0.000000000000000000, 0.000000000000000000, 1.000000000000000000 ) ) ;
#1414 = EDGE_LOOP ( 'NONE', ( #6699, #6332, #1025, #4851 ) ) ;
#1415 = B_SPLINE_CURVE_WITH_KNOTS ( 'NONE', 3,
 ( #4430, #6265, #6932, #2004, #5609, #4506, #7468, #1314, #3200, #3125, #5120, #7015, #5693, #1393, #6895, #1277, #95, #3774, #1847, #3085 ),
 .UNSPECIFIED., .F., .F.,
 ( 4, 2, 2, 2, 2, 2, 2, 2, 2, 4 ),
 ( 0.000000000000000000, 0.1250000000000000000, 0.2500000000000000000, 0.5000000000000000000, 0.5312500000000000000, 0.5625000000000000000, 0.6250000000000000000, 0.7500000000000000000, 0.8750000000000000000, 1.000000000000000000 ),
 .UNSPECIFIED. ) ;
#1416 = ORIENTED_EDGE ( 'NONE', *, *, #2347, .T. ) ;
#1417 = CARTESIAN_POINT ( 'NONE',  ( 40.12797534840331792, 11.93245014748469224, 18.90760152876071132 ) ) ;
#1418 = CARTESIAN_POINT ( 'NONE',  ( 48.50000000000000000, 0.000000000000000000, -11.00000000000001599 ) ) ;
#1419 = DIRECTION ( 'NONE',  ( 1.000000000000000000, 0.000000000000000000, 0.000000000000000000 ) ) ;
#1420 = CARTESIAN_POINT ( 'NONE',  ( 59.49999999941483964, 11.00000000000000000, 0.3157106133665675274 ) ) ;
#1421 = DIRECTION ( 'NONE',  ( -0.000000000000000000, 1.000000000000000000, -0.000000000000000000 ) ) ;
#1422 = CARTESIAN_POINT ( 'NONE',  ( 41.08227822292360543, 30.94641534641063174, -20.19999999999999929 ) ) ;
#1423 = CARTESIAN_POINT ( 'NONE',  ( 38.00000000000000000, -41.18700821125059974, 20.19999999999999929 ) ) ;
#1424 = FACE_OUTER_BOUND ( 'NONE', #6877, .T. ) ;
#1425 = EDGE_LOOP ( 'NONE', ( #3566, #7179, #4581 ) ) ;
#1426 = CARTESIAN_POINT ( 'NONE',  ( 39.66756263882625433, -6.730062487330690679, -19.00374411534918551 ) ) ;
#1427 = CARTESIAN_POINT ( 'NONE',  ( 40.00000000000000000, 0.000000000000000000, 0.000000000000000000 ) ) ;
#1428 = CARTESIAN_POINT ( 'NONE',  ( 44.40459476717574461, -10.65577528513871641, -20.19999999999999574 ) ) ;
#1429 = CARTESIAN_POINT ( 'NONE',  ( 3.148755042178938979, -19.79194633387454871, 4.159720610200397850 ) ) ;
#1430 = CARTESIAN_POINT ( 'NONE',  ( 39.19731551403267389, -6.978440516751605927, 19.07295912686106476 ) ) ;
#1431 = FACE_OUTER_BOUND ( 'NONE', #7292, .T. ) ;
#1432 = ORIENTED_EDGE ( 'NONE', *, *, #4056, .T. ) ;
#1433 = ADVANCED_FACE ( 'NONE', ( #2747 ), #3450, .F. ) ;
#1434 = CARTESIAN_POINT ( 'NONE',  ( 39.95186033110998380, 14.47219488473130689, -15.91239321774674842 ) ) ;
#1435 = CARTESIAN_POINT ( 'NONE',  ( 41.57100952808229266, 12.69472266790698534, 20.17161579000351068 ) ) ;
#1436 = CARTESIAN_POINT ( 'NONE',  ( 40.47940160240878527, 12.53887372184928850, 19.50066292816711311 ) ) ;
#1437 = FACE_OUTER_BOUND ( 'NONE', #6416, .T. ) ;
#1438 = CARTESIAN_POINT ( 'NONE',  ( 10.00000000000000178, 36.49999999999999289, 0.000000000000000000 ) ) ;
#1439 = CARTESIAN_POINT ( 'NONE',  ( 40.00000000000000000, -12.71219886565655699, 18.19999999999999929 ) ) ;
#1440 = CARTESIAN_POINT ( 'NONE',  ( 39.74428011585483489, -10.87182320664602564, 18.14425815839026157 ) ) ;
#1441 = EDGE_CURVE ( 'NONE', #3723, #1731, #5116, .T. ) ;
#1442 = CARTESIAN_POINT ( 'NONE',  ( 40.72725699528492527, 3.458628857076623042, -19.90488706430107868 ) ) ;
#1443 = CARTESIAN_POINT ( 'NONE',  ( 40.45172092338641079, 8.487770891262700346, 19.66903614803475975 ) ) ;
#1444 = EDGE_LOOP ( 'NONE', ( #7738, #2506, #5314, #7914 ) ) ;
#1445 = CARTESIAN_POINT ( 'NONE',  ( 41.99999999999999289, 12.71219886565657475, 20.19999999999999929 ) ) ;
#1446 = AXIS2_PLACEMENT_3D ( 'NONE', #3159, #5161, #6392 ) ;
#1447 = B_SPLINE_CURVE_WITH_KNOTS ( 'NONE', 3,
 ( #7085, #1461, #901, #3963, #6461, #7741, #2121, #7123 ),
 .UNSPECIFIED., .F., .F.,
 ( 4, 2, 2, 4 ),
 ( 0.000000000000000000, 0.002136495405475989564, 0.003204743108213984996, 0.004272990810951979995 ),
 .UNSPECIFIED. ) ;
#1448 = DIRECTION ( 'NONE',  ( 0.000000000000000000, 0.000000000000000000, -1.000000000000000000 ) ) ;
#1449 = CARTESIAN_POINT ( 'NONE',  ( 4.075204408819106838, -19.29797224214133422, 6.470385082512891017 ) ) ;
#1450 = CARTESIAN_POINT ( 'NONE',  ( 38.17161967175137960, -12.50454154338203772, -15.88434437682507294 ) ) ;
#1451 = VECTOR ( 'NONE', #6743, 1000.000000000000000 ) ;
#1452 = CARTESIAN_POINT ( 'NONE',  ( 39.62869089963104585, -14.81367614033334590, -14.93299301362328002 ) ) ;
#1453 = CARTESIAN_POINT ( 'NONE',  ( 40.35879287845801144, -7.587347454621505172, 19.68410420093233526 ) ) ;
#1454 = CARTESIAN_POINT ( 'NONE',  ( 38.69430750620972503, 10.45664749652874725, -17.20507381446813966 ) ) ;
#1455 = ADVANCED_FACE ( 'NONE', ( #7748 ), #4098, .F. ) ;
#1456 = CARTESIAN_POINT ( 'NONE',  ( 44.49508420718145629, -16.18023485614468981, -20.20000000000000284 ) ) ;
#1457 = ORIENTED_EDGE ( 'NONE', *, *, #4167, .F. ) ;
#1458 = CARTESIAN_POINT ( 'NONE',  ( 39.52114768771631503, -11.83331267415683286, 17.22651871011569824 ) ) ;
#1459 = ORIENTED_EDGE ( 'NONE', *, *, #5813, .T. ) ;
#1460 = CARTESIAN_POINT ( 'NONE',  ( 39.99999999999999289, 12.52119669334839003, 18.25620634561249389 ) ) ;
#1461 = CARTESIAN_POINT ( 'NONE',  ( 5.477863980846032099, -20.59761302778569458, 6.635133415185422656 ) ) ;
#1462 = LINE ( 'NONE', #1304, #5540 ) ;
#1463 = DIRECTION ( 'NONE',  ( 8.673617379884027583E-16, -0.000000000000000000, 1.000000000000000000 ) ) ;
#1464 = DIRECTION ( 'NONE',  ( 1.000000000000000000, 0.000000000000000000, 0.000000000000000000 ) ) ;
#1465 = LINE ( 'NONE', #5199, #5943 ) ;
#1466 = CARTESIAN_POINT ( 'NONE',  ( 1.470967741935480966, 19.15696293410672268, -6.407087570906229601 ) ) ;
#1467 = DIRECTION ( 'NONE',  ( 0.000000000000000000, -1.000000000000000000, 0.000000000000000000 ) ) ;
#1468 = CIRCLE ( 'NONE', #7368, 4.099999999999633715 ) ;
#1469 = DIRECTION ( 'NONE',  ( 0.000000000000000000, 1.000000000000000000, 0.000000000000000000 ) ) ;
#1470 = VERTEX_POINT ( 'NONE', #4589 ) ;
#1471 = CARTESIAN_POINT ( 'NONE',  ( 2.025812500843976682, 21.57688438639732809, 0.7380971657837054334 ) ) ;
#1472 = CARTESIAN_POINT ( 'NONE',  ( 39.91987444491712722, -6.424814324823467260, -19.15614231809976431 ) ) ;
#1473 = CARTESIAN_POINT ( 'NONE',  ( 17.12411561483696332, -19.86939916790550242, -3.639639639639637991 ) ) ;
#1474 = AXIS2_PLACEMENT_3D ( 'NONE', #450, #2370, #7946 ) ;
#1475 = CARTESIAN_POINT ( 'NONE',  ( 43.84116626246455439, -2.868526280279103613, -20.19599444502063434 ) ) ;
#1476 = CARTESIAN_POINT ( 'NONE',  ( 38.60625991044879868, -39.99778735226352921, -20.20000000000185381 ) ) ;
#1477 = CARTESIAN_POINT ( 'NONE',  ( 39.19918139401445956, -4.988417318484224872, 19.61522967825496977 ) ) ;
#1478 = CARTESIAN_POINT ( 'NONE',  ( 7.282387593879521503, 21.92585501449687868, 7.650012460325815944 ) ) ;
#1479 = EDGE_LOOP ( 'NONE', ( #5363, #1925 ) ) ;
#1480 = CARTESIAN_POINT ( 'NONE',  ( 39.83000026349671430, 10.50695429458434127, -17.59749853939706554 ) ) ;
#1481 = ORIENTED_EDGE ( 'NONE', *, *, #6205, .F. ) ;
#1482 = FACE_OUTER_BOUND ( 'NONE', #797, .T. ) ;
#1483 = EDGE_CURVE ( 'NONE', #7966, #6140, #6829, .T. ) ;
#1484 = AXIS2_PLACEMENT_3D ( 'NONE', #5849, #245, #7126 ) ;
#1485 = CARTESIAN_POINT ( 'NONE',  ( 40.12715757042006715, 12.49284899457448539, 18.90541873810094842 ) ) ;
#1486 = CARTESIAN_POINT ( 'NONE',  ( 38.00000000000000711, -10.66883885520437936, 17.18767026412077570 ) ) ;
#1487 = CARTESIAN_POINT ( 'NONE',  ( 39.21375463697385300, 14.94474802342788422, -14.18476781630446304 ) ) ;
#1488 = CARTESIAN_POINT ( 'NONE',  ( 39.62818459589610143, -9.127493756428648908, 18.64916578217911791 ) ) ;
#1489 = CARTESIAN_POINT ( 'NONE',  ( 41.27012628866029331, 13.32423092306077628, -18.59868534391023331 ) ) ;
#1490 = ORIENTED_EDGE ( 'NONE', *, *, #7082, .T. ) ;
#1491 = CIRCLE ( 'NONE', #5671, 5.250000000000000000 ) ;
#1492 = CARTESIAN_POINT ( 'NONE',  ( 40.45746530299054911, 7.360570396442538410, 19.77413523352444003 ) ) ;
#1493 = VERTEX_POINT ( 'NONE', #2127 ) ;
#1494 = CARTESIAN_POINT ( 'NONE',  ( 10.00000000000000178, 45.00000000000000000, 4.100000000000055600 ) ) ;
#1495 = CARTESIAN_POINT ( 'NONE',  ( 41.46233079448220593, 6.651450407984406787, -19.58435158939925813 ) ) ;
#1496 = EDGE_CURVE ( 'NONE', #7042, #5264, #3444, .T. ) ;
#1497 = CARTESIAN_POINT ( 'NONE',  ( 38.00000000000000000, -21.83666641225257976, 4.000000000000000000 ) ) ;
#1498 = CIRCLE ( 'NONE', #584, 2.000000000000000000 ) ;
#1499 = CARTESIAN_POINT ( 'NONE',  ( 39.84691194613583320, -12.26510590674326195, -16.84385561133059994 ) ) ;
#1500 = CARTESIAN_POINT ( 'NONE',  ( -35.77713417233866977, 44.99999999999999289, -18.00773976492943262 ) ) ;
#1501 = CARTESIAN_POINT ( 'NONE',  ( 38.56909113828398006, 11.77820387016061510, -16.40198793685928536 ) ) ;
#1502 = DIRECTION ( 'NONE',  ( -1.000000000000000000, -0.000000000000000000, -0.000000000000000000 ) ) ;
#1503 = ORIENTED_EDGE ( 'NONE', *, *, #4228, .T. ) ;
#1504 = CARTESIAN_POINT ( 'NONE',  ( 39.94152699329434597, -12.25381144684764756, 17.90774574909757177 ) ) ;
#1505 = ORIENTED_EDGE ( 'NONE', *, *, #7334, .F. ) ;
#1506 = CARTESIAN_POINT ( 'NONE',  ( 40.03275518129066768, 12.20157127742953662, 18.57143663335594752 ) ) ;
#1507 = CARTESIAN_POINT ( 'NONE',  ( 45.00000000000000000, 24.09389004176487248, -20.19999999999999929 ) ) ;
#1508 = ADVANCED_FACE ( 'NONE', ( #7132 ), #377, .F. ) ;
#1509 = AXIS2_PLACEMENT_3D ( 'NONE', #310, #6577, #394 ) ;
#1510 = CARTESIAN_POINT ( 'NONE',  ( 39.56889182165074459, 8.930973855225978753, 18.65934388477744221 ) ) ;
#1511 = CARTESIAN_POINT ( 'NONE',  ( 13.75413502333593208, -20.62347991487109766, 7.065390748938254362 ) ) ;
#1512 = CARTESIAN_POINT ( 'NONE',  ( 60.00000000000000711, -41.18700821125061395, -15.19999999999999929 ) ) ;
#1513 = CARTESIAN_POINT ( 'NONE',  ( 40.40066631520364382, 30.77705835859655537, 19.42909343994983473 ) ) ;
#1514 = CARTESIAN_POINT ( 'NONE',  ( 39.83425644860538029, 30.09492109343434052, -17.01939434181350208 ) ) ;
#1515 = DIRECTION ( 'NONE',  ( 1.000000000000000000, 0.000000000000000000, 0.000000000000000000 ) ) ;
#1516 = CARTESIAN_POINT ( 'NONE',  ( 32.53695085788464070, -40.81885151794679700, -20.20000000000000284 ) ) ;
#1517 = ORIENTED_EDGE ( 'NONE', *, *, #1053, .T. ) ;
#1518 = AXIS2_PLACEMENT_3D ( 'NONE', #684, #7529, #4985 ) ;
#1519 = AXIS2_PLACEMENT_3D ( 'NONE', #6674, #7944, #3597 ) ;
#1520 = CARTESIAN_POINT ( 'NONE',  ( 1.470967741836067599, 19.93364714858996223, 3.291409822451980549 ) ) ;
#1521 = CARTESIAN_POINT ( 'NONE',  ( 38.52544808660447728, -7.192803526248025214, -18.86974317672095935 ) ) ;
#1522 = EDGE_CURVE ( 'NONE', #3992, #4207, #8052, .T. ) ;
#1523 = CARTESIAN_POINT ( 'NONE',  ( 44.45321879780565411, -13.44049142056665147, -20.19999999999999929 ) ) ;
#1524 = CARTESIAN_POINT ( 'NONE',  ( 38.96604023430761998, -41.06542647156119585, -20.19999999999999929 ) ) ;
#1525 = CARTESIAN_POINT ( 'NONE',  ( 38.99146030733002988, -6.560591809620498260, 19.13782427681771736 ) ) ;
#1526 = CARTESIAN_POINT ( 'NONE',  ( 3.199533372237920670, 19.15696293410672624, 6.407087570906231377 ) ) ;
#1527 = AXIS2_PLACEMENT_3D ( 'NONE', #7307, #4924, #1692 ) ;
#1528 = VERTEX_POINT ( 'NONE', #4015 ) ;
#1529 = EDGE_LOOP ( 'NONE', ( #2791, #5740, #3205, #492, #5833, #2086 ) ) ;
#1530 = AXIS2_PLACEMENT_3D ( 'NONE', #6424, #817, #7704 ) ;
#1531 = CARTESIAN_POINT ( 'NONE',  ( 43.82690373905986547, 6.594312511959701673E-15, -20.18458842429190980 ) ) ;
#1532 = CARTESIAN_POINT ( 'NONE',  ( 40.03244936881603167, 12.51324767864200105, 18.56988301593361257 ) ) ;
#1533 = CARTESIAN_POINT ( 'NONE',  ( 38.00000000000000711, -2.568890767361124983, -20.04649052812742482 ) ) ;
#1534 = CARTESIAN_POINT ( 'NONE',  ( 48.50000000000000000, 0.000000000000000000, -1.666996953763508875E-14 ) ) ;
#1535 = CARTESIAN_POINT ( 'NONE',  ( 38.24970598626646279, 14.72255604027580134, -13.83063063063062437 ) ) ;
#1536 = CARTESIAN_POINT ( 'NONE',  ( 41.17025305913224997, 3.663863775366145159, -19.91343176328814835 ) ) ;
#1537 = ORIENTED_EDGE ( 'NONE', *, *, #5001, .F. ) ;
#1538 = CARTESIAN_POINT ( 'NONE',  ( 2.029828849706603489, -20.76826757021635572, -0.7860918176650094624 ) ) ;
#1539 = ORIENTED_EDGE ( 'NONE', *, *, #5376, .T. ) ;
#1540 = CARTESIAN_POINT ( 'NONE',  ( 1.470967741940691464, 19.63349431756935104, -4.750357974086983681 ) ) ;
#1541 = CARTESIAN_POINT ( 'NONE',  ( 41.70526098832924333, 6.323041464427438640, -19.72024683794375832 ) ) ;
#1542 = CARTESIAN_POINT ( 'NONE',  ( 45.00000000000000000, -24.09389004176484761, -15.20000000000000107 ) ) ;
#1543 = DIRECTION ( 'NONE',  ( -0.7071067811865449082, 0.000000000000000000, -0.7071067811865501263 ) ) ;
#1544 = CARTESIAN_POINT ( 'NONE',  ( 41.46233079448219883, -6.651450407984385471, -19.58435158939922971 ) ) ;
#1545 = PLANE ( 'NONE',  #6334 ) ;
#1546 = CARTESIAN_POINT ( 'NONE',  ( 38.84985205090656279, 11.81330594084428753, -16.39802433764849710 ) ) ;
#1547 = CARTESIAN_POINT ( 'NONE',  ( 37.00000000000000000, 0.000000000000000000, 0.000000000000000000 ) ) ;
#1548 = ORIENTED_EDGE ( 'NONE', *, *, #1379, .T. ) ;
#1549 = CARTESIAN_POINT ( 'NONE',  ( 1.470967741935480966, -16.63635099737583545, 11.45739174036185304 ) ) ;
#1550 = EDGE_CURVE ( 'NONE', #5633, #7351, #6556, .T. ) ;
#1551 = ORIENTED_EDGE ( 'NONE', *, *, #2194, .F. ) ;
#1552 = CARTESIAN_POINT ( 'NONE',  ( 39.64801226262580514, 11.26408410600527255, 17.79440555283427727 ) ) ;
#1553 = CARTESIAN_POINT ( 'NONE',  ( 34.34755082681306249, 42.46400151610677653, 20.19999999999999929 ) ) ;
#1554 = DIRECTION ( 'NONE',  ( 1.000000000000000000, 0.000000000000000000, 0.000000000000000000 ) ) ;
#1555 = CYLINDRICAL_SURFACE ( 'NONE', #1083, 2.999999999999999112 ) ;
#1556 = DIRECTION ( 'NONE',  ( 0.000000000000000000, -1.000000000000000000, 0.000000000000000000 ) ) ;
#1557 = CARTESIAN_POINT ( 'NONE',  ( 50.00000000000000000, 45.00000000000000000, 0.000000000000000000 ) ) ;
#1558 = CARTESIAN_POINT ( 'NONE',  ( 30.45551943308869625, -39.13940053353145032, -19.76150225234467683 ) ) ;
#1559 = CARTESIAN_POINT ( 'NONE',  ( 42.16061442263888637, 34.89313419180561482, 20.19999999999999218 ) ) ;
#1560 = EDGE_CURVE ( 'NONE', #3060, #1991, #5225, .T. ) ;
#1561 = SPHERICAL_SURFACE ( 'NONE', #3195, 2.000000000000000000 ) ;
#1562 = CARTESIAN_POINT ( 'NONE',  ( 38.00000000000000000, 0.000000000000000000, 0.000000000000000000 ) ) ;
#1563 = B_SPLINE_CURVE_WITH_KNOTS ( 'NONE', 3,
 ( #5764, #4454, #730, #6999, #6509, #3232 ),
 .UNSPECIFIED., .F., .F.,
 ( 4, 2, 4 ),
 ( 0.000000000000000000, 0.5000000000000000000, 1.000000000000000000 ),
 .UNSPECIFIED. ) ;
#1564 = CARTESIAN_POINT ( 'NONE',  ( 38.00000000000000000, 21.55968674681321673, 5.293383358428371821 ) ) ;
#1565 = CARTESIAN_POINT ( 'NONE',  ( 38.00000000000000711, -8.275690807343355715, -18.43936345349744954 ) ) ;
#1566 = CARTESIAN_POINT ( 'NONE',  ( 40.00000000000000000, -45.00000000000000000, 17.09967584331199575 ) ) ;
#1567 = CYLINDRICAL_SURFACE ( 'NONE', #7020, 2.000000000000000000 ) ;
#1568 = ORIENTED_EDGE ( 'NONE', *, *, #7113, .T. ) ;
#1569 = EDGE_CURVE ( 'NONE', #6029, #551, #6286, .T. ) ;
#1570 = DIRECTION ( 'NONE',  ( 0.000000000000000000, -0.9123004504689347094, 0.4095215355438329152 ) ) ;
#1571 = CARTESIAN_POINT ( 'NONE',  ( 53.65537114511463557, 6.820311206970611551, 9.354455188845840041 ) ) ;
#1572 = CARTESIAN_POINT ( 'NONE',  ( 38.00000000000000711, 6.076252473695202383, -19.26729216801398437 ) ) ;
#1573 = CARTESIAN_POINT ( 'NONE',  ( 38.18206526076216534, -4.429907471130318797, -19.71907736080146023 ) ) ;
#1574 = CARTESIAN_POINT ( 'NONE',  ( 1.940221672601916580, -19.46733215054613453, -5.400363028204987259 ) ) ;
#1575 = FACE_OUTER_BOUND ( 'NONE', #6633, .T. ) ;
#1576 = CARTESIAN_POINT ( 'NONE',  ( 0.000000000000000000, 0.000000000000000000, 0.000000000000000000 ) ) ;
#1577 = CARTESIAN_POINT ( 'NONE',  ( 40.92374117830879499, 7.807131150798404917, -19.13099154398514656 ) ) ;
#1578 = ORIENTED_EDGE ( 'NONE', *, *, #2300, .T. ) ;
#1579 = CARTESIAN_POINT ( 'NONE',  ( 39.74496299959184142, -11.98677439408232104, 17.50967466553050755 ) ) ;
#1580 = CARTESIAN_POINT ( 'NONE',  ( 1.470967742075262930, -20.13283282442063538, -1.698103977472594117 ) ) ;
#1581 = ORIENTED_EDGE ( 'NONE', *, *, #1937, .T. ) ;
#1582 = CARTESIAN_POINT ( 'NONE',  ( 51.93502884254439067, 1.347111479062088405E-15, 10.99999999999998046 ) ) ;
#1583 = CARTESIAN_POINT ( 'NONE',  ( 45.00000000000000000, 4.719235166375540302, -20.19999999999999929 ) ) ;
#1584 = CARTESIAN_POINT ( 'NONE',  ( 39.49674996643240377, 2.104885489157815925, 20.09637075600639022 ) ) ;
#1585 = CARTESIAN_POINT ( 'NONE',  ( 38.40671972885256480, -12.44615858956113108, -15.93440688500021984 ) ) ;
#1586 = CARTESIAN_POINT ( 'NONE',  ( 39.88950414080365192, -14.07650566870086628, -15.97120233685333446 ) ) ;
#1587 = CARTESIAN_POINT ( 'NONE',  ( 40.03884215307611072, -7.346726745311745965, 19.45826310063196729 ) ) ;
#1588 = CARTESIAN_POINT ( 'NONE',  ( 39.87103951379754108, 0.4943635031185009132, -20.14784375968783792 ) ) ;
#1589 = LINE ( 'NONE', #2780, #2028 ) ;
#1590 = ORIENTED_EDGE ( 'NONE', *, *, #7013, .F. ) ;
#1591 = CIRCLE ( 'NONE', #1973, 4.100000000000927791 ) ;
#1592 = ORIENTED_EDGE ( 'NONE', *, *, #3700, .F. ) ;
#1593 = CARTESIAN_POINT ( 'NONE',  ( 39.79525833343863894, 4.560804413618410713, 19.82484260585748714 ) ) ;
#1594 = CARTESIAN_POINT ( 'NONE',  ( 17.74596669241483582, 45.00000000000000000, -1.999999999999999556 ) ) ;
#1595 = CARTESIAN_POINT ( 'NONE',  ( 8.618657235498679015, -22.70553022664232401, 7.999999999999998224 ) ) ;
#1596 = EDGE_CURVE ( 'NONE', #3526, #2815, #2891, .T. ) ;
#1597 = CARTESIAN_POINT ( 'NONE',  ( 39.90098980052856348, 28.85382567101546414, -16.64311867019392466 ) ) ;
#1598 = CARTESIAN_POINT ( 'NONE',  ( 37.17362906404271428, -45.00000000000000000, -20.19999999999999929 ) ) ;
#1599 = CARTESIAN_POINT ( 'NONE',  ( 40.09258888073392768, -15.66404659648503639, -16.20043059543429109 ) ) ;
#1600 = ORIENTED_EDGE ( 'NONE', *, *, #5606, .T. ) ;
#1601 = DIRECTION ( 'NONE',  ( 6.440804985062402444E-17, 0.000000000000000000, -1.000000000000000000 ) ) ;
#1602 = AXIS2_PLACEMENT_3D ( 'NONE', #3389, #5829, #6533 ) ;
#1603 = CARTESIAN_POINT ( 'NONE',  ( 38.41575036691504152, -8.678124237176044531, -18.23162770487430606 ) ) ;
#1604 = DIRECTION ( 'NONE',  ( 1.000000000000000000, -0.000000000000000000, -0.000000000000000000 ) ) ;
#1605 = DIRECTION ( 'NONE',  ( 0.000000000000000000, 0.000000000000000000, -1.000000000000000000 ) ) ;
#1606 = DIRECTION ( 'NONE',  ( -3.435095992033281468E-16, 0.000000000000000000, -1.000000000000000000 ) ) ;
#1607 = EDGE_CURVE ( 'NONE', #3732, #5867, #4438, .T. ) ;
#1608 = CARTESIAN_POINT ( 'NONE',  ( 39.72849630145126554, -31.67667541600192749, -17.49895107799667571 ) ) ;
#1609 = VECTOR ( 'NONE', #5372, 1000.000000000000000 ) ;
#1610 = CARTESIAN_POINT ( 'NONE',  ( 39.17157287525380838, -45.00000000000000000, 18.00773976492944684 ) ) ;
#1611 = CARTESIAN_POINT ( 'NONE',  ( 5.180354336966384921, 19.71167338156249116, 6.656090927319716855 ) ) ;
#1612 = DIRECTION ( 'NONE',  ( 0.000000000000000000, -1.000000000000000000, -0.000000000000000000 ) ) ;
#1613 = AXIS2_PLACEMENT_3D ( 'NONE', #5989, #997, #5899 ) ;
#1614 = CARTESIAN_POINT ( 'NONE',  ( 10.00000000000000178, 37.09999999999999432, 0.000000000000000000 ) ) ;
#1615 = EDGE_CURVE ( 'NONE', #1185, #6369, #567, .T. ) ;
#1616 = CARTESIAN_POINT ( 'NONE',  ( 38.00000000000000711, 6.887465412914924201, 19.01679508769705507 ) ) ;
#1617 = CARTESIAN_POINT ( 'NONE',  ( 38.09002980935699867, 11.92833951265460790, -16.31798633280741484 ) ) ;
#1618 = CARTESIAN_POINT ( 'NONE',  ( 38.00000000000000711, -3.209794398247173497, -19.95397298658675567 ) ) ;
#1619 = DIRECTION ( 'NONE',  ( -1.000000000000000000, 0.000000000000000000, 0.000000000000000000 ) ) ;
#1620 = CARTESIAN_POINT ( 'NONE',  ( 17.74596669241483582, 45.00000000000000000, 1.999999999999999556 ) ) ;
#1621 = CARTESIAN_POINT ( 'NONE',  ( 40.50385000001138280, 5.791730466204048078, -19.44869154768152342 ) ) ;
#1622 = ORIENTED_EDGE ( 'NONE', *, *, #1522, .F. ) ;
#1623 = EDGE_LOOP ( 'NONE', ( #6719, #8002, #5102 ) ) ;
#1624 = CARTESIAN_POINT ( 'NONE',  ( 3.176774193552553527, 21.57740464604156472, -4.176552357415090455 ) ) ;
#1625 = CARTESIAN_POINT ( 'NONE',  ( 41.89179079354638446, 4.784841816147440419, -19.92729876371783959 ) ) ;
#1626 = ADVANCED_FACE ( 'NONE', ( #3066 ), #7981, .F. ) ;
#1627 = CARTESIAN_POINT ( 'NONE',  ( 38.53525363538949478, 2.134895122674738577, 20.09699729033303228 ) ) ;
#1628 = CARTESIAN_POINT ( 'NONE',  ( 39.95186033110999091, -14.47219488473129445, -15.91239321774675552 ) ) ;
#1629 = CARTESIAN_POINT ( 'NONE',  ( 39.70129314562698397, -6.027227814037389386, 19.52014606753925463 ) ) ;
#1630 = CARTESIAN_POINT ( 'NONE',  ( 38.00000000000000711, 14.19075268520881039, -14.39672952420100671 ) ) ;
#1631 = EDGE_LOOP ( 'NONE', ( #5624, #1778, #5846, #7608, #6358 ) ) ;
#1632 = CIRCLE ( 'NONE', #458, 8.000000000000000000 ) ;
#1633 = CARTESIAN_POINT ( 'NONE',  ( 39.54311533624277075, 11.11861583666326503, 17.72504944088355927 ) ) ;
#1634 = LINE ( 'NONE', #4096, #5967 ) ;
#1635 = CARTESIAN_POINT ( 'NONE',  ( 40.95948989145452401, -1.255733975103347166, -20.09961004513380445 ) ) ;
#1636 = DIRECTION ( 'NONE',  ( 0.000000000000000000, 0.000000000000000000, -1.000000000000000000 ) ) ;
#1637 = CARTESIAN_POINT ( 'NONE',  ( 52.39650836810297818, -1.815010030352172787, 11.74562725562794618 ) ) ;
#1638 = ORIENTED_EDGE ( 'NONE', *, *, #1145, .F. ) ;
#1639 = CARTESIAN_POINT ( 'NONE',  ( 39.88584700072453870, 33.19016548755445228, 18.55286593827457864 ) ) ;
#1640 = VERTEX_POINT ( 'NONE', #2449 ) ;
#1641 = CARTESIAN_POINT ( 'NONE',  ( 38.11354174769804359, -8.881425872010945355, -18.15637288621406498 ) ) ;
#1642 = DIRECTION ( 'NONE',  ( 0.000000000000000000, 1.000000000000000000, 0.000000000000000000 ) ) ;
#1643 = EDGE_CURVE ( 'NONE', #2069, #2901, #4100, .T. ) ;
#1644 = DIRECTION ( 'NONE',  ( 0.000000000000000000, 0.000000000000000000, -1.000000000000000000 ) ) ;
#1645 = AXIS2_PLACEMENT_3D ( 'NONE', #2457, #4340, #4958 ) ;
#1646 = DIRECTION ( 'NONE',  ( 0.000000000000000000, 0.000000000000000000, -1.000000000000000000 ) ) ;
#1647 = CARTESIAN_POINT ( 'NONE',  ( 38.00000000000000711, -11.91767059183437283, -16.32558506366288498 ) ) ;
#1648 = CARTESIAN_POINT ( 'NONE',  ( 37.99999999999999289, -0.9917497881938390769, 20.18178711760511845 ) ) ;
#1649 = CARTESIAN_POINT ( 'NONE',  ( 3.536105959026849987, 21.39986057451456603, -4.763591993325666074 ) ) ;
#1650 = ORIENTED_EDGE ( 'NONE', *, *, #1955, .T. ) ;
#1651 = AXIS2_PLACEMENT_3D ( 'NONE', #3182, #3760, #7571 ) ;
#1652 = AXIS2_PLACEMENT_3D ( 'NONE', #7979, #2368, #5400 ) ;
#1653 =( BOUNDED_CURVE ( )  B_SPLINE_CURVE ( 3, ( #156, #7655, #852, #121 ),
 .UNSPECIFIED., .F., .F. ) 
 B_SPLINE_CURVE_WITH_KNOTS ( ( 4, 4 ),
 ( 5.809181839274240922, 6.283185307179586232 ),
 .UNSPECIFIED. ) 
 CURVE ( )  GEOMETRIC_REPRESENTATION_ITEM ( )  RATIONAL_B_SPLINE_CURVE ( ( 1.000000000000000000, 0.9813642023547233251, 0.9813642023547233251, 1.000000000000000000 ) ) 
 REPRESENTATION_ITEM ( '' )  );
#1654 = EDGE_CURVE ( 'NONE', #4293, #7883, #4952, .T. ) ;
#1655 = VECTOR ( 'NONE', #633, 1000.000000000000000 ) ;
#1656 = VECTOR ( 'NONE', #7524, 1000.000000000000000 ) ;
#1657 = CARTESIAN_POINT ( 'NONE',  ( 37.99999999999999289, 1.982416905372571980, 20.10865817285897705 ) ) ;
#1658 = SPHERICAL_SURFACE ( 'NONE', #5285, 2.000000000000000000 ) ;
#1659 = CARTESIAN_POINT ( 'NONE',  ( 40.15936115678653096, -2.832461130105606184, -19.97112555774759812 ) ) ;
#1660 = CARTESIAN_POINT ( 'NONE',  ( 38.00000000000000000, -40.11625195157547807, 20.19999999999999574 ) ) ;
#1661 = DIRECTION ( 'NONE',  ( 0.000000000000000000, 0.000000000000000000, -1.000000000000000000 ) ) ;
#1662 = CARTESIAN_POINT ( 'NONE',  ( 41.06740940988204613, 10.00285992367536991, -18.80174876532661443 ) ) ;
#1663 = ORIENTED_EDGE ( 'NONE', *, *, #5589, .F. ) ;
#1664 = AXIS2_PLACEMENT_3D ( 'NONE', #5076, #4459, #3848 ) ;
#1665 = EDGE_CURVE ( 'NONE', #6966, #6004, #1468, .T. ) ;
#1666 = CARTESIAN_POINT ( 'NONE',  ( 2.035110759068851305, -20.76511707910132287, 0.7745713163102394549 ) ) ;
#1667 = B_SPLINE_CURVE_WITH_KNOTS ( 'NONE', 3,
 ( #6996, #1456, #5191, #6589, #2736, #239, #5325, #6546 ),
 .UNSPECIFIED., .F., .F.,
 ( 4, 2, 2, 4 ),
 ( 0.000000000000000000, 0.5000000000000000000, 0.7500000000000000000, 1.000000000000000000 ),
 .UNSPECIFIED. ) ;
#1668 = EDGE_LOOP ( 'NONE', ( #2627, #3542, #5905, #7482 ) ) ;
#1669 = CARTESIAN_POINT ( 'NONE',  ( 41.65899613207415797, 1.209523820628117166E-14, 20.20000000000000284 ) ) ;
#1670 = CARTESIAN_POINT ( 'NONE',  ( 45.00000000000000000, 3.370882261696817483, -20.19999999999999929 ) ) ;
#1671 = B_SPLINE_CURVE_WITH_KNOTS ( 'NONE', 3,
 ( #390, #7145, #1531, #5303, #222, #6530, #921, #2099 ),
 .UNSPECIFIED., .F., .F.,
 ( 4, 2, 2, 4 ),
 ( 0.000000000000000000, 0.5000000000000000000, 0.7500000000000000000, 1.000000000000000000 ),
 .UNSPECIFIED. ) ;
#1672 = CARTESIAN_POINT ( 'NONE',  ( 40.39164753981590650, -14.13202340256096790, -17.19603820015433371 ) ) ;
#1673 = CARTESIAN_POINT ( 'NONE',  ( 40.11166260835371844, -9.794686633212490889, 19.10510649333342670 ) ) ;
#1674 = CARTESIAN_POINT ( 'NONE',  ( 38.00000000000000711, 6.076252473695202383, -19.26729216801398437 ) ) ;
#1675 = ORIENTED_EDGE ( 'NONE', *, *, #1900, .F. ) ;
#1676 = EDGE_CURVE ( 'NONE', #7448, #1747, #3315, .T. ) ;
#1677 = ORIENTED_EDGE ( 'NONE', *, *, #7602, .F. ) ;
#1678 = DIRECTION ( 'NONE',  ( -1.000000000000000000, -0.000000000000000000, -0.000000000000000000 ) ) ;
#1679 = CARTESIAN_POINT ( 'NONE',  ( 19.16515138991168499, 21.83666641225257976, 1.999999999999999556 ) ) ;
#1680 = CARTESIAN_POINT ( 'NONE',  ( -1.235990476633475055E-15, 0.000000000000000000, -8.040381359624446555E-32 ) ) ;
#1681 = CARTESIAN_POINT ( 'NONE',  ( 39.72190245213563742, -7.649106713888917497, -18.67752885665704454 ) ) ;
#1682 = CARTESIAN_POINT ( 'NONE',  ( 19.16515138991168499, 45.00000000000000000, -4.000000000000000000 ) ) ;
#1683 = CARTESIAN_POINT ( 'NONE',  ( 53.96763415945813591, -6.051659878995153896, 10.17450146427278845 ) ) ;
#1684 = CARTESIAN_POINT ( 'NONE',  ( 39.45330985265577084, 35.69975701936825629, 18.90365013071057732 ) ) ;
#1685 = CARTESIAN_POINT ( 'NONE',  ( 39.58565656272255495, 40.74470993340209191, 20.19999999999999929 ) ) ;
#1686 = CARTESIAN_POINT ( 'NONE',  ( 38.56909113828399427, -11.77820387016061332, -16.40198793685930667 ) ) ;
#1687 = DIRECTION ( 'NONE',  ( -0.8529032258052379190, 0.000000000000000000, 0.5220690446780190674 ) ) ;
#1688 = LINE ( 'NONE', #5449, #3458 ) ;
#1689 = CARTESIAN_POINT ( 'NONE',  ( 38.72306066967618676, 38.22494733347162565, 19.49384161581091846 ) ) ;
#1690 = CARTESIAN_POINT ( 'NONE',  ( 38.24464625747851443, -14.72728796733726497, -13.84159849510976592 ) ) ;
#1691 = CARTESIAN_POINT ( 'NONE',  ( 59.43355407235581112, -11.05947999367105794, 3.334783164556182733 ) ) ;
#1692 = DIRECTION ( 'NONE',  ( 0.000000000000000000, 0.000000000000000000, 1.000000000000000000 ) ) ;
#1693 = CYLINDRICAL_SURFACE ( 'NONE', #1884, 20.19999999999999929 ) ;
#1694 = DIRECTION ( 'NONE',  ( 1.000000000000000000, -0.000000000000000000, -3.426614273534433700E-16 ) ) ;
#1695 = CARTESIAN_POINT ( 'NONE',  ( 38.56442562450042288, -41.13782557566500486, 20.19999999999999574 ) ) ;
#1696 = EDGE_CURVE ( 'NONE', #1376, #2069, #6052, .T. ) ;
#1697 = ORIENTED_EDGE ( 'NONE', *, *, #2097, .T. ) ;
#1698 = CARTESIAN_POINT ( 'NONE',  ( 2.767295653427437330, -19.19605180995236537, -6.295350101453678349 ) ) ;
#1699 = CARTESIAN_POINT ( 'NONE',  ( 40.58433914473710757, 11.50918298648572424, 19.61276626948329493 ) ) ;
#1700 = CARTESIAN_POINT ( 'NONE',  ( 40.96393334409133757, 11.32987281500196630, -18.47949855229813210 ) ) ;
#1701 = VERTEX_POINT ( 'NONE', #7298 ) ;
#1702 = CARTESIAN_POINT ( 'NONE',  ( 2.125768334277450489, -21.63833655394495281, -1.459085114846083275 ) ) ;
#1703 = ORIENTED_EDGE ( 'NONE', *, *, #3142, .T. ) ;
#1704 = CARTESIAN_POINT ( 'NONE',  ( 41.46521692733007569, -4.835969764021004202, 20.19616567837940835 ) ) ;
#1705 = CARTESIAN_POINT ( 'NONE',  ( 14.81443108197049874, 19.87724059426228607, 6.396559760716955090 ) ) ;
#1706 = EDGE_CURVE ( 'NONE', #570, #920, #6442, .T. ) ;
#1707 = CARTESIAN_POINT ( 'NONE',  ( 40.54012568664659710, -12.17750269577955358, -17.78629884887104140 ) ) ;
#1708 = CARTESIAN_POINT ( 'NONE',  ( 39.79525833343858210, -4.560804413618407160, 19.82484260585744806 ) ) ;
#1709 = CARTESIAN_POINT ( 'NONE',  ( 2.523941627546267163, 21.74600824617187556, -2.871177311905221963 ) ) ;
#1710 = EDGE_LOOP ( 'NONE', ( #6695, #2407, #2067, #7523 ) ) ;
#1711 = VERTEX_POINT ( 'NONE', #4259 ) ;
#1712 = CARTESIAN_POINT ( 'NONE',  ( 16.38759021281741468, -19.61737262547869065, 4.816501974786185691 ) ) ;
#1713 = CARTESIAN_POINT ( 'NONE',  ( 10.00000000000000178, -37.09999999999999432, -3.850000000000000533 ) ) ;
#1714 = ADVANCED_FACE ( 'NONE', ( #2332 ), #1147, .F. ) ;
#1715 = CARTESIAN_POINT ( 'NONE',  ( 38.57945625334510709, 7.927384978815987360, -18.55981435300636662 ) ) ;
#1716 = CARTESIAN_POINT ( 'NONE',  ( 39.83352983798382496, -7.198869715046899209, -18.87451713571600465 ) ) ;
#1717 = CARTESIAN_POINT ( 'NONE',  ( -35.77713417233866977, 40.11625195157550650, 20.19999999999999929 ) ) ;
#1718 = CARTESIAN_POINT ( 'NONE',  ( 52.78641825734558068, -4.243411275638113267, 10.18562751627727359 ) ) ;
#1719 = EDGE_LOOP ( 'NONE', ( #1375, #6472, #6172, #7376, #1187 ) ) ;
#1720 = CARTESIAN_POINT ( 'NONE',  ( 39.97121717983676348, 32.08918923425701308, 18.41817162364019467 ) ) ;
#1721 = CARTESIAN_POINT ( 'NONE',  ( 2.138056048301919532, 20.73079773503136281, -1.529875304553901527 ) ) ;
#1722 = DIRECTION ( 'NONE',  ( 1.000000000000000000, 0.000000000000000000, 0.000000000000000000 ) ) ;
#1723 = LINE ( 'NONE', #7792, #6308 ) ;
#1724 = CARTESIAN_POINT ( 'NONE',  ( 40.00000000000000000, -45.00000000000000000, -20.19999999999999929 ) ) ;
#1725 = CARTESIAN_POINT ( 'NONE',  ( 39.41442458138376281, -15.05865200620466382, -14.32810843525883193 ) ) ;
#1726 = CARTESIAN_POINT ( 'NONE',  ( 38.28776327976564176, -3.813264742009482067, 19.84376411245464311 ) ) ;
#1727 = DIRECTION ( 'NONE',  ( 0.000000000000000000, 1.734723475976807094E-15, 1.000000000000000000 ) ) ;
#1728 = CONICAL_SURFACE ( 'NONE', #5514, 4.099999999999633715, 0.03163501222810161800 ) ;
#1729 = CARTESIAN_POINT ( 'NONE',  ( 59.63872733949181537, -11.21800889894896613, 2.684638552203876483 ) ) ;
#1730 = CARTESIAN_POINT ( 'NONE',  ( 39.74573595072538978, -34.33731941826588496, 18.68820123192751126 ) ) ;
#1731 = VERTEX_POINT ( 'NONE', #2413 ) ;
#1732 = CARTESIAN_POINT ( 'NONE',  ( 5.538761725607431963, -19.10929106188788396, -6.657489086630866026 ) ) ;
#1733 = CARTESIAN_POINT ( 'NONE',  ( 40.36593978494226320, 5.746161865131472979, 19.88225562302278604 ) ) ;
#1734 = AXIS2_PLACEMENT_3D ( 'NONE', #4458, #3152, #5642 ) ;
#1735 = CARTESIAN_POINT ( 'NONE',  ( 40.56648052868227694, 7.833012558095857614, -18.93901427582154895 ) ) ;
#1736 = ORIENTED_EDGE ( 'NONE', *, *, #5415, .T. ) ;
#1737 = ORIENTED_EDGE ( 'NONE', *, *, #1981, .F. ) ;
#1738 = CARTESIAN_POINT ( 'NONE',  ( 41.54289528278770405, -10.46273910391015427, 20.16504135706038525 ) ) ;
#1739 = EDGE_CURVE ( 'NONE', #5577, #5973, #4627, .T. ) ;
#1740 = CARTESIAN_POINT ( 'NONE',  ( 42.05749821471130190, 14.47533856165938992, -19.25631683499372926 ) ) ;
#1741 = AXIS2_PLACEMENT_3D ( 'NONE', #1348, #6428, #4594 ) ;
#1742 = CARTESIAN_POINT ( 'NONE',  ( 39.41446739863830118, 11.78313987870417279, 17.12358276649948152 ) ) ;
#1743 = CARTESIAN_POINT ( 'NONE',  ( 40.72770194534255950, -13.70112736134845477, -17.86205306748701460 ) ) ;
#1744 = CARTESIAN_POINT ( 'NONE',  ( 38.80590022676644679, 37.98348516205595615, 19.42740613411249484 ) ) ;
#1745 = CARTESIAN_POINT ( 'NONE',  ( 59.16086210005497747, 10.73332777033430041, 2.485794720129547830 ) ) ;
#1746 = ORIENTED_EDGE ( 'NONE', *, *, #3115, .F. ) ;
#1747 = VERTEX_POINT ( 'NONE', #3108 ) ;
#1748 = EDGE_CURVE ( 'NONE', #2582, #3634, #5430, .T. ) ;
#1749 = CARTESIAN_POINT ( 'NONE',  ( 60.00000000000000711, 11.50000000000001066, 6.123233995736766282E-16 ) ) ;
#1750 = CYLINDRICAL_SURFACE ( 'NONE', #1133, 2.000000000000001776 ) ;
#1751 = AXIS2_PLACEMENT_3D ( 'NONE', #1808, #736, #6219 ) ;
#1752 = CARTESIAN_POINT ( 'NONE',  ( 38.77851640650469278, 5.932066721211962879, -19.31059257808160368 ) ) ;
#1753 = CARTESIAN_POINT ( 'NONE',  ( 39.81257549626086956, -6.889586105810982630, -18.97867281072016610 ) ) ;
#1754 = CARTESIAN_POINT ( 'NONE',  ( 39.94323758825755988, -15.72517167149177553, -14.96841123033450316 ) ) ;
#1755 = CARTESIAN_POINT ( 'NONE',  ( 56.71751442127217047, 8.928247901240808915, 6.425448576869074557 ) ) ;
#1756 = EDGE_LOOP ( 'NONE', ( #4473, #5077, #7257, #5590 ) ) ;
#1757 = EDGE_LOOP ( 'NONE', ( #4373, #7489, #5712, #3202 ) ) ;
#1758 = CARTESIAN_POINT ( 'NONE',  ( 1.470967741825041974, 19.93420641380979319, -3.288214873382241166 ) ) ;
#1759 = CIRCLE ( 'NONE', #3981, 2.000000000000000000 ) ;
#1760 = EDGE_CURVE ( 'NONE', #5268, #1711, #1987, .T. ) ;
#1761 = DIRECTION ( 'NONE',  ( 0.000000000000000000, 1.000000000000000000, 1.827908910271126715E-15 ) ) ;
#1762 = ADVANCED_FACE ( 'NONE', ( #4448 ), #5924, .T. ) ;
#1763 = CARTESIAN_POINT ( 'NONE',  ( 40.36034227922506545, 32.67359669208181572, 20.20000000000522888 ) ) ;
#1764 = AXIS2_PLACEMENT_3D ( 'NONE', #646, #1, #4339 ) ;
#1765 = DIRECTION ( 'NONE',  ( 0.000000000000000000, 0.000000000000000000, 1.000000000000000000 ) ) ;
#1766 = CARTESIAN_POINT ( 'NONE',  ( 39.21126517862341387, -14.94448349985182922, -14.18225958982150381 ) ) ;
#1767 = CARTESIAN_POINT ( 'NONE',  ( 38.25852636349734581, -5.317414687314889754, 19.49496194424921214 ) ) ;
#1768 = CARTESIAN_POINT ( 'NONE',  ( 2.063473804666707156, 17.73775529577931565, -10.64159339501480339 ) ) ;
#1769 = VECTOR ( 'NONE', #1196, 1000.000000000000000 ) ;
#1770 = PLANE ( 'NONE',  #2285 ) ;
#1771 = B_SPLINE_CURVE_WITH_KNOTS ( 'NONE', 3,
 ( #7477, #6237, #631, #7557, #1938, #138, #7064, #224, #7102, #4439, #7683, #2718, #1486, #7721 ),
 .UNSPECIFIED., .F., .F.,
 ( 4, 2, 2, 2, 2, 2, 4 ),
 ( 0.000000000000000000, 0.1250000000000000000, 0.2500000000000000000, 0.3750000000000000000, 0.5000000000000000000, 0.7500000000000000000, 1.000000000000000000 ),
 .UNSPECIFIED. ) ;
#1772 = EDGE_CURVE ( 'NONE', #6567, #3992, #5032, .T. ) ;
#1773 = CARTESIAN_POINT ( 'NONE',  ( 37.99999999999999289, -4.947573068555306454E-15, 20.19999999999999929 ) ) ;
#1774 = VECTOR ( 'NONE', #7780, 1000.000000000000000 ) ;
#1775 = FACE_OUTER_BOUND ( 'NONE', #5009, .T. ) ;
#1776 = CARTESIAN_POINT ( 'NONE',  ( 39.87514438598878286, 1.032149227771712585, 20.16431432724612094 ) ) ;
#1777 = AXIS2_PLACEMENT_3D ( 'NONE', #2035, #2079, #4539 ) ;
#1778 = ORIENTED_EDGE ( 'NONE', *, *, #6635, .F. ) ;
#1779 = CARTESIAN_POINT ( 'NONE',  ( 42.00000002069156579, -31.84677602739441937, 20.20000000000000995 ) ) ;
#1780 = CARTESIAN_POINT ( 'NONE',  ( 39.08506335652105435, -12.62738730669599185, -15.97584370869073389 ) ) ;
#1781 = CARTESIAN_POINT ( 'NONE',  ( 40.36061471178758353, 15.60293853104480100, -17.06369583436184811 ) ) ;
#1782 = ORIENTED_EDGE ( 'NONE', *, *, #2927, .T. ) ;
#1783 = CARTESIAN_POINT ( 'NONE',  ( 41.68608361510194982, -4.058136161771863648, 20.20000000000000284 ) ) ;
#1784 = VECTOR ( 'NONE', #2441, 1000.000000000000000 ) ;
#1785 = CARTESIAN_POINT ( 'NONE',  ( 45.00000000000000711, 14.83188195146597721, -20.20000000000000284 ) ) ;
#1786 = CARTESIAN_POINT ( 'NONE',  ( 41.04454641333249754, 0.6654957320366846618, -20.11233954312026384 ) ) ;
#1787 = CARTESIAN_POINT ( 'NONE',  ( 2.031288514253853705, -21.57844137421973230, 0.7304567778560830948 ) ) ;
#1788 = VECTOR ( 'NONE', #2587, 1000.000000000000000 ) ;
#1789 = CARTESIAN_POINT ( 'NONE',  ( 38.18958735752108424, 39.13939905726678603, 19.76150158966585835 ) ) ;
#1790 = CARTESIAN_POINT ( 'NONE',  ( 38.00000000000000711, 10.72839813664581321, -17.13058882315435127 ) ) ;
#1791 = ORIENTED_EDGE ( 'NONE', *, *, #5450, .F. ) ;
#1792 = EDGE_LOOP ( 'NONE', ( #6310, #4137, #1024 ) ) ;
#1793 = CIRCLE ( 'NONE', #1530, 0.5000000000000004441 ) ;
#1794 = DIRECTION ( 'NONE',  ( 0.000000000000000000, 0.000000000000000000, -1.000000000000000000 ) ) ;
#1795 = CARTESIAN_POINT ( 'NONE',  ( 38.39399703941559494, 2.434012200849474894, -20.06234949470357520 ) ) ;
#1796 = CARTESIAN_POINT ( 'NONE',  ( 56.71751442127218468, -8.928247901240816020, 6.425448576869066564 ) ) ;
#1797 = CARTESIAN_POINT ( 'NONE',  ( 39.70176511710204892, -7.352652846809039744, -18.78629198822657997 ) ) ;
#1798 = CARTESIAN_POINT ( 'NONE',  ( 17.20010592241915504, 19.89664527294610963, -3.490898612938393430 ) ) ;
#1799 = EDGE_CURVE ( 'NONE', #5657, #2350, #638, .T. ) ;
#1800 = CARTESIAN_POINT ( 'NONE',  ( 53.13997164793885730, -4.436293606348804985, 11.00216397579206884 ) ) ;
#1801 = EDGE_LOOP ( 'NONE', ( #3324, #1827, #2781, #1225 ) ) ;
#1802 = EDGE_LOOP ( 'NONE', ( #4625, #3584, #7210, #1548 ) ) ;
#1803 = FACE_OUTER_BOUND ( 'NONE', #2453, .T. ) ;
#1804 = DIRECTION ( 'NONE',  ( 0.000000000000000000, 0.000000000000000000, 1.000000000000000000 ) ) ;
#1805 = CARTESIAN_POINT ( 'NONE',  ( 40.51023552666586625, 35.32279509552998320, 20.20000000000000639 ) ) ;
#1806 = CARTESIAN_POINT ( 'NONE',  ( 40.00162561130441219, 15.83114201902787244, -15.38018693585063090 ) ) ;
#1807 = CARTESIAN_POINT ( 'NONE',  ( 1.956383006890233034, -17.59433645193366402, -10.70756286752412301 ) ) ;
#1808 = CARTESIAN_POINT ( 'NONE',  ( 38.00000000000000000, -45.00200000000000244, 4.000000000000000000 ) ) ;
#1809 = CARTESIAN_POINT ( 'NONE',  ( 1.743486741824552766, 17.30453825524667621, -10.84572657559045439 ) ) ;
#1810 = DIRECTION ( 'NONE',  ( 0.7071067811865484609, 0.000000000000000000, -0.7071067811865465735 ) ) ;
#1811 = EDGE_CURVE ( 'NONE', #4205, #4047, #2806, .T. ) ;
#1812 = CARTESIAN_POINT ( 'NONE',  ( 39.97388332093652963, 12.36201827533128750, 18.02914553049692259 ) ) ;
#1813 = CARTESIAN_POINT ( 'NONE',  ( 45.00000000000000711, 16.18023485614470758, -20.19999999999999929 ) ) ;
#1814 = CARTESIAN_POINT ( 'NONE',  ( 38.33147715058559157, -3.563550626197299140E-15, 20.20000000000000284 ) ) ;
#1815 = ORIENTED_EDGE ( 'NONE', *, *, #1607, .T. ) ;
#1816 = ADVANCED_FACE ( 'NONE', ( #4072 ), #5879, .F. ) ;
#1817 = CARTESIAN_POINT ( 'NONE',  ( 40.33398862250233918, -5.214039231751226744, 19.92083721188925338 ) ) ;
#1818 = CARTESIAN_POINT ( 'NONE',  ( 39.98861581292111822, -6.113587753264376978, -19.26271152102608397 ) ) ;
#1819 = CARTESIAN_POINT ( 'NONE',  ( 40.41268569994382176, 15.60264171319250792, -17.18850511527773861 ) ) ;
#1820 = ORIENTED_EDGE ( 'NONE', *, *, #7159, .F. ) ;
#1821 = CARTESIAN_POINT ( 'NONE',  ( 41.51598985428675803, -8.196332369492440151, 20.17402318555756580 ) ) ;
#1822 = CARTESIAN_POINT ( 'NONE',  ( 13.65161609200836779, 20.74064367572554701, 7.117984259366242128 ) ) ;
#1823 = LINE ( 'NONE', #8087, #1451 ) ;
#1824 = DIRECTION ( 'NONE',  ( 0.000000000000000000, 0.000000000000000000, -1.000000000000000000 ) ) ;
#1825 = CARTESIAN_POINT ( 'NONE',  ( 60.00000000000000711, 41.18700821125062816, -20.19999999999999929 ) ) ;
#1826 = CARTESIAN_POINT ( 'NONE',  ( 3.176774193548385750, 21.57740464604363240, 4.176552357408286120 ) ) ;
#1827 = ORIENTED_EDGE ( 'NONE', *, *, #71, .T. ) ;
#1828 = EDGE_LOOP ( 'NONE', ( #1537, #5549, #4527, #2249 ) ) ;
#1829 = CARTESIAN_POINT ( 'NONE',  ( 38.25882025683222309, 7.378072182767049014, -18.80580743233246821 ) ) ;
#1830 = CARTESIAN_POINT ( 'NONE',  ( 38.00000000000000000, 45.00000000000000000, 4.000000000000000000 ) ) ;
#1831 = CARTESIAN_POINT ( 'NONE',  ( 40.20038313067686175, -7.625797760555600213, -18.84467582483151205 ) ) ;
#1832 = CARTESIAN_POINT ( 'NONE',  ( 40.00000000000000000, 20.74064367572555057, -7.117984259366236799 ) ) ;
#1833 = FACE_OUTER_BOUND ( 'NONE', #251, .T. ) ;
#1834 = EDGE_LOOP ( 'NONE', ( #6937, #4415, #231, #4580 ) ) ;
#1835 = CARTESIAN_POINT ( 'NONE',  ( 10.00000000000000178, -22.70553022664231690, -8.000000000000000000 ) ) ;
#1836 = CARTESIAN_POINT ( 'NONE',  ( 39.97704975814473016, 15.79920580887852744, -15.02122581887515196 ) ) ;
#1837 = ADVANCED_FACE ( 'NONE', ( #1775 ), #1658, .F. ) ;
#1838 = CARTESIAN_POINT ( 'NONE',  ( 38.00000000000000000, -19.61737262547869420, -4.816501974786184803 ) ) ;
#1839 = CARTESIAN_POINT ( 'NONE',  ( 39.83383925278033644, 15.48179493267917728, -14.77279832351480593 ) ) ;
#1840 = CARTESIAN_POINT ( 'NONE',  ( -2.471980953266950110E-15, 4.194893537422668327E-15, 19.00000000000000000 ) ) ;
#1841 = CARTESIAN_POINT ( 'NONE',  ( 58.56825050270198574, -9.718436472455382003, 5.170422364815094873 ) ) ;
#1842 = CARTESIAN_POINT ( 'NONE',  ( 38.68321367749934581, 38.27300284875560976, -19.49882754991817890 ) ) ;
#1843 = CARTESIAN_POINT ( 'NONE',  ( 40.00000000000000000, -12.71219886565655699, 18.19999999999999929 ) ) ;
#1844 = EDGE_CURVE ( 'NONE', #4674, #4253, #2904, .T. ) ;
#1845 = CARTESIAN_POINT ( 'NONE',  ( 39.80511368669527883, 12.04767497913546848, 17.60950929316478053 ) ) ;
#1846 = CIRCLE ( 'NONE', #6570, 2.000000000000000000 ) ;
#1847 = CARTESIAN_POINT ( 'NONE',  ( 41.33126234701970958, 15.73482779275962784, -18.60233015888519503 ) ) ;
#1848 = CARTESIAN_POINT ( 'NONE',  ( 38.26858539743846421, 4.813915056741901566, 19.62491573010411017 ) ) ;
#1849 = EDGE_LOOP ( 'NONE', ( #6134, #7690, #3858, #1505 ) ) ;
#1850 = CARTESIAN_POINT ( 'NONE',  ( 38.00000000000000000, -45.00000000000000000, -18.00773976492944684 ) ) ;
#1851 = CARTESIAN_POINT ( 'NONE',  ( 39.19142698718812312, -13.85448777069290394, -15.18093999904003866 ) ) ;
#1852 = CARTESIAN_POINT ( 'NONE',  ( 39.78331498286387102, 7.831836417585179788, -18.62613278282702822 ) ) ;
#1853 = ORIENTED_EDGE ( 'NONE', *, *, #1989, .T. ) ;
#1854 = CARTESIAN_POINT ( 'NONE',  ( 41.99999999999999289, -0.5296749527356747755, 20.20000000000000284 ) ) ;
#1855 = EDGE_CURVE ( 'NONE', #7157, #2871, #6851, .T. ) ;
#1856 = CARTESIAN_POINT ( 'NONE',  ( 43.89353892410277780, 16.12994444057353860, -20.12144176134201246 ) ) ;
#1857 = CARTESIAN_POINT ( 'NONE',  ( 38.36388818978088011, 11.57387567197398859, 16.59520263009704522 ) ) ;
#1858 = CARTESIAN_POINT ( 'NONE',  ( 40.97006469131470396, -15.67018548544879586, -18.16097212355153090 ) ) ;
#1859 = CARTESIAN_POINT ( 'NONE',  ( 40.00000000000000000, 0.000000000000000000, 0.000000000000000000 ) ) ;
#1860 = DIRECTION ( 'NONE',  ( 0.000000000000000000, 1.000000000000000000, 0.000000000000000000 ) ) ;
#1861 = EDGE_LOOP ( 'NONE', ( #6038, #3261, #5094, #708 ) ) ;
#1862 = ORIENTED_EDGE ( 'NONE', *, *, #3721, .T. ) ;
#1863 = CIRCLE ( 'NONE', #6842, 10.49999999999999822 ) ;
#1864 = CARTESIAN_POINT ( 'NONE',  ( 40.00000000000000000, 0.000000000000000000, -5.250000000000014211 ) ) ;
#1865 = CARTESIAN_POINT ( 'NONE',  ( 41.36911888479227883, -4.636401999384260897, -19.82671144988069756 ) ) ;
#1866 = CARTESIAN_POINT ( 'NONE',  ( 40.53036444930934579, 3.269261545211663123, -19.92294536155760198 ) ) ;
#1867 = CARTESIAN_POINT ( 'NONE',  ( 38.83355818874416343, 3.500169133434183279E-15, -20.19259837075238551 ) ) ;
#1868 = DIRECTION ( 'NONE',  ( 0.000000000000000000, 1.000000000000000000, 0.000000000000000000 ) ) ;
#1869 = ORIENTED_EDGE ( 'NONE', *, *, #1654, .F. ) ;
#1870 = AXIS2_PLACEMENT_3D ( 'NONE', #5377, #1605, #5942 ) ;
#1871 = ORIENTED_EDGE ( 'NONE', *, *, #2008, .F. ) ;
#1872 = CARTESIAN_POINT ( 'NONE',  ( 1.470967741935481410, 19.63349431757122687, 4.750357974079240542 ) ) ;
#1873 = CARTESIAN_POINT ( 'NONE',  ( 30.45551943308462484, 39.13940053352842341, -19.76150225234330904 ) ) ;
#1874 = AXIS2_PLACEMENT_3D ( 'NONE', #160, #2169, #2700 ) ;
#1875 = CARTESIAN_POINT ( 'NONE',  ( 38.60300296990637037, 39.96522860047451076, 20.19999999999999574 ) ) ;
#1876 = DIRECTION ( 'NONE',  ( 0.000000000000000000, 0.000000000000000000, 1.000000000000000000 ) ) ;
#1877 = CARTESIAN_POINT ( 'NONE',  ( 39.38671361112506020, 14.54000238226537611, -14.81348221343844607 ) ) ;
#1878 = CARTESIAN_POINT ( 'NONE',  ( 58.60785236250745811, -10.43372716611063922, 5.099845339179709391 ) ) ;
#1879 = CARTESIAN_POINT ( 'NONE',  ( 42.47437762873789779, 37.29035403189227793, -20.19999999999999929 ) ) ;
#1880 = CARTESIAN_POINT ( 'NONE',  ( 40.26721807238438089, -4.158217489446522031, 19.99605008718834043 ) ) ;
#1881 = VECTOR ( 'NONE', #7895, 1000.000000000000000 ) ;
#1882 = ORIENTED_EDGE ( 'NONE', *, *, #5813, .F. ) ;
#1883 = CARTESIAN_POINT ( 'NONE',  ( 48.50000000000000000, 0.000000000000000000, -1.666996953763508875E-14 ) ) ;
#1884 = AXIS2_PLACEMENT_3D ( 'NONE', #4847, #7958, #6690 ) ;
#1885 = CARTESIAN_POINT ( 'NONE',  ( 2.765194733178375941, -19.19669143644529896, 6.293457978091154814 ) ) ;
#1886 = DIRECTION ( 'NONE',  ( -1.000000000000000000, -0.000000000000000000, -6.505213034913026604E-17 ) ) ;
#1887 = CARTESIAN_POINT ( 'NONE',  ( 37.99999999999999289, 11.56695572460641053, 16.56036036036036307 ) ) ;
#1888 = ORIENTED_EDGE ( 'NONE', *, *, #2494, .F. ) ;
#1889 = CARTESIAN_POINT ( 'NONE',  ( 40.30800587162436699, -4.544385586449014802, -19.69819957211772987 ) ) ;
#1890 = EDGE_CURVE ( 'NONE', #6547, #5221, #2101, .T. ) ;
#1891 = CARTESIAN_POINT ( 'NONE',  ( 40.21725663237511839, 10.18499506352470085, -17.98544356612294237 ) ) ;
#1892 = AXIS2_PLACEMENT_3D ( 'NONE', #3611, #264, #7762 ) ;
#1893 = EDGE_LOOP ( 'NONE', ( #5886, #7941, #1097, #3657 ) ) ;
#1894 = FACE_OUTER_BOUND ( 'NONE', #6447, .T. ) ;
#1895 = CARTESIAN_POINT ( 'NONE',  ( 41.68012594040713736, 3.530688684753797713, 20.20000000000000284 ) ) ;
#1896 = AXIS2_PLACEMENT_3D ( 'NONE', #262, #7231, #2850 ) ;
#1897 = CARTESIAN_POINT ( 'NONE',  ( 38.61160357291848300, 11.59182986872645493, 16.65810668642548009 ) ) ;
#1898 = CARTESIAN_POINT ( 'NONE',  ( 40.33155661777684742, -14.92613971799680073, -16.99167949482011153 ) ) ;
#1899 = PLANE ( 'NONE',  #5834 ) ;
#1900 = EDGE_CURVE ( 'NONE', #5595, #6417, #177, .T. ) ;
#1901 = DIRECTION ( 'NONE',  ( -1.000000000000000000, 0.000000000000000000, -0.000000000000000000 ) ) ;
#1902 = VERTEX_POINT ( 'NONE', #2504 ) ;
#1903 = CIRCLE ( 'NONE', #7007, 10.00000000000000000 ) ;
#1904 = ORIENTED_EDGE ( 'NONE', *, *, #814, .T. ) ;
#1905 = CARTESIAN_POINT ( 'NONE',  ( 38.00000000000000000, 0.000000000000000000, 0.000000000000000000 ) ) ;
#1906 = AXIS2_PLACEMENT_3D ( 'NONE', #3792, #7112, #722 ) ;
#1907 = CARTESIAN_POINT ( 'NONE',  ( 41.53173470923295696, -10.70093697479954820, -19.07800241007339181 ) ) ;
#1908 = CARTESIAN_POINT ( 'NONE',  ( 40.35823052037790148, -8.069403159716232565, -18.76837415577374202 ) ) ;
#1909 = CARTESIAN_POINT ( 'NONE',  ( 39.05612815434690788, 9.947049668847714798, -17.47942007804311615 ) ) ;
#1910 = ADVANCED_FACE ( 'NONE', ( #5737 ), #2586, .T. ) ;
#1911 = CARTESIAN_POINT ( 'NONE',  ( 60.00000000000000711, 45.00000000000000000, 6.123233995736766282E-16 ) ) ;
#1912 = ORIENTED_EDGE ( 'NONE', *, *, #314, .T. ) ;
#1913 = VERTEX_POINT ( 'NONE', #4468 ) ;
#1914 = EDGE_LOOP ( 'NONE', ( #3517, #7167, #8033, #2860 ) ) ;
#1915 = AXIS2_PLACEMENT_3D ( 'NONE', #5200, #7131, #4722 ) ;
#1916 = DIRECTION ( 'NONE',  ( -0.000000000000000000, 0.9123004504689347094, 0.4095215355438328597 ) ) ;
#1917 = CARTESIAN_POINT ( 'NONE',  ( 24.56774889882906621, -36.39129826766863118, 14.14338920952737233 ) ) ;
#1918 = DIRECTION ( 'NONE',  ( -3.154042683594194627E-16, 0.000000000000000000, -1.000000000000000000 ) ) ;
#1919 = CYLINDRICAL_SURFACE ( 'NONE', #2006, 2.000000000000000000 ) ;
#1920 = CARTESIAN_POINT ( 'NONE',  ( 39.62869089963103164, 14.81367614033334412, -14.93299301362328713 ) ) ;
#1921 = CARTESIAN_POINT ( 'NONE',  ( 19.16515138991168499, 21.83666641225257976, -1.999999999999999556 ) ) ;
#1922 = CARTESIAN_POINT ( 'NONE',  ( 3.589239999414012949, -19.10255753355022179, -10.76718606124199162 ) ) ;
#1923 = CARTESIAN_POINT ( 'NONE',  ( 40.58578643762704274, -12.55707641300339539, 19.61421356237323010 ) ) ;
#1924 = ORIENTED_EDGE ( 'NONE', *, *, #4820, .T. ) ;
#1925 = ORIENTED_EDGE ( 'NONE', *, *, #655, .T. ) ;
#1926 = LINE ( 'NONE', #7708, #5524 ) ;
#1927 = CARTESIAN_POINT ( 'NONE',  ( 41.57938728771986092, 6.675808764160657646E-15, -20.10484542437428956 ) ) ;
#1928 = CARTESIAN_POINT ( 'NONE',  ( 3.354762659888404386, -21.48946141273187393, 4.467331783319997029 ) ) ;
#1929 = DIRECTION ( 'NONE',  ( 6.440804985062402444E-17, 0.000000000000000000, -1.000000000000000000 ) ) ;
#1930 = CARTESIAN_POINT ( 'NONE',  ( 39.13920883504688675, 7.956198987348374274, 18.73260510360501385 ) ) ;
#1931 = ORIENTED_EDGE ( 'NONE', *, *, #6552, .F. ) ;
#1932 = FACE_OUTER_BOUND ( 'NONE', #5156, .T. ) ;
#1933 = CARTESIAN_POINT ( 'NONE',  ( 40.30482011356620831, 9.880994492467278789, -18.15575958067197604 ) ) ;
#1934 = ORIENTED_EDGE ( 'NONE', *, *, #62, .T. ) ;
#1935 = CARTESIAN_POINT ( 'NONE',  ( 1.470967742074782425, 20.13283282442011668, 1.698103977472479986 ) ) ;
#1936 = CARTESIAN_POINT ( 'NONE',  ( 41.65899613207415797, 0.4808025833225439416, 20.20000000000000284 ) ) ;
#1937 = EDGE_CURVE ( 'NONE', #7170, #1279, #2268, .T. ) ;
#1938 = CARTESIAN_POINT ( 'NONE',  ( 37.99999999999999289, -2.477204233401909317, 20.05374211050772004 ) ) ;
#1939 = CARTESIAN_POINT ( 'NONE',  ( 40.17772357371453040, -15.09450820071089616, -16.56990856627908215 ) ) ;
#1940 = CARTESIAN_POINT ( 'NONE',  ( 41.99999999999999289, 2.775557561562891351E-14, 20.19999999999999929 ) ) ;
#1941 = CARTESIAN_POINT ( 'NONE',  ( 38.00000000000000000, 21.55968674681321673, 5.293383358428374486 ) ) ;
#1942 = ORIENTED_EDGE ( 'NONE', *, *, #7060, .F. ) ;
#1943 = DIRECTION ( 'NONE',  ( 1.000000000000000000, 0.000000000000000000, 0.000000000000000000 ) ) ;
#1944 = CARTESIAN_POINT ( 'NONE',  ( 41.11107703367843413, 1.326811633257693135, -20.08984196216405138 ) ) ;
#1945 = ADVANCED_FACE ( 'NONE', ( #6352 ), #6973, .F. ) ;
#1946 = CARTESIAN_POINT ( 'NONE',  ( 38.00000000000000000, -19.10255753355021824, -10.76718606124198807 ) ) ;
#1947 = CARTESIAN_POINT ( 'NONE',  ( 40.07721451716068373, -9.124110267379785810, -18.26684145346153798 ) ) ;
#1948 = CARTESIAN_POINT ( 'NONE',  ( 39.41442458138376281, 15.05865200620466204, -14.32810843525883193 ) ) ;
#1949 = CARTESIAN_POINT ( 'NONE',  ( 59.50000000000001421, -11.50000000000000000, 7.840781991753383597E-16 ) ) ;
#1950 = VERTEX_POINT ( 'NONE', #703 ) ;
#1951 = ORIENTED_EDGE ( 'NONE', *, *, #2773, .F. ) ;
#1952 = EDGE_LOOP ( 'NONE', ( #4018, #6957, #221, #4470 ) ) ;
#1953 = CARTESIAN_POINT ( 'NONE',  ( 38.00000000000000000, -18.28351446246255207, -12.59178696217985838 ) ) ;
#1954 = DIRECTION ( 'NONE',  ( 0.000000000000000000, 0.000000000000000000, 1.000000000000000000 ) ) ;
#1955 = EDGE_CURVE ( 'NONE', #2139, #2486, #1415, .T. ) ;
#1956 = FACE_OUTER_BOUND ( 'NONE', #1719, .T. ) ;
#1957 = CARTESIAN_POINT ( 'NONE',  ( 17.12411561483696332, -19.86939916790550242, -3.639639639639637991 ) ) ;
#1958 = CARTESIAN_POINT ( 'NONE',  ( 39.78799465819024306, 15.09131124029492277, -15.02863362237427225 ) ) ;
#1959 = DIRECTION ( 'NONE',  ( -1.000000000000000000, -0.000000000000000000, -6.505213034913026604E-17 ) ) ;
#1960 = CARTESIAN_POINT ( 'NONE',  ( 38.60625991045112215, 39.99778735226501425, -20.19999999999999929 ) ) ;
#1961 = ORIENTED_EDGE ( 'NONE', *, *, #4766, .T. ) ;
#1962 = CARTESIAN_POINT ( 'NONE',  ( 39.98861581292111822, -6.113587753264376978, -19.26271152102608397 ) ) ;
#1963 = CARTESIAN_POINT ( 'NONE',  ( 38.00000000000000000, 0.000000000000000000, 0.000000000000000000 ) ) ;
#1964 = CARTESIAN_POINT ( 'NONE',  ( 42.50952484432454526, -5.953975498173089242, -19.98607021057390654 ) ) ;
#1965 = CARTESIAN_POINT ( 'NONE',  ( 16.38759021281741113, -19.61737262547869420, -4.816501974786188356 ) ) ;
#1966 = CARTESIAN_POINT ( 'NONE',  ( 38.00000000000000000, -40.11625195157545676, -20.19999999999998153 ) ) ;
#1967 = FACE_OUTER_BOUND ( 'NONE', #3922, .T. ) ;
#1968 = VERTEX_POINT ( 'NONE', #5575 ) ;
#1969 = DIRECTION ( 'NONE',  ( 0.000000000000000000, -0.1801801801801791447, -0.9836336221735398899 ) ) ;
#1970 = CARTESIAN_POINT ( 'NONE',  ( 40.18545476342626444, 14.50227094979311815, -16.66839538291950262 ) ) ;
#1971 = ORIENTED_EDGE ( 'NONE', *, *, #8007, .T. ) ;
#1972 = CARTESIAN_POINT ( 'NONE',  ( 40.78718750826717354, 4.612927540808981597, 20.12081365673240185 ) ) ;
#1973 = AXIS2_PLACEMENT_3D ( 'NONE', #3005, #3695, #585 ) ;
#1974 = CARTESIAN_POINT ( 'NONE',  ( 38.22123085727671565, 2.695305389757264394E-15, -20.20000000000000284 ) ) ;
#1975 = CARTESIAN_POINT ( 'NONE',  ( 40.67619118669973233, 6.510387287677740385E-15, -20.11947903340827892 ) ) ;
#1976 = DIRECTION ( 'NONE',  ( 0.000000000000000000, -1.000000000000000000, -0.000000000000000000 ) ) ;
#1977 = CARTESIAN_POINT ( 'NONE',  ( 45.00000000000000000, -9.438470332751062841, -20.20000000000000284 ) ) ;
#1978 = DIRECTION ( 'NONE',  ( -1.000000000000000000, 0.000000000000000000, 3.435095992033281961E-16 ) ) ;
#1979 = ORIENTED_EDGE ( 'NONE', *, *, #5606, .F. ) ;
#1980 = AXIS2_PLACEMENT_3D ( 'NONE', #309, #3297, #225 ) ;
#1981 = EDGE_CURVE ( 'NONE', #5512, #2529, #7587, .T. ) ;
#1982 = CARTESIAN_POINT ( 'NONE',  ( 40.03884215307615335, 7.346726745311753071, 19.45826310063200637 ) ) ;
#1983 = EDGE_LOOP ( 'NONE', ( #7940, #6529, #6591 ) ) ;
#1984 = DIRECTION ( 'NONE',  ( -8.673617379884027583E-16, 0.000000000000000000, 1.000000000000000000 ) ) ;
#1985 = DIRECTION ( 'NONE',  ( 0.000000000000000000, 0.000000000000000000, -1.000000000000000000 ) ) ;
#1986 = CARTESIAN_POINT ( 'NONE',  ( 40.66872152033781163, -7.445747219451866350, -19.08656485180163642 ) ) ;
#1987 = LINE ( 'NONE', #5593, #5656 ) ;
#1988 = CARTESIAN_POINT ( 'NONE',  ( 50.00000000000000000, -36.50000000000000000, 3.850000000000000533 ) ) ;
#1989 = EDGE_CURVE ( 'NONE', #8091, #7455, #6725, .T. ) ;
#1990 = VECTOR ( 'NONE', #5689, 1000.000000000000000 ) ;
#1991 = VERTEX_POINT ( 'NONE', #344 ) ;
#1992 = DIRECTION ( 'NONE',  ( 0.000000000000000000, 0.000000000000000000, -1.000000000000000000 ) ) ;
#1993 = CARTESIAN_POINT ( 'NONE',  ( 40.12223824641452552, 2.073060976677865153, 20.12460818704836640 ) ) ;
#1994 = CARTESIAN_POINT ( 'NONE',  ( 39.39042816887519649, 5.520138105606763546, 19.53254150859914873 ) ) ;
#1995 = CARTESIAN_POINT ( 'NONE',  ( 59.48553782314716898, 10.53445521858798628, 3.227904623155861685 ) ) ;
#1996 = CARTESIAN_POINT ( 'NONE',  ( 42.69949493661162165, 45.00000000000000000, 17.19999999999999929 ) ) ;
#1997 = CARTESIAN_POINT ( 'NONE',  ( 41.05204288430990545, 33.24273365177521811, -20.20000000000155893 ) ) ;
#1998 = DIRECTION ( 'NONE',  ( 1.000000000000000000, 0.000000000000000000, 0.000000000000000000 ) ) ;
#1999 = EDGE_CURVE ( 'NONE', #5477, #6082, #1041, .T. ) ;
#2000 = CARTESIAN_POINT ( 'NONE',  ( 38.00000000000000711, -7.022589498618506454, -18.94074325722422358 ) ) ;
#2001 = DIRECTION ( 'NONE',  ( 3.873525483907645935E-18, 0.9994996547304627610, -0.03162973590919884032 ) ) ;
#2002 = CARTESIAN_POINT ( 'NONE',  ( 42.62636567599252402, 6.485531936954231653E-15, -20.12184141323688280 ) ) ;
#2003 = CARTESIAN_POINT ( 'NONE',  ( 39.99999999999996447, -24.09389004176470550, -20.19999999999999218 ) ) ;
#2004 = CARTESIAN_POINT ( 'NONE',  ( 40.01782210105883308, 15.85267448202695384, -15.63776500775650824 ) ) ;
#2005 = CARTESIAN_POINT ( 'NONE',  ( 38.80699607511225935, 6.521140618046275428, 19.15238673060194685 ) ) ;
#2006 = AXIS2_PLACEMENT_3D ( 'NONE', #691, #7001, #200 ) ;
#2007 = ORIENTED_EDGE ( 'NONE', *, *, #6014, .T. ) ;
#2008 = EDGE_CURVE ( 'NONE', #163, #676, #7578, .T. ) ;
#2009 = CARTESIAN_POINT ( 'NONE',  ( 39.08506335652103303, 12.62738730669599185, -15.97584370869073389 ) ) ;
#2010 = ORIENTED_EDGE ( 'NONE', *, *, #4850, .F. ) ;
#2011 = AXIS2_PLACEMENT_3D ( 'NONE', #2254, #7303, #1687 ) ;
#2012 = CARTESIAN_POINT ( 'NONE',  ( 41.99999999999999289, 5.296749527356906739, 20.20000000000000284 ) ) ;
#2013 = CARTESIAN_POINT ( 'NONE',  ( 38.27495090102955544, 6.895071184642308282, -18.98921367532454241 ) ) ;
#2014 = DIRECTION ( 'NONE',  ( -1.000000000000000000, -0.000000000000000000, -0.000000000000000000 ) ) ;
#2015 = DIRECTION ( 'NONE',  ( 0.000000000000000000, 0.000000000000000000, -1.000000000000000000 ) ) ;
#2016 = CARTESIAN_POINT ( 'NONE',  ( 39.70176511710202050, 7.352652846809052178, -18.78629198822657997 ) ) ;
#2017 = DIRECTION ( 'NONE',  ( 0.000000000000000000, 0.000000000000000000, -1.000000000000000000 ) ) ;
#2018 = CARTESIAN_POINT ( 'NONE',  ( 40.02719439398116918, -11.81785145913457491, 18.57559362647467793 ) ) ;
#2019 = CIRCLE ( 'NONE', #463, 2.000000000000000000 ) ;
#2020 = CARTESIAN_POINT ( 'NONE',  ( 40.92329924289170151, 2.381346303981920709, -20.02822093783544588 ) ) ;
#2021 = CARTESIAN_POINT ( 'NONE',  ( 40.46463262833348296, 10.57426439247655026, 19.52619711418322623 ) ) ;
#2022 = ORIENTED_EDGE ( 'NONE', *, *, #6666, .T. ) ;
#2023 = DIRECTION ( 'NONE',  ( 0.000000000000000000, -0.9123004504689345984, 0.4095215355438329707 ) ) ;
#2024 = AXIS2_PLACEMENT_3D ( 'NONE', #4734, #5994, #1570 ) ;
#2025 = CARTESIAN_POINT ( 'NONE',  ( 40.97087536800593455, 6.944068156671942159E-15, -20.11376744117787041 ) ) ;
#2026 = CARTESIAN_POINT ( 'NONE',  ( 4.913576940709133645, -19.58511982884554570, 6.599282443655671848 ) ) ;
#2027 = CARTESIAN_POINT ( 'NONE',  ( 38.47673217277446156, -13.64144401290388053, -14.97740575956351350 ) ) ;
#2028 = VECTOR ( 'NONE', #7208, 1000.000000000000000 ) ;
#2029 = CARTESIAN_POINT ( 'NONE',  ( 40.56648052868227694, -7.833012558095840738, -18.93901427582152408 ) ) ;
#2030 = CIRCLE ( 'NONE', #3871, 4.100000000000055600 ) ;
#2031 = DIRECTION ( 'NONE',  ( -1.000000000000000000, 0.000000000000000000, -0.000000000000000000 ) ) ;
#2032 = CARTESIAN_POINT ( 'NONE',  ( 40.00000000000000000, 45.00000000000000000, -20.19999999999999929 ) ) ;
#2033 = ORIENTED_EDGE ( 'NONE', *, *, #5048, .T. ) ;
#2034 = ORIENTED_EDGE ( 'NONE', *, *, #2927, .F. ) ;
#2035 = CARTESIAN_POINT ( 'NONE',  ( 38.00000000000000000, 18.28351446246255563, 12.59178696217984950 ) ) ;
#2036 = AXIS2_PLACEMENT_3D ( 'NONE', #7881, #7921, #6114 ) ;
#2037 = FACE_BOUND ( 'NONE', #7592, .T. ) ;
#2038 = LINE ( 'NONE', #3190, #3189 ) ;
#2039 = CARTESIAN_POINT ( 'NONE',  ( 59.16522203370494992, 10.73673873794329126, 2.470229329406692376 ) ) ;
#2040 = ADVANCED_FACE ( 'NONE', ( #2756 ), #3384, .T. ) ;
#2041 = CARTESIAN_POINT ( 'NONE',  ( 42.63739095141624347, 15.95958119426248878, -19.61935046301704588 ) ) ;
#2042 = LINE ( 'NONE', #7088, #3588 ) ;
#2043 = CARTESIAN_POINT ( 'NONE',  ( 41.09367198116537168, 31.57614068344605940, -20.19999999999999929 ) ) ;
#2044 = DIRECTION ( 'NONE',  ( -5.204170427930415761E-15, 1.000000000000000000, 0.000000000000000000 ) ) ;
#2045 = CIRCLE ( 'NONE', #1509, 3.850000000000000533 ) ;
#2046 = LINE ( 'NONE', #6387, #2165 ) ;
#2047 = ORIENTED_EDGE ( 'NONE', *, *, #3700, .T. ) ;
#2048 = CARTESIAN_POINT ( 'NONE',  ( 38.14410811318727212, -6.825927196199955915, -19.01254610306414605 ) ) ;
#2049 = CARTESIAN_POINT ( 'NONE',  ( 41.36911888479227173, -4.636401999384260897, -19.82671144988069756 ) ) ;
#2050 = CARTESIAN_POINT ( 'NONE',  ( 42.89082854049478755, -8.898818260786089951, -19.91953975063631077 ) ) ;
#2051 = ADVANCED_FACE ( 'NONE', ( #4845 ), #288, .T. ) ;
#2052 = CARTESIAN_POINT ( 'NONE',  ( 45.00000000000000000, -24.09389004176469484, -20.19999999999999929 ) ) ;
#2053 = CARTESIAN_POINT ( 'NONE',  ( 39.13920883504687254, -7.956198987348370721, 18.73260510360501385 ) ) ;
#2054 = DIRECTION ( 'NONE',  ( 0.000000000000000000, 0.000000000000000000, 1.000000000000000000 ) ) ;
#2055 = VERTEX_POINT ( 'NONE', #580 ) ;
#2056 = CARTESIAN_POINT ( 'NONE',  ( 39.99148078355779745, 11.45452157943927851, -17.35029528947427835 ) ) ;
#2057 = ORIENTED_EDGE ( 'NONE', *, *, #4663, .T. ) ;
#2058 = PRODUCT ( 'Mast_Cap', 'Mast_Cap', '', ( #4077 ) ) ;
#2059 = CARTESIAN_POINT ( 'NONE',  ( 40.62326915463582111, 6.616095988372022521E-15, 20.17841325686596576 ) ) ;
#2060 = EDGE_CURVE ( 'NONE', #7589, #1124, #4616, .T. ) ;
#2061 = CARTESIAN_POINT ( 'NONE',  ( 38.00000000000000711, 7.022589498618510007, -18.94074325722421648 ) ) ;
#2062 = CARTESIAN_POINT ( 'NONE',  ( 10.00000000000000178, 45.00000000000000000, 8.000000000000000000 ) ) ;
#2063 = DIRECTION ( 'NONE',  ( -0.000000000000000000, 1.000000000000000000, 0.000000000000000000 ) ) ;
#2064 = CARTESIAN_POINT ( 'NONE',  ( 45.00000000000000000, -6.741764523393616315, -20.20000000000000284 ) ) ;
#2065 = CARTESIAN_POINT ( 'NONE',  ( 39.56889182165070906, -8.930973855225984082, 18.65934388477741734 ) ) ;
#2066 = CARTESIAN_POINT ( 'NONE',  ( 40.81784821696572862, 4.367888503868880612, -19.77777095159281373 ) ) ;
#2067 = ORIENTED_EDGE ( 'NONE', *, *, #6438, .F. ) ;
#2068 = CARTESIAN_POINT ( 'NONE',  ( 39.94152699329434597, 12.25381144684765289, 17.90774574909756467 ) ) ;
#2069 = VERTEX_POINT ( 'NONE', #3688 ) ;
#2070 = DIRECTION ( 'NONE',  ( 0.000000000000000000, 5.151434834260725085E-14, -1.000000000000000000 ) ) ;
#2071 = CYLINDRICAL_SURFACE ( 'NONE', #7675, 1.999999999999999112 ) ;
#2072 = CARTESIAN_POINT ( 'NONE',  ( 38.00000000000000711, -13.63788325843346882, -14.91990597263503382 ) ) ;
#2073 = CARTESIAN_POINT ( 'NONE',  ( 40.34399606716051778, -8.669712287919312033, -18.57255154153756038 ) ) ;
#2074 = CARTESIAN_POINT ( 'NONE',  ( 40.13122036385288993, -4.088862029855935276, 19.97045951093266680 ) ) ;
#2075 = DIRECTION ( 'NONE',  ( 1.948774242403888243E-17, 0.000000000000000000, -1.000000000000000000 ) ) ;
#2076 = ORIENTED_EDGE ( 'NONE', *, *, #6757, .F. ) ;
#2077 = ORIENTED_EDGE ( 'NONE', *, *, #5565, .T. ) ;
#2078 = CARTESIAN_POINT ( 'NONE',  ( 40.58578643762704274, 12.55707641300339539, 19.61421356237323010 ) ) ;
#2079 = DIRECTION ( 'NONE',  ( -1.698274294076112041E-15, 0.5671976109090026696, -0.8235817325433583136 ) ) ;
#2080 = CARTESIAN_POINT ( 'NONE',  ( 39.25404898331140657, 10.85020633520647948, 17.57075702741418866 ) ) ;
#2081 = FACE_OUTER_BOUND ( 'NONE', #1861, .T. ) ;
#2082 = CARTESIAN_POINT ( 'NONE',  ( 57.50721447289369337, 9.484160558147234354, 5.597675340193698723 ) ) ;
#2083 = DIRECTION ( 'NONE',  ( -1.000000000000000000, 0.000000000000000000, -1.948774242403888243E-17 ) ) ;
#2084 = CARTESIAN_POINT ( 'NONE',  ( 0.9999999999999940048, 1.861463134703977092E-15, -15.19999999999999929 ) ) ;
#2085 = DIRECTION ( 'NONE',  ( 0.000000000000000000, -0.9123004504689347094, -0.4095215355438328597 ) ) ;
#2086 = ORIENTED_EDGE ( 'NONE', *, *, #712, .T. ) ;
#2087 = CARTESIAN_POINT ( 'NONE',  ( 1.470967741836540998, 20.09399707970201376, 2.105392046990134158 ) ) ;
#2088 = EDGE_CURVE ( 'NONE', #101, #37, #3465, .T. ) ;
#2089 = CARTESIAN_POINT ( 'NONE',  ( 39.28356701255960104, -6.265776990410254044, -19.16876566626243061 ) ) ;
#2090 = DIRECTION ( 'NONE',  ( 0.000000000000000000, 0.000000000000000000, 1.000000000000000000 ) ) ;
#2091 = CARTESIAN_POINT ( 'NONE',  ( 42.95503870943254299, -16.00808899210532843, -19.77486006351777803 ) ) ;
#2092 = CARTESIAN_POINT ( 'NONE',  ( 42.82460225368374296, -36.52822136249454843, -20.20000000000000284 ) ) ;
#2093 = CARTESIAN_POINT ( 'NONE',  ( 39.25404898331140657, -10.85020633520646705, 17.57075702741419576 ) ) ;
#2094 = DIRECTION ( 'NONE',  ( 0.000000000000000000, 0.000000000000000000, 1.000000000000000000 ) ) ;
#2095 = DIRECTION ( 'NONE',  ( 0.000000000000000000, 0.000000000000000000, -1.000000000000000000 ) ) ;
#2096 = CARTESIAN_POINT ( 'NONE',  ( 39.37389682525422074, 9.001866450517789886, -18.03756832583201231 ) ) ;
#2097 = EDGE_CURVE ( 'NONE', #39, #7248, #6458, .T. ) ;
#2098 = ORIENTED_EDGE ( 'NONE', *, *, #5791, .F. ) ;
#2099 = CARTESIAN_POINT ( 'NONE',  ( 40.97087536800593455, 6.944068156671942159E-15, -20.11376744117787041 ) ) ;
#2100 = CARTESIAN_POINT ( 'NONE',  ( 38.00000000000000711, 11.91767059183437460, -16.32558506366287787 ) ) ;
#2101 = B_SPLINE_CURVE_WITH_KNOTS ( 'NONE', 3,
 ( #54, #2622, #3856, #4352, #658, #5650, #1351, #623, #7505, #13, #5079, #747, #1239, #3815, #2543, #6303 ),
 .UNSPECIFIED., .F., .F.,
 ( 4, 2, 2, 2, 2, 2, 2, 4 ),
 ( 0.000000000000000000, 0.2500000000000000000, 0.5000000000000000000, 0.7499999999999998890, 0.8750000000000000000, 0.9374999999999998890, 0.9687500000000000000, 1.000000000000000000 ),
 .UNSPECIFIED. ) ;
#2102 = CARTESIAN_POINT ( 'NONE',  ( 2.793917135312664168, -18.45318784908050702, 10.59658543918796170 ) ) ;
#2103 = CARTESIAN_POINT ( 'NONE',  ( 2.401329784044083482, -21.73137519371150006, -2.528903012551474649 ) ) ;
#2104 = CARTESIAN_POINT ( 'NONE',  ( 41.28723933371358612, 5.536647297169707826, -19.69013389503222200 ) ) ;
#2105 = ORIENTED_EDGE ( 'NONE', *, *, #2811, .F. ) ;
#2106 = EDGE_CURVE ( 'NONE', #5234, #2871, #7509, .T. ) ;
#2107 = CARTESIAN_POINT ( 'NONE',  ( 39.94928558045359779, 11.70148504046446547, 18.26801409637381113 ) ) ;
#2108 = ORIENTED_EDGE ( 'NONE', *, *, #6254, .T. ) ;
#2109 = CARTESIAN_POINT ( 'NONE',  ( 39.41446739863830118, 11.78313987870417279, 17.12358276649948152 ) ) ;
#2110 = VECTOR ( 'NONE', #3043, 1000.000000000000000 ) ;
#2111 = DIRECTION ( 'NONE',  ( 1.000000000000000000, -0.000000000000000000, -0.000000000000000000 ) ) ;
#2112 = CARTESIAN_POINT ( 'NONE',  ( 38.85582566964751550, -14.26888845385644267, -14.57552418824918661 ) ) ;
#2113 = CIRCLE ( 'NONE', #5772, 15.19999999999999929 ) ;
#2114 = CARTESIAN_POINT ( 'NONE',  ( 39.80599301905007792, -15.43648283805840471, -14.73196220838467241 ) ) ;
#2115 = DIRECTION ( 'NONE',  ( 0.000000000000000000, -1.000000000000000000, -1.734723475976806897E-15 ) ) ;
#2116 = CARTESIAN_POINT ( 'NONE',  ( 38.86522477558600031, 14.82203217672011597, -14.00505336459983319 ) ) ;
#2117 = CARTESIAN_POINT ( 'NONE',  ( 19.16515138991168499, 45.00000000000000000, -1.999999999999999556 ) ) ;
#2118 = ORIENTED_EDGE ( 'NONE', *, *, #6145, .T. ) ;
#2119 = ADVANCED_FACE ( 'NONE', ( #6963 ), #4962, .F. ) ;
#2120 = ORIENTED_EDGE ( 'NONE', *, *, #4113, .T. ) ;
#2121 = CARTESIAN_POINT ( 'NONE',  ( 3.354108929761326241, -21.48978441840013431, 4.466263785628699523 ) ) ;
#2122 = CARTESIAN_POINT ( 'NONE',  ( 39.78048599975745958, 2.049077145164651004, 20.11079854967066893 ) ) ;
#2123 = DIRECTION ( 'NONE',  ( 0.000000000000000000, 0.000000000000000000, 1.000000000000000000 ) ) ;
#2124 = CARTESIAN_POINT ( 'NONE',  ( 59.13376189940546368, 10.21970444823108792, 4.087711653140905455 ) ) ;
#2125 = CARTESIAN_POINT ( 'NONE',  ( 40.99276203925818862, 30.77705835859654826, 19.94757277670851892 ) ) ;
#2126 = CARTESIAN_POINT ( 'NONE',  ( 39.75788781607015920, 31.28310289342873318, -17.37962764593652665 ) ) ;
#2127 = CARTESIAN_POINT ( 'NONE',  ( 3.176774193554176229, 21.57740464604076891, -4.176552357417743444 ) ) ;
#2128 = VECTOR ( 'NONE', #3158, 1000.000000000000000 ) ;
#2129 = CARTESIAN_POINT ( 'NONE',  ( 40.57032859821539716, -15.61197763410769213, -17.52020486377657704 ) ) ;
#2130 = ORIENTED_EDGE ( 'NONE', *, *, #2362, .F. ) ;
#2131 = CARTESIAN_POINT ( 'NONE',  ( 2.056104108680648856, 20.75914242712231683, -0.9656852202100729698 ) ) ;
#2132 = CARTESIAN_POINT ( 'NONE',  ( 38.80642947077200944, -5.605779330305662889, -19.40888777850820190 ) ) ;
#2133 = VECTOR ( 'NONE', #7538, 1000.000000000000000 ) ;
#2134 = CARTESIAN_POINT ( 'NONE',  ( 44.33358722778999805, -6.498648141173060111, -20.20000000000000284 ) ) ;
#2135 = CARTESIAN_POINT ( 'NONE',  ( 41.05204288430063286, -33.24273365177317885, -20.20000000000000639 ) ) ;
#2136 = CARTESIAN_POINT ( 'NONE',  ( 39.41562989740750567, -3.022797475154813895, 19.99539992299803615 ) ) ;
#2137 = CARTESIAN_POINT ( 'NONE',  ( 38.00000000000000000, -15.38448934780110022, 2.521405859316277809 ) ) ;
#2138 = DIRECTION ( 'NONE',  ( 1.000000000000000000, 0.000000000000000000, 0.000000000000000000 ) ) ;
#2139 = VERTEX_POINT ( 'NONE', #3847 ) ;
#2140 = DIRECTION ( 'NONE',  ( 0.000000000000000000, 0.000000000000000000, -1.000000000000000000 ) ) ;
#2141 = CARTESIAN_POINT ( 'NONE',  ( 38.00000000000000711, 10.72839813664581321, -17.13058882315435127 ) ) ;
#2142 = CARTESIAN_POINT ( 'NONE',  ( 38.22123085727671565, -0.6226764663398283162, -20.20000000000000284 ) ) ;
#2143 = EDGE_CURVE ( 'NONE', #7455, #3779, #6293, .T. ) ;
#2144 = DIRECTION ( 'NONE',  ( 1.000000000000000000, -0.000000000000000000, -3.426614273534433700E-16 ) ) ;
#2145 = DIRECTION ( 'NONE',  ( 0.000000000000000000, -0.4095215355438343585, -0.9123004504689340433 ) ) ;
#2146 = ORIENTED_EDGE ( 'NONE', *, *, #5757, .F. ) ;
#2147 = AXIS2_PLACEMENT_3D ( 'NONE', #2840, #7838, #4804 ) ;
#2148 = CARTESIAN_POINT ( 'NONE',  ( 39.90237885306682131, 11.42341090528507053, 18.22633174588807847 ) ) ;
#2149 = ORIENTED_EDGE ( 'NONE', *, *, #7522, .F. ) ;
#2150 = CARTESIAN_POINT ( 'NONE',  ( 4.964603850621692516, 20.79300777043665605, -6.225899282713347027 ) ) ;
#2151 = CARTESIAN_POINT ( 'NONE',  ( 41.60592489881926070, 4.320298024345509802, -19.90991001238420210 ) ) ;
#2152 = B_SPLINE_CURVE_WITH_KNOTS ( 'NONE', 3,
 ( #1332, #2568, #3063, #8093, #6830, #5556 ),
 .UNSPECIFIED., .F., .F.,
 ( 4, 2, 4 ),
 ( 1.213202922118369568E-06, 0.02238005439930631016, 0.04475889559569049686 ),
 .UNSPECIFIED. ) ;
#2153 = PLANE ( 'NONE',  #3876 ) ;
#2154 = ADVANCED_FACE ( 'NONE', ( #4423 ), #6340, .F. ) ;
#2155 = CARTESIAN_POINT ( 'NONE',  ( 56.71751442127218468, -9.334077351297215941, 6.717514421272206881 ) ) ;
#2156 = CARTESIAN_POINT ( 'NONE',  ( 41.34218897962173145, -6.828765855331154100, -19.51488222214302226 ) ) ;
#2157 = CARTESIAN_POINT ( 'NONE',  ( 40.16606456726380969, -4.560921914158535984, 19.93022625162651451 ) ) ;
#2158 = CARTESIAN_POINT ( 'NONE',  ( 39.73368840008082969, 5.602360472369819711, -19.38600069078249533 ) ) ;
#2159 = CARTESIAN_POINT ( 'NONE',  ( 38.00000000000000711, 2.568890767361130312, -20.04649052812742482 ) ) ;
#2160 = ORIENTED_EDGE ( 'NONE', *, *, #2261, .T. ) ;
#2161 = EDGE_LOOP ( 'NONE', ( #7122, #705, #1457, #6918 ) ) ;
#2162 = AXIS2_PLACEMENT_3D ( 'NONE', #3547, #3429, #2187 ) ;
#2163 = CARTESIAN_POINT ( 'NONE',  ( 39.79788056492245119, 6.576794104372863714, 19.44887118591034536 ) ) ;
#2164 = DIRECTION ( 'NONE',  ( 0.000000000000000000, 0.000000000000000000, 1.000000000000000000 ) ) ;
#2165 = VECTOR ( 'NONE', #3972, 1000.000000000000000 ) ;
#2166 = DIRECTION ( 'NONE',  ( 0.000000000000000000, 0.000000000000000000, -1.000000000000000000 ) ) ;
#2167 = ADVANCED_FACE ( 'NONE', ( #2536 ), #6845, .F. ) ;
#2168 = CARTESIAN_POINT ( 'NONE',  ( 38.00000000000000000, -21.83666641225257976, -4.000000000000000000 ) ) ;
#2169 = DIRECTION ( 'NONE',  ( 0.000000000000000000, -1.000000000000000000, 0.000000000000000000 ) ) ;
#2170 = CARTESIAN_POINT ( 'NONE',  ( 44.46031644170327013, 30.68021870852157917, -20.19999999999999929 ) ) ;
#2171 = CARTESIAN_POINT ( 'NONE',  ( 38.00000000000000000, -21.83666641225257976, -4.000000000000000000 ) ) ;
#2172 = CARTESIAN_POINT ( 'NONE',  ( 40.01782210105883308, -15.85267448202695384, -15.63776500775650824 ) ) ;
#2173 = AXIS2_PLACEMENT_3D ( 'NONE', #5697, #98, #2590 ) ;
#2174 = CARTESIAN_POINT ( 'NONE',  ( 1.470967742034411385, 19.99439630732723572, 2.902673013169240424 ) ) ;
#2175 = CARTESIAN_POINT ( 'NONE',  ( 45.00000000000000000, -7.415940975732978835, -20.20000000000000284 ) ) ;
#2176 = CARTESIAN_POINT ( 'NONE',  ( 38.00000000000000711, -12.50134765991519181, -15.88432436992091112 ) ) ;
#2177 = PRODUCT_DEFINITION_FORMATION_WITH_SPECIFIED_SOURCE ( 'ANY', '', #2058, .NOT_KNOWN. ) ;
#2178 = CARTESIAN_POINT ( 'NONE',  ( 38.56048368748255228, -0.3921184289405392209, 20.19897430162275498 ) ) ;
#2179 = CARTESIAN_POINT ( 'NONE',  ( 45.00000000000000711, -16.18023485614467916, -20.19999999999999929 ) ) ;
#2180 = CIRCLE ( 'NONE', #1906, 10.00000000000000000 ) ;
#2181 = ORIENTED_EDGE ( 'NONE', *, *, #5255, .F. ) ;
#2182 = AXIS2_PLACEMENT_3D ( 'NONE', #4424, #5683, #3889 ) ;
#2183 = CARTESIAN_POINT ( 'NONE',  ( 37.99999999999999289, 14.72255604027581199, -13.83063063063062792 ) ) ;
#2184 = DIRECTION ( 'NONE',  ( 0.000000000000000000, -1.000000000000000000, 0.000000000000000000 ) ) ;
#2185 = CARTESIAN_POINT ( 'NONE',  ( 40.63145147853082761, -2.625303519772402616, -19.99945805417144129 ) ) ;
#2186 = CARTESIAN_POINT ( 'NONE',  ( 38.00000000000000000, -39.13940053353142901, 19.76150225234467328 ) ) ;
#2187 = DIRECTION ( 'NONE',  ( 0.000000000000000000, 0.4095215355438343585, 0.9123004504689340433 ) ) ;
#2188 = CARTESIAN_POINT ( 'NONE',  ( 41.28103819452384471, 3.308976403050787329, -19.95808856152891764 ) ) ;
#2189 = ORIENTED_EDGE ( 'NONE', *, *, #1069, .F. ) ;
#2190 = ORIENTED_EDGE ( 'NONE', *, *, #6220, .F. ) ;
#2191 = CARTESIAN_POINT ( 'NONE',  ( 2.986547702083425015, -21.67139462126509031, -3.865779692645162857 ) ) ;
#2192 = VERTEX_POINT ( 'NONE', #1921 ) ;
#2193 = CARTESIAN_POINT ( 'NONE',  ( 4.692053281753723049, 19.32185036089896357, -6.006214127134398950 ) ) ;
#2194 = EDGE_CURVE ( 'NONE', #4414, #685, #2395, .T. ) ;
#2195 = CARTESIAN_POINT ( 'NONE',  ( 41.77245675018148319, 9.172757025957507082, -19.41459243354437447 ) ) ;
#2196 = CARTESIAN_POINT ( 'NONE',  ( 38.32875092964194153, 0.9095185656269383356, 20.18506035101780327 ) ) ;
#2197 = CARTESIAN_POINT ( 'NONE',  ( 1.470967741935480966, 16.63635099737583900, 11.45739174036184593 ) ) ;
#2198 = CARTESIAN_POINT ( 'NONE',  ( 41.28186520226581280, -9.668453475275358144, -19.02980926556261920 ) ) ;
#2199 = CARTESIAN_POINT ( 'NONE',  ( 40.33904038532154601, -11.65407685438014518, 19.31347084459721941 ) ) ;
#2200 = CARTESIAN_POINT ( 'NONE',  ( 39.51707293072826843, 2.691047160786035786, -20.00195840907143108 ) ) ;
#2201 = DIRECTION ( 'NONE',  ( 1.000000000000000000, 0.000000000000000000, 0.000000000000000000 ) ) ;
#2202 = VERTEX_POINT ( 'NONE', #6 ) ;
#2203 = ORIENTED_EDGE ( 'NONE', *, *, #4953, .T. ) ;
#2204 = EDGE_CURVE ( 'NONE', #3723, #1300, #2495, .T. ) ;
#2205 = CARTESIAN_POINT ( 'NONE',  ( 39.64444251950185816, 10.61697803671442664, 18.10510587895566204 ) ) ;
#2206 = CARTESIAN_POINT ( 'NONE',  ( 32.94213245116441868, 41.18700821124066636, 20.19999999999999929 ) ) ;
#2207 = DIRECTION ( 'NONE',  ( -1.000000000000000000, -0.000000000000000000, -0.000000000000000000 ) ) ;
#2208 = FACE_OUTER_BOUND ( 'NONE', #3914, .T. ) ;
#2209 = DIRECTION ( 'NONE',  ( 0.000000000000000000, 0.9836336221735396679, 0.1801801801801800884 ) ) ;
#2210 = FACE_OUTER_BOUND ( 'NONE', #154, .T. ) ;
#2211 = CARTESIAN_POINT ( 'NONE',  ( 39.05612815434692209, -9.947049668847711246, -17.47942007804313036 ) ) ;
#2212 = DIRECTION ( 'NONE',  ( 0.000000000000000000, 0.000000000000000000, 1.000000000000000000 ) ) ;
#2213 = ADVANCED_FACE ( 'NONE', ( #3806 ), #6970, .F. ) ;
#2214 = DIRECTION ( 'NONE',  ( 0.000000000000000000, 1.000000000000000000, 0.000000000000000000 ) ) ;
#2215 = CARTESIAN_POINT ( 'NONE',  ( 45.00000000000000711, -14.83188195146597010, -20.20000000000000284 ) ) ;
#2216 = CARTESIAN_POINT ( 'NONE',  ( 39.63150860965484412, -32.84447674796312100, -17.85300542581438066 ) ) ;
#2217 = CARTESIAN_POINT ( 'NONE',  ( 5.778820846884376472, 20.50729220328680569, 6.804394052523377034 ) ) ;
#2218 = CARTESIAN_POINT ( 'NONE',  ( 37.17362906404271428, -45.00000000000000000, 20.19999999999999574 ) ) ;
#2219 = CARTESIAN_POINT ( 'NONE',  ( 40.00000000000000000, 0.000000000000000000, 0.000000000000000000 ) ) ;
#2220 = ORIENTED_EDGE ( 'NONE', *, *, #3294, .F. ) ;
#2221 = CARTESIAN_POINT ( 'NONE',  ( 38.00000000000000000, 44.99999999999999289, -18.00773976492943262 ) ) ;
#2222 = B_SPLINE_CURVE_WITH_KNOTS ( 'NONE', 3,
 ( #3764, #6255, #647, #3147 ),
 .UNSPECIFIED., .F., .F.,
 ( 4, 4 ),
 ( 0.1128709161779100911, 0.1153026164047875751 ),
 .UNSPECIFIED. ) ;
#2223 = CARTESIAN_POINT ( 'NONE',  ( 40.00000000000000000, -32.90734603501503130, -17.87206615462809012 ) ) ;
#2224 = CARTESIAN_POINT ( 'NONE',  ( 40.00000000000000000, 12.71219886565655699, 18.19999999999999929 ) ) ;
#2225 = CARTESIAN_POINT ( 'NONE',  ( 40.33438371180039894, -1.098504539545455350, -20.11313498718382675 ) ) ;
#2226 = CARTESIAN_POINT ( 'NONE',  ( 10.00000000000000178, -45.00200000000000244, -3.850000000000000533 ) ) ;
#2227 = CARTESIAN_POINT ( 'NONE',  ( 17.33212111192934657, -45.00200000000000244, 3.199999999999999289 ) ) ;
#2228 = CARTESIAN_POINT ( 'NONE',  ( 41.02281053344096762, 7.530667355580203726, -19.24119591153463915 ) ) ;
#2229 = ORIENTED_EDGE ( 'NONE', *, *, #7181, .T. ) ;
#2230 = CARTESIAN_POINT ( 'NONE',  ( 2.397735378900857750, -21.73074275305626912, 2.517865833326826674 ) ) ;
#2231 = VERTEX_POINT ( 'NONE', #4052 ) ;
#2232 = LINE ( 'NONE', #3433, #1881 ) ;
#2233 = CARTESIAN_POINT ( 'NONE',  ( 42.89082854049476623, 8.898818260786098833, -19.91953975063630367 ) ) ;
#2234 = CARTESIAN_POINT ( 'NONE',  ( 38.28776327976564176, 3.813264742009475849, 19.84376411245463245 ) ) ;
#2235 = CARTESIAN_POINT ( 'NONE',  ( 41.27012628866027910, -13.32423092306076207, -18.59868534391023687 ) ) ;
#2236 = CARTESIAN_POINT ( 'NONE',  ( 39.61304134818110612, -4.234515514603860886, 19.84085090263403828 ) ) ;
#2237 = CARTESIAN_POINT ( 'NONE',  ( 39.55169268621585843, 4.491006447061160145, -19.68787322254376804 ) ) ;
#2238 = EDGE_CURVE ( 'NONE', #2782, #6528, #2277, .T. ) ;
#2239 = CARTESIAN_POINT ( 'NONE',  ( 38.00000000000000711, 7.022589498618510007, -18.94074325722421648 ) ) ;
#2240 = ORIENTED_EDGE ( 'NONE', *, *, #8076, .F. ) ;
#2241 = ORIENTED_EDGE ( 'NONE', *, *, #4860, .F. ) ;
#2242 = CARTESIAN_POINT ( 'NONE',  ( 40.28056352567437415, 5.359042637834196654, 19.88730494066894749 ) ) ;
#2243 = CIRCLE ( 'NONE', #6826, 22.19999999999999574 ) ;
#2244 = CARTESIAN_POINT ( 'NONE',  ( 38.00000000000000000, 19.10255753355022179, -10.76718606124197919 ) ) ;
#2245 = CARTESIAN_POINT ( 'NONE',  ( 40.30800587162436699, -4.544385586449013914, -19.69819957211773342 ) ) ;
#2246 = CARTESIAN_POINT ( 'NONE',  ( 50.00000000000000000, -45.00000000000000000, 0.000000000000000000 ) ) ;
#2247 = EDGE_CURVE ( 'NONE', #4571, #5633, #1373, .T. ) ;
#2248 = CARTESIAN_POINT ( 'NONE',  ( 53.61408076886485929, -5.788544232082196039, 9.393950331345454430 ) ) ;
#2249 = ORIENTED_EDGE ( 'NONE', *, *, #4623, .F. ) ;
#2250 = CARTESIAN_POINT ( 'NONE',  ( 39.91538948511016116, 32.89395264563209054, 18.51823724358295920 ) ) ;
#2251 = B_SPLINE_CURVE_WITH_KNOTS ( 'NONE', 3,
 ( #5639, #4542, #5807, #1957 ),
 .UNSPECIFIED., .F., .F.,
 ( 4, 4 ),
 ( 0.04332154452991686389, 0.04473021251495820638 ),
 .UNSPECIFIED. ) ;
#2252 = AXIS2_PLACEMENT_3D ( 'NONE', #1557, #336, #5853 ) ;
#2253 = CARTESIAN_POINT ( 'NONE',  ( 38.00000000000000711, -10.72839813664580966, -17.13058882315435838 ) ) ;
#2254 = CARTESIAN_POINT ( 'NONE',  ( 1.470967741947622809, -21.57740464603882558, 5.220690446780190896 ) ) ;
#2255 = DIRECTION ( 'NONE',  ( -0.000000000000000000, 1.000000000000000000, 1.734723475976806897E-15 ) ) ;
#2256 = DIRECTION ( 'NONE',  ( -0.000000000000000000, 1.000000000000000000, -0.000000000000000000 ) ) ;
#2257 = CARTESIAN_POINT ( 'NONE',  ( 40.22014047799105896, -37.65751774649049111, -20.19999999999999218 ) ) ;
#2258 = CARTESIAN_POINT ( 'NONE',  ( 37.99999999999999289, -1.982416905372581084, 20.10865817285897705 ) ) ;
#2259 = CYLINDRICAL_SURFACE ( 'NONE', #1527, 2.000000000000000000 ) ;
#2260 = VERTEX_POINT ( 'NONE', #6467 ) ;
#2261 = EDGE_CURVE ( 'NONE', #6496, #4047, #7367, .T. ) ;
#2262 = AXIS2_PLACEMENT_3D ( 'NONE', #7988, #7425, #3036 ) ;
#2263 = CARTESIAN_POINT ( 'NONE',  ( 38.00000000000000711, 3.957176994587694896, 19.81502829747197936 ) ) ;
#2264 = CARTESIAN_POINT ( 'NONE',  ( 40.00000000000000000, -30.77705835859649852, 20.19999999999998863 ) ) ;
#2265 = CARTESIAN_POINT ( 'NONE',  ( 38.41085121154390691, -1.201228414613303208, -20.17342390271841523 ) ) ;
#2266 = ADVANCED_FACE ( 'NONE', ( #5151 ), #5767, .F. ) ;
#2267 = CARTESIAN_POINT ( 'NONE',  ( 5.241780354718063251, -19.18041166977880252, -6.448712539300606394 ) ) ;
#2268 = CIRCLE ( 'NONE', #7120, 20.19999999999999929 ) ;
#2269 = CARTESIAN_POINT ( 'NONE',  ( 40.26721807238444484, 4.158217489446529136, 19.99605008718836885 ) ) ;
#2270 = CARTESIAN_POINT ( 'NONE',  ( 40.10025288332359850, 6.529023177787840915, -19.16057318597836456 ) ) ;
#2271 = VERTEX_POINT ( 'NONE', #5240 ) ;
#2272 = CARTESIAN_POINT ( 'NONE',  ( 2.200125254967534527, -21.67699825125700386, -1.815698977143889836 ) ) ;
#2273 = VERTEX_POINT ( 'NONE', #7660 ) ;
#2274 = LINE ( 'NONE', #4708, #5417 ) ;
#2275 = VECTOR ( 'NONE', #6370, 1000.000000000000114 ) ;
#2276 = CARTESIAN_POINT ( 'NONE',  ( 41.98231599926013047, 6.836620540276259206, -19.76493780944888456 ) ) ;
#2277 = CIRCLE ( 'NONE', #2805, 2.000000000000000000 ) ;
#2278 = CARTESIAN_POINT ( 'NONE',  ( 40.00722323135526182, -15.34282237083464651, -15.66070083588418704 ) ) ;
#2279 = CARTESIAN_POINT ( 'NONE',  ( 39.73041568492968878, -2.552712166031102292, 20.06869851170060670 ) ) ;
#2280 = AXIS2_PLACEMENT_3D ( 'NONE', #6409, #798, #3176 ) ;
#2281 = DIRECTION ( 'NONE',  ( -1.000000000000000000, -0.000000000000000000, -0.000000000000000000 ) ) ;
#2282 = ORIENTED_EDGE ( 'NONE', *, *, #5871, .F. ) ;
#2283 = CARTESIAN_POINT ( 'NONE',  ( 17.33212111192934657, -20.00363613427023779, -3.199999999999999289 ) ) ;
#2284 = ORIENTED_EDGE ( 'NONE', *, *, #3207, .T. ) ;
#2285 = AXIS2_PLACEMENT_3D ( 'NONE', #4313, #2424, #3731 ) ;
#2286 = CARTESIAN_POINT ( 'NONE',  ( 18.34561231994279140, 21.01712734228368973, 2.000000000000000444 ) ) ;
#2287 = CARTESIAN_POINT ( 'NONE',  ( 39.42804105535353898, 7.529263456173188374, 19.00327831876794349 ) ) ;
#2288 = CARTESIAN_POINT ( 'NONE',  ( 41.99999999999999289, 4.237399621885526990, 20.20000000000000284 ) ) ;
#2289 = VECTOR ( 'NONE', #4021, 1000.000000000000000 ) ;
#2290 = CARTESIAN_POINT ( 'NONE',  ( 39.97589590379543267, -6.599631439609892070, -19.11174007415734621 ) ) ;
#2291 = CARTESIAN_POINT ( 'NONE',  ( 39.90743595002946620, -15.62334472367254001, -14.89245936181973740 ) ) ;
#2292 = CARTESIAN_POINT ( 'NONE',  ( 52.28858223313766018, 0.9075287084092731327, 11.85355339059325708 ) ) ;
#2293 = CARTESIAN_POINT ( 'NONE',  ( 39.20277121165054979, 36.69795463340994246, 19.10629768511899584 ) ) ;
#2294 = ORIENTED_EDGE ( 'NONE', *, *, #1206, .T. ) ;
#2295 = CARTESIAN_POINT ( 'NONE',  ( 38.52104628595604652, -8.594410694329708278, -18.25387440605793898 ) ) ;
#2296 = DIRECTION ( 'NONE',  ( 1.000000000000000000, 0.000000000000000000, 0.000000000000000000 ) ) ;
#2297 = DIRECTION ( 'NONE',  ( 0.000000000000000000, 0.000000000000000000, -1.000000000000000000 ) ) ;
#2298 = B_SPLINE_CURVE_WITH_KNOTS ( 'NONE', 3,
 ( #428, #7886, #6572, #4735, #1616, #2893, #5383, #2263, #4774, #7271, #1657, #6654, #4885, #1773 ),
 .UNSPECIFIED., .F., .F.,
 ( 4, 2, 2, 2, 2, 2, 4 ),
 ( 0.000000000000000000, 0.2500000000000000000, 0.5000000000000000000, 0.6250000000000000000, 0.7500000000000000000, 0.8750000000000000000, 1.000000000000000000 ),
 .UNSPECIFIED. ) ;
#2299 = AXIS2_PLACEMENT_3D ( 'NONE', #2836, #3414, #1601 ) ;
#2300 = EDGE_CURVE ( 'NONE', #6435, #5268, #2832, .T. ) ;
#2301 = DIRECTION ( 'NONE',  ( 0.000000000000000000, 0.000000000000000000, 1.000000000000000000 ) ) ;
#2302 = CARTESIAN_POINT ( 'NONE',  ( 40.25654086688402344, 12.50314175579209852, 19.17943170843654954 ) ) ;
#2303 = CARTESIAN_POINT ( 'NONE',  ( 10.00000000000000178, 45.00000000000000000, 0.000000000000000000 ) ) ;
#2304 = CARTESIAN_POINT ( 'NONE',  ( 38.21076874329199313, -7.826522119068653360, 18.65310723116485292 ) ) ;
#2305 = CARTESIAN_POINT ( 'NONE',  ( 1.470967741935480522, 16.74672250546050734, -11.29713020874834939 ) ) ;
#2306 = CARTESIAN_POINT ( 'NONE',  ( 40.25654086688402344, -12.50314175579210385, 19.17943170843654954 ) ) ;
#2307 = CIRCLE ( 'NONE', #4794, 2.000000000000001776 ) ;
#2308 = AXIS2_PLACEMENT_3D ( 'NONE', #1859, #4217, #6713 ) ;
#2309 = EDGE_CURVE ( 'NONE', #2468, #5264, #2042, .T. ) ;
#2310 = AXIS2_PLACEMENT_3D ( 'NONE', #3857, #748, #3247 ) ;
#2311 = CARTESIAN_POINT ( 'NONE',  ( 39.28545674318728231, -36.41894414284211479, 19.03479874283876327 ) ) ;
#2312 = CARTESIAN_POINT ( 'NONE',  ( 60.00000000000000711, -45.00000000000000000, -20.19999999999999929 ) ) ;
#2313 = CARTESIAN_POINT ( 'NONE',  ( 40.97087536800593455, 6.944068156671942159E-15, -20.11376744117787041 ) ) ;
#2314 = CARTESIAN_POINT ( 'NONE',  ( 40.47080252353138263, 9.300212636670007527, -18.45952090644732024 ) ) ;
#2315 = ORIENTED_EDGE ( 'NONE', *, *, #5255, .T. ) ;
#2316 = AXIS2_PLACEMENT_3D ( 'NONE', #3730, #49, #5603 ) ;
#2317 = CARTESIAN_POINT ( 'NONE',  ( 1.470967742008547186, -20.18298995961096409, 0.8560179807084825621 ) ) ;
#2318 = ORIENTED_EDGE ( 'NONE', *, *, #5198, .F. ) ;
#2319 = CARTESIAN_POINT ( 'NONE',  ( 41.99999999999999289, -2.648374763678432497, 20.20000000000000284 ) ) ;
#2320 = ADVANCED_FACE ( 'NONE', ( #3928 ), #6382, .T. ) ;
#2321 = CARTESIAN_POINT ( 'NONE',  ( 42.50952484432452394, 5.953975498173102565, -19.98607021057391009 ) ) ;
#2322 = CARTESIAN_POINT ( 'NONE',  ( 40.35560978170771307, -14.19215979345939083, -17.10911322284993119 ) ) ;
#2323 = CARTESIAN_POINT ( 'NONE',  ( 40.18199904716407644, -6.407229185341369870, 19.70952752458954294 ) ) ;
#2324 = CARTESIAN_POINT ( 'NONE',  ( 38.00000000000000711, 13.63788325843347948, -14.91990597263502849 ) ) ;
#2325 = EDGE_LOOP ( 'NONE', ( #6505, #5904, #4301, #7091 ) ) ;
#2326 = ORIENTED_EDGE ( 'NONE', *, *, #4691, .F. ) ;
#2327 = CARTESIAN_POINT ( 'NONE',  ( 42.00000000000000000, 45.00000000000000000, 18.19999999999999929 ) ) ;
#2328 = B_SPLINE_CURVE_WITH_KNOTS ( 'NONE', 3,
 ( #40, #8067, #574, #5071 ),
 .UNSPECIFIED., .F., .F.,
 ( 4, 4 ),
 ( 4.336808689942017736E-18, 0.001287226901250939802 ),
 .UNSPECIFIED. ) ;
#2329 = CARTESIAN_POINT ( 'NONE',  ( 40.00000000000000000, 21.83666641225257621, 4.000000000000000000 ) ) ;
#2330 = CARTESIAN_POINT ( 'NONE',  ( 38.88308788559243112, 4.638276967139443485, -19.67199202533674551 ) ) ;
#2331 = CARTESIAN_POINT ( 'NONE',  ( 40.04362545828465869, -6.300604648572532440, -19.21704586395425451 ) ) ;
#2332 = FACE_OUTER_BOUND ( 'NONE', #2539, .T. ) ;
#2333 = CARTESIAN_POINT ( 'NONE',  ( 55.98971777686227824, -7.448486147343033714, 8.152417846867736628 ) ) ;
#2334 = CARTESIAN_POINT ( 'NONE',  ( 39.64079138916484624, 34.82826516557199170, 18.76315699102836021 ) ) ;
#2335 = CARTESIAN_POINT ( 'NONE',  ( 39.64801226262580514, -11.26408410600527965, 17.79440555283427017 ) ) ;
#2336 = PRODUCT_DEFINITION_SHAPE ( 'NONE', 'NONE',  #6948 ) ;
#2337 = CARTESIAN_POINT ( 'NONE',  ( 38.09970161877014760, -10.12113155877876913, -17.49559996785077942 ) ) ;
#2338 = CARTESIAN_POINT ( 'NONE',  ( 1.470967742094637210, 20.13312925787157326, -1.694882121199724256 ) ) ;
#2339 = LINE ( 'NONE', #4841, #6739 ) ;
#2340 = CARTESIAN_POINT ( 'NONE',  ( 40.00000000000000000, 30.77705835859654826, 18.19999999999999929 ) ) ;
#2341 = CARTESIAN_POINT ( 'NONE',  ( 19.16515138991168499, -21.83666641225257976, -1.999999999999999556 ) ) ;
#2342 =( LENGTH_UNIT ( ) NAMED_UNIT ( * ) SI_UNIT ( .MILLI., .METRE. ) );
#2343 = FACE_BOUND ( 'NONE', #7041, .T. ) ;
#2344 = CARTESIAN_POINT ( 'NONE',  ( 38.00000000000000711, -3.957176994587701113, 19.81502829747198291 ) ) ;
#2345 = CARTESIAN_POINT ( 'NONE',  ( 17.12411561483696332, -19.86939916790550242, 3.639639639639641100 ) ) ;
#2346 = CARTESIAN_POINT ( 'NONE',  ( 43.94213562373090554, 45.00000000000000000, 20.19999999999999929 ) ) ;
#2347 = EDGE_CURVE ( 'NONE', #4770, #3379, #3366, .T. ) ;
#2348 = DIRECTION ( 'NONE',  ( 0.000000000000000000, -1.000000000000000000, -0.000000000000000000 ) ) ;
#2349 = CARTESIAN_POINT ( 'NONE',  ( 42.16061442263885795, -34.89313419180469111, 20.20000000000000639 ) ) ;
#2350 = VERTEX_POINT ( 'NONE', #5809 ) ;
#2351 = CARTESIAN_POINT ( 'NONE',  ( 39.31617911282922506, 4.300624190642655094E-16, 20.18172013413891008 ) ) ;
#2352 = CARTESIAN_POINT ( 'NONE',  ( 40.50407619321275376, 8.404818275875761913, 19.71541110437527422 ) ) ;
#2353 = EDGE_CURVE ( 'NONE', #3424, #7781, #5935, .T. ) ;
#2354 = CARTESIAN_POINT ( 'NONE',  ( 40.66088733412094314, 15.62267336911601845, -17.68447312592077125 ) ) ;
#2355 = ORIENTED_EDGE ( 'NONE', *, *, #1569, .F. ) ;
#2356 = CARTESIAN_POINT ( 'NONE',  ( 2.415787791821564667, -20.57606264943614605, 2.571234965952409635 ) ) ;
#2357 = ORIENTED_EDGE ( 'NONE', *, *, #4488, .T. ) ;
#2358 = CARTESIAN_POINT ( 'NONE',  ( 40.62969219088385842, -0.7947362720917361401, 20.17899678685170528 ) ) ;
#2359 = CARTESIAN_POINT ( 'NONE',  ( 42.65494820729910685, 13.14460547071453789, -19.65891045259128944 ) ) ;
#2360 = CARTESIAN_POINT ( 'NONE',  ( 39.94323758825755988, -15.72517167149177553, -14.96841123033450316 ) ) ;
#2361 = CARTESIAN_POINT ( 'NONE',  ( 40.37230623731610990, -10.70126455518017039, 19.40691323864211881 ) ) ;
#2362 = EDGE_CURVE ( 'NONE', #917, #6270, #1465, .T. ) ;
#2363 = CARTESIAN_POINT ( 'NONE',  ( 2.199468508804251599, 21.67670805702164571, -1.812803082668092092 ) ) ;
#2364 = EDGE_LOOP ( 'NONE', ( #172, #1481, #3984, #888 ) ) ;
#2365 = EDGE_CURVE ( 'NONE', #6386, #3030, #6350, .T. ) ;
#2366 = VERTEX_POINT ( 'NONE', #905 ) ;
#2367 = DIRECTION ( 'NONE',  ( 0.000000000000000000, -1.000000000000000000, 0.000000000000000000 ) ) ;
#2368 = DIRECTION ( 'NONE',  ( 0.000000000000000000, -1.000000000000000000, 0.000000000000000000 ) ) ;
#2369 = CARTESIAN_POINT ( 'NONE',  ( 39.24612266108093195, -13.89601443787155866, -15.19499431022284597 ) ) ;
#2370 = DIRECTION ( 'NONE',  ( -1.000000000000000000, -0.000000000000000000, -0.000000000000000000 ) ) ;
#2371 = ADVANCED_FACE ( 'NONE', ( #3448, #289 ), #334, .T. ) ;
#2372 = CARTESIAN_POINT ( 'NONE',  ( 53.21771078053441784, 1.530302395126060144, 10.92442484320724105 ) ) ;
#2373 = ORIENTED_EDGE ( 'NONE', *, *, #5266, .F. ) ;
#2374 = ADVANCED_FACE ( 'NONE', ( #4682 ), #1555, .T. ) ;
#2375 = DIRECTION ( 'NONE',  ( 0.000000000000000000, 0.000000000000000000, -1.000000000000000000 ) ) ;
#2376 = CARTESIAN_POINT ( 'NONE',  ( 2.899440571443471892, 19.15696293410671913, 6.407087570906232266 ) ) ;
#2377 = DIRECTION ( 'NONE',  ( 6.123233995736804246E-17, 1.827908910271127899E-15, -1.000000000000000000 ) ) ;
#2378 = VECTOR ( 'NONE', #7617, 1000.000000000000000 ) ;
#2379 = DIRECTION ( 'NONE',  ( -1.000000000000000000, -0.000000000000000000, -0.000000000000000000 ) ) ;
#2380 = CARTESIAN_POINT ( 'NONE',  ( 40.00000000000000000, 21.83666641225257976, 2.000000000000000000 ) ) ;
#2381 = CARTESIAN_POINT ( 'NONE',  ( 40.00000000000000000, 45.00000000000000000, 15.81547952985888195 ) ) ;
#2382 = LINE ( 'NONE', #4922, #7743 ) ;
#2383 = CARTESIAN_POINT ( 'NONE',  ( 38.00000000000000711, -9.741317837371088473, 17.72708248513180962 ) ) ;
#2384 = CARTESIAN_POINT ( 'NONE',  ( 38.00000000000000000, 18.28351446246255918, 12.59178696217984950 ) ) ;
#2385 = LINE ( 'NONE', #426, #4504 ) ;
#2386 = AXIS2_PLACEMENT_3D ( 'NONE', #2513, #7403, #6786 ) ;
#2387 = CARTESIAN_POINT ( 'NONE',  ( 41.85482726222016225, -4.136700847114444635, -19.97104035218358220 ) ) ;
#2388 =( BOUNDED_SURFACE ( )  B_SPLINE_SURFACE ( 2, 3, ( 
 ( #3503, #3571, #4765, #7878, #5378, #6648, #1036, #1689, #3538, #6025, #422, #457, #2958, #5451, #7953, #2340 ),
 ( #4842, #7341, #6175, #1875, #1153, #535, #617, #4306, #4267, #6256, #4342, #1805, #2997, #1763, #6882, #4993 ),
 ( #6766, #8024, #5488, #3726, #3148, #1268, #577, #1112, #6108, #3646, #3074, #6141, #5031, #5566, #3609, #6803 ) ),
 .UNSPECIFIED., .F., .F., .T. ) 
 B_SPLINE_SURFACE_WITH_KNOTS ( ( 3, 3 ),
 ( 4, 2, 2, 2, 2, 2, 2, 4 ),
 ( 0.000000000000000000, 1.000000000000000000 ),
 ( 0.000000000000000000, 0.0003608895475921981280, 0.0007217790951843962560, 0.001443558190368792512, 0.002887116380737585024, 0.005774232761475170048, 0.008661349142212754204, 0.01154846552295034010 ),
 .UNSPECIFIED. ) 
 GEOMETRIC_REPRESENTATION_ITEM ( )  RATIONAL_B_SPLINE_SURFACE ( (
 ( 1.000000000000000000, 1.000000000000000000, 1.000000000000000000, 1.000000000000000000, 1.000000000000000000, 1.000000000000000000, 1.000000000000000000, 1.000000000000000000, 1.000000000000000000, 1.000000000000000000, 1.000000000000000000, 1.000000000000000000, 1.000000000000000000, 1.000000000000000000, 1.000000000000000000, 1.000000000000000000),
 ( 0.9778293436149619877, 0.9777791996863004487, 0.9771671499261047611, 0.9756932554422612647, 0.9747991864170987286, 0.9718995164571679890, 0.9696721272661624758, 0.9625250288897240214, 0.9571221291425970890, 0.9388575446597066110, 0.9239529464149804916, 0.8826446883054079873, 0.8556612686052338379, 0.7862815846679764853, 0.7432410437431623551, 0.7071067811865475727),
 ( 1.000000000000000000, 1.000000000000000000, 1.000000000000000000, 1.000000000000000000, 1.000000000000000000, 1.000000000000000000, 1.000000000000000000, 1.000000000000000000, 1.000000000000000000, 1.000000000000000000, 1.000000000000000000, 1.000000000000000000, 1.000000000000000000, 1.000000000000000000, 1.000000000000000000, 1.000000000000000000) ) ) 
 REPRESENTATION_ITEM ( '' )  SURFACE ( )  );
#2389 = CARTESIAN_POINT ( 'NONE',  ( 58.44437032489299355, -10.31228606787789026, 5.365948514198195518 ) ) ;
#2390 = CARTESIAN_POINT ( 'NONE',  ( 41.52569155931007572, -38.48738722523077627, 20.19999999999999574 ) ) ;
#2391 = CARTESIAN_POINT ( 'NONE',  ( 38.33147715058559157, 0.4479419423997281213, 20.20000000000000284 ) ) ;
#2392 = ORIENTED_EDGE ( 'NONE', *, *, #3155, .F. ) ;
#2393 = CARTESIAN_POINT ( 'NONE',  ( 39.96164551392365638, 2.731065531117129238E-15, 20.17562402875952543 ) ) ;
#2394 = DIRECTION ( 'NONE',  ( 0.000000000000000000, 0.000000000000000000, 1.000000000000000000 ) ) ;
#2395 = CIRCLE ( 'NONE', #1355, 2.000000000000000000 ) ;
#2396 = CARTESIAN_POINT ( 'NONE',  ( 40.42224454950842016, 11.57937350937847931, -17.76609536773263187 ) ) ;
#2397 = CARTESIAN_POINT ( 'NONE',  ( 41.99999999999999289, 0.5296749527357025311, 20.20000000000000284 ) ) ;
#2398 = ORIENTED_EDGE ( 'NONE', *, *, #6802, .T. ) ;
#2399 = CARTESIAN_POINT ( 'NONE',  ( 40.33548100992266683, -0.8318716958218128621, 20.17293433670241853 ) ) ;
#2400 = CARTESIAN_POINT ( 'NONE',  ( 45.00000000000000711, 16.18023485614470047, -20.20000000000000639 ) ) ;
#2401 = ADVANCED_FACE ( 'NONE', ( #5389 ), #1125, .F. ) ;
#2402 = CARTESIAN_POINT ( 'NONE',  ( 41.11107703367843413, 1.326811633257693135, -20.08984196216405138 ) ) ;
#2403 = CARTESIAN_POINT ( 'NONE',  ( 2.199468508805279221, -21.67670805702207559, 1.812803082672574506 ) ) ;
#2404 = CARTESIAN_POINT ( 'NONE',  ( 40.15502322270447166, -12.49341880325002840, 18.97432848268800498 ) ) ;
#2405 = CARTESIAN_POINT ( 'NONE',  ( 2.050141733625180152, 21.59180941740203252, -0.9127698881499132222 ) ) ;
#2406 = ORIENTED_EDGE ( 'NONE', *, *, #1260, .F. ) ;
#2407 = ORIENTED_EDGE ( 'NONE', *, *, #1293, .T. ) ;
#2408 = LINE ( 'NONE', #1218, #6094 ) ;
#2409 = ADVANCED_FACE ( 'NONE', ( #2500 ), #38, .F. ) ;
#2410 = CARTESIAN_POINT ( 'NONE',  ( 3.176774193548385750, 21.57740464604363240, 4.176552357408286120 ) ) ;
#2411 = AXIS2_PLACEMENT_3D ( 'NONE', #2786, #5286, #7787 ) ;
#2412 = CARTESIAN_POINT ( 'NONE',  ( 39.08506335652105435, -12.62738730669599541, -15.97584370869073389 ) ) ;
#2413 = CARTESIAN_POINT ( 'NONE',  ( 37.17362906404271428, -45.00000000000000000, -20.19999999999999929 ) ) ;
#2414 = CARTESIAN_POINT ( 'NONE',  ( 52.82221418964256543, 3.579438544145413736, 11.31992143408835183 ) ) ;
#2415 = ORIENTED_EDGE ( 'NONE', *, *, #1665, .F. ) ;
#2416 = ORIENTED_EDGE ( 'NONE', *, *, #3329, .T. ) ;
#2417 = CARTESIAN_POINT ( 'NONE',  ( 38.00000000000000000, -19.10255753355021824, 10.76718606124198985 ) ) ;
#2418 = CARTESIAN_POINT ( 'NONE',  ( 0.000000000000000000, 0.000000000000000000, 0.000000000000000000 ) ) ;
#2419 = EDGE_CURVE ( 'NONE', #7239, #4443, #7503, .T. ) ;
#2420 = CARTESIAN_POINT ( 'NONE',  ( 10.00000000000000355, 45.00200000000000244, 8.000000000000000000 ) ) ;
#2421 = FACE_OUTER_BOUND ( 'NONE', #3641, .T. ) ;
#2422 = CARTESIAN_POINT ( 'NONE',  ( 38.37314874518676788, -6.654575393248892468, 19.10820300274699335 ) ) ;
#2423 = FACE_OUTER_BOUND ( 'NONE', #5466, .T. ) ;
#2424 = DIRECTION ( 'NONE',  ( -1.948774242403888243E-17, 0.000000000000000000, 1.000000000000000000 ) ) ;
#2425 = AXIS2_PLACEMENT_3D ( 'NONE', #2418, #1152, #1804 ) ;
#2426 = CARTESIAN_POINT ( 'NONE',  ( 42.05607155808163355, -10.41615721809576556, -19.46472378197968567 ) ) ;
#2427 = CARTESIAN_POINT ( 'NONE',  ( 39.89143342815300031, 12.16619113706844502, 17.78725905563649690 ) ) ;
#2428 = CIRCLE ( 'NONE', #3218, 1.999999999999999334 ) ;
#2429 = CARTESIAN_POINT ( 'NONE',  ( 39.82521952934297360, -40.57914249102599058, 20.19999999999999929 ) ) ;
#2430 = CARTESIAN_POINT ( 'NONE',  ( 39.14234869736510092, 3.410879306625441476, 19.93619556044976804 ) ) ;
#2431 = CIRCLE ( 'NONE', #1777, 1.999999999999999112 ) ;
#2432 = VERTEX_POINT ( 'NONE', #699 ) ;
#2433 = CARTESIAN_POINT ( 'NONE',  ( 40.58289185184715819, -10.46128955996804244, 19.61131897659336332 ) ) ;
#2434 = PLANE ( 'NONE',  #5455 ) ;
#2435 = CARTESIAN_POINT ( 'NONE',  ( 40.35560978170771307, 14.19215979345941214, -17.10911322284993830 ) ) ;
#2436 = EDGE_LOOP ( 'NONE', ( #601, #5700, #6459, #2022 ) ) ;
#2437 = CARTESIAN_POINT ( 'NONE',  ( 41.99999999999999289, -4.237399621885502121, 20.20000000000000284 ) ) ;
#2438 = CARTESIAN_POINT ( 'NONE',  ( 17.33212111192934657, -45.00000000000000000, 3.199999999999999289 ) ) ;
#2439 = CARTESIAN_POINT ( 'NONE',  ( 38.00000000000000000, 45.00000000000000000, -4.000000000000000000 ) ) ;
#2440 = AXIS2_PLACEMENT_3D ( 'NONE', #841, #6410, #2643 ) ;
#2441 = DIRECTION ( 'NONE',  ( -1.000000000000000000, -0.000000000000000000, -0.000000000000000000 ) ) ;
#2442 = LINE ( 'NONE', #4329, #4802 ) ;
#2443 = ORIENTED_EDGE ( 'NONE', *, *, #4868, .T. ) ;
#2444 = ADVANCED_FACE ( 'NONE', ( #5205 ), #46, .F. ) ;
#2445 = VERTEX_POINT ( 'NONE', #7011 ) ;
#2446 = CARTESIAN_POINT ( 'NONE',  ( 38.26421770924478949, 7.217103131733161980, -18.86852965602373189 ) ) ;
#2447 = CARTESIAN_POINT ( 'NONE',  ( 41.22932292427412904, -2.648551968764728315, -20.01271647136836762 ) ) ;
#2448 = CARTESIAN_POINT ( 'NONE',  ( 40.44103688209434466, -6.637872318745646538, -19.22112631378696079 ) ) ;
#2449 = CARTESIAN_POINT ( 'NONE',  ( 38.00000000000000000, 16.63635099737583900, -11.45739174036184593 ) ) ;
#2450 = CARTESIAN_POINT ( 'NONE',  ( 38.63065460901719916, 5.717554427564392583, -19.37899012570257185 ) ) ;
#2451 = CARTESIAN_POINT ( 'NONE',  ( 40.80448097046220113, -12.59389620362046713, 19.83290809520836007 ) ) ;
#2452 = ORIENTED_EDGE ( 'NONE', *, *, #5403, .F. ) ;
#2453 = EDGE_LOOP ( 'NONE', ( #2974, #698, #3663, #2659, #260 ) ) ;
#2454 = ADVANCED_FACE ( 'NONE', ( #5159 ), #6969, .T. ) ;
#2455 = ORIENTED_EDGE ( 'NONE', *, *, #3012, .T. ) ;
#2456 = DIRECTION ( 'NONE',  ( -1.000000000000000000, 0.000000000000000000, 0.000000000000000000 ) ) ;
#2457 = CARTESIAN_POINT ( 'NONE',  ( 10.00000000000000178, 45.00200000000000244, 0.000000000000000000 ) ) ;
#2458 = CYLINDRICAL_SURFACE ( 'NONE', #6178, 20.19999999999999929 ) ;
#2459 = CARTESIAN_POINT ( 'NONE',  ( 39.92467199442937442, 15.22729893443441362, -15.33074541311977512 ) ) ;
#2460 = CARTESIAN_POINT ( 'NONE',  ( 1.470967741935480078, -19.15696293410671913, -6.407087570906241147 ) ) ;
#2461 = CARTESIAN_POINT ( 'NONE',  ( 50.00000000000000000, -36.50000000000000000, 0.000000000000000000 ) ) ;
#2462 = CARTESIAN_POINT ( 'NONE',  ( 44.15260735608124776, 32.26151352560559360, -20.19999999999999929 ) ) ;
#2463 = DIRECTION ( 'NONE',  ( -0.7071067811865465735, 0.000000000000000000, -0.7071067811865484609 ) ) ;
#2464 = EDGE_CURVE ( 'NONE', #4743, #6133, #4758, .T. ) ;
#2465 = CARTESIAN_POINT ( 'NONE',  ( 40.00000000000000711, 12.62968487826703701, 18.19999999999999929 ) ) ;
#2466 = DIRECTION ( 'NONE',  ( 1.000000000000000000, 0.000000000000000000, 0.000000000000000000 ) ) ;
#2467 = CARTESIAN_POINT ( 'NONE',  ( 39.53097445725842363, 1.661927088235212180, 20.12878840857374740 ) ) ;
#2468 = VERTEX_POINT ( 'NONE', #3851 ) ;
#2469 = CARTESIAN_POINT ( 'NONE',  ( 21.49634215345128041, 32.46462891635052728, -16.76527143752123195 ) ) ;
#2470 = CARTESIAN_POINT ( 'NONE',  ( 6.078395854880398019, 20.41738609123282444, -6.972877521438386239 ) ) ;
#2471 = CARTESIAN_POINT ( 'NONE',  ( 40.49330834431875559, 11.37227845891524680, -17.90766935353479283 ) ) ;
#2472 = VERTEX_POINT ( 'NONE', #1473 ) ;
#2473 = CARTESIAN_POINT ( 'NONE',  ( 41.70665752963257944, -5.661987566112280490, 20.20000000000000284 ) ) ;
#2474 = CARTESIAN_POINT ( 'NONE',  ( 40.23239868470636083, 3.634518380522055558, 20.03268137362097079 ) ) ;
#2475 = CARTESIAN_POINT ( 'NONE',  ( 40.00000000000000000, 21.83666641225257976, -4.000000000000000000 ) ) ;
#2476 = CARTESIAN_POINT ( 'NONE',  ( 41.00892453187512388, -14.55500538500379903, -18.21361659884712481 ) ) ;
#2477 = CARTESIAN_POINT ( 'NONE',  ( 38.61460235091702486, 38.45348118315351371, 19.55965730632139810 ) ) ;
#2478 = DIRECTION ( 'NONE',  ( 0.000000000000000000, 0.000000000000000000, 1.000000000000000000 ) ) ;
#2479 = ORIENTED_EDGE ( 'NONE', *, *, #1989, .F. ) ;
#2480 = ORIENTED_EDGE ( 'NONE', *, *, #4509, .F. ) ;
#2481 = DIRECTION ( 'NONE',  ( -1.000000000000000000, -0.000000000000000000, -0.000000000000000000 ) ) ;
#2482 = EDGE_CURVE ( 'NONE', #3753, #1991, #5249, .T. ) ;
#2483 = CARTESIAN_POINT ( 'NONE',  ( 40.86057123840232208, -4.848392622436588084, -19.70322091943298304 ) ) ;
#2484 = CARTESIAN_POINT ( 'NONE',  ( 40.81487141521586182, 1.323420613184927541, -20.09558304301038589 ) ) ;
#2485 = CARTESIAN_POINT ( 'NONE',  ( 41.99999999999999289, 2.775557561562891351E-14, 20.19999999999999929 ) ) ;
#2486 = VERTEX_POINT ( 'NONE', #2708 ) ;
#2487 = CARTESIAN_POINT ( 'NONE',  ( 39.99720667568310262, -12.37410331007913378, 18.22412454848372576 ) ) ;
#2488 = ORIENTED_EDGE ( 'NONE', *, *, #6476, .T. ) ;
#2489 = ORIENTED_EDGE ( 'NONE', *, *, #2661, .T. ) ;
#2490 = CYLINDRICAL_SURFACE ( 'NONE', #7130, 1.999999999999999112 ) ;
#2491 = DIRECTION ( 'NONE',  ( -1.000000000000000000, 0.000000000000000000, 1.948774242403888243E-17 ) ) ;
#2492 = LINE ( 'NONE', #3766, #2133 ) ;
#2493 = CARTESIAN_POINT ( 'NONE',  ( 40.01782210105883308, 15.85267448202695384, -15.63776500775650824 ) ) ;
#2494 = EDGE_CURVE ( 'NONE', #1013, #1950, #1926, .T. ) ;
#2495 = LINE ( 'NONE', #4997, #6300 ) ;
#2496 = DIRECTION ( 'NONE',  ( 0.000000000000000000, -1.000000000000000000, 0.000000000000000000 ) ) ;
#2497 = DIRECTION ( 'NONE',  ( 0.000000000000000000, -0.5671976109090032248, -0.8235817325433578695 ) ) ;
#2498 = ORIENTED_EDGE ( 'NONE', *, *, #1160, .F. ) ;
#2499 = AXIS2_PLACEMENT_3D ( 'NONE', #6844, #579, #460 ) ;
#2500 = FACE_OUTER_BOUND ( 'NONE', #5290, .T. ) ;
#2501 = ADVANCED_FACE ( 'NONE', ( #5858 ), #7897, .F. ) ;
#2502 = CARTESIAN_POINT ( 'NONE',  ( 40.53041739392084963, -26.08633912463406546, -20.19999999999999574 ) ) ;
#2503 = AXIS2_PLACEMENT_3D ( 'NONE', #4519, #7684, #1400 ) ;
#2504 = CARTESIAN_POINT ( 'NONE',  ( 38.00000000000000000, 19.61737262547869420, 4.816501974786175921 ) ) ;
#2505 = CARTESIAN_POINT ( 'NONE',  ( 38.42916461231899206, 11.57026563363830718, 16.59272063207685832 ) ) ;
#2506 = ORIENTED_EDGE ( 'NONE', *, *, #6612, .F. ) ;
#2507 = CARTESIAN_POINT ( 'NONE',  ( 39.11134885325837018, -10.76354122839090799, -17.07293870702482508 ) ) ;
#2508 = CARTESIAN_POINT ( 'NONE',  ( 40.12897631492109696, 9.455758094538419201, -18.17717955433648669 ) ) ;
#2509 = ORIENTED_EDGE ( 'NONE', *, *, #786, .T. ) ;
#2510 = CARTESIAN_POINT ( 'NONE',  ( 5.491094808019736817, -20.60340916570264724, -6.616974014485105471 ) ) ;
#2511 = CARTESIAN_POINT ( 'NONE',  ( 40.55015112060281268, 4.677591812614964262, 20.05158639188339009 ) ) ;
#2512 = EDGE_CURVE ( 'NONE', #6270, #4443, #254, .T. ) ;
#2513 = CARTESIAN_POINT ( 'NONE',  ( 38.00000000000000000, -45.00000000000000000, 4.000000000000000000 ) ) ;
#2514 = CARTESIAN_POINT ( 'NONE',  ( 3.176774193558099313, -21.57740464603882913, 4.176552357424152540 ) ) ;
#2515 = CARTESIAN_POINT ( 'NONE',  ( 45.00000000000000000, -10.78682323742979321, -20.19999999999999574 ) ) ;
#2516 = CARTESIAN_POINT ( 'NONE',  ( 38.95493695414672430, 37.54170386675233573, 19.30998491557953045 ) ) ;
#2517 = CARTESIAN_POINT ( 'NONE',  ( -1.235990476633475055E-15, 0.000000000000000000, -8.040381359624446555E-32 ) ) ;
#2518 = EDGE_LOOP ( 'NONE', ( #7969, #1592, #7259, #6581 ) ) ;
#2519 = CARTESIAN_POINT ( 'NONE',  ( 39.46913254055801445, -11.80704025292604165, 17.17351731642973434 ) ) ;
#2520 = EDGE_LOOP ( 'NONE', ( #1904, #2315, #4338, #2975 ) ) ;
#2521 = LINE ( 'NONE', #6870, #7802 ) ;
#2522 = CARTESIAN_POINT ( 'NONE',  ( 41.14466163740959814, -5.205587072307959140, -19.70359543857890827 ) ) ;
#2523 = CARTESIAN_POINT ( 'NONE',  ( 40.34762995949934350, 2.989028073054935675, -19.95201607297529023 ) ) ;
#2524 =( BOUNDED_CURVE ( )  B_SPLINE_CURVE ( 3, ( #306, #4162, #2223, #7804 ),
 .UNSPECIFIED., .F., .T. ) 
 B_SPLINE_CURVE_WITH_KNOTS ( ( 4, 4 ),
 ( 3.141592653589793116, 4.712388980384689674 ),
 .UNSPECIFIED. ) 
 CURVE ( )  GEOMETRIC_REPRESENTATION_ITEM ( )  RATIONAL_B_SPLINE_CURVE ( ( 1.000000000000000000, 0.8047378541243649375, 0.8047378541243649375, 1.000000000000000000 ) ) 
 REPRESENTATION_ITEM ( '' )  );
#2525 = CARTESIAN_POINT ( 'NONE',  ( 40.67619118669972522, 6.510387287677740385E-15, -20.11947903340827892 ) ) ;
#2526 = VECTOR ( 'NONE', #2184, 1000.000000000000000 ) ;
#2527 = ORIENTED_EDGE ( 'NONE', *, *, #4717, .T. ) ;
#2528 = ORIENTED_EDGE ( 'NONE', *, *, #1390, .T. ) ;
#2529 = VERTEX_POINT ( 'NONE', #6475 ) ;
#2530 = DIRECTION ( 'NONE',  ( -0.000000000000000000, -1.000000000000000000, -0.000000000000000000 ) ) ;
#2531 = CARTESIAN_POINT ( 'NONE',  ( 36.12372949650434606, -44.99999999999999289, 18.00773976492944328 ) ) ;
#2532 = VECTOR ( 'NONE', #4528, 1000.000000000000000 ) ;
#2533 = CARTESIAN_POINT ( 'NONE',  ( 8.887301627791915237, 0.000000000000000000, -3.096225772092843048E-15 ) ) ;
#2534 = CARTESIAN_POINT ( 'NONE',  ( -35.77713417233866977, 44.99999999999999289, -18.00773976492943262 ) ) ;
#2535 = CARTESIAN_POINT ( 'NONE',  ( 39.71780025962679872, 14.59146507678164895, -15.28028678656259309 ) ) ;
#2536 = FACE_OUTER_BOUND ( 'NONE', #3829, .T. ) ;
#2537 = CARTESIAN_POINT ( 'NONE',  ( 37.99999999999999289, -4.947573068555306454E-15, 20.19999999999999929 ) ) ;
#2538 = CARTESIAN_POINT ( 'NONE',  ( 1.470967741935481632, 0.000000000000000000, 9.568958528775276393E-17 ) ) ;
#2539 = EDGE_LOOP ( 'NONE', ( #3776, #2847, #6251, #1310 ) ) ;
#2540 = ADVANCED_FACE ( 'NONE', ( #4464 ), #3307, .T. ) ;
#2541 = AXIS2_PLACEMENT_3D ( 'NONE', #2841, #996, #4105 ) ;
#2542 = CARTESIAN_POINT ( 'NONE',  ( 40.86474469067183435, -28.03521712480182870, -20.19999999999999574 ) ) ;
#2543 = CARTESIAN_POINT ( 'NONE',  ( 38.09649756021628519, -39.13939978213109327, 19.76150191504940778 ) ) ;
#2544 = CARTESIAN_POINT ( 'NONE',  ( 38.00000000000000711, 6.887465412914924201, 19.01679508769705507 ) ) ;
#2545 = EDGE_LOOP ( 'NONE', ( #876, #5037, #3603, #1012 ) ) ;
#2546 = CARTESIAN_POINT ( 'NONE',  ( 5.989380582763209837, 20.30585976814001370, -6.922814594183400061 ) ) ;
#2547 = B_SPLINE_CURVE_WITH_KNOTS ( 'NONE', 3,
 ( #516, #5013, #7361, #6273, #3749, #6157, #5661, #3097, #669, #554, #7443, #2402, #1786, #65 ),
 .UNSPECIFIED., .F., .F.,
 ( 4, 2, 2, 2, 2, 2, 4 ),
 ( 0.000000000000000000, 0.2500000000000000000, 0.5000000000000000000, 0.6250000000000000000, 0.7500000000000000000, 0.8750000000000000000, 1.000000000000000000 ),
 .UNSPECIFIED. ) ;
#2548 = CARTESIAN_POINT ( 'NONE',  ( 40.39164753981590650, 14.13202340256098566, -17.19603820015434792 ) ) ;
#2549 = ADVANCED_FACE ( 'NONE', ( #2922 ), #4154, .F. ) ;
#2550 = EDGE_LOOP ( 'NONE', ( #2909, #6378, #6798, #740, #1815, #4973, #4638 ) ) ;
#2551 = CARTESIAN_POINT ( 'NONE',  ( 3.964266608173375506, -21.19987367192076277, -5.293716526058215521 ) ) ;
#2552 = CARTESIAN_POINT ( 'NONE',  ( 40.58578643762704274, 12.55707641300339539, 19.61421356237323010 ) ) ;
#2553 = CIRCLE ( 'NONE', #613, 2.000000000000001776 ) ;
#2554 = CIRCLE ( 'NONE', #4266, 8.000000000000000000 ) ;
#2555 = DIRECTION ( 'NONE',  ( 0.000000000000000000, 0.000000000000000000, -1.000000000000000000 ) ) ;
#2556 = CARTESIAN_POINT ( 'NONE',  ( 40.09887136334505442, -15.25339611876013457, -16.23575675836811527 ) ) ;
#2557 = CARTESIAN_POINT ( 'NONE',  ( 45.00000000000000711, -16.18023485614467916, -20.19999999999999929 ) ) ;
#2558 = CARTESIAN_POINT ( 'NONE',  ( 39.25091194475366052, -7.080880094984403961, 19.05807374423153888 ) ) ;
#2559 = FACE_OUTER_BOUND ( 'NONE', #1849, .T. ) ;
#2560 = AXIS2_PLACEMENT_3D ( 'NONE', #1547, #3355, #5231 ) ;
#2561 = CARTESIAN_POINT ( 'NONE',  ( 39.61825124645976359, -11.89033146791663320, 17.33656860990369353 ) ) ;
#2562 = CIRCLE ( 'NONE', #4927, 2.999999999999999112 ) ;
#2563 = EDGE_CURVE ( 'NONE', #7643, #6417, #1723, .T. ) ;
#2564 = ORIENTED_EDGE ( 'NONE', *, *, #1560, .T. ) ;
#2565 = DIRECTION ( 'NONE',  ( -1.000000000000000000, -0.000000000000000000, -0.000000000000000000 ) ) ;
#2566 = VECTOR ( 'NONE', #3408, 1000.000000000000114 ) ;
#2567 = AXIS2_PLACEMENT_3D ( 'NONE', #1542, #7645, #7604 ) ;
#2568 = CARTESIAN_POINT ( 'NONE',  ( 30.34549838694761803, 40.69591404743736263, 16.07568340400131390 ) ) ;
#2569 = CARTESIAN_POINT ( 'NONE',  ( 40.20675523997334011, -8.645666396131638010, -18.50600494994048972 ) ) ;
#2570 = CARTESIAN_POINT ( 'NONE',  ( 40.30800587162435278, 4.544385586449030789, -19.69819957211774764 ) ) ;
#2571 = CARTESIAN_POINT ( 'NONE',  ( 41.99999999999999289, -3.707724669149811358, 20.20000000000000284 ) ) ;
#2572 = ORIENTED_EDGE ( 'NONE', *, *, #6118, .F. ) ;
#2573 = ORIENTED_EDGE ( 'NONE', *, *, #1999, .T. ) ;
#2574 = VERTEX_POINT ( 'NONE', #5410 ) ;
#2575 = AXIS2_PLACEMENT_3D ( 'NONE', #6534, #2144, #5705 ) ;
#2576 = CARTESIAN_POINT ( 'NONE',  ( 5.247990956361666015, 19.17889096185908571, 6.453271992955739833 ) ) ;
#2577 = FACE_OUTER_BOUND ( 'NONE', #3112, .T. ) ;
#2578 = CARTESIAN_POINT ( 'NONE',  ( 39.50018506290470555, 5.177038196667925973, 19.63720177515097731 ) ) ;
#2579 = CARTESIAN_POINT ( 'NONE',  ( 39.19142698718812312, 13.85448777069290394, -15.18093999904003510 ) ) ;
#2580 = CARTESIAN_POINT ( 'NONE',  ( 58.01734362191042038, -9.860350343897625436, 4.883188117987820931 ) ) ;
#2581 = FACE_OUTER_BOUND ( 'NONE', #5847, .T. ) ;
#2582 = VERTEX_POINT ( 'NONE', #4692 ) ;
#2583 = CARTESIAN_POINT ( 'NONE',  ( 41.28103819452386603, -3.308976403050771342, -19.95808856152889987 ) ) ;
#2584 = CARTESIAN_POINT ( 'NONE',  ( 43.82690373905986547, 6.594312511959701673E-15, -20.18458842429190980 ) ) ;
#2585 = CARTESIAN_POINT ( 'NONE',  ( 6.099956961246885356, -20.41093210849758677, 6.984959863583566353 ) ) ;
#2586 = CYLINDRICAL_SURFACE ( 'NONE', #6070, 4.999999999999999112 ) ;
#2587 = DIRECTION ( 'NONE',  ( -0.000000000000000000, 1.000000000000000000, -0.000000000000000000 ) ) ;
#2588 = EDGE_CURVE ( 'NONE', #5485, #3424, #1070, .T. ) ;
#2589 = ORIENTED_EDGE ( 'NONE', *, *, #4262, .F. ) ;
#2590 = DIRECTION ( 'NONE',  ( -3.469446951953611033E-15, 1.000000000000000000, 0.000000000000000000 ) ) ;
#2591 = CARTESIAN_POINT ( 'NONE',  ( 40.14971586168223894, 13.21914016733575536, -16.92654654306201323 ) ) ;
#2592 = ORIENTED_EDGE ( 'NONE', *, *, #4600, .T. ) ;
#2593 = CARTESIAN_POINT ( 'NONE',  ( 2.006234688106680153, 21.56006377476349201, -0.3653578544622110291 ) ) ;
#2594 = CARTESIAN_POINT ( 'NONE',  ( 40.29694996617441660, 4.754909586423403918E-15, 20.17477572402366093 ) ) ;
#2595 = CARTESIAN_POINT ( 'NONE',  ( 38.38351030778400030, 13.64502932544833591, -14.95232453620931068 ) ) ;
#2596 = CARTESIAN_POINT ( 'NONE',  ( 2.057739304255367774, -17.71275633716343023, 10.67121811010720833 ) ) ;
#2597 = EDGE_CURVE ( 'NONE', #7239, #917, #6605, .T. ) ;
#2598 = CARTESIAN_POINT ( 'NONE',  ( 40.00000000000000000, 45.00000000000000000, -15.20000000000000107 ) ) ;
#2599 = CARTESIAN_POINT ( 'NONE',  ( 10.00000000000000178, 36.50000000000000000, 0.000000000000000000 ) ) ;
#2600 = CARTESIAN_POINT ( 'NONE',  ( 39.81854863909297393, -9.142307204753748806, 18.85594130180294314 ) ) ;
#2601 = CYLINDRICAL_SURFACE ( 'NONE', #4666, 8.000000000000000000 ) ;
#2602 = CARTESIAN_POINT ( 'NONE',  ( 39.73753723401531346, 9.551565152845251205, 18.63011011628245583 ) ) ;
#2603 = ORIENTED_EDGE ( 'NONE', *, *, #3463, .T. ) ;
#2604 = DIRECTION ( 'NONE',  ( -1.000000000000000000, -0.000000000000000000, -0.000000000000000000 ) ) ;
#2605 = EDGE_CURVE ( 'NONE', #7652, #7157, #2649, .T. ) ;
#2606 = CARTESIAN_POINT ( 'NONE',  ( 39.92922508195757558, -7.249661251852012711, -18.88234167957364917 ) ) ;
#2607 = CARTESIAN_POINT ( 'NONE',  ( 40.15936115678655938, 2.832461130105619507, -19.97112555774761944 ) ) ;
#2608 = CYLINDRICAL_SURFACE ( 'NONE', #3863, 3.850000000000000533 ) ;
#2609 = ORIENTED_EDGE ( 'NONE', *, *, #3616, .F. ) ;
#2610 = CARTESIAN_POINT ( 'NONE',  ( 40.47931603266296463, 11.55349827706849553, 19.50048942429948795 ) ) ;
#2611 = CARTESIAN_POINT ( 'NONE',  ( 39.91260312125058363, 1.441128087340598052, 20.15042481398751661 ) ) ;
#2612 = CARTESIAN_POINT ( 'NONE',  ( 39.13920883504688675, 7.956198987348374274, 18.73260510360501385 ) ) ;
#2613 = CARTESIAN_POINT ( 'NONE',  ( 39.62503864069117299, 14.40008126415894729, -15.26335144126213983 ) ) ;
#2614 = EDGE_CURVE ( 'NONE', #5192, #6611, #4194, .T. ) ;
#2615 = CARTESIAN_POINT ( 'NONE',  ( 57.50746969069906100, -9.632442045734764591, 6.634665933031891782 ) ) ;
#2616 = CARTESIAN_POINT ( 'NONE',  ( 43.71028013348173147, 34.03538140577778393, -20.19999999999999929 ) ) ;
#2617 = CARTESIAN_POINT ( 'NONE',  ( 39.56897582623828669, -4.047239464865327818, 19.86574831512147910 ) ) ;
#2618 = CARTESIAN_POINT ( 'NONE',  ( 38.56261809025095033, -6.698448169336973734, -19.05546699062047367 ) ) ;
#2619 = CARTESIAN_POINT ( 'NONE',  ( 41.52391662310508735, -13.23579147361705211, -18.85265616118327969 ) ) ;
#2620 = CARTESIAN_POINT ( 'NONE',  ( 42.02530839078116287, -15.85890514182876387, -19.23289113127208694 ) ) ;
#2621 = CARTESIAN_POINT ( 'NONE',  ( 39.79773182024319311, -30.69090143514892688, -17.20008383539561692 ) ) ;
#2622 = CARTESIAN_POINT ( 'NONE',  ( 39.99999999999999289, -31.75775841515852349, 18.39996597165895054 ) ) ;
#2623 = CARTESIAN_POINT ( 'NONE',  ( 5.989142523454784595, 20.30556150606973986, 6.922680707654077281 ) ) ;
#2624 = EDGE_LOOP ( 'NONE', ( #7563, #835, #325 ) ) ;
#2625 = AXIS2_PLACEMENT_3D ( 'NONE', #3620, #2348, #3124 ) ;
#2626 = CARTESIAN_POINT ( 'NONE',  ( 39.39062743582365300, 12.49548090937858902, -16.25250864445094123 ) ) ;
#2627 = ORIENTED_EDGE ( 'NONE', *, *, #3004, .T. ) ;
#2628 = CARTESIAN_POINT ( 'NONE',  ( 42.00000000000002132, 8.474799243771043322, 20.20000000000000284 ) ) ;
#2629 = VECTOR ( 'NONE', #1619, 1000.000000000000000 ) ;
#2630 = CARTESIAN_POINT ( 'NONE',  ( 38.20723576503015551, 2.516415461026037637, -20.05281732536953854 ) ) ;
#2631 = CARTESIAN_POINT ( 'NONE',  ( 40.00000000000000000, 0.000000000000000000, 0.000000000000000000 ) ) ;
#2632 = CARTESIAN_POINT ( 'NONE',  ( 38.98638004723155603, 14.85846611534061346, -14.06379957382752366 ) ) ;
#2633 = LINE ( 'NONE', #4566, #1136 ) ;
#2634 = CARTESIAN_POINT ( 'NONE',  ( 39.76973622552782928, -8.869815132002150548, 18.87704382739013553 ) ) ;
#2635 = CARTESIAN_POINT ( 'NONE',  ( 41.33126234701970958, 15.73482779275962784, -18.60233015888519503 ) ) ;
#2636 = ORIENTED_EDGE ( 'NONE', *, *, #6096, .T. ) ;
#2637 = ORIENTED_EDGE ( 'NONE', *, *, #5403, .T. ) ;
#2638 = CARTESIAN_POINT ( 'NONE',  ( 40.51435886033838329, 10.52058013115047430, 19.58261446321239774 ) ) ;
#2639 = ORIENTED_EDGE ( 'NONE', *, *, #2967, .F. ) ;
#2640 = CARTESIAN_POINT ( 'NONE',  ( 16.90507070355809560, 19.79157975296777039, 4.046465781777887294 ) ) ;
#2641 = EDGE_CURVE ( 'NONE', #1902, #4059, #7104, .T. ) ;
#2642 = CARTESIAN_POINT ( 'NONE',  ( 42.25979035106004744, 6.518820799134168698E-15, -20.11173820651900712 ) ) ;
#2643 = DIRECTION ( 'NONE',  ( 0.000000000000000000, 0.000000000000000000, -1.000000000000000000 ) ) ;
#2644 = CARTESIAN_POINT ( 'NONE',  ( 39.21126517862341387, -14.94448349985182922, -14.18225958982150381 ) ) ;
#2645 = CARTESIAN_POINT ( 'NONE',  ( 40.33328486476573005, -9.781743685002668443, -18.20953526556694158 ) ) ;
#2646 = CARTESIAN_POINT ( 'NONE',  ( 39.08272349181864769, 13.77095930882524399, -15.15399048492985123 ) ) ;
#2647 = DIRECTION ( 'NONE',  ( 0.000000000000000000, 0.8235817325433599789, -0.5671976109090000051 ) ) ;
#2648 = ORIENTED_EDGE ( 'NONE', *, *, #7217, .F. ) ;
#2649 = CIRCLE ( 'NONE', #1613, 3.850000000000000533 ) ;
#2650 = ORIENTED_EDGE ( 'NONE', *, *, #1706, .F. ) ;
#2651 = EDGE_CURVE ( 'NONE', #6012, #6203, #1863, .T. ) ;
#2652 = CARTESIAN_POINT ( 'NONE',  ( 50.00000000000000000, 36.50000000000000000, -3.850000000000000533 ) ) ;
#2653 = CARTESIAN_POINT ( 'NONE',  ( 40.00318993396910372, 12.57984656067299234, 18.34720776405347209 ) ) ;
#2654 = CARTESIAN_POINT ( 'NONE',  ( 58.46594690445346743, 10.19779566252193526, 4.133176930766444990 ) ) ;
#2655 = CARTESIAN_POINT ( 'NONE',  ( 10.00000000000000355, 22.70553022664235954, -8.000000000000000000 ) ) ;
#2656 = CARTESIAN_POINT ( 'NONE',  ( 40.00000000000000000, 24.09389004176474813, -15.19999999999996376 ) ) ;
#2657 = CARTESIAN_POINT ( 'NONE',  ( 39.78048599975744537, -2.049077145164647451, 20.11079854967065472 ) ) ;
#2658 = AXIS2_PLACEMENT_3D ( 'NONE', #2921, #7839, #3606 ) ;
#2659 = ORIENTED_EDGE ( 'NONE', *, *, #7709, .F. ) ;
#2660 = AXIS2_PLACEMENT_3D ( 'NONE', #3446, #1463, #5889 ) ;
#2661 = EDGE_CURVE ( 'NONE', #4092, #51, #7625, .T. ) ;
#2662 = CARTESIAN_POINT ( 'NONE',  ( 38.00000000000000711, -7.336689272108140258, -18.82130000384007928 ) ) ;
#2663 = CARTESIAN_POINT ( 'NONE',  ( 41.78570098130381183, -13.16140037812820651, -19.09782526240316969 ) ) ;
#2664 = CARTESIAN_POINT ( 'NONE',  ( 42.65680288211282090, -14.53724236545312820, -19.62943630644728543 ) ) ;
#2665 = FACE_OUTER_BOUND ( 'NONE', #3593, .T. ) ;
#2666 = CARTESIAN_POINT ( 'NONE',  ( 38.92071138881729553, -7.608575400488875928, 18.77104587733442642 ) ) ;
#2667 = CARTESIAN_POINT ( 'NONE',  ( 38.92071138881730974, 7.608575400488867935, 18.77104587733443708 ) ) ;
#2668 = VERTEX_POINT ( 'NONE', #7840 ) ;
#2669 = CARTESIAN_POINT ( 'NONE',  ( 39.13203256066672964, 10.14153275247759822, -17.43235647307023939 ) ) ;
#2670 = CARTESIAN_POINT ( 'NONE',  ( 41.45023882892037648, 3.774709182709917954, 20.19982668795687530 ) ) ;
#2671 = CARTESIAN_POINT ( 'NONE',  ( 40.89720432267939287, -0.6654957320366705620, -20.11519533923546987 ) ) ;
#2672 = CARTESIAN_POINT ( 'NONE',  ( 0.000000000000000000, 1.983927814618711057E-15, -16.19999999999999218 ) ) ;
#2673 = CARTESIAN_POINT ( 'NONE',  ( 42.69949493661162165, -45.00000000000000000, 20.19999999999999929 ) ) ;
#2674 = CARTESIAN_POINT ( 'NONE',  ( 45.00000000000000711, -13.48352904678724684, -20.20000000000000284 ) ) ;
#2675 = CARTESIAN_POINT ( 'NONE',  ( 39.99635248896343143, -10.57214943111817540, 18.76374281352468643 ) ) ;
#2676 = CARTESIAN_POINT ( 'NONE',  ( 41.40548430481091913, 5.303403161431730517, -19.74996224807199496 ) ) ;
#2677 = CARTESIAN_POINT ( 'NONE',  ( 40.32971460154286092, 10.77458188031191888, 19.34404231388729656 ) ) ;
#2678 = ORIENTED_EDGE ( 'NONE', *, *, #2482, .F. ) ;
#2679 = CARTESIAN_POINT ( 'NONE',  ( 40.00000000000000000, 45.00000000000000000, -20.19999999999999929 ) ) ;
#2680 = CIRCLE ( 'NONE', #5821, 3.850000000000000533 ) ;
#2681 = CARTESIAN_POINT ( 'NONE',  ( 41.04454641333249754, 0.6654957320366846618, -20.11233954312026384 ) ) ;
#2682 = DIRECTION ( 'NONE',  ( 1.000000000000000000, 0.000000000000000000, -1.948774242403888243E-17 ) ) ;
#2683 = CARTESIAN_POINT ( 'NONE',  ( 1.470967741935480744, 16.72276395109788538, 11.33191848594079687 ) ) ;
#2684 = AXIS2_PLACEMENT_3D ( 'NONE', #3496, #6935, #7218 ) ;
#2685 = CARTESIAN_POINT ( 'NONE',  ( 40.25375559984961882, -10.58260729454705462, -17.88344223677248834 ) ) ;
#2686 = AXIS2_PLACEMENT_3D ( 'NONE', #6200, #557, #6746 ) ;
#2687 = CARTESIAN_POINT ( 'NONE',  ( 40.02372286069066831, -2.726675978729220073, 20.07592372861122243 ) ) ;
#2688 = CARTESIAN_POINT ( 'NONE',  ( 38.78496311923128559, 8.480916471635792320, -18.26320858582623785 ) ) ;
#2689 = EDGE_CURVE ( 'NONE', #920, #570, #7497, .T. ) ;
#2690 = DIRECTION ( 'NONE',  ( -7.573567622136127411E-15, 0.9123004504689348204, 0.4095215355438327487 ) ) ;
#2691 = VERTEX_POINT ( 'NONE', #7183 ) ;
#2692 = CARTESIAN_POINT ( 'NONE',  ( 39.46913254055801445, -11.80704025292604165, 17.17351731642973434 ) ) ;
#2693 = ORIENTED_EDGE ( 'NONE', *, *, #7550, .F. ) ;
#2694 = FACE_OUTER_BOUND ( 'NONE', #3911, .T. ) ;
#2695 = AXIS2_PLACEMENT_3D ( 'NONE', #5873, #834, #2145 ) ;
#2696 = DIRECTION ( 'NONE',  ( 3.435095992033281961E-16, 0.000000000000000000, 1.000000000000000000 ) ) ;
#2697 = CARTESIAN_POINT ( 'NONE',  ( 40.00000000000000000, -18.28351446246255207, -12.59178696217986015 ) ) ;
#2698 = CARTESIAN_POINT ( 'NONE',  ( 59.50000000000000711, 0.000000000000000000, -11.00000000000001954 ) ) ;
#2699 = CARTESIAN_POINT ( 'NONE',  ( 44.49508420718144919, 16.18023485614470047, -20.20000000000000284 ) ) ;
#2700 = DIRECTION ( 'NONE',  ( 0.000000000000000000, 0.000000000000000000, -1.000000000000000000 ) ) ;
#2701 = PLANE ( 'NONE',  #3230 ) ;
#2702 = CARTESIAN_POINT ( 'NONE',  ( 32.12696878936714739, 40.46511129075881996, -20.15990323180466959 ) ) ;
#2703 = ADVANCED_FACE ( 'NONE', ( #5944 ), #2388, .F. ) ;
#2704 = CARTESIAN_POINT ( 'NONE',  ( 1.470967741935481854, -19.10255753355021824, 10.76718606124198807 ) ) ;
#2705 = AXIS2_PLACEMENT_3D ( 'NONE', #5035, #2496, #6221 ) ;
#2706 = ORIENTED_EDGE ( 'NONE', *, *, #4992, .F. ) ;
#2707 = CARTESIAN_POINT ( 'NONE',  ( 39.16619293911819000, -6.932219399423608763, -18.91835178931153294 ) ) ;
#2708 = CARTESIAN_POINT ( 'NONE',  ( 41.46446609406726225, 15.75879749091904003, -18.73553390593273704 ) ) ;
#2709 = CARTESIAN_POINT ( 'NONE',  ( 45.00000000000000000, -3.370882261696804161, -20.20000000000000284 ) ) ;
#2710 = CARTESIAN_POINT ( 'NONE',  ( 37.99999999999999289, -1.285310116971521088, -20.16950403483404486 ) ) ;
#2711 = CARTESIAN_POINT ( 'NONE',  ( 39.24759277893692655, -2.019000372543762190, 20.10379935008207397 ) ) ;
#2712 = CYLINDRICAL_SURFACE ( 'NONE', #7422, 3.850000000000000533 ) ;
#2713 = CARTESIAN_POINT ( 'NONE',  ( 10.00000000000000355, 22.70553022664235954, -8.000000000000000000 ) ) ;
#2714 = EDGE_CURVE ( 'NONE', #2192, #7448, #2492, .T. ) ;
#2715 = CARTESIAN_POINT ( 'NONE',  ( 39.75380390711235634, 13.48268739839660668, -16.06960160727260956 ) ) ;
#2716 = CARTESIAN_POINT ( 'NONE',  ( 10.00000000000000178, 45.00200000000000244, 0.000000000000000000 ) ) ;
#2717 = CARTESIAN_POINT ( 'NONE',  ( 38.00000000000000711, 12.50134765991520602, -15.88432436992090402 ) ) ;
#2718 = CARTESIAN_POINT ( 'NONE',  ( 38.00000000000000711, -9.741317837371088473, 17.72708248513180962 ) ) ;
#2719 = EDGE_CURVE ( 'NONE', #3779, #5223, #2795, .T. ) ;
#2720 = DIRECTION ( 'NONE',  ( -1.000000000000000000, -0.000000000000000000, -0.000000000000000000 ) ) ;
#2721 = EDGE_CURVE ( 'NONE', #2366, #7966, #5523, .T. ) ;
#2722 = CARTESIAN_POINT ( 'NONE',  ( 39.08506335652105435, 12.62738730669599185, -15.97584370869073389 ) ) ;
#2723 = CARTESIAN_POINT ( 'NONE',  ( 39.28812429285245855, -10.01533999951574749, 18.00872447704551860 ) ) ;
#2724 = CARTESIAN_POINT ( 'NONE',  ( 41.01752201460264757, 1.850164284433327921, -20.06708071215592071 ) ) ;
#2725 = EDGE_LOOP ( 'NONE', ( #4223, #3713, #56, #3032 ) ) ;
#2726 = CARTESIAN_POINT ( 'NONE',  ( 40.12565399091026563, 11.30975506868600533, 18.93592974593223843 ) ) ;
#2727 = ORIENTED_EDGE ( 'NONE', *, *, #5699, .F. ) ;
#2728 = LINE ( 'NONE', #7691, #2275 ) ;
#2729 = CARTESIAN_POINT ( 'NONE',  ( 41.57938728771985382, 6.675808764160657646E-15, -20.10484542437428956 ) ) ;
#2730 = DIRECTION ( 'NONE',  ( 1.000000000000000000, 0.000000000000000000, 0.000000000000000000 ) ) ;
#2731 = B_SPLINE_CURVE_WITH_KNOTS ( 'NONE', 3,
 ( #2514, #4327, #1325, #598, #5015, #2403, #1211, #4901, #1787, #3708, #6199, #3098, #7517, #1286, #3214, #2103, #3341, #6986, #7685, #226 ),
 .UNSPECIFIED., .F., .F.,
 ( 4, 2, 2, 2, 2, 2, 2, 2, 2, 4 ),
 ( 0.000000000000000000, 0.001119530994814703796, 0.002239061989629407591, 0.003358592984444111387, 0.003918358481851463501, 0.004478123979258815182, 0.005597654974073518544, 0.006717185968888222773, 0.007836716963702927002, 0.008956247958517630364 ),
 .UNSPECIFIED. ) ;
#2732 = CARTESIAN_POINT ( 'NONE',  ( 1.494087949712075591, 16.81997712476960416, 11.22098614179160414 ) ) ;
#2733 = CARTESIAN_POINT ( 'NONE',  ( 39.70970254942121613, -15.30841828700968321, -14.60818855836952146 ) ) ;
#2734 = CARTESIAN_POINT ( 'NONE',  ( 40.23239868470632530, -3.634518380522047565, 20.03268137362093526 ) ) ;
#2735 = CARTESIAN_POINT ( 'NONE',  ( 39.11891728540654611, 6.291848784371206982, -19.16991452618009717 ) ) ;
#2736 = CARTESIAN_POINT ( 'NONE',  ( 42.63739095141624347, -15.95958119426248878, -19.61935046301705299 ) ) ;
#2737 = ORIENTED_EDGE ( 'NONE', *, *, #4969, .F. ) ;
#2738 = CARTESIAN_POINT ( 'NONE',  ( 39.99999999999999289, -12.71219886565655166, 18.19999999999999929 ) ) ;
#2739 = VERTEX_POINT ( 'NONE', #3685 ) ;
#2740 = CARTESIAN_POINT ( 'NONE',  ( 40.25763437140113155, 11.73743077584346040, 19.18120612488181820 ) ) ;
#2741 = PLANE ( 'NONE',  #4135 ) ;
#2742 = CARTESIAN_POINT ( 'NONE',  ( 39.65856712602157330, 4.454819194507074087, 19.81242596067925987 ) ) ;
#2743 = CARTESIAN_POINT ( 'NONE',  ( 39.62466059817013075, 3.551793325881446695, 19.94617339442605441 ) ) ;
#2744 = DIRECTION ( 'NONE',  ( 0.000000000000000000, 0.000000000000000000, -1.000000000000000000 ) ) ;
#2745 = CARTESIAN_POINT ( 'NONE',  ( 10.00000000000000178, -37.09999999999999432, 0.000000000000000000 ) ) ;
#2746 = CARTESIAN_POINT ( 'NONE',  ( 40.29639809231857583, 25.07151986250829978, -20.20000000001155271 ) ) ;
#2747 = FACE_OUTER_BOUND ( 'NONE', #1802, .T. ) ;
#2748 = CARTESIAN_POINT ( 'NONE',  ( 40.00000000000000000, -21.55968674681321318, -5.293383358428380703 ) ) ;
#2749 = ORIENTED_EDGE ( 'NONE', *, *, #7334, .T. ) ;
#2750 = CARTESIAN_POINT ( 'NONE',  ( 1.470967741862382772, 20.19660079811488629, -0.4279797757440531591 ) ) ;
#2751 = CARTESIAN_POINT ( 'NONE',  ( 38.77851640650468568, -5.932066721211957550, -19.31059257808159657 ) ) ;
#2752 = CARTESIAN_POINT ( 'NONE',  ( 41.51962679734124606, -9.407904421736521527, -19.22575093473122010 ) ) ;
#2753 = ADVANCED_FACE ( 'NONE', ( #4877 ), #8070, .F. ) ;
#2754 = CARTESIAN_POINT ( 'NONE',  ( 42.68681428327365524, -2.728481420838877902, -20.11775403259365191 ) ) ;
#2755 = CARTESIAN_POINT ( 'NONE',  ( 40.60528184367725402, -36.35541432742842716, -20.19999999999998863 ) ) ;
#2756 = FACE_OUTER_BOUND ( 'NONE', #6287, .T. ) ;
#2757 = CARTESIAN_POINT ( 'NONE',  ( 2.628472992213245263, -19.24011633748677141, 6.158461865581120520 ) ) ;
#2758 = ORIENTED_EDGE ( 'NONE', *, *, #6118, .T. ) ;
#2759 = CARTESIAN_POINT ( 'NONE',  ( 39.56945754081596078, 9.516046903132622248, -17.87880094045575419 ) ) ;
#2760 = VERTEX_POINT ( 'NONE', #7494 ) ;
#2761 = ADVANCED_FACE ( 'NONE', ( #498 ), #2458, .T. ) ;
#2762 = CARTESIAN_POINT ( 'NONE',  ( 38.00000000000000000, -18.28351446246255207, -10.59178696217985838 ) ) ;
#2763 = CARTESIAN_POINT ( 'NONE',  ( 40.05851886969387721, 12.49894589090886221, 18.70126686411569850 ) ) ;
#2764 = CARTESIAN_POINT ( 'NONE',  ( 38.19964138092142747, -3.152932184854180697, -19.96308799482253349 ) ) ;
#2765 = B_SPLINE_CURVE_WITH_KNOTS ( 'NONE', 3,
 ( #3276, #3804, #123, #2612, #5107, #1994, #3886, #7744, #2743, #5933, #4720, #6464, #7173, #285 ),
 .UNSPECIFIED., .F., .F.,
 ( 4, 2, 2, 2, 2, 2, 4 ),
 ( 0.000000000000000000, 0.2500000000000000000, 0.5000000000000000000, 0.6250000000000000000, 0.7500000000000000000, 0.8750000000000000000, 1.000000000000000000 ),
 .UNSPECIFIED. ) ;
#2766 = DIRECTION ( 'NONE',  ( 0.000000000000000000, 0.000000000000000000, 1.000000000000000000 ) ) ;
#2767 = CARTESIAN_POINT ( 'NONE',  ( 41.11107703367843413, 1.326811633257692913, -20.08984196216404783 ) ) ;
#2768 = ORIENTED_EDGE ( 'NONE', *, *, #196, .T. ) ;
#2769 = CARTESIAN_POINT ( 'NONE',  ( 39.96870057763027972, 12.33987088816857458, 18.00784564437825352 ) ) ;
#2770 = ORIENTED_EDGE ( 'NONE', *, *, #6438, .T. ) ;
#2771 = CARTESIAN_POINT ( 'NONE',  ( 53.65537114511463557, -6.820311206970633755, 9.354455188845829383 ) ) ;
#2772 = AXIS2_PLACEMENT_3D ( 'NONE', #3647, #4382, #3707 ) ;
#2773 = EDGE_CURVE ( 'NONE', #4672, #530, #6717, .T. ) ;
#2774 = CARTESIAN_POINT ( 'NONE',  ( 41.72936160312158194, 7.017155867521128521, -19.64708272785700771 ) ) ;
#2775 = DIRECTION ( 'NONE',  ( 0.000000000000000000, 1.734723475976807094E-15, 1.000000000000000000 ) ) ;
#2776 = CARTESIAN_POINT ( 'NONE',  ( 38.21476429719075441, -14.19990186001040300, -14.39913249997545108 ) ) ;
#2777 = CARTESIAN_POINT ( 'NONE',  ( 39.74392466737052132, -15.34979451522365324, -14.64965732581203461 ) ) ;
#2778 = CARTESIAN_POINT ( 'NONE',  ( 40.40439111661151372, -8.591189483824392070, 19.61800470342103964 ) ) ;
#2779 = CARTESIAN_POINT ( 'NONE',  ( 38.66945097370933127, 12.40720729090245555, -15.97958639118323632 ) ) ;
#2780 = CARTESIAN_POINT ( 'NONE',  ( 40.00000000000000000, 45.00000000000000000, 4.000000000000000000 ) ) ;
#2781 = ORIENTED_EDGE ( 'NONE', *, *, #3198, .F. ) ;
#2782 = VERTEX_POINT ( 'NONE', #1838 ) ;
#2783 = CARTESIAN_POINT ( 'NONE',  ( 40.04235461427410314, 4.619127132249588819, 19.88473320942800626 ) ) ;
#2784 = CYLINDRICAL_SURFACE ( 'NONE', #3061, 2.000000000000000000 ) ;
#2785 = CARTESIAN_POINT ( 'NONE',  ( 58.60019264054741228, 10.42802137397120177, 5.112780974692165969 ) ) ;
#2786 = CARTESIAN_POINT ( 'NONE',  ( 48.00000000000000000, 45.00000000000000000, -20.19999999999999929 ) ) ;
#2787 = CARTESIAN_POINT ( 'NONE',  ( 38.00000000000000000, -20.74064367572554701, 7.117984259366251898 ) ) ;
#2788 = CARTESIAN_POINT ( 'NONE',  ( 14.21134521238915482, -20.24346523285736055, -6.803310716947541970 ) ) ;
#2789 = AXIS2_PLACEMENT_3D ( 'NONE', #695, #7498, #3278 ) ;
#2790 = CARTESIAN_POINT ( 'NONE',  ( 40.03064540934397542, -15.79681949908963112, -15.77131538555357615 ) ) ;
#2791 = ORIENTED_EDGE ( 'NONE', *, *, #3409, .F. ) ;
#2792 = DIRECTION ( 'NONE',  ( 0.000000000000000000, 0.000000000000000000, -1.000000000000000000 ) ) ;
#2793 = B_SPLINE_CURVE_WITH_KNOTS ( 'NONE', 3,
 ( #3577, #3654, #2968, #6691, #1729, #4316, #6072, #4966, #467, #542, #2389, #7392, #6227, #4235 ),
 .UNSPECIFIED., .F., .F.,
 ( 4, 2, 2, 2, 2, 2, 4 ),
 ( 1.868391906848117348E-18, 0.002041025875712843517, 0.003061538813569264841, 0.004082051751425686166, 0.005102564689282107491, 0.006123077627138528815, 0.008164103502851372332 ),
 .UNSPECIFIED. ) ;
#2794 = CARTESIAN_POINT ( 'NONE',  ( 39.54179693614353397, -6.567186295577067234, -19.05583139961171923 ) ) ;
#2795 = CIRCLE ( 'NONE', #2262, 1.999999999999998890 ) ;
#2796 = DIRECTION ( 'NONE',  ( -1.000000000000000000, -0.000000000000000000, -0.000000000000000000 ) ) ;
#2797 = CARTESIAN_POINT ( 'NONE',  ( 40.33814137535416933, 12.51510421126672590, 19.31228094173478738 ) ) ;
#2798 = CARTESIAN_POINT ( 'NONE',  ( 38.00000000000000000, -14.72255604027580844, -13.83063063063063147 ) ) ;
#2799 = CARTESIAN_POINT ( 'NONE',  ( 38.78283281956251471, -10.66755162351909192, 17.35520043707956006 ) ) ;
#2800 = CARTESIAN_POINT ( 'NONE',  ( 3.495509255017161365, 19.18761553844291967, 6.420847184408257746 ) ) ;
#2801 = ORIENTED_EDGE ( 'NONE', *, *, #7558, .T. ) ;
#2802 = EDGE_CURVE ( 'NONE', #3873, #5577, #3313, .T. ) ;
#2803 = ORIENTED_EDGE ( 'NONE', *, *, #5143, .F. ) ;
#2804 = CARTESIAN_POINT ( 'NONE',  ( 45.00000000000000711, 16.18023485614470758, -20.19999999999999929 ) ) ;
#2805 = AXIS2_PLACEMENT_3D ( 'NONE', #816, #777, #1383 ) ;
#2806 = LINE ( 'NONE', #5305, #2526 ) ;
#2807 = CARTESIAN_POINT ( 'NONE',  ( 39.62567678273312310, -3.873244252945020172, -19.81180981773644589 ) ) ;
#2808 = DIRECTION ( 'NONE',  ( 0.000000000000000000, 0.000000000000000000, 1.000000000000000000 ) ) ;
#2809 = FACE_OUTER_BOUND ( 'NONE', #2518, .T. ) ;
#2810 =( NAMED_UNIT ( * ) SI_UNIT ( $, .STERADIAN. ) SOLID_ANGLE_UNIT ( ) );
#2811 = EDGE_CURVE ( 'NONE', #1299, #2901, #3177, .T. ) ;
#2812 = CARTESIAN_POINT ( 'NONE',  ( 41.12290210856721018, 3.054237385556610729, -19.97399206661848226 ) ) ;
#2813 = EDGE_LOOP ( 'NONE', ( #749, #3221 ) ) ;
#2814 = CARTESIAN_POINT ( 'NONE',  ( 1.470967741890975455, -20.20005789739007085, 0.2106436458841752235 ) ) ;
#2815 = VERTEX_POINT ( 'NONE', #5600 ) ;
#2816 = CARTESIAN_POINT ( 'NONE',  ( 3.705754813367939882, 18.91976382756931230, -7.081259319351919324 ) ) ;
#2817 = CARTESIAN_POINT ( 'NONE',  ( 42.03364412909875369, 9.035527492994834375, -19.56952946119582037 ) ) ;
#2818 = CARTESIAN_POINT ( 'NONE',  ( 39.62466059817013075, 3.551793325881446695, 19.94617339442605441 ) ) ;
#2819 = CARTESIAN_POINT ( 'NONE',  ( 56.71751442127216336, 9.334077351297194625, 6.717514421272237968 ) ) ;
#2820 = CARTESIAN_POINT ( 'NONE',  ( 39.52099236228702495, -13.29505470702285486, -15.88606432811688585 ) ) ;
#2821 = CARTESIAN_POINT ( 'NONE',  ( 39.76875337328049653, -2.832311862424159443, 20.04432489266154249 ) ) ;
#2822 = CARTESIAN_POINT ( 'NONE',  ( 38.64747899384157392, 9.818414465399827762, -17.58149242680696744 ) ) ;
#2823 = EDGE_CURVE ( 'NONE', #101, #4559, #4884, .T. ) ;
#2824 = CARTESIAN_POINT ( 'NONE',  ( 38.00000000000000000, -21.55968674681321318, 5.293383358428382479 ) ) ;
#2825 = ORIENTED_EDGE ( 'NONE', *, *, #908, .T. ) ;
#2826 = ORIENTED_EDGE ( 'NONE', *, *, #3064, .F. ) ;
#2827 = CARTESIAN_POINT ( 'NONE',  ( 40.00000000000000000, 21.55968674681321673, -5.293383358428369156 ) ) ;
#2828 = VECTOR ( 'NONE', #4828, 1000.000000000000114 ) ;
#2829 = CARTESIAN_POINT ( 'NONE',  ( 39.44553465183383878, 8.577535118635109868, 18.68105790166131186 ) ) ;
#2830 = CARTESIAN_POINT ( 'NONE',  ( 17.12411561483696332, 19.86939916790550242, 3.639639639639641544 ) ) ;
#2831 = DIRECTION ( 'NONE',  ( 1.000000000000000000, 0.000000000000000000, 0.000000000000000000 ) ) ;
#2832 = LINE ( 'NONE', #948, #5668 ) ;
#2833 = CARTESIAN_POINT ( 'NONE',  ( 44.95263408516014181, 26.35700228068940021, -20.19999999999999929 ) ) ;
#2834 = CARTESIAN_POINT ( 'NONE',  ( 32.53695085787138908, 40.81885151794742939, -20.20000000000000284 ) ) ;
#2835 = CARTESIAN_POINT ( 'NONE',  ( 40.00000000000000000, -16.18023485614469692, -15.20000000000000107 ) ) ;
#2836 = CARTESIAN_POINT ( 'NONE',  ( 1.470967741935481632, 0.000000000000000000, 9.568958528775276393E-17 ) ) ;
#2837 = CARTESIAN_POINT ( 'NONE',  ( 39.82521952934311571, 40.57914249102593374, 20.19999999999999929 ) ) ;
#2838 = CARTESIAN_POINT ( 'NONE',  ( 38.99828651084638409, -10.59302966083418518, -17.12846742580621751 ) ) ;
#2839 = CIRCLE ( 'NONE', #5825, 3.850000000000000533 ) ;
#2840 = CARTESIAN_POINT ( 'NONE',  ( 59.50000000000001421, 0.000000000000000000, -2.043924523852297415E-14 ) ) ;
#2841 = CARTESIAN_POINT ( 'NONE',  ( 40.00000000000000000, 0.000000000000000000, 0.000000000000000000 ) ) ;
#2842 = CARTESIAN_POINT ( 'NONE',  ( 40.00000000000000000, -45.00000000000000000, 20.19999999999999929 ) ) ;
#2843 = CARTESIAN_POINT ( 'NONE',  ( 41.70293574339602571, -38.64592086840249863, -20.20000000000000284 ) ) ;
#2844 = CARTESIAN_POINT ( 'NONE',  ( 39.96164551392365638, 2.731065531117129238E-15, 20.17562402875952543 ) ) ;
#2845 = CARTESIAN_POINT ( 'NONE',  ( 40.00000000000000000, -21.55968674681321318, 5.293383358428382479 ) ) ;
#2846 = AXIS2_PLACEMENT_3D ( 'NONE', #6500, #7692, #2682 ) ;
#2847 = ORIENTED_EDGE ( 'NONE', *, *, #7159, .T. ) ;
#2848 = B_SPLINE_CURVE_WITH_KNOTS ( 'NONE', 3,
 ( #529, #6138, #1184, #3679 ),
 .UNSPECIFIED., .F., .F.,
 ( 4, 4 ),
 ( 0.07319213531308507714, 0.07561125437038605790 ),
 .UNSPECIFIED. ) ;
#2849 = AXIS2_PLACEMENT_3D ( 'NONE', #4936, #590, #1244 ) ;
#2850 = DIRECTION ( 'NONE',  ( -3.426614273534434193E-16, 0.000000000000000000, -1.000000000000000000 ) ) ;
#2851 = ADVANCED_FACE ( 'NONE', ( #2037, #811 ), #6463, .F. ) ;
#2852 = CARTESIAN_POINT ( 'NONE',  ( 38.00000000000000711, 6.392470847977718584, -19.16476758019890880 ) ) ;
#2853 = CARTESIAN_POINT ( 'NONE',  ( 39.74412478143245409, -2.683529642002571158, -19.99615275341830412 ) ) ;
#2854 =( BOUNDED_SURFACE ( )  B_SPLINE_SURFACE ( 3, 2, ( 
 ( #2052, #2003, #6430 ),
 ( #53, #657, #7586 ),
 ( #746, #2502, #6264 ),
 ( #5649, #2542, #5041 ),
 ( #1392, #4429, #6931 ),
 ( #1313, #6302, #5691 ),
 ( #702, #94, #4466 ),
 ( #6972, #6351, #3245 ),
 ( #5736, #130, #2621 ),
 ( #3539, #3504, #7755 ),
 ( #4024, #7841, #1608 ),
 ( #257, #2135, #2216 ),
 ( #3376, #5379, #3459 ),
 ( #2092, #869, #5990 ),
 ( #5860, #2755, #7138 ),
 ( #2843, #2257, #386 ),
 ( #213, #5208, #5251 ),
 ( #4644, #4155, #7793 ),
 ( #914, #4767, #4596 ),
 ( #1524, #1476, #3978 ),
 ( #6478, #6523, #3420 ),
 ( #5900, #6607, #7265 ) ),
 .UNSPECIFIED., .F., .F., .F. ) 
 B_SPLINE_SURFACE_WITH_KNOTS ( ( 4, 2, 2, 2, 2, 2, 2, 2, 2, 2, 4 ),
 ( 3, 3 ),
 ( 0.3660024114254886718, 0.4238516301913480833, 0.4817008489572074392, 0.4961631536486723060, 0.5106254583401371727, 0.5395500677230669062, 0.5973992864889262622, 0.6552485052547856181, 0.7130977240206450851, 0.7709469427865044411, 0.8287961615523637970 ),
 ( 0.000000000000000000, 1.000000000000000000 ),
 .UNSPECIFIED. ) 
 GEOMETRIC_REPRESENTATION_ITEM ( )  RATIONAL_B_SPLINE_SURFACE ( (
 ( 1.000000000000000000, 0.7071067811865455743, 1.000000000000000000),
 ( 1.000000000000000000, 0.7287007262747547953, 1.000000000000000000),
 ( 1.000000000000000000, 0.7488240035805454609, 1.000000000000000000),
 ( 1.000000000000000000, 0.7858937596748337695, 1.000000000000000000),
 ( 1.000000000000000000, 0.8028376478490374391, 1.000000000000000000),
 ( 1.000000000000000000, 0.8220576650186912637, 1.000000000000000000),
 ( 1.000000000000000000, 0.8258043125566110199, 1.000000000000000000),
 ( 1.000000000000000000, 0.8331059450037658909, 1.000000000000000000),
 ( 1.000000000000000000, 0.8366726163804877325, 1.000000000000000000),
 ( 1.000000000000000000, 0.8473567716453809240, 1.000000000000000000),
 ( 1.000000000000000000, 0.8543664641842191321, 1.000000000000000000),
 ( 1.000000000000000000, 0.8749219004626741514, 1.000000000000000000),
 ( 1.000000000000000000, 0.8879940010972432463, 1.000000000000000000),
 ( 1.000000000000000000, 0.9121241765602939866, 1.000000000000000000),
 ( 1.000000000000000000, 0.9231778532720857910, 1.000000000000000000),
 ( 1.000000000000000000, 0.9425668491013508010, 1.000000000000000000),
 ( 1.000000000000000000, 0.9508977602065842305, 1.000000000000000000),
 ( 1.000000000000000000, 0.9643276650593433086, 1.000000000000000000),
 ( 1.000000000000000000, 0.9694240027918034075, 1.000000000000000000),
 ( 1.000000000000000000, 0.9761747101154020223, 1.000000000000000000),
 ( 1.000000000000000000, 0.9778344356618977606, 1.000000000000000000),
 ( 1.000000000000000000, 0.9778293436149625428, 1.000000000000000000) ) ) 
 REPRESENTATION_ITEM ( '' )  SURFACE ( )  );
#2855 = CARTESIAN_POINT ( 'NONE',  ( 4.962048209354412265, -20.79399655011522796, -6.223762838925458674 ) ) ;
#2856 = CARTESIAN_POINT ( 'NONE',  ( 40.33398862250238182, 5.214039231751238290, 19.92083721188928180 ) ) ;
#2857 = DIRECTION ( 'NONE',  ( 0.000000000000000000, 0.000000000000000000, 1.000000000000000000 ) ) ;
#2858 = CARTESIAN_POINT ( 'NONE',  ( 41.04204339157342929, 8.125243114469590466, -19.13427067073785182 ) ) ;
#2859 = ORIENTED_EDGE ( 'NONE', *, *, #3198, .T. ) ;
#2860 = ORIENTED_EDGE ( 'NONE', *, *, #3944, .F. ) ;
#2861 = CARTESIAN_POINT ( 'NONE',  ( 2.417238643312741075, -20.57504521089293448, -2.575626463115721521 ) ) ;
#2862 = CARTESIAN_POINT ( 'NONE',  ( 44.31369341739596024, 5.141469916788977912, -20.19999999999999929 ) ) ;
#2863 = ADVANCED_FACE ( 'NONE', ( #1956 ), #5792, .T. ) ;
#2864 = CARTESIAN_POINT ( 'NONE',  ( 37.99999999999999289, 3.464574387010396883, 19.90692939068218337 ) ) ;
#2865 = CARTESIAN_POINT ( 'NONE',  ( 41.06724018286936229, -11.17535634511104448, -18.61284715390947753 ) ) ;
#2866 = CARTESIAN_POINT ( 'NONE',  ( 39.96097201615329908, -5.894773289416524342, 19.66404589201559716 ) ) ;
#2867 = CARTESIAN_POINT ( 'NONE',  ( 39.25528366675068526, 6.431327084175564757, -19.10985462828431736 ) ) ;
#2868 = CARTESIAN_POINT ( 'NONE',  ( 38.00000000000000000, -21.55968674681321318, -5.293383358428379815 ) ) ;
#2869 = ORIENTED_EDGE ( 'NONE', *, *, #5096, .T. ) ;
#2870 = CARTESIAN_POINT ( 'NONE',  ( 50.08290665511184869, -4.304863259543132870, 14.05922896861905969 ) ) ;
#2871 = VERTEX_POINT ( 'NONE', #2652 ) ;
#2872 = EDGE_CURVE ( 'NONE', #7652, #5234, #1462, .T. ) ;
#2873 = CARTESIAN_POINT ( 'NONE',  ( 40.10790761184924946, 2.871315260132234481, 20.07372105737792012 ) ) ;
#2874 = CARTESIAN_POINT ( 'NONE',  ( 14.57079272441733053, -20.00596008286256122, 6.571773036287037684 ) ) ;
#2875 = DIRECTION ( 'NONE',  ( 0.000000000000000000, -1.000000000000000000, 0.000000000000000000 ) ) ;
#2876 = CARTESIAN_POINT ( 'NONE',  ( 39.98861581292111822, -6.113587753264377866, -19.26271152102608397 ) ) ;
#2877 = CARTESIAN_POINT ( 'NONE',  ( 30.87905094444593601, 39.45494023352303259, -19.90314451767447324 ) ) ;
#2878 = CARTESIAN_POINT ( 'NONE',  ( 14.09568025320249340, 20.32796921320599282, -6.873346247644668061 ) ) ;
#2879 = CARTESIAN_POINT ( 'NONE',  ( 39.85236085506024750, 33.48063164561715865, 18.58693594497870549 ) ) ;
#2880 = ORIENTED_EDGE ( 'NONE', *, *, #451, .T. ) ;
#2881 = CARTESIAN_POINT ( 'NONE',  ( 38.97158095361024976, -12.51383511918516689, -15.98818504611383773 ) ) ;
#2882 = LINE ( 'NONE', #2920, #3472 ) ;
#2883 = CARTESIAN_POINT ( 'NONE',  ( 38.87738121340131414, -7.805326077846786781, -18.57279621420609317 ) ) ;
#2884 = ADVANCED_FACE ( 'NONE', ( #5147 ), #381, .T. ) ;
#2885 = CARTESIAN_POINT ( 'NONE',  ( 40.00000000000000000, 0.000000000000000000, 0.000000000000000000 ) ) ;
#2886 = CARTESIAN_POINT ( 'NONE',  ( 38.00000000000000711, -6.076252473695198830, -19.26729216801399858 ) ) ;
#2887 = CARTESIAN_POINT ( 'NONE',  ( 38.00000000000000711, -7.850671616629454341, 18.64161156690053289 ) ) ;
#2888 = CARTESIAN_POINT ( 'NONE',  ( 35.75839754123934000, -43.73448382214913721, 20.19999999999999929 ) ) ;
#2889 = ORIENTED_EDGE ( 'NONE', *, *, #7461, .T. ) ;
#2890 = ORIENTED_EDGE ( 'NONE', *, *, #7103, .F. ) ;
#2891 = B_SPLINE_CURVE_WITH_KNOTS ( 'NONE', 3,
 ( #6018, #5517, #4870, #1754, #2291, #8060, #7374, #7453, #1182, #8017, #411, #5441, #7417, #6137 ),
 .UNSPECIFIED., .F., .F.,
 ( 4, 2, 2, 2, 2, 2, 4 ),
 ( 0.000000000000000000, 0.2500000000000000000, 0.5000000000000000000, 0.6250000000000000000, 0.7500000000000000000, 0.8750000000000000000, 1.000000000000000000 ),
 .UNSPECIFIED. ) ;
#2892 = LINE ( 'NONE', #4114, #6615 ) ;
#2893 = CARTESIAN_POINT ( 'NONE',  ( 38.00000000000000711, 5.427841158615234640, 19.46374730523986329 ) ) ;
#2894 = CARTESIAN_POINT ( 'NONE',  ( 45.00000000000000711, 13.48352904678724862, -20.19999999999999929 ) ) ;
#2895 = CARTESIAN_POINT ( 'NONE',  ( 38.17208352471163124, -5.070189294617351905, -19.56477271164543907 ) ) ;
#2896 = CARTESIAN_POINT ( 'NONE',  ( 40.00000000000000000, 0.000000000000000000, 0.000000000000000000 ) ) ;
#2897 = CARTESIAN_POINT ( 'NONE',  ( 38.00000000000000000, 45.00200000000000244, -4.000000000000000000 ) ) ;
#2898 = CARTESIAN_POINT ( 'NONE',  ( 40.29132398795445624, 5.674131544835862684, -19.44233486164005598 ) ) ;
#2899 = ORIENTED_EDGE ( 'NONE', *, *, #2689, .T. ) ;
#2900 = CARTESIAN_POINT ( 'NONE',  ( 2.524189797966673421, -21.74591458558170132, -2.871589435777527566 ) ) ;
#2901 = VERTEX_POINT ( 'NONE', #5148 ) ;
#2902 = DIRECTION ( 'NONE',  ( -1.000000000000000000, 0.000000000000000000, 0.000000000000000000 ) ) ;
#2903 = CARTESIAN_POINT ( 'NONE',  ( 41.52391662310508735, 13.23579147361706987, -18.85265616118327614 ) ) ;
#2904 = B_SPLINE_CURVE_WITH_KNOTS ( 'NONE', 3,
 ( #1813, #6776, #2894, #7887, #6693, #3696, #3578, #5384, #6655, #6073, #469, #2969, #5459, #5004 ),
 .UNSPECIFIED., .F., .F.,
 ( 4, 2, 2, 2, 2, 2, 4 ),
 ( 0.000000000000000000, 0.2500000000000000000, 0.5000000000000000000, 0.6250000000000000000, 0.7500000000000000000, 0.8750000000000000000, 1.000000000000000000 ),
 .UNSPECIFIED. ) ;
#2905 = CARTESIAN_POINT ( 'NONE',  ( 40.09754281703978052, -14.77244295704100452, -16.31305861347859931 ) ) ;
#2906 = CARTESIAN_POINT ( 'NONE',  ( 39.83795123942754657, -4.865684469030027159, 19.78763916409062418 ) ) ;
#2907 = CARTESIAN_POINT ( 'NONE',  ( 58.59528008633098040, 10.29643115387094099, 3.881652223399509882 ) ) ;
#2908 = ADVANCED_FACE ( 'NONE', ( #6883 ), #1919, .F. ) ;
#2909 = ORIENTED_EDGE ( 'NONE', *, *, #9, .F. ) ;
#2910 = CARTESIAN_POINT ( 'NONE',  ( 39.58941039696654940, 10.49710496978727114, 18.08640280273665013 ) ) ;
#2911 = CARTESIAN_POINT ( 'NONE',  ( 10.00000000000000178, 36.49999999999999289, 0.000000000000000000 ) ) ;
#2912 = CARTESIAN_POINT ( 'NONE',  ( 39.19142698718812312, -13.85448777069290038, -15.18093999904003510 ) ) ;
#2913 = CARTESIAN_POINT ( 'NONE',  ( 15.29164356008742232, -19.67892011977301792, -6.007764297012017529 ) ) ;
#2914 = CARTESIAN_POINT ( 'NONE',  ( 52.39650836810296397, 1.815010030352140147, 11.74562725562795507 ) ) ;
#2915 = VERTEX_POINT ( 'NONE', #4994 ) ;
#2916 = CARTESIAN_POINT ( 'NONE',  ( 39.27267024035097620, 36.43027490670698398, 19.04606511426450766 ) ) ;
#2917 = CARTESIAN_POINT ( 'NONE',  ( 41.52569155930963518, 38.48738722523484768, 20.19999999999999929 ) ) ;
#2918 = EDGE_CURVE ( 'NONE', #551, #2472, #2251, .T. ) ;
#2919 = CARTESIAN_POINT ( 'NONE',  ( 39.06998143844159443, -12.00755818021753640, -16.35410317493400001 ) ) ;
#2920 = CARTESIAN_POINT ( 'NONE',  ( 38.00000000000000000, 45.00200000000000244, -2.000000000000000000 ) ) ;
#2921 = CARTESIAN_POINT ( 'NONE',  ( -1.235990476633475055E-15, 0.000000000000000000, -8.040381359624446555E-32 ) ) ;
#2922 = FACE_OUTER_BOUND ( 'NONE', #4986, .T. ) ;
#2923 = DIRECTION ( 'NONE',  ( 0.000000000000000000, 0.000000000000000000, 1.000000000000000000 ) ) ;
#2924 = CARTESIAN_POINT ( 'NONE',  ( 37.99999999999999289, -3.464574387010403989, 19.90692939068218337 ) ) ;
#2925 = FACE_BOUND ( 'NONE', #1479, .T. ) ;
#2926 = LINE ( 'NONE', #5528, #4124 ) ;
#2927 = EDGE_CURVE ( 'NONE', #6611, #5876, #2038, .T. ) ;
#2928 = AXIS2_PLACEMENT_3D ( 'NONE', #6726, #298, #2301 ) ;
#2929 = CARTESIAN_POINT ( 'NONE',  ( 40.76681044887881455, -39.67564775886821593, 20.20000000000000284 ) ) ;
#2930 = CARTESIAN_POINT ( 'NONE',  ( 40.22581534559844840, -2.244367496404978457, -20.03423417714444810 ) ) ;
#2931 = CARTESIAN_POINT ( 'NONE',  ( 38.00000000000000000, -41.18700821125059974, 20.19999999999999929 ) ) ;
#2932 = CARTESIAN_POINT ( 'NONE',  ( 40.00355857045499874, 0.5188563312452296739, 20.17551799066754370 ) ) ;
#2933 = CARTESIAN_POINT ( 'NONE',  ( 41.03795143763800013, 13.45146658351574587, -18.31875823472302400 ) ) ;
#2934 = VERTEX_POINT ( 'NONE', #1269 ) ;
#2935 = CARTESIAN_POINT ( 'NONE',  ( 1.470967741824963593, -19.93420641380823355, 3.288214873391264614 ) ) ;
#2936 = ORIENTED_EDGE ( 'NONE', *, *, #1119, .F. ) ;
#2937 = CARTESIAN_POINT ( 'NONE',  ( 4.393116798214013130, 18.73992073512481227, -7.544340108992149574 ) ) ;
#2938 = CARTESIAN_POINT ( 'NONE',  ( 42.62304320784110701, 10.32527768814614078, -19.75530539848217870 ) ) ;
#2939 = AXIS2_PLACEMENT_3D ( 'NONE', #131, #2466, #586 ) ;
#2940 = CARTESIAN_POINT ( 'NONE',  ( 40.49590434547040729, -12.28535902125516621, -17.69929534654054848 ) ) ;
#2941 = CARTESIAN_POINT ( 'NONE',  ( 40.25654086688402344, -12.50314175579210385, 19.17943170843654954 ) ) ;
#2942 = DIRECTION ( 'NONE',  ( -8.673617379884027583E-16, 1.504632769052525208E-30, -1.000000000000000000 ) ) ;
#2943 = EDGE_LOOP ( 'NONE', ( #3821, #6002, #3013, #3184, #2149 ) ) ;
#2944 = ORIENTED_EDGE ( 'NONE', *, *, #1053, .F. ) ;
#2945 = DIRECTION ( 'NONE',  ( -1.000000000000000000, -0.000000000000000000, -0.000000000000000000 ) ) ;
#2946 = DIRECTION ( 'NONE',  ( 0.000000000000000000, -0.9994996547304627610, -0.03162973590919884032 ) ) ;
#2947 = EDGE_CURVE ( 'NONE', #6853, #1279, #4456, .T. ) ;
#2948 = CARTESIAN_POINT ( 'NONE',  ( 40.05205464666337889, -30.77705835859652694, 18.72349576871856414 ) ) ;
#2949 = CARTESIAN_POINT ( 'NONE',  ( 14.81443108197049519, -19.87724059426229317, -6.396559760716967524 ) ) ;
#2950 = CARTESIAN_POINT ( 'NONE',  ( 55.66094184260347077, 8.186273269281786114, 8.481193781127453590 ) ) ;
#2951 = CARTESIAN_POINT ( 'NONE',  ( 39.46132650835852473, 35.66573167122334098, 18.89768911571072962 ) ) ;
#2952 = CARTESIAN_POINT ( 'NONE',  ( 39.54311533624277075, -11.11861583666326858, 17.72504944088355217 ) ) ;
#2953 = ORIENTED_EDGE ( 'NONE', *, *, #7082, .F. ) ;
#2954 = CARTESIAN_POINT ( 'NONE',  ( 38.74518206375067564, -9.791706131723053375, -17.57415485933380594 ) ) ;
#2955 = FACE_OUTER_BOUND ( 'NONE', #8011, .T. ) ;
#2956 = CARTESIAN_POINT ( 'NONE',  ( 37.17362906404271428, 45.00000000000000000, 20.19999999999999574 ) ) ;
#2957 = AXIS2_PLACEMENT_3D ( 'NONE', #3884, #1340, #1954 ) ;
#2958 = CARTESIAN_POINT ( 'NONE',  ( 39.74573595072524768, 34.33731941826604128, 18.68820123192719507 ) ) ;
#2959 = LINE ( 'NONE', #1724, #1256 ) ;
#2960 = EDGE_CURVE ( 'NONE', #5113, #3817, #6244, .T. ) ;
#2961 = CARTESIAN_POINT ( 'NONE',  ( 40.00000000000000000, 45.00000000000000000, 17.09967584331198509 ) ) ;
#2962 = CARTESIAN_POINT ( 'NONE',  ( 38.98496396638930150, -14.85691524138701958, -14.05853498896250464 ) ) ;
#2963 = CARTESIAN_POINT ( 'NONE',  ( 38.42916461231900627, -11.57026563363831251, 16.59272063207685477 ) ) ;
#2964 = DIRECTION ( 'NONE',  ( 1.000000000000000000, -0.000000000000000000, 0.000000000000000000 ) ) ;
#2965 = CIRCLE ( 'NONE', #723, 0.5000000000000004441 ) ;
#2966 = TOROIDAL_SURFACE ( 'NONE', #7933, 10.49999999999999822, 0.5000000000000000000 ) ;
#2967 = EDGE_CURVE ( 'NONE', #7421, #282, #7495, .T. ) ;
#2968 = CARTESIAN_POINT ( 'NONE',  ( 59.92910635493638694, -11.44418645948126745, 1.366446691554867199 ) ) ;
#2969 = CARTESIAN_POINT ( 'NONE',  ( 45.00000000000000711, 1.348352904678731035, -20.20000000000000284 ) ) ;
#2970 = EDGE_LOOP ( 'NONE', ( #4549, #5983, #7356, #1264 ) ) ;
#2971 = CARTESIAN_POINT ( 'NONE',  ( 4.750218546885392357, -18.65355120556117186, -7.754215810111292129 ) ) ;
#2972 = LINE ( 'NONE', #1620, #7680 ) ;
#2973 = CARTESIAN_POINT ( 'NONE',  ( 40.94306800307384719, 8.378530499649754049, -19.02066708781973503 ) ) ;
#2974 = ORIENTED_EDGE ( 'NONE', *, *, #962, .F. ) ;
#2975 = ORIENTED_EDGE ( 'NONE', *, *, #64, .T. ) ;
#2976 = VECTOR ( 'NONE', #756, 1000.000000000000114 ) ;
#2977 = CARTESIAN_POINT ( 'NONE',  ( 1.470967742034126280, -19.99439630732718598, -2.902673013168396210 ) ) ;
#2978 = VERTEX_POINT ( 'NONE', #812 ) ;
#2979 = CARTESIAN_POINT ( 'NONE',  ( 41.45023882892037648, -3.774709182709898858, 20.19982668795688596 ) ) ;
#2980 = DIRECTION ( 'NONE',  ( -0.000000000000000000, -1.000000000000000000, -0.000000000000000000 ) ) ;
#2981 = EDGE_CURVE ( 'NONE', #2472, #327, #7849, .T. ) ;
#2982 = EDGE_CURVE ( 'NONE', #6528, #6997, #176, .T. ) ;
#2983 = CARTESIAN_POINT ( 'NONE',  ( 40.39843033606494060, -11.64962834528438052, -17.71754788843735895 ) ) ;
#2984 = CARTESIAN_POINT ( 'NONE',  ( 40.27471403370627456, -7.878959407200905929, 19.57935833486180854 ) ) ;
#2985 = CARTESIAN_POINT ( 'NONE',  ( 2.126789239595380465, 21.63889229181679497, 1.464661069815021532 ) ) ;
#2986 = ORIENTED_EDGE ( 'NONE', *, *, #5048, .F. ) ;
#2987 = VERTEX_POINT ( 'NONE', #4380 ) ;
#2988 = CARTESIAN_POINT ( 'NONE',  ( 17.65993673991690471, 20.33145176225779949, 2.448880035378769193 ) ) ;
#2989 = DIRECTION ( 'NONE',  ( 0.000000000000000000, 8.881784197001250351E-16, -1.000000000000000000 ) ) ;
#2990 = CARTESIAN_POINT ( 'NONE',  ( 39.66388300259745847, -7.506561092599127960, -18.71809607164941980 ) ) ;
#2991 = DIRECTION ( 'NONE',  ( -1.000000000000000000, -0.000000000000000000, 0.000000000000000000 ) ) ;
#2992 = CARTESIAN_POINT ( 'NONE',  ( 53.61408076886486640, 5.788544232081862084, 9.393950331345626736 ) ) ;
#2993 = ORIENTED_EDGE ( 'NONE', *, *, #5518, .F. ) ;
#2994 = CARTESIAN_POINT ( 'NONE',  ( 39.60430221324307354, 35.01347342731690304, 18.79085489838575640 ) ) ;
#2995 = CYLINDRICAL_SURFACE ( 'NONE', #6993, 15.19999999999999929 ) ;
#2996 = CARTESIAN_POINT ( 'NONE',  ( 10.00000000000000178, -45.00200000000000244, 0.000000000000000000 ) ) ;
#2997 = CARTESIAN_POINT ( 'NONE',  ( 40.50920483866260469, 34.46865950765030817, 20.19999999999518892 ) ) ;
#2998 = DIRECTION ( 'NONE',  ( -1.000000000000000000, -0.000000000000000000, -0.000000000000000000 ) ) ;
#2999 = CARTESIAN_POINT ( 'NONE',  ( 37.17362906404271428, -45.00000000000000000, 20.19999999999999574 ) ) ;
#3000 = DIRECTION ( 'NONE',  ( 0.000000000000000000, 1.000000000000000000, 0.000000000000000000 ) ) ;
#3001 = CARTESIAN_POINT ( 'NONE',  ( 59.66541243810105755, -10.69696102484214784, 2.587288695513517478 ) ) ;
#3002 = CARTESIAN_POINT ( 'NONE',  ( 4.947163384591171997, 20.79965764765779213, -6.211655869618889270 ) ) ;
#3003 = FACE_OUTER_BOUND ( 'NONE', #6074, .T. ) ;
#3004 = EDGE_CURVE ( 'NONE', #3779, #8102, #7390, .T. ) ;
#3005 = CARTESIAN_POINT ( 'NONE',  ( 50.00000000000000000, 45.00000000000000000, 0.000000000000000000 ) ) ;
#3006 = CARTESIAN_POINT ( 'NONE',  ( 38.60300296990605773, -39.96522860047445391, 20.20000000000040785 ) ) ;
#3007 = FACE_OUTER_BOUND ( 'NONE', #2520, .T. ) ;
#3008 = ORIENTED_EDGE ( 'NONE', *, *, #712, .F. ) ;
#3009 = CARTESIAN_POINT ( 'NONE',  ( 4.387119291936842913, -18.74142691954223494, -7.540573612103862899 ) ) ;
#3010 = CARTESIAN_POINT ( 'NONE',  ( 8.887301627791915237, 0.000000000000000000, -3.096225772092843048E-15 ) ) ;
#3011 = CARTESIAN_POINT ( 'NONE',  ( 40.97006469131470396, 15.67018548544879586, -18.16097212355153445 ) ) ;
#3012 = EDGE_CURVE ( 'NONE', #3973, #5876, #6421, .T. ) ;
#3013 = ORIENTED_EDGE ( 'NONE', *, *, #4733, .F. ) ;
#3014 = CARTESIAN_POINT ( 'NONE',  ( 41.04932038803841010, -10.30839997064929570, 19.97938160295518983 ) ) ;
#3015 = B_SPLINE_CURVE_WITH_KNOTS ( 'NONE', 3,
 ( #384, #4227, #4805, #3502 ),
 .UNSPECIFIED., .F., .F.,
 ( 4, 4 ),
 ( 0.01242217383973157410, 0.01465880812291871053 ),
 .UNSPECIFIED. ) ;
#3016 = CARTESIAN_POINT ( 'NONE',  ( 13.75437071639208320, 20.62321055306146889, 7.065269835414810018 ) ) ;
#3017 = DIRECTION ( 'NONE',  ( 0.000000000000000000, 0.4095215355438328042, -0.9123004504689348204 ) ) ;
#3018 = CARTESIAN_POINT ( 'NONE',  ( 40.03910800942576742, -13.71796994524786406, -16.51425301576057336 ) ) ;
#3019 = CARTESIAN_POINT ( 'NONE',  ( 39.93466007509864824, -8.199945471987490464, 19.19634838265507781 ) ) ;
#3020 = LINE ( 'NONE', #1825, #1784 ) ;
#3021 = CARTESIAN_POINT ( 'NONE',  ( 3.176774193554176229, 21.57740464604076891, -4.176552357417743444 ) ) ;
#3022 = ORIENTED_EDGE ( 'NONE', *, *, #7884, .F. ) ;
#3023 = EDGE_CURVE ( 'NONE', #3462, #6909, #2765, .T. ) ;
#3024 = ORIENTED_EDGE ( 'NONE', *, *, #1772, .T. ) ;
#3025 = CYLINDRICAL_SURFACE ( 'NONE', #732, 2.000000000000001776 ) ;
#3026 = CARTESIAN_POINT ( 'NONE',  ( 41.36911888479227883, -4.636401999384260897, -19.82671144988069756 ) ) ;
#3027 = CARTESIAN_POINT ( 'NONE',  ( 40.10025288332358429, -6.529023177787825816, -19.16057318597835035 ) ) ;
#3028 = CARTESIAN_POINT ( 'NONE',  ( 15.86696410287848380, -19.56170424793125662, -5.441030317280362461 ) ) ;
#3029 = CARTESIAN_POINT ( 'NONE',  ( 52.28858223313766018, -0.9075287084092453771, 11.85355339059325708 ) ) ;
#3030 = VERTEX_POINT ( 'NONE', #373 ) ;
#3031 = ORIENTED_EDGE ( 'NONE', *, *, #3473, .T. ) ;
#3032 = ORIENTED_EDGE ( 'NONE', *, *, #5803, .F. ) ;
#3033 = CARTESIAN_POINT ( 'NONE',  ( 4.752021620200189922, 18.65316105890610388, 7.755126291779018466 ) ) ;
#3034 = FACE_OUTER_BOUND ( 'NONE', #3483, .T. ) ;
#3035 = VECTOR ( 'NONE', #1694, 1000.000000000000000 ) ;
#3036 = DIRECTION ( 'NONE',  ( 0.000000000000000000, 0.9711570606672619288, -0.2384406918210987270 ) ) ;
#3037 = CARTESIAN_POINT ( 'NONE',  ( 2.610850328534587650, -18.28351446246255207, -10.59178696217986015 ) ) ;
#3038 = CARTESIAN_POINT ( 'NONE',  ( 38.49664378734604497, -3.569098920750471304, 19.90019295758645868 ) ) ;
#3039 = CARTESIAN_POINT ( 'NONE',  ( 1.652744872185244684, 17.16093364194118465, -10.93439938249033005 ) ) ;
#3040 = CARTESIAN_POINT ( 'NONE',  ( 44.82081528017126004, -45.00000000000000000, 19.32132034355964478 ) ) ;
#3041 = AXIS2_PLACEMENT_3D ( 'NONE', #250, #1515, #4723 ) ;
#3042 = CARTESIAN_POINT ( 'NONE',  ( 41.98231599926011626, -6.836620540276240554, -19.76493780944887391 ) ) ;
#3043 = DIRECTION ( 'NONE',  ( 0.000000000000000000, -1.000000000000000000, 0.000000000000000000 ) ) ;
#3044 = CARTESIAN_POINT ( 'NONE',  ( 38.82734283964725108, -37.93208694794389402, 19.41229512522228973 ) ) ;
#3045 = CARTESIAN_POINT ( 'NONE',  ( 39.36866820271723810, 3.497807013836960355, 19.92685301361675343 ) ) ;
#3046 = ADVANCED_FACE ( 'NONE', ( #3407 ), #2784, .F. ) ;
#3047 = ORIENTED_EDGE ( 'NONE', *, *, #6657, .F. ) ;
#3048 = DIRECTION ( 'NONE',  ( -1.000000000000000000, -0.000000000000000000, -0.000000000000000000 ) ) ;
#3049 = CARTESIAN_POINT ( 'NONE',  ( 5.664391458352051600, 20.02178152421785029, -6.795295026911668756 ) ) ;
#3050 = CARTESIAN_POINT ( 'NONE',  ( 40.36503241191167035, 14.89385816188296197, -17.07597798258608890 ) ) ;
#3051 = ORIENTED_EDGE ( 'NONE', *, *, #568, .T. ) ;
#3052 = CARTESIAN_POINT ( 'NONE',  ( 41.57100952808229266, -12.69472266790697290, 20.17161579000351068 ) ) ;
#3053 = CARTESIAN_POINT ( 'NONE',  ( 17.01907459637319775, -19.83173701448493276, 3.845243609792621697 ) ) ;
#3054 = CARTESIAN_POINT ( 'NONE',  ( 38.00000000000000000, -21.55968674681321318, -5.293383358428379815 ) ) ;
#3055 = EDGE_CURVE ( 'NONE', #2978, #3973, #3151, .T. ) ;
#3056 = CARTESIAN_POINT ( 'NONE',  ( 41.37187904316255782, -14.48613009883433911, -18.64592508449606356 ) ) ;
#3057 = CARTESIAN_POINT ( 'NONE',  ( 39.89315854261077732, -7.862411033369689051, 19.23334644796714699 ) ) ;
#3058 = SPHERICAL_SURFACE ( 'NONE', #4517, 2.000000000000000000 ) ;
#3059 = CARTESIAN_POINT ( 'NONE',  ( 38.00000000000000000, 18.28351446246255563, -12.59178696217984950 ) ) ;
#3060 = VERTEX_POINT ( 'NONE', #7212 ) ;
#3061 = AXIS2_PLACEMENT_3D ( 'NONE', #7829, #854, #2123 ) ;
#3062 = ORIENTED_EDGE ( 'NONE', *, *, #4461, .T. ) ;
#3063 = CARTESIAN_POINT ( 'NONE',  ( 24.56774527675076669, 36.39129556883154493, 14.14338799804937530 ) ) ;
#3064 = EDGE_CURVE ( 'NONE', #7448, #6154, #3965, .T. ) ;
#3065 = CARTESIAN_POINT ( 'NONE',  ( 40.50385000001138991, -5.791730466204029426, -19.44869154768149144 ) ) ;
#3066 = FACE_OUTER_BOUND ( 'NONE', #1792, .T. ) ;
#3067 = CARTESIAN_POINT ( 'NONE',  ( 38.77747925892176539, 2.877578752664178730, -20.00008496155744453 ) ) ;
#3068 = EDGE_LOOP ( 'NONE', ( #5939, #5280, #4791, #7845 ) ) ;
#3069 = ORIENTED_EDGE ( 'NONE', *, *, #5864, .T. ) ;
#3070 = ORIENTED_EDGE ( 'NONE', *, *, #2347, .F. ) ;
#3071 = CARTESIAN_POINT ( 'NONE',  ( 40.00000000000000000, -21.55968674681321318, 5.293383358428382479 ) ) ;
#3072 = AXIS2_PLACEMENT_3D ( 'NONE', #1953, #2456, #6838 ) ;
#3073 = CARTESIAN_POINT ( 'NONE',  ( 10.00000000000000178, -22.70553022664231690, -8.000000000000000000 ) ) ;
#3074 = CARTESIAN_POINT ( 'NONE',  ( 41.80548665929681107, 37.63534268793738846, 20.19999999999999929 ) ) ;
#3075 = CARTESIAN_POINT ( 'NONE',  ( 39.98958616137895206, 15.63865397067356788, -15.36425866047343192 ) ) ;
#3076 = CARTESIAN_POINT ( 'NONE',  ( 1.645355594910442809, -17.15825161165073354, -10.92848697112832923 ) ) ;
#3078 = EDGE_CURVE ( 'NONE', #5476, #5468, #4631, .T. ) ;
#3077 = CARTESIAN_POINT ( 'NONE',  ( 59.06014287868617174, -10.77392486225756763, 4.245067272019424465 ) ) ;
#3079 = CARTESIAN_POINT ( 'NONE',  ( 39.72849630145088184, 31.67667541599958270, -17.49895107799493132 ) ) ;
#3080 = AXIS2_PLACEMENT_3D ( 'NONE', #2538, #3154, #4999 ) ;
#3081 = CARTESIAN_POINT ( 'NONE',  ( 40.21971487093644271, -12.49856518385883675, 19.11133496785580377 ) ) ;
#3082 = AXIS2_PLACEMENT_3D ( 'NONE', #6335, #5146, #1992 ) ;
#3083 = CARTESIAN_POINT ( 'NONE',  ( 39.87992183775389776, 12.14716242764699849, 17.76050366126976954 ) ) ;
#3084 = AXIS2_PLACEMENT_3D ( 'NONE', #7696, #4006, #5929 ) ;
#3085 = CARTESIAN_POINT ( 'NONE',  ( 41.46446609406726225, 15.75879749091904003, -18.73553390593273704 ) ) ;
#3086 = CARTESIAN_POINT ( 'NONE',  ( 38.31935013131143819, 1.853668768371690589, 20.12058393719993177 ) ) ;
#3087 = AXIS2_PLACEMENT_3D ( 'NONE', #523, #2945, #8054 ) ;
#3088 = CARTESIAN_POINT ( 'NONE',  ( 39.87514438598874023, -1.032149227771708144, 20.16431432724609252 ) ) ;
#3089 = DIRECTION ( 'NONE',  ( 0.000000000000000000, -0.000000000000000000, 1.000000000000000000 ) ) ;
#3090 = CARTESIAN_POINT ( 'NONE',  ( 39.82055190618419971, 7.685805088168181420, -18.69323981009426916 ) ) ;
#3091 = ORIENTED_EDGE ( 'NONE', *, *, #4560, .T. ) ;
#3092 = CARTESIAN_POINT ( 'NONE',  ( 41.99999999999999289, -2.118699810942742623, 20.20000000000000284 ) ) ;
#3093 = CIRCLE ( 'NONE', #3870, 15.19999999999999929 ) ;
#3094 = CIRCLE ( 'NONE', #5053, 2.000000000000000000 ) ;
#3095 = ADVANCED_FACE ( 'NONE', ( #2081 ), #985, .F. ) ;
#3096 = CARTESIAN_POINT ( 'NONE',  ( 40.12223824641451841, 2.073060976677866041, 20.12460818704836640 ) ) ;
#3097 = CARTESIAN_POINT ( 'NONE',  ( 41.40548430481091913, 5.303403161431730517, -19.74996224807199852 ) ) ;
#3098 = CARTESIAN_POINT ( 'NONE',  ( 2.000385600967040212, -21.55538406623355741, -0.3782295304277015768 ) ) ;
#3099 = CIRCLE ( 'NONE', #4017, 2.999999999999999112 ) ;
#3100 = CARTESIAN_POINT ( 'NONE',  ( 39.39042816887518228, -5.520138105606759993, 19.53254150859912741 ) ) ;
#3101 = CARTESIAN_POINT ( 'NONE',  ( 38.00000000000000000, 39.13940053353145743, 19.76150225234467328 ) ) ;
#3102 = FACE_OUTER_BOUND ( 'NONE', #809, .T. ) ;
#3103 = ORIENTED_EDGE ( 'NONE', *, *, #7512, .F. ) ;
#3104 = EDGE_LOOP ( 'NONE', ( #3743, #416, #2105 ) ) ;
#3105 = EDGE_CURVE ( 'NONE', #530, #4672, #6322, .T. ) ;
#3106 = CARTESIAN_POINT ( 'NONE',  ( 3.589239999414012949, -19.10255753355022179, -10.76718606124199162 ) ) ;
#3107 = CARTESIAN_POINT ( 'NONE',  ( 39.46512487179487749, -10.83640349678774939, -17.21583110032879560 ) ) ;
#3108 = CARTESIAN_POINT ( 'NONE',  ( 17.33212111192934657, 45.00000000000000000, -3.199999999999999289 ) ) ;
#3109 = CARTESIAN_POINT ( 'NONE',  ( 38.61991627125220816, 14.76877058526511100, -13.91857198245496896 ) ) ;
#3110 = DIRECTION ( 'NONE',  ( 0.000000000000000000, 0.000000000000000000, 1.000000000000000000 ) ) ;
#3111 = ORIENTED_EDGE ( 'NONE', *, *, #4276, .F. ) ;
#3112 = EDGE_LOOP ( 'NONE', ( #7018, #6162, #3622, #6869 ) ) ;
#3113 = ORIENTED_EDGE ( 'NONE', *, *, #918, .T. ) ;
#3114 = CARTESIAN_POINT ( 'NONE',  ( 17.33212111192934657, 20.00363613427023779, -3.199999999999999289 ) ) ;
#3115 = EDGE_CURVE ( 'NONE', #4979, #1185, #6085, .T. ) ;
#3116 = DIRECTION ( 'NONE',  ( 0.000000000000000000, 0.000000000000000000, 1.000000000000000000 ) ) ;
#3117 = DIRECTION ( 'NONE',  ( 0.000000000000000000, -0.9711570606672621508, 0.2384406918210979220 ) ) ;
#3118 = CARTESIAN_POINT ( 'NONE',  ( 40.00249939638683827, 15.99331889567765330, -15.39714538439443992 ) ) ;
#3119 = CARTESIAN_POINT ( 'NONE',  ( 59.13746738975368800, -10.22301245021576221, 4.079340402189598258 ) ) ;
#3120 = LINE ( 'NONE', #7619, #6090 ) ;
#3121 = CARTESIAN_POINT ( 'NONE',  ( 40.12223824641448999, -2.073060976677858047, 20.12460818704834509 ) ) ;
#3122 = ORIENTED_EDGE ( 'NONE', *, *, #1206, .F. ) ;
#3123 = ADVANCED_FACE ( 'NONE', ( #3490 ), #946, .F. ) ;
#3124 = DIRECTION ( 'NONE',  ( 0.000000000000000000, 0.000000000000000000, -1.000000000000000000 ) ) ;
#3125 = CARTESIAN_POINT ( 'NONE',  ( 40.34394284523602892, 15.60341927775519899, -17.02208832868946331 ) ) ;
#3126 = CARTESIAN_POINT ( 'NONE',  ( 38.00000000000000711, 9.741317837371090249, 17.72708248513180962 ) ) ;
#3127 = EDGE_LOOP ( 'NONE', ( #1065, #900, #5278, #6834 ) ) ;
#3128 = CARTESIAN_POINT ( 'NONE',  ( 40.97087536800593455, 6.944068156671942159E-15, -20.11376744117787041 ) ) ;
#3129 = CARTESIAN_POINT ( 'NONE',  ( 40.43031652986458369, 12.45288297924557952, -17.56304779201901667 ) ) ;
#3130 = ORIENTED_EDGE ( 'NONE', *, *, #596, .T. ) ;
#3131 = CARTESIAN_POINT ( 'NONE',  ( 2.775126004571049965, 20.22524543670629171, 3.450465395981965333 ) ) ;
#3132 = CARTESIAN_POINT ( 'NONE',  ( 15.97596707762848034, 19.55604116070526288, 5.321122270531427390 ) ) ;
#3133 = CARTESIAN_POINT ( 'NONE',  ( 37.00000000000000000, 0.000000000000000000, 0.000000000000000000 ) ) ;
#3134 = CARTESIAN_POINT ( 'NONE',  ( 1.470967741935481632, 0.000000000000000000, 9.568958528775276393E-17 ) ) ;
#3135 = CARTESIAN_POINT ( 'NONE',  ( 40.00000000000000000, 0.000000000000000000, 0.000000000000000000 ) ) ;
#3136 = DIRECTION ( 'NONE',  ( 3.435095992033281961E-16, 0.000000000000000000, 1.000000000000000000 ) ) ;
#3137 = ORIENTED_EDGE ( 'NONE', *, *, #6774, .T. ) ;
#3138 = ORIENTED_EDGE ( 'NONE', *, *, #7906, .T. ) ;
#3139 = CARTESIAN_POINT ( 'NONE',  ( 50.00000000000000000, 37.09999999996985309, 3.850000000000000533 ) ) ;
#3140 = CARTESIAN_POINT ( 'NONE',  ( 39.48744623630489059, -14.63779331883916512, -14.86147891358071860 ) ) ;
#3141 = CARTESIAN_POINT ( 'NONE',  ( 39.87113324374186618, 5.779483260792081190, -19.34041334084932018 ) ) ;
#3142 = EDGE_CURVE ( 'NONE', #3508, #654, #4771, .T. ) ;
#3143 = CARTESIAN_POINT ( 'NONE',  ( 41.06878759118160360, -12.63571712810506575, 19.99001259717633872 ) ) ;
#3144 = ORIENTED_EDGE ( 'NONE', *, *, #1643, .F. ) ;
#3145 = EDGE_LOOP ( 'NONE', ( #7483, #7209, #2241, #2130, #3982 ) ) ;
#3146 = CARTESIAN_POINT ( 'NONE',  ( 2.899440571443478998, -19.15696293410671913, -6.407087570906241147 ) ) ;
#3147 = CARTESIAN_POINT ( 'NONE',  ( 37.17362906404271428, 45.00000000000000000, 20.19999999999999574 ) ) ;
#3148 = CARTESIAN_POINT ( 'NONE',  ( 39.13134526556012105, 40.96100284472954911, 20.19999999999999929 ) ) ;
#3149 = DIRECTION ( 'NONE',  ( 1.000000000000000000, 0.000000000000000000, 0.000000000000000000 ) ) ;
#3150 = CARTESIAN_POINT ( 'NONE',  ( 19.16515138991168499, 45.00200000000000244, -4.000000000000000000 ) ) ;
#3151 = B_SPLINE_CURVE_WITH_KNOTS ( 'NONE', 3,
 ( #2206, #1553, #5369, #5283 ),
 .UNSPECIFIED., .F., .F.,
 ( 4, 4 ),
 ( 0.2398906564385606677, 0.2455455745247777932 ),
 .UNSPECIFIED. ) ;
#3152 = DIRECTION ( 'NONE',  ( 0.000000000000000000, 1.000000000000000000, 0.000000000000000000 ) ) ;
#3153 = DIRECTION ( 'NONE',  ( 3.873525483907645935E-18, -0.9994996547304627610, 0.03162973590919884032 ) ) ;
#3154 = DIRECTION ( 'NONE',  ( -1.000000000000000000, -0.000000000000000000, -6.505213034913026604E-17 ) ) ;
#3155 = EDGE_CURVE ( 'NONE', #5113, #2915, #4136, .T. ) ;
#3156 = VERTEX_POINT ( 'NONE', #1445 ) ;
#3157 = CONICAL_SURFACE ( 'NONE', #5106, 3.850000000000000533, 0.03163501222810900099 ) ;
#3158 = DIRECTION ( 'NONE',  ( -1.000000000000000000, -0.000000000000000000, -1.948774242403888243E-17 ) ) ;
#3159 = CARTESIAN_POINT ( 'NONE',  ( 40.00000000000000000, 0.000000000000000000, 0.000000000000000000 ) ) ;
#3160 = DIRECTION ( 'NONE',  ( 0.000000000000000000, -1.000000000000000000, 0.000000000000000000 ) ) ;
#3161 = CARTESIAN_POINT ( 'NONE',  ( 38.00000000000000000, -21.55968674681321318, 5.293383358428382479 ) ) ;
#3162 = ORIENTED_EDGE ( 'NONE', *, *, #4917, .T. ) ;
#3163 = ADVANCED_FACE ( 'NONE', ( #3347 ), #1367, .F. ) ;
#3164 = CARTESIAN_POINT ( 'NONE',  ( 39.16779818615457032, -10.13935340304273680, -17.41351477287239646 ) ) ;
#3165 = CARTESIAN_POINT ( 'NONE',  ( 40.04555726177115105, 7.730327651403062106, -18.75254392957610605 ) ) ;
#3166 = ORIENTED_EDGE ( 'NONE', *, *, #4860, .T. ) ;
#3167 = CARTESIAN_POINT ( 'NONE',  ( 2.536431921130816836, 20.48279039315327665, 2.894519404391702189 ) ) ;
#3168 = CARTESIAN_POINT ( 'NONE',  ( 40.96092260701790622, 8.065153853624524416, 20.02127494891484361 ) ) ;
#3169 = DIRECTION ( 'NONE',  ( 1.000000000000000000, 0.000000000000000000, 0.000000000000000000 ) ) ;
#3170 = VECTOR ( 'NONE', #8078, 1000.000000000000114 ) ;
#3171 = AXIS2_PLACEMENT_3D ( 'NONE', #6716, #2991, #5402 ) ;
#3172 = CARTESIAN_POINT ( 'NONE',  ( 40.01782210105883308, -15.85267448202695384, -15.63776500775650824 ) ) ;
#3173 = CARTESIAN_POINT ( 'NONE',  ( 59.50000000000002132, -11.00000000000000000, 0.6363815110293892241 ) ) ;
#3174 = DIRECTION ( 'NONE',  ( 6.505213034913026604E-17, 0.000000000000000000, -1.000000000000000000 ) ) ;
#3175 = ORIENTED_EDGE ( 'NONE', *, *, #5500, .F. ) ;
#3176 = DIRECTION ( 'NONE',  ( 0.000000000000000000, 0.000000000000000000, -1.000000000000000000 ) ) ;
#3177 = CIRCLE ( 'NONE', #3833, 1.999999999999998446 ) ;
#3178 = CARTESIAN_POINT ( 'NONE',  ( 41.32008407131358751, 0.5938898303840884907, -20.10747775192764308 ) ) ;
#3179 = CARTESIAN_POINT ( 'NONE',  ( 41.46233079448219883, -6.651450407984385471, -19.58435158939922971 ) ) ;
#3180 = CARTESIAN_POINT ( 'NONE',  ( 39.94081964188112011, -8.136931583886717334, -18.56757592050941241 ) ) ;
#3181 = CARTESIAN_POINT ( 'NONE',  ( 40.33438371180040605, 1.098504539545467562, -20.11313498718382675 ) ) ;
#3182 = CARTESIAN_POINT ( 'NONE',  ( -1.235990476633475055E-15, 0.000000000000000000, -8.040381359624446555E-32 ) ) ;
#3183 = ORIENTED_EDGE ( 'NONE', *, *, #4509, .T. ) ;
#3184 = ORIENTED_EDGE ( 'NONE', *, *, #1748, .F. ) ;
#3185 = ORIENTED_EDGE ( 'NONE', *, *, #5553, .T. ) ;
#3186 = CARTESIAN_POINT ( 'NONE',  ( 5.540279796080371355, 19.10896569983250615, 6.658399816435901286 ) ) ;
#3187 = DIRECTION ( 'NONE',  ( 0.000000000000000000, 0.000000000000000000, -1.000000000000000000 ) ) ;
#3188 = EDGE_CURVE ( 'NONE', #2782, #7042, #1228, .T. ) ;
#3189 = VECTOR ( 'NONE', #7579, 1000.000000000000000 ) ;
#3190 = CARTESIAN_POINT ( 'NONE',  ( 42.69949493661162165, 45.00000000000000000, 20.19999999999999929 ) ) ;
#3191 = CARTESIAN_POINT ( 'NONE',  ( 40.00722323135526182, 15.34282237083466072, -15.66070083588418171 ) ) ;
#3192 = DIRECTION ( 'NONE',  ( 0.000000000000000000, 0.000000000000000000, -1.000000000000000000 ) ) ;
#3193 = CARTESIAN_POINT ( 'NONE',  ( 40.39124787117737014, 40.20269877116223967, -20.19999999999999929 ) ) ;
#3194 = DIRECTION ( 'NONE',  ( 1.000000000000000000, -0.000000000000000000, -0.000000000000000000 ) ) ;
#3195 = AXIS2_PLACEMENT_3D ( 'NONE', #7514, #1321, #3974 ) ;
#3196 = ORIENTED_EDGE ( 'NONE', *, *, #6802, .F. ) ;
#3197 = DIRECTION ( 'NONE',  ( -1.000000000000000000, -0.000000000000000000, -0.000000000000000000 ) ) ;
#3198 = EDGE_CURVE ( 'NONE', #685, #2055, #187, .T. ) ;
#3199 = CARTESIAN_POINT ( 'NONE',  ( 3.176774193555373937, -21.57740464604017561, 4.176552357419700101 ) ) ;
#3200 = CARTESIAN_POINT ( 'NONE',  ( 40.31200242914726317, 15.60519131709097884, -16.93894794858259800 ) ) ;
#3201 = CARTESIAN_POINT ( 'NONE',  ( 38.36878126712298354, 10.66631825781783682, 17.21567834902741012 ) ) ;
#3202 = ORIENTED_EDGE ( 'NONE', *, *, #3078, .F. ) ;
#3203 = FACE_OUTER_BOUND ( 'NONE', #3104, .T. ) ;
#3204 = CARTESIAN_POINT ( 'NONE',  ( 40.01124329312287387, 7.865149024713798731, -18.69293924538255425 ) ) ;
#3205 = ORIENTED_EDGE ( 'NONE', *, *, #5542, .F. ) ;
#3206 = CARTESIAN_POINT ( 'NONE',  ( 1.999893463693724893, 21.55500168626321411, -0.1798195161908219819 ) ) ;
#3207 = EDGE_CURVE ( 'NONE', #3635, #6997, #2728, .T. ) ;
#3208 = CARTESIAN_POINT ( 'NONE',  ( 41.99999999999999289, 3.707724669149837116, 20.20000000000000284 ) ) ;
#3210 = ADVANCED_FACE ( 'NONE', ( #4408 ), #1406, .F. ) ;
#3209 = AXIS2_PLACEMENT_3D ( 'NONE', #2824, #807, #898 ) ;
#3211 = AXIS2_PLACEMENT_3D ( 'NONE', #7664, #1469, #6470 ) ;
#3212 = CARTESIAN_POINT ( 'NONE',  ( 38.16818663019587632, 11.91320119062096516, -16.32943705845535476 ) ) ;
#3213 = CARTESIAN_POINT ( 'NONE',  ( 3.589239999414012505, -19.10255753355022179, 10.76718606124199162 ) ) ;
#3214 = CARTESIAN_POINT ( 'NONE',  ( 2.201427343311636253, -21.67756136824755586, -1.821374210891344214 ) ) ;
#3215 = CARTESIAN_POINT ( 'NONE',  ( 45.00000000000000711, -0.6741764523393553032, -20.20000000000000284 ) ) ;
#3216 = FACE_BOUND ( 'NONE', #2813, .T. ) ;
#3217 = ORIENTED_EDGE ( 'NONE', *, *, #1496, .T. ) ;
#3218 = AXIS2_PLACEMENT_3D ( 'NONE', #952, #1969, #4724 ) ;
#3219 = CIRCLE ( 'NONE', #3352, 1.999999999999999112 ) ;
#3220 = CARTESIAN_POINT ( 'NONE',  ( 39.95649516017874703, 12.04520375929975096, 18.12231685350534960 ) ) ;
#3221 = ORIENTED_EDGE ( 'NONE', *, *, #504, .T. ) ;
#3222 = CARTESIAN_POINT ( 'NONE',  ( 38.00000000000000000, 45.00000000000000000, -4.000000000000000000 ) ) ;
#3223 = EDGE_CURVE ( 'NONE', #7799, #6700, #4572, .T. ) ;
#3224 = CIRCLE ( 'NONE', #7811, 2.000000000000000888 ) ;
#3225 = CARTESIAN_POINT ( 'NONE',  ( 3.199999266669145914, -19.15696293410672268, 6.407087570906247365 ) ) ;
#3226 = CARTESIAN_POINT ( 'NONE',  ( 40.20966792118778699, -7.066121649765194412, -19.02493891379971203 ) ) ;
#3227 = CARTESIAN_POINT ( 'NONE',  ( 39.98861581292109690, 6.113587753264392077, -19.26271152102609108 ) ) ;
#3228 = CARTESIAN_POINT ( 'NONE',  ( 40.97087536800593455, 6.944068156671942159E-15, -20.11376744117787041 ) ) ;
#3229 = VERTEX_POINT ( 'NONE', #677 ) ;
#3230 = AXIS2_PLACEMENT_3D ( 'NONE', #3367, #3970, #6554 ) ;
#3231 = CARTESIAN_POINT ( 'NONE',  ( 39.99720667568310262, 12.37410331007912134, 18.22412454848373287 ) ) ;
#3232 = CARTESIAN_POINT ( 'NONE',  ( 40.58578643762703564, 12.55707641300339539, 19.61421356237322655 ) ) ;
#3233 = CARTESIAN_POINT ( 'NONE',  ( 39.52114768771632214, 11.83331267415683286, 17.22651871011569114 ) ) ;
#3234 = CARTESIAN_POINT ( 'NONE',  ( 17.12411561483696332, -19.86939916790550242, -3.639639639639637991 ) ) ;
#3235 = CARTESIAN_POINT ( 'NONE',  ( 39.80599301905007792, 15.43648283805839405, -14.73196220838467774 ) ) ;
#3236 = B_SPLINE_CURVE_WITH_KNOTS ( 'NONE', 3,
 ( #5584, #6904, #23, #1857, #6197, #5506, #1897, #4942, #597, #1742 ),
 .UNSPECIFIED., .F., .F.,
 ( 4, 2, 2, 2, 4 ),
 ( 0.000000000000000000, 0.2500000000000148770, 0.3750000000000155431, 0.5000000000000162093, 1.000000000000000000 ),
 .UNSPECIFIED. ) ;
#3237 = DIRECTION ( 'NONE',  ( 0.000000000000000000, 0.000000000000000000, 1.000000000000000000 ) ) ;
#3238 = CARTESIAN_POINT ( 'NONE',  ( 40.00355857045499874, -0.5188563312452237897, 20.17551799066753659 ) ) ;
#3239 = CARTESIAN_POINT ( 'NONE',  ( 42.00000000000000000, 30.77705835859655181, 20.19999999999999929 ) ) ;
#3240 = ORIENTED_EDGE ( 'NONE', *, *, #5104, .F. ) ;
#3241 = FACE_OUTER_BOUND ( 'NONE', #4386, .T. ) ;
#3242 = CARTESIAN_POINT ( 'NONE',  ( 39.11891728540654611, -6.291848784371198988, -19.16991452618007585 ) ) ;
#3243 = CARTESIAN_POINT ( 'NONE',  ( -35.77713417233866977, 39.13940053353145743, 19.76150225234467328 ) ) ;
#3244 = CARTESIAN_POINT ( 'NONE',  ( 43.88390751032245873, -14.72760839945729572, -20.11718071062419355 ) ) ;
#3245 = CARTESIAN_POINT ( 'NONE',  ( 39.81023337963118536, -30.49444419258324501, -17.14052187138134187 ) ) ;
#3246 = DIRECTION ( 'NONE',  ( -0.000000000000000000, -1.000000000000000000, -0.000000000000000000 ) ) ;
#3247 = DIRECTION ( 'NONE',  ( 0.000000000000000000, 0.9123004504689347094, 0.4095215355438329152 ) ) ;
#3248 = ORIENTED_EDGE ( 'NONE', *, *, #5747, .F. ) ;
#3249 = CARTESIAN_POINT ( 'NONE',  ( 40.45014021005009397, -15.60397106432951553, -17.27169365441998394 ) ) ;
#3250 = EDGE_CURVE ( 'NONE', #5477, #3873, #7907, .T. ) ;
#3251 = CARTESIAN_POINT ( 'NONE',  ( 39.06998143844160154, 12.00755818021753640, -16.35410317493399290 ) ) ;
#3252 = ORIENTED_EDGE ( 'NONE', *, *, #1154, .T. ) ;
#3253 = CARTESIAN_POINT ( 'NONE',  ( 40.33548100992268104, 0.8318716958218225210, 20.17293433670242564 ) ) ;
#3254 = CARTESIAN_POINT ( 'NONE',  ( 40.62674562312194126, -0.5865866557492659394, -20.12091609285311833 ) ) ;
#3255 = CARTESIAN_POINT ( 'NONE',  ( 39.16779818615454190, 10.13935340304273858, -17.41351477287239646 ) ) ;
#3256 = DIRECTION ( 'NONE',  ( 0.000000000000000000, 1.000000000000000000, 0.000000000000000000 ) ) ;
#3257 = CARTESIAN_POINT ( 'NONE',  ( 39.38180869649953308, -8.420721565138663323, 18.69270776748833285 ) ) ;
#3258 = EDGE_CURVE ( 'NONE', #1169, #5192, #7169, .T. ) ;
#3259 = CARTESIAN_POINT ( 'NONE',  ( 31.29802302451328799, 39.78313668115507795, 20.01154028972723964 ) ) ;
#3260 = CARTESIAN_POINT ( 'NONE',  ( 40.16715663847450202, 8.413261043555701590, 19.39582734888001170 ) ) ;
#3261 = ORIENTED_EDGE ( 'NONE', *, *, #7433, .T. ) ;
#3262 = DIRECTION ( 'NONE',  ( -0.5112957703660342412, 0.2021029957216608219, -0.8353029476340508852 ) ) ;
#3263 = CARTESIAN_POINT ( 'NONE',  ( 43.82891000380414681, 1.090525111714945705, -20.18756219688204467 ) ) ;
#3264 = CARTESIAN_POINT ( 'NONE',  ( 5.544759241993345356, -19.93784570470082329, 6.757617170150708397 ) ) ;
#3265 = CARTESIAN_POINT ( 'NONE',  ( 38.76903489931230951, -13.65947408617529035, -15.06346698090672298 ) ) ;
#3266 = CARTESIAN_POINT ( 'NONE',  ( 40.94306800307385430, -8.378530499649732732, -19.02066708781970661 ) ) ;
#3267 = CARTESIAN_POINT ( 'NONE',  ( 39.36348466305572913, 8.009902220440322296, -18.44711719959135721 ) ) ;
#3268 = EDGE_CURVE ( 'NONE', #3672, #7643, #1111, .T. ) ;
#3269 = DIRECTION ( 'NONE',  ( 3.435095992033279003E-16, 2.232650849431822880E-15, 1.000000000000000000 ) ) ;
#3270 = ORIENTED_EDGE ( 'NONE', *, *, #792, .T. ) ;
#3271 = CARTESIAN_POINT ( 'NONE',  ( 39.78331901842839358, -11.51019113035282260, 17.90485983524519398 ) ) ;
#3272 = ORIENTED_EDGE ( 'NONE', *, *, #5279, .T. ) ;
#3273 = CARTESIAN_POINT ( 'NONE',  ( 40.47940160240878527, 12.53887372184928850, 19.50066292816711311 ) ) ;
#3274 = FACE_OUTER_BOUND ( 'NONE', #1425, .T. ) ;
#3275 = CARTESIAN_POINT ( 'NONE',  ( 39.44079326985752942, 5.650808304720422726, 19.51319592910515155 ) ) ;
#3276 = CARTESIAN_POINT ( 'NONE',  ( 39.41446739863830118, 11.78313987870417279, 17.12358276649948152 ) ) ;
#3277 = CARTESIAN_POINT ( 'NONE',  ( 59.48284750627077955, 10.98643533331726907, 0.6288072013088930046 ) ) ;
#3278 = DIRECTION ( 'NONE',  ( 0.000000000000000000, 0.000000000000000000, -1.000000000000000000 ) ) ;
#3279 = CARTESIAN_POINT ( 'NONE',  ( 40.97263366101770998, 28.97960704407163135, -20.19999999999999574 ) ) ;
#3280 = CARTESIAN_POINT ( 'NONE',  ( 42.16061442263885795, -34.89313419180469111, 20.20000000000000639 ) ) ;
#3281 = CARTESIAN_POINT ( 'NONE',  ( 38.00000000000000000, 18.28351446246255563, -10.59178696217984950 ) ) ;
#3282 = EDGE_LOOP ( 'NONE', ( #5444, #242, #7280, #673 ) ) ;
#3283 = CARTESIAN_POINT ( 'NONE',  ( 38.53800970022290784, -7.027755579627467775, -18.93351628463969050 ) ) ;
#3284 = DIRECTION ( 'NONE',  ( 1.000000000000000000, 0.000000000000000000, 0.000000000000000000 ) ) ;
#3285 = CARTESIAN_POINT ( 'NONE',  ( 43.86771363079633090, -6.150334242294936082, -20.18827676161942009 ) ) ;
#3286 = CARTESIAN_POINT ( 'NONE',  ( 1.693455566214287833, -19.55347309271295941, 5.081090157234313232 ) ) ;
#3287 = CARTESIAN_POINT ( 'NONE',  ( 3.957622535120560059, 21.20275978751017831, 5.286596747773375959 ) ) ;
#3288 = CARTESIAN_POINT ( 'NONE',  ( 38.72129154491457825, 9.658607384050398537, 17.87289688266648113 ) ) ;
#3289 = VERTEX_POINT ( 'NONE', #3915 ) ;
#3290 = CARTESIAN_POINT ( 'NONE',  ( 39.39420101685858100, 10.65650699162693726, -17.26887885456615379 ) ) ;
#3291 = VERTEX_POINT ( 'NONE', #5837 ) ;
#3292 = CARTESIAN_POINT ( 'NONE',  ( 40.80448097046219402, 12.59389620362047424, 19.83290809520836007 ) ) ;
#3293 = AXIS2_PLACEMENT_3D ( 'NONE', #2819, #926, #5748 ) ;
#3294 = EDGE_CURVE ( 'NONE', #1902, #7320, #330, .T. ) ;
#3295 = FACE_OUTER_BOUND ( 'NONE', #3549, .T. ) ;
#3296 = TOROIDAL_SURFACE ( 'NONE', #951, 22.19999999999999574, 2.000000000000000000 ) ;
#3297 = DIRECTION ( 'NONE',  ( 1.000000000000000000, 0.000000000000000000, 0.000000000000000000 ) ) ;
#3298 = CARTESIAN_POINT ( 'NONE',  ( 39.41442458138376281, 15.05865200620466382, -14.32810843525883016 ) ) ;
#3299 = CARTESIAN_POINT ( 'NONE',  ( 40.00000000000000000, -19.10255753355021824, -10.76718606124198807 ) ) ;
#3300 = CARTESIAN_POINT ( 'NONE',  ( 41.52391662310508735, 13.23579147361706987, -18.85265616118327614 ) ) ;
#3301 = CARTESIAN_POINT ( 'NONE',  ( 39.91552103789297234, 10.49566870143390673, 18.59745230749668821 ) ) ;
#3302 = ORIENTED_EDGE ( 'NONE', *, *, #4786, .T. ) ;
#3303 = CARTESIAN_POINT ( 'NONE',  ( -35.77713417233866977, 40.11625195157550650, -20.19999999999999929 ) ) ;
#3304 = CARTESIAN_POINT ( 'NONE',  ( 44.27307589715392311, 6.679840011287174961E-15, -20.20000000000000284 ) ) ;
#3305 = EDGE_CURVE ( 'NONE', #5476, #2432, #5300, .T. ) ;
#3306 = FACE_OUTER_BOUND ( 'NONE', #6305, .T. ) ;
#3307 = B_SPLINE_SURFACE_WITH_KNOTS ( 'NONE', 3, 3, ( 
 ( #6347, #743, #822, #867, #2583, #2049, #3895, #4551, #3932, #2752, #6299, #2619, #5734, #1312 ),
 ( #7053, #4427, #5774, #7624, #91, #6390, #4502, #165, #6930, #782, #3328, #2663, #211, #5815 ),
 ( #1927, #4929, #6301, #4428, #700, #2387, #3653, #5530, #3042, #8029, #2426, #4314, #5690, #2620 ),
 ( #7710, #913, #7012, #6971, #7585, #5117, #7626, #1964, #5078, #868, #1349, #5775, #2664, #6477 ),
 ( #2002, #5206, #783, #744, #2754, #824, #6391, #4465, #6349, #2050, #92, #4503, #1391, #2091 ),
 ( #2584, #3853, #3375, #3896, #1475, #7094, #129, #3285, #4595, #3977, #5859, #5816, #3244, #4553 ),
 ( #168, #5160, #255, #5250, #7754, #7670, #6522, #2134, #7054, #5735, #1428, #1523, #4023, #3933 ),
 ( #6429, #3330, #4643, #212, #2709, #7137, #3418, #6061, #2175, #957, #7264, #4806, #2215, #3457 ) ),
 .UNSPECIFIED., .F., .F., .F.,
 ( 4, 2, 2, 4 ),
 ( 4, 2, 2, 2, 2, 2, 4 ),
 ( 0.000000000000000000, 0.2500000000000000000, 0.5000000000000000000, 1.000000000000000000 ),
 ( 0.000000000000000000, 0.1250000000000000000, 0.2500000000000000000, 0.3750000000000000000, 0.5000000000000000000, 0.7500000000000000000, 1.000000000000000000 ),
 .UNSPECIFIED. ) ;
#3308 = CARTESIAN_POINT ( 'NONE',  ( 37.99999999999999289, -14.72255604027580489, -13.83063063063063147 ) ) ;
#3309 = CARTESIAN_POINT ( 'NONE',  ( 40.44556617197837767, -9.934507693215733681, -18.25363487048839772 ) ) ;
#3310 = CARTESIAN_POINT ( 'NONE',  ( 39.74412478143245409, 2.683529642002581816, -19.99615275341831122 ) ) ;
#3311 = CARTESIAN_POINT ( 'NONE',  ( 38.00000000000000000, 19.86939916790550242, 3.639639639639639768 ) ) ;
#3312 = ORIENTED_EDGE ( 'NONE', *, *, #6153, .T. ) ;
#3313 = CIRCLE ( 'NONE', #7243, 20.19999999999999929 ) ;
#3314 = ORIENTED_EDGE ( 'NONE', *, *, #1569, .T. ) ;
#3315 = CIRCLE ( 'NONE', #7251, 2.000000000000000000 ) ;
#3316 = CARTESIAN_POINT ( 'NONE',  ( 40.58433914473710757, 11.50918298648572424, 19.61276626948329493 ) ) ;
#3317 = DIRECTION ( 'NONE',  ( 0.000000000000000000, 1.000000000000000000, 0.000000000000000000 ) ) ;
#3318 = EDGE_CURVE ( 'NONE', #6154, #4092, #3950, .T. ) ;
#3319 = DIRECTION ( 'NONE',  ( -0.000000000000000000, -1.000000000000000000, -0.000000000000000000 ) ) ;
#3320 = CARTESIAN_POINT ( 'NONE',  ( 58.43349263624432410, 10.30425880587392840, 5.382813773330749285 ) ) ;
#3321 = DIRECTION ( 'NONE',  ( -0.000000000000000000, 1.000000000000000000, -0.000000000000000000 ) ) ;
#3322 = FACE_OUTER_BOUND ( 'NONE', #3127, .T. ) ;
#3323 = CARTESIAN_POINT ( 'NONE',  ( 42.12861145771474014, -35.84039230401025122, 20.19999999999999218 ) ) ;
#3324 = ORIENTED_EDGE ( 'NONE', *, *, #4907, .T. ) ;
#3325 = VECTOR ( 'NONE', #7564, 1000.000000000000000 ) ;
#3326 =( BOUNDED_CURVE ( )  B_SPLINE_CURVE ( 2, ( #5486, #7986, #4104 ),
 .UNSPECIFIED., .F., .F. ) 
 B_SPLINE_CURVE_WITH_KNOTS ( ( 3, 3 ),
 ( 0.000000000000000000, 1.000000000000000000 ),
 .UNSPECIFIED. ) 
 CURVE ( )  GEOMETRIC_REPRESENTATION_ITEM ( )  RATIONAL_B_SPLINE_CURVE ( ( 1.000000000000000000, 0.9778293436149619877, 1.000000000000000000 ) ) 
 REPRESENTATION_ITEM ( '' )  );
#3327 = CARTESIAN_POINT ( 'NONE',  ( 39.09425531304466972, -6.457948105655726856, -19.11141365920518354 ) ) ;
#3328 = CARTESIAN_POINT ( 'NONE',  ( 41.78782142676508471, -10.51749651152592335, -19.28851256999373120 ) ) ;
#3329 = EDGE_CURVE ( 'NONE', #2668, #6783, #6910, .T. ) ;
#3330 = CARTESIAN_POINT ( 'NONE',  ( 45.00000000000000711, -0.6741764523393553032, -20.20000000000000284 ) ) ;
#3331 = CARTESIAN_POINT ( 'NONE',  ( 10.00000000000000178, -45.00200000000000244, 8.000000000000000000 ) ) ;
#3332 = CARTESIAN_POINT ( 'NONE',  ( 39.39042816887518228, -5.520138105606759993, 19.53254150859912741 ) ) ;
#3333 = CARTESIAN_POINT ( 'NONE',  ( 10.00000000000000178, -45.00200000000000244, 0.000000000000000000 ) ) ;
#3334 = ORIENTED_EDGE ( 'NONE', *, *, #3188, .F. ) ;
#3335 = CARTESIAN_POINT ( 'NONE',  ( 39.58418177217798473, 12.94449314213087732, -16.16530756337953179 ) ) ;
#3336 = ORIENTED_EDGE ( 'NONE', *, *, #7128, .F. ) ;
#3337 = CIRCLE ( 'NONE', #4130, 22.19999999999999574 ) ;
#3338 = CARTESIAN_POINT ( 'NONE',  ( 41.06878759118159650, 12.63571712810506575, 19.99001259717633872 ) ) ;
#3339 = CARTESIAN_POINT ( 'NONE',  ( 38.00000000000000711, 2.568890767361130312, -20.04649052812742482 ) ) ;
#3340 = LINE ( 'NONE', #6315, #6704 ) ;
#3341 = CARTESIAN_POINT ( 'NONE',  ( 2.526846502965867991, -21.74595627649369334, -2.878381117909434295 ) ) ;
#3342 = CARTESIAN_POINT ( 'NONE',  ( 39.13920883504687254, -7.956198987348370721, 18.73260510360501385 ) ) ;
#3343 = CARTESIAN_POINT ( 'NONE',  ( 41.28812142332478885, 10.90663462906258552, -18.86022003434882777 ) ) ;
#3344 = ORIENTED_EDGE ( 'NONE', *, *, #2088, .T. ) ;
#3345 = CARTESIAN_POINT ( 'NONE',  ( 40.21660411673131108, 11.02441403229590122, 19.14590534296976188 ) ) ;
#3346 = ORIENTED_EDGE ( 'NONE', *, *, #3207, .F. ) ;
#3347 = FACE_OUTER_BOUND ( 'NONE', #2624, .T. ) ;
#3348 = CIRCLE ( 'NONE', #4510, 3.850000000000000533 ) ;
#3349 = CARTESIAN_POINT ( 'NONE',  ( 3.356346642942446223, 18.92850231811959461, 10.68905460898200666 ) ) ;
#3350 = AXIS2_PLACEMENT_3D ( 'NONE', #4091, #6415, #1413 ) ;
#3351 = CARTESIAN_POINT ( 'NONE',  ( 40.28187045697271884, -10.48722372609127262, -17.93998894749992701 ) ) ;
#3352 = AXIS2_PLACEMENT_3D ( 'NONE', #6109, #5489, #6727 ) ;
#3353 = FACE_OUTER_BOUND ( 'NONE', #6103, .T. ) ;
#3354 = CARTESIAN_POINT ( 'NONE',  ( 38.98496396638930150, 14.85691524138701247, -14.05853498896250642 ) ) ;
#3355 = DIRECTION ( 'NONE',  ( 1.000000000000000000, 0.000000000000000000, 0.000000000000000000 ) ) ;
#3356 = EDGE_LOOP ( 'NONE', ( #1058, #2282, #5068, #6790, #7533 ) ) ;
#3357 = CARTESIAN_POINT ( 'NONE',  ( 39.74496299959184142, -11.98677439408232104, 17.50967466553050755 ) ) ;
#3358 = ADVANCED_FACE ( 'NONE', ( #232 ), #1292, .F. ) ;
#3359 = ORIENTED_EDGE ( 'NONE', *, *, #1022, .T. ) ;
#3360 = DIRECTION ( 'NONE',  ( -0.000000000000000000, 1.000000000000000000, -0.000000000000000000 ) ) ;
#3361 = TOROIDAL_SURFACE ( 'NONE', #7286, 22.19999999999999574, 2.000000000000000000 ) ;
#3362 = AXIS2_PLACEMENT_3D ( 'NONE', #5491, #6771, #4233 ) ;
#3363 = CARTESIAN_POINT ( 'NONE',  ( 39.46913254055802156, 11.80704025292605230, 17.17351731642972723 ) ) ;
#3364 = CARTESIAN_POINT ( 'NONE',  ( 14.81719416055549310, -19.87583517863245319, 6.394516013265669763 ) ) ;
#3365 = DIRECTION ( 'NONE',  ( 0.000000000000000000, 0.000000000000000000, 1.000000000000000000 ) ) ;
#3366 = LINE ( 'NONE', #7703, #4245 ) ;
#3367 = CARTESIAN_POINT ( 'NONE',  ( -35.77713417233866977, -12.92736013453810351, 7.995208562129884733 ) ) ;
#3368 = CARTESIAN_POINT ( 'NONE',  ( 36.80921606572359650, 45.00000000000000000, -19.47406921907622035 ) ) ;
#3369 = CIRCLE ( 'NONE', #5185, 20.19999999999999929 ) ;
#3370 = ORIENTED_EDGE ( 'NONE', *, *, #1696, .F. ) ;
#3371 = ADVANCED_FACE ( 'NONE', ( #113 ), #7601, .F. ) ;
#3372 = CARTESIAN_POINT ( 'NONE',  ( 2.817388957494811219, 21.71563442222952744, 3.541731592961023800 ) ) ;
#3373 = CARTESIAN_POINT ( 'NONE',  ( 39.70301910481067154, -6.571014052124030336, -19.06479849381115343 ) ) ;
#3374 = CARTESIAN_POINT ( 'NONE',  ( 38.00000000000000000, 0.000000000000000000, 0.000000000000000000 ) ) ;
#3375 = CARTESIAN_POINT ( 'NONE',  ( 43.82891000380414681, -1.090525111714932160, -20.18756219688204467 ) ) ;
#3376 = CARTESIAN_POINT ( 'NONE',  ( 43.44252411041826889, -34.90051935717262666, -20.19999999999999574 ) ) ;
#3377 = CARTESIAN_POINT ( 'NONE',  ( 3.176774193548385750, 21.57740464604363240, 4.176552357408286120 ) ) ;
#3378 = LINE ( 'NONE', #3936, #873 ) ;
#3379 = VERTEX_POINT ( 'NONE', #5095 ) ;
#3380 = ADVANCED_FACE ( 'NONE', ( #974 ), #4038, .F. ) ;
#3382 =( BOUNDED_SURFACE ( )  B_SPLINE_SURFACE ( 3, 2, ( 
 ( #2585, #3934, #7547 ),
 ( #1276, #7055, #3855 ),
 ( #5776, #4505, #7504 ),
 ( #3897, #5118, #1885 ),
 ( #7627, #5003, #825 ),
 ( #6894, #169, #1350 ),
 ( #1928, #1429, #3286 ),
 ( #3199, #3814, #7671 ) ),
 .UNSPECIFIED., .F., .F., .F. ) 
 B_SPLINE_SURFACE_WITH_KNOTS ( ( 4, 2, 2, 4 ),
 ( 3, 3 ),
 ( 0.02596913145820622243, 0.02857494426492739048, 0.02987785066828797798, 0.03118075707164856200 ),
 ( 0.000000000000000000, 1.000000000000000000 ),
 .UNSPECIFIED. ) 
 GEOMETRIC_REPRESENTATION_ITEM ( )  RATIONAL_B_SPLINE_SURFACE ( (
 ( 1.000000000000000000, 0.8195717548827444743, 1.000000000000000000),
 ( 1.000000000000000000, 0.8094398687599367870, 1.000000000000000000),
 ( 1.000000000000000000, 0.7977791263865109395, 1.000000000000000000),
 ( 1.000000000000000000, 0.7794784126405452929, 1.000000000000000000),
 ( 1.000000000000000000, 0.7732018755205000149, 1.000000000000000000),
 ( 1.000000000000000000, 0.7609523617522392369, 1.000000000000000000),
 ( 1.000000000000000000, 0.7549618843200500695, 1.000000000000000000),
 ( 1.000000000000000000, 0.7492573030498415054, 1.000000000000000000) ) ) 
 REPRESENTATION_ITEM ( '' )  SURFACE ( )  );
#3381 = CARTESIAN_POINT ( 'NONE',  ( 40.34389833310868312, 12.68369382533845524, -17.37351834558339547 ) ) ;
#3383 = ORIENTED_EDGE ( 'NONE', *, *, #407, .T. ) ;
#3384 = B_SPLINE_SURFACE_WITH_KNOTS ( 'NONE', 3, 3, ( 
 ( #2844, #784, #3421, #4065, #5343, #5777, #7139, #7756, #3332, #1430, #2053, #170, #2093, #6479 ),
 ( #959, #4645, #5946, #3460, #5901, #2136, #7056, #7842, #1477, #1525, #2666, #215, #4730, #7225 ),
 ( #871, #4597, #5162, #7673, #2711, #5209, #7713, #300, #4025, #6524, #7095, #3979, #2799, #5298 ),
 ( #7794, #2178, #3540, #5490, #5453, #7266, #3038, #7990, #6608, #2422, #6027, #387, #7387, #2963 ),
 ( #424, #501, #4272, #4768, #7345, #6065, #1726, #6113, #1767, #5991, #2304, #1038, #3505, #6770 ),
 ( #5526, #7956, #1648, #2258, #1073, #2924, #2344, #1156, #4923, #4232, #2887, #2383, #7429, #3648 ) ),
 .UNSPECIFIED., .F., .F., .F.,
 ( 4, 2, 4 ),
 ( 4, 2, 2, 2, 2, 2, 4 ),
 ( 0.000000000000000000, 0.5000000000000000000, 1.000000000000000000 ),
 ( 0.000000000000000000, 0.1250000000000000000, 0.2500000000000000000, 0.3750000000000000000, 0.5000000000000000000, 0.7500000000000000000, 1.000000000000000000 ),
 .UNSPECIFIED. ) ;
#3385 = DIRECTION ( 'NONE',  ( 0.000000000000000000, 0.000000000000000000, 1.000000000000000000 ) ) ;
#3386 = CARTESIAN_POINT ( 'NONE',  ( 59.50000000000001421, 11.00000000000000000, -3.322472255405694318E-16 ) ) ;
#3387 = CARTESIAN_POINT ( 'NONE',  ( 37.99999999999999289, 14.72255604027580667, -13.83063063063062792 ) ) ;
#3388 = CARTESIAN_POINT ( 'NONE',  ( 40.00000000000000000, 0.000000000000000000, 0.000000000000000000 ) ) ;
#3389 = CARTESIAN_POINT ( 'NONE',  ( 38.00000000000000000, -21.83666641225257976, -4.000000000000000000 ) ) ;
#3390 = CARTESIAN_POINT ( 'NONE',  ( 50.00000000000000000, 37.09999999996985309, -3.850000000000000533 ) ) ;
#3391 = CARTESIAN_POINT ( 'NONE',  ( 41.17856398353710290, 5.803974327929863009, -19.61771851703602110 ) ) ;
#3392 = ORIENTED_EDGE ( 'NONE', *, *, #1069, .T. ) ;
#3393 = CARTESIAN_POINT ( 'NONE',  ( 40.11166260835374686, 9.794686633212499771, 19.10510649333344801 ) ) ;
#3394 = ORIENTED_EDGE ( 'NONE', *, *, #2353, .T. ) ;
#3395 = CARTESIAN_POINT ( 'NONE',  ( 3.538067695478561259, 21.39889128817761588, -4.766796878513117619 ) ) ;
#3396 = CARTESIAN_POINT ( 'NONE',  ( 44.33358722778999095, 6.498648141173072545, -20.20000000000000284 ) ) ;
#3397 = FACE_OUTER_BOUND ( 'NONE', #5895, .T. ) ;
#3398 = CARTESIAN_POINT ( 'NONE',  ( 38.12047246913739684, -14.72255604027580489, -13.83063063063063147 ) ) ;
#3399 = CARTESIAN_POINT ( 'NONE',  ( 39.74321398515775883, -13.88878866931731615, -15.80905846238096757 ) ) ;
#3400 = CARTESIAN_POINT ( 'NONE',  ( 40.10790761184917841, -2.871315260132227376, 20.07372105737789880 ) ) ;
#3401 = CARTESIAN_POINT ( 'NONE',  ( 38.76903489931232372, 13.65947408617528147, -15.06346698090671765 ) ) ;
#3402 = CARTESIAN_POINT ( 'NONE',  ( 48.00000000000000000, 0.000000000000000000, -1.649863882395836640E-14 ) ) ;
#3403 = ORIENTED_EDGE ( 'NONE', *, *, #6014, .F. ) ;
#3404 = ORIENTED_EDGE ( 'NONE', *, *, #2605, .T. ) ;
#3405 = CARTESIAN_POINT ( 'NONE',  ( 10.00000000000000178, -36.50000000000000000, 0.000000000000000000 ) ) ;
#3406 = CARTESIAN_POINT ( 'NONE',  ( 40.06006550746876371, 3.171735098181551749, 20.04331410806564762 ) ) ;
#3407 = FACE_OUTER_BOUND ( 'NONE', #4538, .T. ) ;
#3408 = DIRECTION ( 'NONE',  ( 0.000000000000000000, -0.9123004504689347094, -0.4095215355438329152 ) ) ;
#3409 = EDGE_CURVE ( 'NONE', #2445, #6890, #2274, .T. ) ;
#3410 = DIRECTION ( 'NONE',  ( 0.000000000000000000, 0.000000000000000000, -1.000000000000000000 ) ) ;
#3411 = CARTESIAN_POINT ( 'NONE',  ( 38.00000000000000000, 39.13940053353145743, -19.76150225234467328 ) ) ;
#3412 = CARTESIAN_POINT ( 'NONE',  ( 13.75437071639207076, -20.62321055306146889, -7.065269835414818012 ) ) ;
#3413 = FACE_OUTER_BOUND ( 'NONE', #5203, .T. ) ;
#3414 = DIRECTION ( 'NONE',  ( -1.000000000000000000, -0.000000000000000000, -6.505213034913026604E-17 ) ) ;
#3415 = ORIENTED_EDGE ( 'NONE', *, *, #6828, .T. ) ;
#3416 = CARTESIAN_POINT ( 'NONE',  ( 1.470967742034883230, 19.79613801327521472, 4.036903147941460546 ) ) ;
#3417 = CARTESIAN_POINT ( 'NONE',  ( 39.23340799430662429, -5.471141142351648057, -19.43226281975674752 ) ) ;
#3418 = CARTESIAN_POINT ( 'NONE',  ( 45.00000000000000000, -5.393411618714890388, -20.20000000000000284 ) ) ;
#3419 = EDGE_CURVE ( 'NONE', #1640, #4770, #1759, .T. ) ;
#3420 = CARTESIAN_POINT ( 'NONE',  ( 38.13697403902036598, -39.13940053635884198, -19.76150225361386248 ) ) ;
#3421 = CARTESIAN_POINT ( 'NONE',  ( 39.87514438598874023, -1.032149227771708144, 20.16431432724609252 ) ) ;
#3422 = FACE_OUTER_BOUND ( 'NONE', #4894, .T. ) ;
#3423 = CARTESIAN_POINT ( 'NONE',  ( 11.27598830081286962, 22.70553022664237020, -8.000000000000005329 ) ) ;
#3424 = VERTEX_POINT ( 'NONE', #5920 ) ;
#3425 = CARTESIAN_POINT ( 'NONE',  ( 38.00000000000000000, -21.83666641225257621, 3.999999999999997335 ) ) ;
#3426 = EDGE_CURVE ( 'NONE', #6435, #6225, #583, .T. ) ;
#3427 = CARTESIAN_POINT ( 'NONE',  ( 38.09970161877016182, 10.12113155877878334, -17.49559996785077232 ) ) ;
#3428 = CARTESIAN_POINT ( 'NONE',  ( 40.30800587162436699, -4.544385586449014802, -19.69819957211772987 ) ) ;
#3429 = DIRECTION ( 'NONE',  ( 0.000000000000000000, 0.9123004504689347094, -0.4095215355438330818 ) ) ;
#3430 = CARTESIAN_POINT ( 'NONE',  ( 32.94213245116441868, 41.18700821124066636, 20.19999999999999929 ) ) ;
#3431 = VERTEX_POINT ( 'NONE', #1494 ) ;
#3432 = ORIENTED_EDGE ( 'NONE', *, *, #664, .F. ) ;
#3433 = CARTESIAN_POINT ( 'NONE',  ( 10.00000000000000178, -45.00200000000000244, 3.850000000000000533 ) ) ;
#3434 = CARTESIAN_POINT ( 'NONE',  ( 42.53650840468362304, 6.663389614769475777, -19.95015647145999438 ) ) ;
#3435 = CARTESIAN_POINT ( 'NONE',  ( 31.29802302451115281, -39.78313668115333002, 20.01154028972679200 ) ) ;
#3436 = CARTESIAN_POINT ( 'NONE',  ( 38.00000000000000711, -14.19075268520880861, -14.39672952420100849 ) ) ;
#3437 = CIRCLE ( 'NONE', #2503, 2.000000000000000000 ) ;
#3438 = CARTESIAN_POINT ( 'NONE',  ( 39.94200684365505083, -11.12027604967526706, -17.43561798957636810 ) ) ;
#3439 = CARTESIAN_POINT ( 'NONE',  ( 40.32971460154285381, -10.77458188031191177, 19.34404231388730366 ) ) ;
#3440 = CARTESIAN_POINT ( 'NONE',  ( 39.09425531304468393, 6.457948105655733961, -19.11141365920517643 ) ) ;
#3441 = CARTESIAN_POINT ( 'NONE',  ( 38.00000000000000000, -18.28351446246255207, -12.59178696217985838 ) ) ;
#3442 = ORIENTED_EDGE ( 'NONE', *, *, #6519, .T. ) ;
#3443 = EDGE_LOOP ( 'NONE', ( #4873, #7853, #6013, #1050 ) ) ;
#3444 = CIRCLE ( 'NONE', #4474, 1.999999999999999778 ) ;
#3445 = CARTESIAN_POINT ( 'NONE',  ( 39.84414671208444503, 6.881429563416364026, 19.41067399140818495 ) ) ;
#3446 = CARTESIAN_POINT ( 'NONE',  ( 38.00000000000000000, 21.83666641225257976, 4.000000000000000000 ) ) ;
#3447 = DIRECTION ( 'NONE',  ( -0.000000000000000000, -1.000000000000000000, -0.000000000000000000 ) ) ;
#3448 = FACE_OUTER_BOUND ( 'NONE', #6483, .T. ) ;
#3449 = CARTESIAN_POINT ( 'NONE',  ( 30.34550036918882299, 40.69591552396820333, -16.07568406679961015 ) ) ;
#3450 = PLANE ( 'NONE',  #7751 ) ;
#3451 = AXIS2_PLACEMENT_3D ( 'NONE', #1427, #3197, #2090 ) ;
#3452 = CARTESIAN_POINT ( 'NONE',  ( 40.29673387961008046, -15.60648260971635537, -16.89741507414812816 ) ) ;
#3453 = DIRECTION ( 'NONE',  ( 0.000000000000000000, -0.9123004504689345984, -0.4095215355438330262 ) ) ;
#3454 = CARTESIAN_POINT ( 'NONE',  ( 38.89206539382525563, -10.51275219091055924, -17.16437437192158555 ) ) ;
#3455 = CARTESIAN_POINT ( 'NONE',  ( 3.176774193554182446, 21.57740464604075825, -4.176552357417751438 ) ) ;
#3456 = ADVANCED_FACE ( 'NONE', ( #4172 ), #6631, .F. ) ;
#3457 = CARTESIAN_POINT ( 'NONE',  ( 45.00000000000000711, -16.18023485614468981, -20.20000000000000284 ) ) ;
#3458 = VECTOR ( 'NONE', #5409, 1000.000000000000000 ) ;
#3459 = CARTESIAN_POINT ( 'NONE',  ( 39.55500688861662439, -33.60597865737243239, -18.08387779659485872 ) ) ;
#3460 = CARTESIAN_POINT ( 'NONE',  ( 39.53097445725840231, -1.661927088235209959, 20.12878840857373675 ) ) ;
#3461 = DIRECTION ( 'NONE',  ( 0.000000000000000000, 0.4095215355438328042, 0.9123004504689348204 ) ) ;
#3462 = VERTEX_POINT ( 'NONE', #2109 ) ;
#3463 = EDGE_CURVE ( 'NONE', #1202, #5483, #4648, .T. ) ;
#3464 = DIRECTION ( 'NONE',  ( 0.000000000000000000, -0.9836336221735398899, 0.1801801801801792557 ) ) ;
#3465 = CIRCLE ( 'NONE', #448, 20.19999999999999929 ) ;
#3466 = CARTESIAN_POINT ( 'NONE',  ( 38.15169179453631187, 6.348128680692271431, -19.17960575348855201 ) ) ;
#3467 = CARTESIAN_POINT ( 'NONE',  ( 39.55169268621585843, -4.491006447061149487, -19.68787322254376448 ) ) ;
#3468 = DIRECTION ( 'NONE',  ( 1.000000000000000000, 0.000000000000000000, 0.000000000000000000 ) ) ;
#3469 = CARTESIAN_POINT ( 'NONE',  ( 40.58578643762703564, 12.55707641300339539, 19.61421356237322655 ) ) ;
#3470 = CARTESIAN_POINT ( 'NONE',  ( 40.52799474561631143, 7.409109986656524427, -19.03947094486944991 ) ) ;
#3471 = ORIENTED_EDGE ( 'NONE', *, *, #8068, .T. ) ;
#3472 = VECTOR ( 'NONE', #5375, 1000.000000000000000 ) ;
#3473 = EDGE_CURVE ( 'NONE', #327, #3921, #7241, .T. ) ;
#3474 = CARTESIAN_POINT ( 'NONE',  ( 1.999880539655473077, -20.77430259057181772, 0.1907248367176742621 ) ) ;
#3475 = ORIENTED_EDGE ( 'NONE', *, *, #2823, .T. ) ;
#3476 = DIRECTION ( 'NONE',  ( 1.000000000000000000, 0.000000000000000000, 0.000000000000000000 ) ) ;
#3477 = CARTESIAN_POINT ( 'NONE',  ( 45.00000000000000000, 5.393411618714902822, -20.19999999999999929 ) ) ;
#3478 = CARTESIAN_POINT ( 'NONE',  ( 38.51134792703660281, 3.079919564809121990, 19.97857488085558941 ) ) ;
#3479 = CARTESIAN_POINT ( 'NONE',  ( 40.68049648512922545, -10.85516901589450178, -18.24998822551798128 ) ) ;
#3480 = CARTESIAN_POINT ( 'NONE',  ( 40.14419493412080442, -6.619134945235235712, 19.65518219892626561 ) ) ;
#3481 = CARTESIAN_POINT ( 'NONE',  ( 39.01658751098840838, 6.960201962952536014, -18.92169928718388761 ) ) ;
#3482 = CARTESIAN_POINT ( 'NONE',  ( 38.00000000000000711, 6.392470847977718584, -19.16476758019890880 ) ) ;
#3483 = EDGE_LOOP ( 'NONE', ( #4889, #1675, #932, #5069 ) ) ;
#3484 = VECTOR ( 'NONE', #810, 1000.000000000000000 ) ;
#3485 = CARTESIAN_POINT ( 'NONE',  ( 57.07106781186546129, -9.334077351297203506, 7.071067811865480834 ) ) ;
#3486 = EDGE_CURVE ( 'NONE', #6045, #6837, #2232, .T. ) ;
#3487 = ORIENTED_EDGE ( 'NONE', *, *, #7263, .T. ) ;
#3488 = CIRCLE ( 'NONE', #7282, 5.250000000000000000 ) ;
#3489 = CARTESIAN_POINT ( 'NONE',  ( 40.03855177233794649, 5.312261659522977908, 19.79004021664945512 ) ) ;
#3490 = FACE_OUTER_BOUND ( 'NONE', #5144, .T. ) ;
#3491 = CIRCLE ( 'NONE', #7146, 2.000000000000001776 ) ;
#3492 = DIRECTION ( 'NONE',  ( -0.8529032258057281934, 0.000000000000000000, -0.5220690446772180415 ) ) ;
#3493 = CARTESIAN_POINT ( 'NONE',  ( 38.68463788480536181, 6.923784138556006162, -18.96433442149053761 ) ) ;
#3494 = CARTESIAN_POINT ( 'NONE',  ( 40.89720432267939287, -0.6654957320366705620, -20.11519533923547343 ) ) ;
#3495 = DIRECTION ( 'NONE',  ( 0.000000000000000000, -0.4095215355438328597, 0.9123004504689347094 ) ) ;
#3496 = CARTESIAN_POINT ( 'NONE',  ( 38.00000000000000000, 45.81904307108766972, 16.18313886399156942 ) ) ;
#3497 = DIRECTION ( 'NONE',  ( -0.000000000000000000, -1.000000000000000000, -0.000000000000000000 ) ) ;
#3498 = ORIENTED_EDGE ( 'NONE', *, *, #3601, .F. ) ;
#3499 = CARTESIAN_POINT ( 'NONE',  ( 39.11134885325837018, -10.76354122839090799, -17.07293870702482508 ) ) ;
#3500 = VECTOR ( 'NONE', #679, 1000.000000000000000 ) ;
#3501 = LINE ( 'NONE', #383, #4115 ) ;
#3502 = CARTESIAN_POINT ( 'NONE',  ( 2.899440571443465231, 19.15696293410672268, -6.407087570906228713 ) ) ;
#3503 = CARTESIAN_POINT ( 'NONE',  ( 38.00000000000000000, 39.13940053353145743, 19.76150225234467328 ) ) ;
#3504 = CARTESIAN_POINT ( 'NONE',  ( 41.09367198116221687, -31.57614068344922487, -20.19999999999998863 ) ) ;
#3505 = CARTESIAN_POINT ( 'NONE',  ( 38.18406620486241820, -10.69113914636062113, 17.17209412478340624 ) ) ;
#3506 = DIRECTION ( 'NONE',  ( 0.000000000000000000, 1.000000000000000000, 0.000000000000000000 ) ) ;
#3507 = AXIS2_PLACEMENT_3D ( 'NONE', #1497, #2111, #2775 ) ;
#3508 = VERTEX_POINT ( 'NONE', #7110 ) ;
#3509 = DIRECTION ( 'NONE',  ( 0.000000000000000000, -1.000000000000000000, 0.000000000000000000 ) ) ;
#3510 = CARTESIAN_POINT ( 'NONE',  ( 38.13665307762182977, 7.302699470146109206, -18.83456246285708957 ) ) ;
#3511 = CARTESIAN_POINT ( 'NONE',  ( 38.21803050320781381, -1.251287601768856561, -20.17127332795826788 ) ) ;
#3512 = ADVANCED_FACE ( 'NONE', ( #5315 ), #6056, .T. ) ;
#3513 = FACE_OUTER_BOUND ( 'NONE', #4067, .T. ) ;
#3514 = CARTESIAN_POINT ( 'NONE',  ( 39.28270869977575330, -14.46175910821135346, -14.76429575563260244 ) ) ;
#3515 = CARTESIAN_POINT ( 'NONE',  ( 39.98861581292109690, 6.113587753264392077, -19.26271152102609108 ) ) ;
#3516 = ORIENTED_EDGE ( 'NONE', *, *, #3522, .F. ) ;
#3517 = ORIENTED_EDGE ( 'NONE', *, *, #3268, .T. ) ;
#3518 = DIRECTION ( 'NONE',  ( 0.000000000000000000, 0.000000000000000000, 1.000000000000000000 ) ) ;
#3519 = CARTESIAN_POINT ( 'NONE',  ( 42.41946976062639862, 3.956690889147653767, -20.06582200010721095 ) ) ;
#3520 = CARTESIAN_POINT ( 'NONE',  ( 39.62634106167289616, 1.574583213799257118E-15, 20.17647233349539349 ) ) ;
#3521 = B_SPLINE_SURFACE_WITH_KNOTS ( 'NONE', 3, 3, ( 
 ( #7373, #3494, #376, #4912, #7254, #2245, #7909, #2876, #8016, #1753, #6677, #1797, #2990, #5440, #4756, #5371, #2412, #2912, #6136, #7945 ),
 ( #7869, #1635, #4144, #6051, #6639, #5401, #449, #2331, #2290, #527, #1716, #7297, #1681, #4185, #3563, #4835, #7332, #2369, #489, #4220 ),
 ( #6715, #4869, #3599, #6099, #6756, #5480, #4257, #3027, #5516, #2606, #724, #5628, #115, #7569, #7605, #5023, #7525, #5672, #1181, #4297 ),
 ( #1296, #6795, #5098, #6206, #566, #3065, #3835, #3226, #6328, #681, #4447, #3180, #640, #8059, #3676, #6169, #3716, #1333, #3140, #6913 ),
 ( #6950, #6831, #6871, #2483, #5557, #5716, #2448, #607, #1831, #4334, #4951, #1220, #7452, #5592, #3107, #31, #8094, #4983, #7485, #3793 ),
 ( #1865, #4369, #2522, #1261, #3757, #6246, #6281, #1908, #73, #2569, #4411, #5064, #1947, #5882, #6543, #6994, #2820, #3919, #1452, #2733 ),
 ( #7775, #5188, #4002, #5274, #4042, #1986, #2029, #235, #2073, #5321, #5228, #7077, #7038, #5138, #5759, #4486, #5796, #4576, #321, #2777 ),
 ( #1544, #2156, #4620, #843, #151, #4667, #7694, #3955, #1370, #2645, #937, #3878, #7163, #3438, #7648, #5926, #4533, #6374, #894, #2114 ),
 ( #6455, #7116, #278, #767, #3266, #1411, #6412, #805, #3309, #191, #7734, #3351, #2685, #5841, #1499, #6501, #3399, #4247, #439, #3523 ),
 ( #1092, #481, #2198, #4712, #6129, #366, #3479, #1020, #7203, #1137, #2983, #7898, #517, #6667, #5966, #1586, #4747, #7323, #6586, #7972 ),
 ( #1054, #6009, #4088, #2865, #4826, #402, #4211, #1707, #2940, #5359, #5472, #3589, #6744, #978, #3018, #1628, #7287, #5431, #6086, #2360 ),
 ( #4131, #7859, #2235, #7362, #3631, #1743, #6707, #4861, #7245, #7936, #1672, #2322, #7821, #6628, #2905, #5393, #2278, #4788, #4175, #3555 ),
 ( #6042, #3056, #3668, #2476, #7444, #3750, #5662, #3826, #5620, #555, #6317, #1898, #6274, #1939, #2556, #8088, #3783, #670, #4363, #24 ),
 ( #6158, #66, #6863, #1858, #5544, #8008, #8044, #6238, #715, #6822, #6787, #7404, #6905, #632, #4404, #4977, #3172, #1174, #5585, #7478 ) ),
 .UNSPECIFIED., .F., .F., .F.,
 ( 4, 2, 2, 2, 2, 2, 4 ),
 ( 4, 2, 2, 2, 2, 2, 2, 2, 2, 4 ),
 ( 0.000000000000000000, 0.1250000000000000000, 0.2500000000000000000, 0.3750000000000000000, 0.5000000000000000000, 0.7500000000000000000, 1.000000000000000000 ),
 ( 0.000000000000000000, 0.1250000000000000000, 0.2500000000000000000, 0.3750000000000000000, 0.4375000000000000000, 0.4687500000000000000, 0.5000000000000000000, 0.7500000000000000000, 0.8750000000000000000, 1.000000000000000000 ),
 .UNSPECIFIED. ) ;
#3522 = EDGE_CURVE ( 'NONE', #5468, #4696, #1491, .T. ) ;
#3523 = CARTESIAN_POINT ( 'NONE',  ( 39.83383925278033644, -15.48179493267918794, -14.77279832351480238 ) ) ;
#3524 = CARTESIAN_POINT ( 'NONE',  ( 39.84414671208440240, -6.881429563416362249, 19.41067399140813876 ) ) ;
#3525 = CARTESIAN_POINT ( 'NONE',  ( 38.00000000000000711, 8.275690807343364597, -18.43936345349744244 ) ) ;
#3526 = VERTEX_POINT ( 'NONE', #6559 ) ;
#3527 = ORIENTED_EDGE ( 'NONE', *, *, #6220, .T. ) ;
#3528 = CARTESIAN_POINT ( 'NONE',  ( 39.66390472606298800, 8.364651940097875382, 18.91950103237268621 ) ) ;
#3529 = CARTESIAN_POINT ( 'NONE',  ( 38.00000000000000000, -18.28351446246255207, 12.59178696217985660 ) ) ;
#3530 = ADVANCED_FACE ( 'NONE', ( #1894 ), #1561, .F. ) ;
#3531 = CARTESIAN_POINT ( 'NONE',  ( 40.00000000000000000, 18.28351446246255563, -12.59178696217984950 ) ) ;
#3532 = DIRECTION ( 'NONE',  ( 0.000000000000000000, 1.000000000000000000, 0.000000000000000000 ) ) ;
#3533 = CARTESIAN_POINT ( 'NONE',  ( 54.49082522213404900, 5.359019236228814265, 9.651310401605240230 ) ) ;
#3534 = CARTESIAN_POINT ( 'NONE',  ( 39.44794892120673069, 35.72242977660427954, 18.90763644912702546 ) ) ;
#3535 = CARTESIAN_POINT ( 'NONE',  ( 38.12227815333811520, -8.252871447666773719, -18.44988411816890661 ) ) ;
#3536 = CARTESIAN_POINT ( 'NONE',  ( 2.199515454760974098, 21.67670207683815775, -1.812875225529130496 ) ) ;
#3537 = LINE ( 'NONE', #1035, #5014 ) ;
#3538 = CARTESIAN_POINT ( 'NONE',  ( 38.82734283964730082, 37.93208694794196134, 19.41229512522144418 ) ) ;
#3539 = CARTESIAN_POINT ( 'NONE',  ( 44.15260735608124065, -32.26151352560874130, -20.19999999999999929 ) ) ;
#3540 = CARTESIAN_POINT ( 'NONE',  ( 38.55712251127405210, -0.8077891216863655188, 20.18809139888253057 ) ) ;
#3541 = LINE ( 'NONE', #4197, #6889 ) ;
#3542 = ORIENTED_EDGE ( 'NONE', *, *, #7381, .T. ) ;
#3543 =( BOUNDED_SURFACE ( )  B_SPLINE_SURFACE ( 3, 2, ( 
 ( #8074, #619, #3807 ),
 ( #4384, #4347, #4963 ),
 ( #6294, #1960, #1308 ),
 ( #6846, #5643, #696 ),
 ( #3193, #86, #1842 ),
 ( #5728, #7582, #1273 ),
 ( #7464, #7499, #737 ),
 ( #1879, #3770, #6964 ),
 ( #7005, #1344, #6341 ),
 ( #5111, #126, #652 ),
 ( #2616, #1997, #4496 ),
 ( #1384, #6383, #3079 ),
 ( #2462, #2043, #2126 ),
 ( #161, #1422, #5892 ),
 ( #7215, #5334, #4634 ),
 ( #4053, #4097, #1514 ),
 ( #2170, #5769, #778 ),
 ( #290, #3279, #1597 ),
 ( #5152, #7661, #335 ),
 ( #2833, #5287, #949 ),
 ( #4014, #2746, #6514 ),
 ( #4588, #859, #2656 ) ),
 .UNSPECIFIED., .F., .F., .T. ) 
 B_SPLINE_SURFACE_WITH_KNOTS ( ( 4, 2, 2, 2, 2, 2, 2, 2, 2, 2, 4 ),
 ( 3, 3 ),
 ( 0.1712038384476376462, 0.2290530572134968912, 0.2869022759793561361, 0.3447514947452153811, 0.4026007135110745705, 0.4604499322769337599, 0.4893745416598633824, 0.5038368463513281936, 0.5182991510427930049, 0.5761483698086522498, 0.6339975885745114947 ),
 ( 0.000000000000000000, 1.000000000000000000 ),
 .UNSPECIFIED. ) 
 GEOMETRIC_REPRESENTATION_ITEM ( )  RATIONAL_B_SPLINE_SURFACE ( (
 ( 1.000000000000000000, 0.9778293436149619877, 1.000000000000000000),
 ( 1.000000000000000000, 0.9778344356619010913, 1.000000000000000000),
 ( 1.000000000000000000, 0.9761747101153956940, 1.000000000000000000),
 ( 1.000000000000000000, 0.9694240027918075153, 1.000000000000000000),
 ( 1.000000000000000000, 0.9643276650594155841, 1.000000000000000000),
 ( 1.000000000000000000, 0.9508977602065108448, 1.000000000000000000),
 ( 1.000000000000000000, 0.9425668491013926564, 1.000000000000000000),
 ( 1.000000000000000000, 0.9231778532720412711, 1.000000000000000000),
 ( 1.000000000000000000, 0.9121241765602143836, 1.000000000000000000),
 ( 1.000000000000000000, 0.8879940010973208508, 1.000000000000000000),
 ( 1.000000000000000000, 0.8749219004628103757, 1.000000000000000000),
 ( 1.000000000000000000, 0.8543664641841494101, 1.000000000000000000),
 ( 1.000000000000000000, 0.8473567716454306620, 1.000000000000000000),
 ( 1.000000000000000000, 0.8366726163804611982, 1.000000000000000000),
 ( 1.000000000000000000, 0.8331059450038036385, 1.000000000000000000),
 ( 1.000000000000000000, 0.8258043125565719400, 1.000000000000000000),
 ( 1.000000000000000000, 0.8220576650187010337, 1.000000000000000000),
 ( 1.000000000000000000, 0.8028376478489944734, 1.000000000000000000),
 ( 1.000000000000000000, 0.7858937596748922783, 1.000000000000000000),
 ( 1.000000000000000000, 0.7488240035804851757, 1.000000000000000000),
 ( 1.000000000000000000, 0.7287007262747994263, 1.000000000000000000),
 ( 1.000000000000000000, 0.7071067811865455743, 1.000000000000000000) ) ) 
 REPRESENTATION_ITEM ( '' )  SURFACE ( )  );
#3544 = CARTESIAN_POINT ( 'NONE',  ( 38.72306066967472304, -38.22494733346992035, 19.49384161580966790 ) ) ;
#3545 = CARTESIAN_POINT ( 'NONE',  ( 38.41560864733423131, -0.5943997963644527260, -20.19973419768762568 ) ) ;
#3546 = CARTESIAN_POINT ( 'NONE',  ( 1.470967741935482742, -19.63349431757123043, -4.750357974079244983 ) ) ;
#3547 = CARTESIAN_POINT ( 'NONE',  ( 38.00000000000000000, 39.29720888048783678, -22.02460090093786604 ) ) ;
#3548 = CARTESIAN_POINT ( 'NONE',  ( 40.96710229754280164, 10.19383238310670237, -18.67692795017432772 ) ) ;
#3549 = EDGE_LOOP ( 'NONE', ( #4122, #6388, #119, #7073 ) ) ;
#3550 = CARTESIAN_POINT ( 'NONE',  ( 1.470967742024474889, -20.19988197453976397, -0.4377298712938955116 ) ) ;
#3551 = ORIENTED_EDGE ( 'NONE', *, *, #4754, .T. ) ;
#3552 = CARTESIAN_POINT ( 'NONE',  ( 5.539756804239094556, 19.10907765789248458, -6.658086601468856003 ) ) ;
#3553 = EDGE_CURVE ( 'NONE', #4559, #5812, #3692, .T. ) ;
#3554 = CARTESIAN_POINT ( 'NONE',  ( 43.85190116069600919, 4.135072562267326113, -20.19751047249361164 ) ) ;
#3555 = CARTESIAN_POINT ( 'NONE',  ( 39.98951345180908135, -15.94252297679093289, -15.10137378498904681 ) ) ;
#3556 = CARTESIAN_POINT ( 'NONE',  ( 40.38291588787676289, -12.52249009480808617, 19.37703343445229009 ) ) ;
#3557 = CARTESIAN_POINT ( 'NONE',  ( 40.00000000000000000, -45.00000000000000000, 15.81547952985888905 ) ) ;
#3558 = ORIENTED_EDGE ( 'NONE', *, *, #7309, .T. ) ;
#3559 = ADVANCED_FACE ( 'NONE', ( #6473 ), #864, .F. ) ;
#3560 = CARTESIAN_POINT ( 'NONE',  ( 38.00000000000000000, -18.28351446246255207, 12.59178696217986015 ) ) ;
#3561 = CIRCLE ( 'NONE', #2386, 2.000000000000000000 ) ;
#3562 = CARTESIAN_POINT ( 'NONE',  ( 41.99999999999999289, 5.296749527356906739, 20.20000000000000284 ) ) ;
#3563 = CARTESIAN_POINT ( 'NONE',  ( 39.19109798526773858, -10.23226919897867937, -17.40096350661923097 ) ) ;
#3564 = CARTESIAN_POINT ( 'NONE',  ( 8.887301627791911685, 0.000000000000000000, -11.00000000000000355 ) ) ;
#3565 = CARTESIAN_POINT ( 'NONE',  ( 53.96763415945814302, 6.051659878995162778, 10.17450146427278490 ) ) ;
#3566 = ORIENTED_EDGE ( 'NONE', *, *, #1335, .T. ) ;
#3567 = CARTESIAN_POINT ( 'NONE',  ( 39.21637392283738421, 36.64628366996935682, 19.09439926300624890 ) ) ;
#3568 = CARTESIAN_POINT ( 'NONE',  ( 1.470967741935475193, 19.71894712683359074, -4.397176749795976392 ) ) ;
#3569 = ADVANCED_FACE ( 'NONE', ( #911 ), #4950, .F. ) ;
#3570 = CARTESIAN_POINT ( 'NONE',  ( 32.94213245116756639, 41.18700821124354405, -20.19999999999999929 ) ) ;
#3571 = CARTESIAN_POINT ( 'NONE',  ( 38.09649756021656941, 39.13939978213145565, 19.76150191504956055 ) ) ;
#3572 = CARTESIAN_POINT ( 'NONE',  ( 59.31795836186856263, -10.97058090817304787, 3.644507798408723964 ) ) ;
#3573 = CARTESIAN_POINT ( 'NONE',  ( 1.510363931432735507, 16.87896451088311878, -11.15659062156890791 ) ) ;
#3574 = CARTESIAN_POINT ( 'NONE',  ( 36.12372949650435316, -45.00000000000000000, -18.00773976492944328 ) ) ;
#3575 = AXIS2_PLACEMENT_3D ( 'NONE', #1564, #5295, #5341 ) ;
#3576 = EDGE_CURVE ( 'NONE', #4443, #4491, #5805, .T. ) ;
#3577 = CARTESIAN_POINT ( 'NONE',  ( 60.00000000000000711, -11.49999999999998224, 6.123233995736766282E-16 ) ) ;
#3578 = CARTESIAN_POINT ( 'NONE',  ( 45.00000000000000000, 6.741764523393627861, -20.20000000000000284 ) ) ;
#3579 = CARTESIAN_POINT ( 'NONE',  ( 3.552177337846562644, -21.39479077880059066, -4.748041949619004498 ) ) ;
#3580 = CARTESIAN_POINT ( 'NONE',  ( 39.96164551392365638, 2.731065531117129238E-15, 20.17562402875952543 ) ) ;
#3581 = CARTESIAN_POINT ( 'NONE',  ( 40.72770194534257371, 13.70112736134847076, -17.86205306748701815 ) ) ;
#3582 = ORIENTED_EDGE ( 'NONE', *, *, #7360, .T. ) ;
#3583 = CARTESIAN_POINT ( 'NONE',  ( 1.470967742045988569, -19.79614640047595131, 4.037019952366876829 ) ) ;
#3584 = ORIENTED_EDGE ( 'NONE', *, *, #7996, .T. ) ;
#3585 = CARTESIAN_POINT ( 'NONE',  ( 40.40736386451851558, -2.171491119529963321, 20.14877231409284875 ) ) ;
#3586 = VECTOR ( 'NONE', #3925, 1000.000000000000000 ) ;
#3587 = CARTESIAN_POINT ( 'NONE',  ( 42.96682312373441448, 14.58438766803340414, -19.77956408476794081 ) ) ;
#3588 = VECTOR ( 'NONE', #1421, 1000.000000000000000 ) ;
#3589 = CARTESIAN_POINT ( 'NONE',  ( 40.36530713807268000, -12.62509363058131129, -17.42185453445892662 ) ) ;
#3590 = CARTESIAN_POINT ( 'NONE',  ( 40.21971487093644271, -12.49856518385883675, 19.11133496785580377 ) ) ;
#3591 = AXIS2_PLACEMENT_3D ( 'NONE', #6271, #4019, #7135 ) ;
#3592 = CARTESIAN_POINT ( 'NONE',  ( 2.818724059018544725, 21.71542825743984650, -3.544627456336668203 ) ) ;
#3593 = EDGE_LOOP ( 'NONE', ( #3336, #6702, #2527, #1105, #7081, #4948, #229, #7061 ) ) ;
#3594 = VERTEX_POINT ( 'NONE', #4727 ) ;
#3595 = AXIS2_PLACEMENT_3D ( 'NONE', #464, #1118, #6144 ) ;
#3596 = CARTESIAN_POINT ( 'NONE',  ( 37.00000000000000000, 1.494069094959770464E-15, 12.19999999999999929 ) ) ;
#3597 = DIRECTION ( 'NONE',  ( 0.000000000000000000, 5.506706202140775178E-14, -1.000000000000000000 ) ) ;
#3598 = CARTESIAN_POINT ( 'NONE',  ( 38.52104628595605362, 8.594410694329717160, -18.25387440605792833 ) ) ;
#3599 = CARTESIAN_POINT ( 'NONE',  ( 40.92329924289170862, -2.381346303981906942, -20.02822093783542812 ) ) ;
#3600 = DIRECTION ( 'NONE',  ( 0.000000000000000000, 0.9123004504689345984, 0.4095215355438329707 ) ) ;
#3601 = EDGE_CURVE ( 'NONE', #2760, #1640, #7221, .T. ) ;
#3602 = CARTESIAN_POINT ( 'NONE',  ( 52.78641825734558779, 4.243411275638465874, 10.18562751627709240 ) ) ;
#3603 = ORIENTED_EDGE ( 'NONE', *, *, #1596, .T. ) ;
#3604 = CARTESIAN_POINT ( 'NONE',  ( 39.96554185779843493, 32.19811904637769828, 18.43270688461574025 ) ) ;
#3605 = CARTESIAN_POINT ( 'NONE',  ( 2.986655332565922194, 21.67134144178330146, -3.865955528364892757 ) ) ;
#3606 = DIRECTION ( 'NONE',  ( 6.505213034913026604E-17, 0.000000000000000000, -1.000000000000000000 ) ) ;
#3607 = AXIS2_PLACEMENT_3D ( 'NONE', #7458, #2377, #1761 ) ;
#3608 = B_SPLINE_CURVE_WITH_KNOTS ( 'NONE', 3,
 ( #7330, #7294, #7369, #4183 ),
 .UNSPECIFIED., .F., .F.,
 ( 4, 4 ),
 ( 0.000000000000000000, 0.002250745717848015581 ),
 .UNSPECIFIED. ) ;
#3609 = CARTESIAN_POINT ( 'NONE',  ( 42.00000002068153293, 31.84677602739506597, 20.19999999999999929 ) ) ;
#3610 = LINE ( 'NONE', #2380, #4003 ) ;
#3611 = CARTESIAN_POINT ( 'NONE',  ( 40.00000000000000000, 45.00000000000000000, -20.19999999999999929 ) ) ;
#3612 = DIRECTION ( 'NONE',  ( 0.000000000000000000, 1.000000000000000000, 0.000000000000000000 ) ) ;
#3613 = CARTESIAN_POINT ( 'NONE',  ( 59.23596368035312310, -10.79224576304102534, 2.149541573229711844 ) ) ;
#3614 = CARTESIAN_POINT ( 'NONE',  ( 17.33212111192934657, -45.00200000000000244, -3.199999999999999289 ) ) ;
#3615 = DIRECTION ( 'NONE',  ( 0.000000000000000000, 0.9123004504689345984, -0.4095215355438330262 ) ) ;
#3616 = EDGE_CURVE ( 'NONE', #1169, #8091, #7951, .T. ) ;
#3617 = CIRCLE ( 'NONE', #6344, 1.999999999999999778 ) ;
#3618 = AXIS2_PLACEMENT_3D ( 'NONE', #4867, #7331, #5331 ) ;
#3619 = CONICAL_SURFACE ( 'NONE', #5445, 16.19999999999999218, 0.7853981633974473908 ) ;
#3620 = CARTESIAN_POINT ( 'NONE',  ( 45.00000000000000000, 45.00000000000000000, -15.20000000000000107 ) ) ;
#3621 = CARTESIAN_POINT ( 'NONE',  ( 39.58565656272278943, -40.74470993340110425, 20.19999999999999929 ) ) ;
#3622 = ORIENTED_EDGE ( 'NONE', *, *, #5415, .F. ) ;
#3623 = EDGE_CURVE ( 'NONE', #7883, #360, #61, .T. ) ;
#3624 = CARTESIAN_POINT ( 'NONE',  ( 39.34755955939003513, -8.894818143566958213, -18.05768488094031810 ) ) ;
#3625 = CARTESIAN_POINT ( 'NONE',  ( 40.47581069456779090, 14.80271218050874005, -17.32801895133643555 ) ) ;
#3626 = CONICAL_SURFACE ( 'NONE', #5706, 3.850000000000000533, 0.03163501222811938157 ) ;
#3627 = ORIENTED_EDGE ( 'NONE', *, *, #7128, .T. ) ;
#3628 = CARTESIAN_POINT ( 'NONE',  ( 40.80448097046220113, -12.59389620362046713, 19.83290809520836007 ) ) ;
#3629 = CARTESIAN_POINT ( 'NONE',  ( 15.86696410287850156, 19.56170424793126017, 5.441030317280347361 ) ) ;
#3630 = DIRECTION ( 'NONE',  ( 0.000000000000000000, 0.000000000000000000, 1.000000000000000000 ) ) ;
#3631 = CARTESIAN_POINT ( 'NONE',  ( 40.92927815698394056, -13.52745290783310672, -18.17080474793178624 ) ) ;
#3632 = CARTESIAN_POINT ( 'NONE',  ( 38.59593050412049564, 38.49363028966590150, 19.57120263444386765 ) ) ;
#3633 = CARTESIAN_POINT ( 'NONE',  ( 58.45742740698467088, 10.19132483289206981, 4.149048980044629076 ) ) ;
#3634 = VERTEX_POINT ( 'NONE', #6107 ) ;
#3635 = VERTEX_POINT ( 'NONE', #495 ) ;
#3636 = DIRECTION ( 'NONE',  ( 0.000000000000000000, 1.000000000000000000, 0.000000000000000000 ) ) ;
#3637 = CARTESIAN_POINT ( 'NONE',  ( 40.00000000000000000, -30.77705835859651984, 18.46179938779915020 ) ) ;
#3638 = CARTESIAN_POINT ( 'NONE',  ( 16.29042425166817054, -19.58573452825205408, -4.945362368844974377 ) ) ;
#3639 = CARTESIAN_POINT ( 'NONE',  ( 54.92419762345593881, 6.088949254748743378, 9.217938000276953758 ) ) ;
#3640 = ORIENTED_EDGE ( 'NONE', *, *, #5058, .F. ) ;
#3641 = EDGE_LOOP ( 'NONE', ( #6089, #112, #7728, #7507 ) ) ;
#3642 = VERTEX_POINT ( 'NONE', #5339 ) ;
#3643 = CARTESIAN_POINT ( 'NONE',  ( 4.695365886392635524, 19.32096847247780858, 6.009048963745531324 ) ) ;
#3644 = PLANE ( 'NONE',  #725 ) ;
#3645 = ADVANCED_FACE ( 'NONE', ( #4152 ), #2995, .F. ) ;
#3646 = CARTESIAN_POINT ( 'NONE',  ( 41.52569155930963518, 38.48738722523484768, 20.19999999999999929 ) ) ;
#3647 = CARTESIAN_POINT ( 'NONE',  ( 45.00000000000000000, 24.09389004176487248, -15.19999999999999751 ) ) ;
#3648 = CARTESIAN_POINT ( 'NONE',  ( 37.99999999999999289, -11.56695572460641408, 16.56036036036036307 ) ) ;
#3649 = FACE_OUTER_BOUND ( 'NONE', #1337, .T. ) ;
#3650 = CARTESIAN_POINT ( 'NONE',  ( 38.00000000000000000, 21.55968674681321673, 5.293383358428372709 ) ) ;
#3651 = APPLICATION_CONTEXT ( 'automotive_design' ) ;
#3652 = EDGE_CURVE ( 'NONE', #1528, #3753, #3326, .T. ) ;
#3653 = CARTESIAN_POINT ( 'NONE',  ( 41.89179079354640578, -4.784841816147423543, -19.92729876371783604 ) ) ;
#3654 = CARTESIAN_POINT ( 'NONE',  ( 60.00000000000002132, -11.49999999999999822, 0.6913843530018747296 ) ) ;
#3655 = CARTESIAN_POINT ( 'NONE',  ( 42.12861145771474014, -35.84039230401025122, 20.19999999999999218 ) ) ;
#3656 = CARTESIAN_POINT ( 'NONE',  ( 0.000000000000000000, 0.000000000000000000, 16.19999999999999218 ) ) ;
#3657 = ORIENTED_EDGE ( 'NONE', *, *, #6116, .F. ) ;
#3658 = LINE ( 'NONE', #4355, #4341 ) ;
#3659 = CARTESIAN_POINT ( 'NONE',  ( 16.38759021281742179, 19.61737262547869420, -4.816501974786174145 ) ) ;
#3660 = B_SPLINE_CURVE_WITH_KNOTS ( 'NONE', 3,
 ( #127, #7006, #3890, #6384, #5335, #4635, #4684, #5811, #5201, #6597, #1030, #988, #5242, #7705 ),
 .UNSPECIFIED., .F., .F.,
 ( 4, 2, 2, 2, 2, 2, 4 ),
 ( 3.998340051969455956E-17, 0.002043006357058936226, 0.003064509535588390461, 0.004086012714117845564, 0.006129019071176754034, 0.007150522249706208269, 0.008172025428235663372 ),
 .UNSPECIFIED. ) ;
#3661 = CARTESIAN_POINT ( 'NONE',  ( 40.17512651765366627, 8.763761432446649735, -18.44894331610994698 ) ) ;
#3662 = CARTESIAN_POINT ( 'NONE',  ( 41.99999999999999289, 2.648374763678458699, 20.20000000000000284 ) ) ;
#3663 = ORIENTED_EDGE ( 'NONE', *, *, #5356, .F. ) ;
#3664 = CARTESIAN_POINT ( 'NONE',  ( 41.42882463221339862, -1.787515627606523827, 20.19818074015334375 ) ) ;
#3665 = EDGE_CURVE ( 'NONE', #2574, #3873, #6321, .T. ) ;
#3666 = CARTESIAN_POINT ( 'NONE',  ( 15.53042926834690718, 19.60807908233321584, 5.789530801362655410 ) ) ;
#3667 = FACE_OUTER_BOUND ( 'NONE', #6395, .T. ) ;
#3668 = CARTESIAN_POINT ( 'NONE',  ( 41.24589789396434725, -14.50363513411890892, -18.50680126828354588 ) ) ;
#3669 = CARTESIAN_POINT ( 'NONE',  ( 39.49362089643872054, -5.815694843621325383, 19.49009534365075424 ) ) ;
#3670 = FACE_OUTER_BOUND ( 'NONE', #6288, .T. ) ;
#3671 = SPHERICAL_SURFACE ( 'NONE', #6627, 2.000000000000000000 ) ;
#3672 = VERTEX_POINT ( 'NONE', #6601 ) ;
#3673 = ORIENTED_EDGE ( 'NONE', *, *, #6164, .T. ) ;
#3674 = CARTESIAN_POINT ( 'NONE',  ( 38.35241343339537679, 4.325751199925963242, -19.74334332542865411 ) ) ;
#3675 = CARTESIAN_POINT ( 'NONE',  ( 41.99999999999999289, 2.775557561562891351E-14, 20.19999999999999929 ) ) ;
#3676 = CARTESIAN_POINT ( 'NONE',  ( 39.39420101685855968, -10.65650699162692661, -17.26887885456614669 ) ) ;
#3677 = CARTESIAN_POINT ( 'NONE',  ( 17.26924520083887060, 19.94076022317976182, -3.344066810980714344 ) ) ;
#3678 =( BOUNDED_CURVE ( )  B_SPLINE_CURVE ( 3, ( #4246, #4362, #4402, #3782 ),
 .UNSPECIFIED., .F., .T. ) 
 B_SPLINE_CURVE_WITH_KNOTS ( ( 4, 4 ),
 ( 1.570796326794896780, 3.141592653589793116 ),
 .UNSPECIFIED. ) 
 CURVE ( )  GEOMETRIC_REPRESENTATION_ITEM ( )  RATIONAL_B_SPLINE_CURVE ( ( 1.000000000000000000, 0.8047378541243650485, 0.8047378541243650485, 1.000000000000000000 ) ) 
 REPRESENTATION_ITEM ( '' )  );
#3679 = CARTESIAN_POINT ( 'NONE',  ( 36.12372949650435316, -45.00000000000000000, -18.00773976492944328 ) ) ;
#3680 = ORIENTED_EDGE ( 'NONE', *, *, #2309, .T. ) ;
#3681 = ORIENTED_EDGE ( 'NONE', *, *, #256, .F. ) ;
#3682 = CARTESIAN_POINT ( 'NONE',  ( 5.515796078671926672, 20.59493398555745358, 6.633855974916972542 ) ) ;
#3683 = FACE_OUTER_BOUND ( 'NONE', #5084, .T. ) ;
#3684 = CIRCLE ( 'NONE', #4991, 1.999999999999999778 ) ;
#3685 = CARTESIAN_POINT ( 'NONE',  ( 40.00000000000000000, 18.28351446246255918, 12.59178696217984950 ) ) ;
#3686 = CARTESIAN_POINT ( 'NONE',  ( 19.16515138991168499, -45.00000000000000000, -4.000000000000000000 ) ) ;
#3687 = DIRECTION ( 'NONE',  ( -0.000000000000000000, 1.000000000000000000, -0.000000000000000000 ) ) ;
#3688 = CARTESIAN_POINT ( 'NONE',  ( 38.00000000000000000, 20.74064367572555057, -7.117984259366238575 ) ) ;
#3689 = PLANE ( 'NONE',  #5181 ) ;
#3690 = FACE_OUTER_BOUND ( 'NONE', #1834, .T. ) ;
#3691 = VECTOR ( 'NONE', #4221, 1000.000000000000000 ) ;
#3692 = B_SPLINE_CURVE_WITH_KNOTS ( 'NONE', 3,
 ( #4398, #5010, #2551, #5051, #6901, #2510, #6520, #1283 ),
 .UNSPECIFIED., .F., .F.,
 ( 4, 2, 2, 4 ),
 ( 0.01324611014139224358, 0.01538027742136131512, 0.01644736106134584916, 0.01751444470133038320 ),
 .UNSPECIFIED. ) ;
#3693 = EDGE_CURVE ( 'NONE', #6433, #3838, #3501, .T. ) ;
#3694 = CARTESIAN_POINT ( 'NONE',  ( 2.897424096385132319, -20.05330403314513177, 3.690082251724223106 ) ) ;
#3695 = DIRECTION ( 'NONE',  ( -0.000000000000000000, -1.000000000000000000, -0.000000000000000000 ) ) ;
#3696 = CARTESIAN_POINT ( 'NONE',  ( 45.00000000000000000, 7.415940975732990381, -20.20000000000000284 ) ) ;
#3697 = FACE_OUTER_BOUND ( 'NONE', #3443, .T. ) ;
#3698 = CARTESIAN_POINT ( 'NONE',  ( 41.99999999999999289, -30.77705835859646655, 20.19999999999999929 ) ) ;
#3699 = CYLINDRICAL_SURFACE ( 'NONE', #2849, 8.000000000000000000 ) ;
#3700 = EDGE_CURVE ( 'NONE', #3229, #1316, #2882, .T. ) ;
#3701 = VECTOR ( 'NONE', #7304, 1000.000000000000000 ) ;
#3702 = CARTESIAN_POINT ( 'NONE',  ( 39.66388300259745847, 7.506561092599138618, -18.71809607164943401 ) ) ;
#3703 = CARTESIAN_POINT ( 'NONE',  ( 1.470967741935481632, 0.000000000000000000, 9.568958528775276393E-17 ) ) ;
#3704 = ORIENTED_EDGE ( 'NONE', *, *, #4056, .F. ) ;
#3705 = CARTESIAN_POINT ( 'NONE',  ( 41.06878759118160360, -12.63571712810506575, 19.99001259717633872 ) ) ;
#3706 = CARTESIAN_POINT ( 'NONE',  ( 40.00355857045499874, 0.5188563312452296739, 20.17551799066754370 ) ) ;
#3707 = DIRECTION ( 'NONE',  ( 0.000000000000000000, 0.000000000000000000, 1.000000000000000000 ) ) ;
#3708 = CARTESIAN_POINT ( 'NONE',  ( 2.006113509854146049, -21.55997098419925706, 0.3629168362615102228 ) ) ;
#3709 = CARTESIAN_POINT ( 'NONE',  ( 40.08247453898092516, -9.983082356105329680, 19.02586995326377206 ) ) ;
#3710 = CARTESIAN_POINT ( 'NONE',  ( 38.00000000000000000, -18.28351446246254852, 12.59178696217985660 ) ) ;
#3711 = EDGE_CURVE ( 'NONE', #37, #2987, #4500, .T. ) ;
#3712 = CARTESIAN_POINT ( 'NONE',  ( 19.16515138991168499, -45.00200000000000244, -4.000000000000000000 ) ) ;
#3713 = ORIENTED_EDGE ( 'NONE', *, *, #1172, .T. ) ;
#3714 = ORIENTED_EDGE ( 'NONE', *, *, #6622, .T. ) ;
#3715 = DIRECTION ( 'NONE',  ( -0.000000000000000000, -1.000000000000000000, -0.000000000000000000 ) ) ;
#3716 = CARTESIAN_POINT ( 'NONE',  ( 39.33183167939939295, -12.94056358498101389, -15.93642605195106476 ) ) ;
#3717 = CARTESIAN_POINT ( 'NONE',  ( 39.16779818615454190, 10.13935340304273858, -17.41351477287239646 ) ) ;
#3718 = ADVANCED_FACE ( 'NONE', ( #2955 ), #6891, .F. ) ;
#3719 = CARTESIAN_POINT ( 'NONE',  ( 41.80699664513391411, -12.71219886565654811, 20.20000000000000639 ) ) ;
#3720 = ORIENTED_EDGE ( 'NONE', *, *, #3055, .F. ) ;
#3721 = EDGE_CURVE ( 'NONE', #4590, #6853, #6610, .T. ) ;
#3722 = VERTEX_POINT ( 'NONE', #2417 ) ;
#3723 = VERTEX_POINT ( 'NONE', #5029 ) ;
#3724 = CARTESIAN_POINT ( 'NONE',  ( 13.65161609200835535, -20.74064367572554701, -7.117984259366247457 ) ) ;
#3725 = FACE_OUTER_BOUND ( 'NONE', #4760, .T. ) ;
#3726 = CARTESIAN_POINT ( 'NONE',  ( 38.96428358746513965, 41.02783552941653511, 20.19999999999999929 ) ) ;
#3727 = DIRECTION ( 'NONE',  ( 0.000000000000000000, 0.000000000000000000, 1.000000000000000000 ) ) ;
#3728 = B_SPLINE_CURVE_WITH_KNOTS ( 'NONE', 3,
 ( #7889, #4739, #4118, #2351, #472, #6617 ),
 .UNSPECIFIED., .F., .F.,
 ( 4, 2, 4 ),
 ( 0.000000000000000000, 0.5000000000000000000, 1.000000000000000000 ),
 .UNSPECIFIED. ) ;
#3729 = DIRECTION ( 'NONE',  ( 1.000000000000000000, 0.000000000000000000, 0.000000000000000000 ) ) ;
#3730 = CARTESIAN_POINT ( 'NONE',  ( -35.77713417233866977, -41.18700821125059974, 15.19999999999999929 ) ) ;
#3731 = DIRECTION ( 'NONE',  ( 1.000000000000000000, 0.000000000000000000, 1.948774242403888243E-17 ) ) ;
#3732 = VERTEX_POINT ( 'NONE', #3114 ) ;
#3733 = CIRCLE ( 'NONE', #2299, 20.19999999999999929 ) ;
#3734 = LINE ( 'NONE', #7310, #3035 ) ;
#3735 = AXIS2_PLACEMENT_3D ( 'NONE', #7487, #118, #1868 ) ;
#3736 = DIRECTION ( 'NONE',  ( 0.000000000000000000, 0.000000000000000000, -1.000000000000000000 ) ) ;
#3737 = CARTESIAN_POINT ( 'NONE',  ( 39.26028105786232203, 4.480651658974136531, 19.73663114175637645 ) ) ;
#3738 = CIRCLE ( 'NONE', #1519, 20.19999999999999929 ) ;
#3739 = EDGE_LOOP ( 'NONE', ( #2076, #6897, #8021, #8101 ) ) ;
#3740 = CARTESIAN_POINT ( 'NONE',  ( 40.51848231502270892, -8.436842750649903522, 19.70205497385887838 ) ) ;
#3741 = CARTESIAN_POINT ( 'NONE',  ( 5.544759241993319598, 19.93784570470082684, -6.757617170150695074 ) ) ;
#3742 = CARTESIAN_POINT ( 'NONE',  ( 40.29942111340190536, 8.296115225011609695, -18.66953805298199143 ) ) ;
#3743 = ORIENTED_EDGE ( 'NONE', *, *, #8076, .T. ) ;
#3744 = CARTESIAN_POINT ( 'NONE',  ( 40.38189510410737881, -1.713230884639677098, 20.15976412004774332 ) ) ;
#3745 = AXIS2_PLACEMENT_3D ( 'NONE', #3827, #6619, #969 ) ;
#3746 = AXIS2_PLACEMENT_3D ( 'NONE', #233, #1409, #3917 ) ;
#3747 = CARTESIAN_POINT ( 'NONE',  ( 40.51848231502273734, 8.436842750649917733, 19.70205497385887838 ) ) ;
#3748 = EDGE_CURVE ( 'NONE', #1711, #3379, #2328, .T. ) ;
#3749 = CARTESIAN_POINT ( 'NONE',  ( 41.51962679734124606, 9.407904421736546396, -19.22575093473123076 ) ) ;
#3750 = CARTESIAN_POINT ( 'NONE',  ( 40.69366490036672701, -14.67134468079276033, -17.74154089266788148 ) ) ;
#3751 = CARTESIAN_POINT ( 'NONE',  ( 38.60367772719967405, 38.47709625405894229, 19.56644518788888476 ) ) ;
#3752 = CARTESIAN_POINT ( 'NONE',  ( 50.00000000000000000, 45.00000000000000000, 0.000000000000000000 ) ) ;
#3753 = VERTEX_POINT ( 'NONE', #7575 ) ;
#3754 = ORIENTED_EDGE ( 'NONE', *, *, #6024, .F. ) ;
#3755 = ADVANCED_FACE ( 'NONE', ( #1803 ), #3763, .F. ) ;
#3756 = CARTESIAN_POINT ( 'NONE',  ( 41.52391662310508735, -13.23579147361705211, -18.85265616118327969 ) ) ;
#3757 = CARTESIAN_POINT ( 'NONE',  ( 40.83658187848489973, -6.223219554338818682, -19.43449430608092854 ) ) ;
#3758 = CARTESIAN_POINT ( 'NONE',  ( 40.42828832477258061, 2.381795826650611847, -20.01964545588763045 ) ) ;
#3759 = CARTESIAN_POINT ( 'NONE',  ( 38.72364505158672188, 4.115099320028405394, -19.78648373624099222 ) ) ;
#3760 = DIRECTION ( 'NONE',  ( -1.000000000000000000, -0.000000000000000000, -6.505213034913026604E-17 ) ) ;
#3761 = ORIENTED_EDGE ( 'NONE', *, *, #514, .T. ) ;
#3762 = ORIENTED_EDGE ( 'NONE', *, *, #6848, .F. ) ;
#3763 = CYLINDRICAL_SURFACE ( 'NONE', #840, 2.000000000000000000 ) ;
#3764 = CARTESIAN_POINT ( 'NONE',  ( 36.12372949650433895, 45.00000000000000000, 18.00773976492943618 ) ) ;
#3765 = EDGE_CURVE ( 'NONE', #7882, #6029, #6676, .T. ) ;
#3766 = CARTESIAN_POINT ( 'NONE',  ( 19.16515138991168499, 45.00000000000000000, -1.999999999999999556 ) ) ;
#3767 = CARTESIAN_POINT ( 'NONE',  ( 40.00000000000000000, -16.63635099737583545, -11.45739174036185659 ) ) ;
#3768 = CARTESIAN_POINT ( 'NONE',  ( 39.92977483094605162, 15.47762270841139731, -15.14475274838173036 ) ) ;
#3769 = CARTESIAN_POINT ( 'NONE',  ( 58.47201907103202245, -10.20241179191402736, 4.121747738490930679 ) ) ;
#3770 = CARTESIAN_POINT ( 'NONE',  ( 40.60528184368001803, 36.35541432743113432, -20.20000000000137064 ) ) ;
#3771 = CARTESIAN_POINT ( 'NONE',  ( 40.28056352567434573, -5.359042637834186884, 19.88730494066891552 ) ) ;
#3772 = EDGE_LOOP ( 'NONE', ( #6946, #7706, #1290, #4426, #2118, #2357, #1130 ) ) ;
#3773 = LINE ( 'NONE', #3331, #4736 ) ;
#3774 = CARTESIAN_POINT ( 'NONE',  ( 41.20531817448924983, 15.71171073443532151, -18.45970882509000432 ) ) ;
#3775 = FACE_OUTER_BOUND ( 'NONE', #4367, .T. ) ;
#3776 = ORIENTED_EDGE ( 'NONE', *, *, #1560, .F. ) ;
#3777 = CARTESIAN_POINT ( 'NONE',  ( 3.494794216193217729, 19.18766610085389956, -6.420869881312741612 ) ) ;
#3778 = CARTESIAN_POINT ( 'NONE',  ( 39.92922508195757558, 7.249661251852025146, -18.88234167957365983 ) ) ;
#3779 = VERTEX_POINT ( 'NONE', #3071 ) ;
#3780 = DIRECTION ( 'NONE',  ( 1.000000000000000000, 0.000000000000000000, 0.000000000000000000 ) ) ;
#3781 = CARTESIAN_POINT ( 'NONE',  ( 41.69934940971466375, 5.123785602451134125, 20.20000000000000284 ) ) ;
#3782 = CARTESIAN_POINT ( 'NONE',  ( 38.00000000000000000, -41.18700821125061395, -20.19999999999999929 ) ) ;
#3783 = CARTESIAN_POINT ( 'NONE',  ( 40.01792324358576991, -15.62411064916684644, -15.64129146081628896 ) ) ;
#3784 = DIRECTION ( 'NONE',  ( 0.000000000000000000, 0.000000000000000000, -1.000000000000000000 ) ) ;
#3785 = CARTESIAN_POINT ( 'NONE',  ( 39.65231240077397956, -6.437228169684659385, 19.40596911554040105 ) ) ;
#3786 = FACE_OUTER_BOUND ( 'NONE', #4261, .T. ) ;
#3787 = ORIENTED_EDGE ( 'NONE', *, *, #7816, .T. ) ;
#3788 = ADVANCED_FACE ( 'NONE', ( #4376 ), #7534, .T. ) ;
#3789 = ORIENTED_EDGE ( 'NONE', *, *, #2597, .F. ) ;
#3790 = CARTESIAN_POINT ( 'NONE',  ( 36.80953879959592001, -45.00000000000000000, 19.47471212274061614 ) ) ;
#3791 = CARTESIAN_POINT ( 'NONE',  ( 43.82661162132752963, 0.5317328865974675356, -20.18457650051238517 ) ) ;
#3792 = CARTESIAN_POINT ( 'NONE',  ( 50.00000000000000000, 45.00000000000000000, 0.000000000000000000 ) ) ;
#3793 = CARTESIAN_POINT ( 'NONE',  ( 39.63513454771228339, -15.22979522530803642, -14.52588392358336300 ) ) ;
#3794 = CARTESIAN_POINT ( 'NONE',  ( 40.16053443678844559, 4.216989879758992643, -19.74863268017418250 ) ) ;
#3795 = CARTESIAN_POINT ( 'NONE',  ( 38.45961412481862851, 8.019757943413218015, -18.53465411513698768 ) ) ;
#3796 = CARTESIAN_POINT ( 'NONE',  ( 38.00000000000000000, -45.00000000000000000, 2.000000000000000000 ) ) ;
#3797 = VERTEX_POINT ( 'NONE', #3146 ) ;
#3798 = ORIENTED_EDGE ( 'NONE', *, *, #1397, .T. ) ;
#3799 = EDGE_CURVE ( 'NONE', #982, #7351, #1632, .T. ) ;
#3800 = ORIENTED_EDGE ( 'NONE', *, *, #2811, .T. ) ;
#3801 = CARTESIAN_POINT ( 'NONE',  ( 2.990247625629966155, 19.84605707436481481, 3.871824250851135574 ) ) ;
#3802 = CARTESIAN_POINT ( 'NONE',  ( 14.79053534156036420, 20.74064367572554701, 7.117984259366239463 ) ) ;
#3803 = CARTESIAN_POINT ( 'NONE',  ( 39.13920883504688675, 7.956198987348374274, 18.73260510360501385 ) ) ;
#3804 = CARTESIAN_POINT ( 'NONE',  ( 39.25404898331140657, 10.85020633520647948, 17.57075702741418866 ) ) ;
#3805 = CARTESIAN_POINT ( 'NONE',  ( 57.13184401927745881, 9.213466614634679530, 6.029133308170083971 ) ) ;
#3806 = FACE_OUTER_BOUND ( 'NONE', #612, .T. ) ;
#3807 = CARTESIAN_POINT ( 'NONE',  ( 38.00000000000000000, 39.13940053353145743, -19.76150225234467328 ) ) ;
#3808 = CARTESIAN_POINT ( 'NONE',  ( 40.31294019818537322, -5.876065242995951898, 19.84674337082162765 ) ) ;
#3809 = EDGE_LOOP ( 'NONE', ( #3062, #5588, #5254, #3334 ) ) ;
#3810 = ADVANCED_FACE ( 'NONE', ( #614 ), #2490, .F. ) ;
#3811 = EDGE_CURVE ( 'NONE', #371, #3229, #4989, .T. ) ;
#3812 = AXIS2_PLACEMENT_3D ( 'NONE', #4900, #3169, #1210 ) ;
#3813 = CARTESIAN_POINT ( 'NONE',  ( 19.16515138991168499, -45.00000000000000000, 1.999999999999999556 ) ) ;
#3814 = CARTESIAN_POINT ( 'NONE',  ( 2.990247625636237139, -19.84605707436267608, 3.871824250862526906 ) ) ;
#3815 = CARTESIAN_POINT ( 'NONE',  ( 38.16128544538486977, -39.09723529062704017, 19.74879913483598770 ) ) ;
#3816 = CARTESIAN_POINT ( 'NONE',  ( 39.25404898331140657, 10.85020633520647948, 17.57075702741418866 ) ) ;
#3817 = VERTEX_POINT ( 'NONE', #6879 ) ;
#3818 = CARTESIAN_POINT ( 'NONE',  ( 14.21335818121494832, 20.24209326177652457, -6.802036428842688665 ) ) ;
#3819 = EDGE_CURVE ( 'NONE', #2934, #1202, #5678, .T. ) ;
#3820 = CARTESIAN_POINT ( 'NONE',  ( 40.24668296258435873, 10.08263702529167816, -18.04360841636967905 ) ) ;
#3821 = ORIENTED_EDGE ( 'NONE', *, *, #256, .T. ) ;
#3822 = CARTESIAN_POINT ( 'NONE',  ( 1.470967742024181568, 20.19988197453937318, 0.4377298712955391413 ) ) ;
#3823 = CARTESIAN_POINT ( 'NONE',  ( 41.68608361510195692, 4.058136161771884076, 20.20000000000000284 ) ) ;
#3824 = CARTESIAN_POINT ( 'NONE',  ( 38.41560864733423131, 0.5943997963644583882, -20.19973419768762568 ) ) ;
#3825 = CARTESIAN_POINT ( 'NONE',  ( 40.40746168748086831, 6.091121213686365195E-15, -20.12755977952995678 ) ) ;
#3826 = CARTESIAN_POINT ( 'NONE',  ( 40.47581069456779090, -14.80271218050873472, -17.32801895133642844 ) ) ;
#3827 = CARTESIAN_POINT ( 'NONE',  ( 40.00000000000000000, 0.000000000000000000, 0.000000000000000000 ) ) ;
#3828 = CARTESIAN_POINT ( 'NONE',  ( 3.589239999414012949, -19.10255753355022179, -10.76718606124199162 ) ) ;
#3829 = EDGE_LOOP ( 'NONE', ( #6211, #5434, #3959, #59, #3175, #4294, #7188, #2120 ) ) ;
#3830 = CARTESIAN_POINT ( 'NONE',  ( 40.04069379480536384, 9.279077966568623381, 19.08747484692150920 ) ) ;
#3831 = VERTEX_POINT ( 'NONE', #1387 ) ;
#3832 = CARTESIAN_POINT ( 'NONE',  ( 37.17362906404271428, -45.00000000000000000, 20.19999999999999574 ) ) ;
#3833 = AXIS2_PLACEMENT_3D ( 'NONE', #4419, #43, #3117 ) ;
#3834 = CARTESIAN_POINT ( 'NONE',  ( 41.46446609406726225, -15.75879749091904714, -18.73553390593273704 ) ) ;
#3835 = CARTESIAN_POINT ( 'NONE',  ( 40.39259805927731861, -6.290599317425680681, -19.30228408202322399 ) ) ;
#3836 = CARTESIAN_POINT ( 'NONE',  ( 38.42916461231900627, -11.57026563363831251, 16.59272063207685477 ) ) ;
#3837 = CARTESIAN_POINT ( 'NONE',  ( 42.00000000000000000, -12.71219886565655699, 20.19999999999999929 ) ) ;
#3838 = VERTEX_POINT ( 'NONE', #5293 ) ;
#3839 = ORIENTED_EDGE ( 'NONE', *, *, #471, .F. ) ;
#3840 = CARTESIAN_POINT ( 'NONE',  ( 38.00000000000000000, 21.83666641225257976, -4.000000000000000000 ) ) ;
#3841 = AXIS2_PLACEMENT_3D ( 'NONE', #2679, #1943, #1331 ) ;
#3842 =( BOUNDED_CURVE ( )  B_SPLINE_CURVE ( 3, ( #8023, #7535, #5599, #3073 ),
 .UNSPECIFIED., .F., .T. ) 
 B_SPLINE_CURVE_WITH_KNOTS ( ( 4, 4 ),
 ( 5.770865514155647524, 6.283185307179586232 ),
 .UNSPECIFIED. ) 
 CURVE ( )  GEOMETRIC_REPRESENTATION_ITEM ( )  RATIONAL_B_SPLINE_CURVE ( ( 1.000000000000000000, 0.9782467108379405696, 0.9782467108379405696, 1.000000000000000000 ) ) 
 REPRESENTATION_ITEM ( '' )  );
#3843 = CARTESIAN_POINT ( 'NONE',  ( 39.49362089643876317, 5.815694843621325383, 19.49009534365077911 ) ) ;
#3844 = CARTESIAN_POINT ( 'NONE',  ( 40.03244936881603167, 12.51324767864200105, 18.56988301593361257 ) ) ;
#3845 = CARTESIAN_POINT ( 'NONE',  ( 39.99999999999999289, 16.07810832639103538, -15.29007613882943772 ) ) ;
#3846 = ADVANCED_FACE ( 'NONE', ( #3241 ), #3893, .T. ) ;
#3847 = CARTESIAN_POINT ( 'NONE',  ( 40.00000000000000000, 16.18023485614469692, -15.20000000000000107 ) ) ;
#3848 = DIRECTION ( 'NONE',  ( 0.000000000000000000, 0.4095215355438328042, -0.9123004504689348204 ) ) ;
#3849 = ORIENTED_EDGE ( 'NONE', *, *, #3902, .T. ) ;
#3850 = CARTESIAN_POINT ( 'NONE',  ( 38.63065460901719206, -5.717554427564389030, -19.37899012570256474 ) ) ;
#3851 = CARTESIAN_POINT ( 'NONE',  ( 40.00000000000000000, -45.00000000000000000, -4.000000000000000000 ) ) ;
#3852 = CIRCLE ( 'NONE', #401, 22.19999999999999574 ) ;
#3853 = CARTESIAN_POINT ( 'NONE',  ( 43.82661162132752963, -0.5317328865974543239, -20.18457650051237806 ) ) ;
#3854 = ADVANCED_FACE ( 'NONE', ( #6023 ), #6560, .F. ) ;
#3855 = CARTESIAN_POINT ( 'NONE',  ( 4.368808652178572949, -18.73643898719867096, 7.560451846996151914 ) ) ;
#3856 = CARTESIAN_POINT ( 'NONE',  ( 39.95183793462306454, -32.68167843431584174, 18.49249034119071311 ) ) ;
#3857 = CARTESIAN_POINT ( 'NONE',  ( -35.77713417233866977, -14.56544627671343406, -4.346006760254145007 ) ) ;
#3858 = ORIENTED_EDGE ( 'NONE', *, *, #6198, .T. ) ;
#3859 = CARTESIAN_POINT ( 'NONE',  ( 40.86075538067061075, -15.65177729478656232, -18.00485675580824818 ) ) ;
#3860 = CARTESIAN_POINT ( 'NONE',  ( 39.84691194613584742, 12.26510590674325663, -16.84385561133060349 ) ) ;
#3861 = STYLED_ITEM ( 'NONE', ( #6063 ), #363 ) ;
#3862 = CARTESIAN_POINT ( 'NONE',  ( 41.46521692733008990, 4.835969764021021078, 20.19616567837941190 ) ) ;
#3863 = AXIS2_PLACEMENT_3D ( 'NONE', #6376, #75, #3110 ) ;
#3864 = CONICAL_SURFACE ( 'NONE', #1123, 3.850000000000000533, 0.03163501222810900099 ) ;
#3865 = EDGE_CURVE ( 'NONE', #4035, #371, #3537, .T. ) ;
#3866 = CARTESIAN_POINT ( 'NONE',  ( 38.41561009276250616, 2.921893792002514674E-15, -20.19973482701772838 ) ) ;
#3867 = LINE ( 'NONE', #3390, #5038 ) ;
#3868 = CARTESIAN_POINT ( 'NONE',  ( 45.00000000000000711, -14.83188195146597010, -20.20000000000000284 ) ) ;
#3869 = CARTESIAN_POINT ( 'NONE',  ( 41.48281186413480981, 7.332496492489633866, -19.49549013253524166 ) ) ;
#3870 = AXIS2_PLACEMENT_3D ( 'NONE', #4632, #904, #5890 ) ;
#3871 = AXIS2_PLACEMENT_3D ( 'NONE', #5022, #4981, #4295 ) ;
#3872 = CARTESIAN_POINT ( 'NONE',  ( 40.13484949819105907, 8.614896156624487489, 19.32682526510218324 ) ) ;
#3873 = VERTEX_POINT ( 'NONE', #420 ) ;
#3874 = DIRECTION ( 'NONE',  ( 0.000000000000000000, 0.000000000000000000, -1.000000000000000000 ) ) ;
#3875 = CARTESIAN_POINT ( 'NONE',  ( 41.37348104014136396, 1.194788518118135690, -20.09419871503564892 ) ) ;
#3876 = AXIS2_PLACEMENT_3D ( 'NONE', #189, #5186, #1985 ) ;
#3877 = CARTESIAN_POINT ( 'NONE',  ( 2.899440571443486103, -19.15696293410671558, 6.407087570906243812 ) ) ;
#3878 = CARTESIAN_POINT ( 'NONE',  ( 40.24668296258432321, -10.08263702529166927, -18.04360841636966128 ) ) ;
#3879 = CARTESIAN_POINT ( 'NONE',  ( 40.56789342044629620, 1.180582175072309337, -20.10418977919040273 ) ) ;
#3880 = CARTESIAN_POINT ( 'NONE',  ( 50.00000000000000000, 37.09999999996985309, -3.850000000000000533 ) ) ;
#3881 = ORIENTED_EDGE ( 'NONE', *, *, #1302, .T. ) ;
#3882 = ORIENTED_EDGE ( 'NONE', *, *, #3486, .F. ) ;
#3883 = AXIS2_PLACEMENT_3D ( 'NONE', #1081, #7890, #5387 ) ;
#3884 = CARTESIAN_POINT ( 'NONE',  ( 38.00000000000000000, 18.28351446246255563, 12.59178696217984950 ) ) ;
#3885 = CARTESIAN_POINT ( 'NONE',  ( 39.39042816887519649, 5.520138105606763546, 19.53254150859914873 ) ) ;
#3886 = CARTESIAN_POINT ( 'NONE',  ( 39.45185961159086929, 5.031411854727989130, 19.65893237220807066 ) ) ;
#3887 = CARTESIAN_POINT ( 'NONE',  ( 57.90233102357590411, 9.915258766208287611, 6.160121187900053918 ) ) ;
#3888 = DIRECTION ( 'NONE',  ( 0.000000000000000000, 0.000000000000000000, 1.000000000000000000 ) ) ;
#3889 = DIRECTION ( 'NONE',  ( 0.000000000000000000, -0.9836336221735396679, -0.1801801801801800884 ) ) ;
#3890 = CARTESIAN_POINT ( 'NONE',  ( 57.90632199148757309, 9.918121540798917835, 6.155211938268799088 ) ) ;
#3891 = B_SPLINE_CURVE_WITH_KNOTS ( 'NONE', 3,
 ( #5663, #7066, #4480, #716, #7518, #7027, #5129, #6987, #6906, #1287, #6365, #1402, #3173, #67 ),
 .UNSPECIFIED., .F., .F.,
 ( 4, 2, 2, 2, 2, 2, 4 ),
 ( 0.000000000000000000, 0.001890443473155466745, 0.002835665209733198057, 0.003780886946310929586, 0.004726108682888661115, 0.005671330419466392644, 0.007561773892621850499 ),
 .UNSPECIFIED. ) ;
#3892 = ADVANCED_FACE ( 'NONE', ( #4690 ), #7384, .T. ) ;
#3893 = CYLINDRICAL_SURFACE ( 'NONE', #1098, 10.00000000000000000 ) ;
#3894 = CARTESIAN_POINT ( 'NONE',  ( 39.19646674935253827, -6.764565940721176673, -18.98453602511440863 ) ) ;
#3895 = CARTESIAN_POINT ( 'NONE',  ( 41.40548430481092623, -5.303403161431709201, -19.74996224807197720 ) ) ;
#3896 = CARTESIAN_POINT ( 'NONE',  ( 43.83618522932258799, -2.258936432804508954, -20.19325813108330792 ) ) ;
#3897 = CARTESIAN_POINT ( 'NONE',  ( 4.212155786451790895, -21.09735395444032591, 5.533258103476909717 ) ) ;
#3898 = CARTESIAN_POINT ( 'NONE',  ( 55.00000000000000711, 45.00000000000000000, -15.19999999999999929 ) ) ;
#3899 = LINE ( 'NONE', #6394, #1788 ) ;
#3900 = ORIENTED_EDGE ( 'NONE', *, *, #5096, .F. ) ;
#3901 = CARTESIAN_POINT ( 'NONE',  ( 39.60311751599797248, 11.24874021012901615, -17.10129777880612068 ) ) ;
#3902 = EDGE_CURVE ( 'NONE', #4460, #4414, #1688, .T. ) ;
#3903 = ORIENTED_EDGE ( 'NONE', *, *, #3748, .T. ) ;
#3904 = CARTESIAN_POINT ( 'NONE',  ( 40.00000000000000000, -45.81904307108767682, -16.18313886399158008 ) ) ;
#3905 = CARTESIAN_POINT ( 'NONE',  ( 38.18372579599152772, 10.08104064828085811, -17.51546714851472686 ) ) ;
#3906 = DIRECTION ( 'NONE',  ( 1.000000000000000000, 0.000000000000000000, 0.000000000000000000 ) ) ;
#3907 = CARTESIAN_POINT ( 'NONE',  ( 37.17362906404271428, 45.00000000000000000, -20.19999999999999929 ) ) ;
#3908 = DIRECTION ( 'NONE',  ( 1.000000000000000000, 0.000000000000000000, 0.000000000000000000 ) ) ;
#3909 = CARTESIAN_POINT ( 'NONE',  ( 41.20531817448924983, 15.71171073443532151, -18.45970882509000432 ) ) ;
#3910 = EDGE_LOOP ( 'NONE', ( #1551, #397, #4102, #886 ) ) ;
#3911 = EDGE_LOOP ( 'NONE', ( #1042, #5820, #7800 ) ) ;
#3912 = ADVANCED_FACE ( 'NONE', ( #341 ), #496, .T. ) ;
#3913 = CARTESIAN_POINT ( 'NONE',  ( 40.00205102990895512, 6.949363859102036578, 19.50299603873627774 ) ) ;
#3914 = EDGE_LOOP ( 'NONE', ( #5931, #5930, #4111, #8065, #961, #7230, #4171, #7501 ) ) ;
#3915 = CARTESIAN_POINT ( 'NONE',  ( 40.00000000000000000, 24.09389004176487248, -15.20000000000000107 ) ) ;
#3916 = CYLINDRICAL_SURFACE ( 'NONE', #4661, 5.000000000000000888 ) ;
#3917 = DIRECTION ( 'NONE',  ( 0.000000000000000000, 0.000000000000000000, -1.000000000000000000 ) ) ;
#3918 = CARTESIAN_POINT ( 'NONE',  ( 39.41442458138376281, -15.05865200620466204, -14.32810843525883016 ) ) ;
#3919 = CARTESIAN_POINT ( 'NONE',  ( 39.57472688286957663, -14.31035783872392564, -15.25472218216366116 ) ) ;
#3920 = CARTESIAN_POINT ( 'NONE',  ( 50.00000000000000000, 45.00000000000000000, 3.850000000000000533 ) ) ;
#3921 = VERTEX_POINT ( 'NONE', #5340 ) ;
#3922 = EDGE_LOOP ( 'NONE', ( #4450, #5550, #4432, #1871, #1934, #2284, #5070, #6285 ) ) ;
#3923 = DIRECTION ( 'NONE',  ( 8.673617379884027583E-16, -0.000000000000000000, 1.000000000000000000 ) ) ;
#3924 = CARTESIAN_POINT ( 'NONE',  ( 39.25686389047258729, 8.152757928741806381, 18.71432743935035603 ) ) ;
#3925 = DIRECTION ( 'NONE',  ( 1.000000000000000000, -0.000000000000000000, -0.000000000000000000 ) ) ;
#3926 = CARTESIAN_POINT ( 'NONE',  ( 58.91152305778346943, 10.66133182843873861, 4.548472220459697901 ) ) ;
#3927 = LINE ( 'NONE', #4681, #2378 ) ;
#3928 = FACE_OUTER_BOUND ( 'NONE', #5836, .T. ) ;
#3929 = CARTESIAN_POINT ( 'NONE',  ( 40.00000000000000000, 24.09389004176487248, -15.20000000000000107 ) ) ;
#3930 = ORIENTED_EDGE ( 'NONE', *, *, #5266, .T. ) ;
#3931 = CARTESIAN_POINT ( 'NONE',  ( 39.70176511710204892, -7.352652846809040632, -18.78629198822657997 ) ) ;
#3932 = CARTESIAN_POINT ( 'NONE',  ( 41.48281186413482402, -7.332496492489612550, -19.49549013253521679 ) ) ;
#3933 = CARTESIAN_POINT ( 'NONE',  ( 44.49508420718145629, -16.18023485614468981, -20.20000000000000284 ) ) ;
#3934 = CARTESIAN_POINT ( 'NONE',  ( 5.850726954867689678, -19.04214502568602896, 6.845802621393072052 ) ) ;
#3935 = CARTESIAN_POINT ( 'NONE',  ( 4.688451500974061048, 20.90070609294631865, 5.991832790800160069 ) ) ;
#3936 = CARTESIAN_POINT ( 'NONE',  ( 17.74596669241483582, -45.00000000000000000, -1.999999999999999556 ) ) ;
#3937 = ADVANCED_FACE ( 'NONE', ( #7877 ), #4764, .T. ) ;
#3938 = ORIENTED_EDGE ( 'NONE', *, *, #6476, .F. ) ;
#3939 = CARTESIAN_POINT ( 'NONE',  ( 39.39622064742221852, 13.04896605522457342, -15.92049841245478348 ) ) ;
#3940 = ORIENTED_EDGE ( 'NONE', *, *, #5319, .T. ) ;
#3941 = CARTESIAN_POINT ( 'NONE',  ( 41.99999999999999289, 1.387778780781445676E-14, 20.20000000000000284 ) ) ;
#3942 = CARTESIAN_POINT ( 'NONE',  ( 38.09459789548233744, 10.73227836644329614, -17.12833941459182796 ) ) ;
#3943 = CARTESIAN_POINT ( 'NONE',  ( 40.37635609760315702, -0.5407140451629850464, -20.12864423773478961 ) ) ;
#3944 = EDGE_CURVE ( 'NONE', #3672, #5595, #2339, .T. ) ;
#3945 = DIRECTION ( 'NONE',  ( 0.000000000000000000, 1.000000000000000000, 0.000000000000000000 ) ) ;
#3946 = CARTESIAN_POINT ( 'NONE',  ( 39.78908780681766189, -11.00679805763642882, 18.16472145383974635 ) ) ;
#3947 = DIRECTION ( 'NONE',  ( 0.000000000000000000, 0.000000000000000000, -1.000000000000000000 ) ) ;
#3948 = CARTESIAN_POINT ( 'NONE',  ( 40.17392639888870320, 9.440171381717028964, 19.25266785569894168 ) ) ;
#3949 = ORIENTED_EDGE ( 'NONE', *, *, #6828, .F. ) ;
#3950 = LINE ( 'NONE', #7074, #5547 ) ;
#3951 = CARTESIAN_POINT ( 'NONE',  ( 38.00000000000000000, 45.00000000000000000, 2.000000000000000000 ) ) ;
#3952 = CARTESIAN_POINT ( 'NONE',  ( 5.886824430072948644, -20.20613505447897751, 6.878049278273346445 ) ) ;
#3953 = EDGE_CURVE ( 'NONE', #5264, #7196, #3852, .T. ) ;
#3954 = CARTESIAN_POINT ( 'NONE',  ( 38.97516790699761913, -13.72051176835116948, -15.12390844238273324 ) ) ;
#3955 = CARTESIAN_POINT ( 'NONE',  ( 40.47080252353136842, -9.300212636669996868, -18.45952090644729893 ) ) ;
#3956 = CARTESIAN_POINT ( 'NONE',  ( 40.46463262833346874, -10.57426439247654848, 19.52619711418321202 ) ) ;
#3957 = CARTESIAN_POINT ( 'NONE',  ( 39.12803207583461074, 8.538287177928575389, -18.19168266383137222 ) ) ;
#3958 = FACE_OUTER_BOUND ( 'NONE', #5959, .T. ) ;
#3959 = ORIENTED_EDGE ( 'NONE', *, *, #5908, .T. ) ;
#3960 = CARTESIAN_POINT ( 'NONE',  ( 39.87293175487367591, -12.13368049638157231, 17.74263541320819471 ) ) ;
#3961 = ORIENTED_EDGE ( 'NONE', *, *, #1615, .F. ) ;
#3962 = CARTESIAN_POINT ( 'NONE',  ( 40.05900117020858175, 12.09093819016926830, 18.70320041673798883 ) ) ;
#3963 = CARTESIAN_POINT ( 'NONE',  ( 4.205477407031473547, -21.10025211056081673, 5.526118600387301960 ) ) ;
#3964 = CARTESIAN_POINT ( 'NONE',  ( 39.66642655742194989, 3.765776354530150360, 19.92041144237388650 ) ) ;
#3965 = LINE ( 'NONE', #1594, #7635 ) ;
#3966 = CARTESIAN_POINT ( 'NONE',  ( 48.00000000000000000, 0.000000000000000000, -1.666996953763508875E-14 ) ) ;
#3967 = EDGE_CURVE ( 'NONE', #5345, #4460, #5, .T. ) ;
#3968 = DIRECTION ( 'NONE',  ( -8.673617379884027583E-16, 0.000000000000000000, 1.000000000000000000 ) ) ;
#3969 = CARTESIAN_POINT ( 'NONE',  ( 42.00000000000000000, 30.77705835859655181, 20.19999999999999929 ) ) ;
#3970 = DIRECTION ( 'NONE',  ( 0.000000000000000000, -0.4095215355438330818, -0.9123004504689347094 ) ) ;
#3971 = CARTESIAN_POINT ( 'NONE',  ( 31.29802302451166440, 39.78313668115372082, -20.01154028972691634 ) ) ;
#3972 = DIRECTION ( 'NONE',  ( -1.000000000000000000, -0.000000000000000000, -0.000000000000000000 ) ) ;
#3973 = VERTEX_POINT ( 'NONE', #2956 ) ;
#3974 = DIRECTION ( 'NONE',  ( 0.000000000000000000, 1.000000000000000000, 0.000000000000000000 ) ) ;
#3975 = CARTESIAN_POINT ( 'NONE',  ( 39.81257549626086956, -6.889586105810982630, -18.97867281072016610 ) ) ;
#3976 = DIRECTION ( 'NONE',  ( 1.000000000000000000, 0.000000000000000000, 0.000000000000000000 ) ) ;
#3977 = CARTESIAN_POINT ( 'NONE',  ( 43.87520096929234370, -9.018314173486830398, -20.15118096954896743 ) ) ;
#3978 = CARTESIAN_POINT ( 'NONE',  ( 38.27601149550608994, -39.03238323439053659, -19.72905671647107084 ) ) ;
#3979 = CARTESIAN_POINT ( 'NONE',  ( 38.72129154491459246, -9.658607384050409195, 17.87289688266648113 ) ) ;
#3980 = CARTESIAN_POINT ( 'NONE',  ( 32.94213245116623767, -41.18700821124233613, 20.19999999999999929 ) ) ;
#3981 = AXIS2_PLACEMENT_3D ( 'NONE', #1017, #2902, #7856 ) ;
#3982 = ORIENTED_EDGE ( 'NONE', *, *, #5615, .T. ) ;
#3983 = CARTESIAN_POINT ( 'NONE',  ( 39.98136491105520918, 13.14509750606730343, -16.63868733421538337 ) ) ;
#3984 = ORIENTED_EDGE ( 'NONE', *, *, #1676, .F. ) ;
#3985 = CARTESIAN_POINT ( 'NONE',  ( 39.17157287525380838, 45.00000000000000000, -18.00773976492943618 ) ) ;
#3986 = CARTESIAN_POINT ( 'NONE',  ( 37.17362906404271428, 45.00000000000000000, -20.19999999999999929 ) ) ;
#3987 = CARTESIAN_POINT ( 'NONE',  ( 38.00000000000000000, 18.28351446246255563, -12.59178696217984950 ) ) ;
#3988 = CARTESIAN_POINT ( 'NONE',  ( 38.50349133646789568, 14.74679728392912104, -13.87402507991522072 ) ) ;
#3989 = CARTESIAN_POINT ( 'NONE',  ( 40.03275518129066768, -12.20157127742952774, 18.57143663335595107 ) ) ;
#3990 = ADVANCED_BREP_SHAPE_REPRESENTATION ( 'Mast_Cap', ( #363, #4148 ), #7153 ) ;
#3991 = CARTESIAN_POINT ( 'NONE',  ( 41.37187904316255782, 14.48613009883435687, -18.64592508449606001 ) ) ;
#3992 = VERTEX_POINT ( 'NONE', #3570 ) ;
#3993 = CARTESIAN_POINT ( 'NONE',  ( 40.23365019519528119, 5.534335570966586459, 19.84761874287484318 ) ) ;
#3994 = ORIENTED_EDGE ( 'NONE', *, *, #2247, .F. ) ;
#3995 = CARTESIAN_POINT ( 'NONE',  ( 3.964807637445459942, 21.19944300975940976, -5.295282332975411066 ) ) ;
#3996 = VECTOR ( 'NONE', #3453, 1000.000000000000114 ) ;
#3997 = ADVANCED_FACE ( 'NONE', ( #5487 ), #6060, .F. ) ;
#3998 = CARTESIAN_POINT ( 'NONE',  ( 42.05607155808161934, 10.41615721809577977, -19.46472378197967856 ) ) ;
#3999 = LINE ( 'NONE', #891, #1014 ) ;
#4000 = CARTESIAN_POINT ( 'NONE',  ( 38.09056544651949139, -12.51325235830011096, -15.87489917339575385 ) ) ;
#4001 = AXIS2_PLACEMENT_3D ( 'NONE', #2517, #4442, #3174 ) ;
#4002 = CARTESIAN_POINT ( 'NONE',  ( 41.17856398353710290, -5.803974327929842580, -19.61771851703601754 ) ) ;
#4003 = VECTOR ( 'NONE', #5502, 1000.000000000000000 ) ;
#4004 = CARTESIAN_POINT ( 'NONE',  ( 40.50407619321273955, -8.404818275875751254, 19.71541110437527422 ) ) ;
#4005 = CARTESIAN_POINT ( 'NONE',  ( 39.05704492532363759, 0.5176461355977416412, -20.18572957275342006 ) ) ;
#4006 = DIRECTION ( 'NONE',  ( -1.000000000000000000, 0.000000000000000000, 0.000000000000000000 ) ) ;
#4007 = ORIENTED_EDGE ( 'NONE', *, *, #4296, .T. ) ;
#4008 = EDGE_CURVE ( 'NONE', #5577, #7770, #3015, .T. ) ;
#4009 = SPHERICAL_SURFACE ( 'NONE', #470, 2.000000000000000000 ) ;
#4010 = CARTESIAN_POINT ( 'NONE',  ( 40.26721807238444484, 4.158217489446529136, 19.99605008718836885 ) ) ;
#4011 = CARTESIAN_POINT ( 'NONE',  ( 13.65161609200835180, -20.74064367572555057, 7.117984259366249233 ) ) ;
#4012 = CARTESIAN_POINT ( 'NONE',  ( 55.00000000000000711, -45.00000000000000000, -15.19999999999999929 ) ) ;
#4013 = CARTESIAN_POINT ( 'NONE',  ( 40.05205464666337178, 30.77705835859655537, 18.72349576871856414 ) ) ;
#4014 = CARTESIAN_POINT ( 'NONE',  ( 44.99999999966252062, 25.23827771848576518, -20.19999999999999929 ) ) ;
#4015 = CARTESIAN_POINT ( 'NONE',  ( 38.00000000000000000, 41.18700821125062816, 20.19999999999999929 ) ) ;
#4016 = CARTESIAN_POINT ( 'NONE',  ( 38.00000000000000000, -20.74064367572554701, -7.117984259366249233 ) ) ;
#4017 = AXIS2_PLACEMENT_3D ( 'NONE', #7927, #1046, #4703 ) ;
#4018 = ORIENTED_EDGE ( 'NONE', *, *, #1390, .F. ) ;
#4019 = DIRECTION ( 'NONE',  ( -1.000000000000000000, -0.000000000000000000, -0.000000000000000000 ) ) ;
#4020 = ADVANCED_FACE ( 'NONE', ( #6724 ), #3296, .F. ) ;
#4021 = DIRECTION ( 'NONE',  ( 1.000000000000000000, -0.000000000000000000, -3.426614273534434686E-16 ) ) ;
#4022 = CARTESIAN_POINT ( 'NONE',  ( 39.47087159972929982, -8.274470709439354366, -18.36127892316066834 ) ) ;
#4023 = CARTESIAN_POINT ( 'NONE',  ( 44.47642428051539554, -14.82607936199012144, -20.19999999999999929 ) ) ;
#4024 = CARTESIAN_POINT ( 'NONE',  ( 44.04973705523425309, -32.70864901101256095, -20.19999999999999574 ) ) ;
#4025 = CARTESIAN_POINT ( 'NONE',  ( 38.99278254775295949, -4.921624764930321305, 19.62642525905960866 ) ) ;
#4026 = DIRECTION ( 'NONE',  ( 0.000000000000000000, 0.000000000000000000, 1.000000000000000000 ) ) ;
#4027 = ORIENTED_EDGE ( 'NONE', *, *, #4560, .F. ) ;
#4028 = DIRECTION ( 'NONE',  ( -0.000000000000000000, -0.9123004504689345984, 0.4095215355438330262 ) ) ;
#4029 = DIRECTION ( 'NONE',  ( 0.000000000000000000, 1.000000000000000000, 0.000000000000000000 ) ) ;
#4030 = CARTESIAN_POINT ( 'NONE',  ( 39.99999999999999289, 12.63214365497085367, 18.25591636035542464 ) ) ;
#4031 = CARTESIAN_POINT ( 'NONE',  ( 38.38192393500882105, -3.059970897374049148, -19.97763253833987562 ) ) ;
#4032 = DIRECTION ( 'NONE',  ( -1.000000000000000000, -0.000000000000000000, -0.000000000000000000 ) ) ;
#4033 = LINE ( 'NONE', #5830, #6226 ) ;
#4034 = CARTESIAN_POINT ( 'NONE',  ( 41.39360933950222687, 13.27297779803876843, -18.73067011072674859 ) ) ;
#4035 = VERTEX_POINT ( 'NONE', #4153 ) ;
#4036 = CARTESIAN_POINT ( 'NONE',  ( 2.817388957493754287, -21.71563442222640106, -3.541731592958735853 ) ) ;
#4037 = ORIENTED_EDGE ( 'NONE', *, *, #62, .F. ) ;
#4038 = CYLINDRICAL_SURFACE ( 'NONE', #1359, 2.000000000000000000 ) ;
#4039 = CARTESIAN_POINT ( 'NONE',  ( 43.83618522932258799, 2.258936432804521832, -20.19325813108331502 ) ) ;
#4040 = CYLINDRICAL_SURFACE ( 'NONE', #88, 20.19999999999999929 ) ;
#4041 = CARTESIAN_POINT ( 'NONE',  ( 2.152123233302170480, 17.81919361323355488, 10.64329830346964201 ) ) ;
#4042 = CARTESIAN_POINT ( 'NONE',  ( 40.87048794087992576, -6.729487693948332350, -19.33794301787735392 ) ) ;
#4043 = CARTESIAN_POINT ( 'NONE',  ( 39.92331332259899312, -6.209557549141190513, 19.59011524936308390 ) ) ;
#4044 = CARTESIAN_POINT ( 'NONE',  ( 39.36507255959688223, 5.772566225328838563, -19.33508315261838462 ) ) ;
#4045 = EDGE_CURVE ( 'NONE', #485, #1169, #5258, .T. ) ;
#4046 = CARTESIAN_POINT ( 'NONE',  ( 37.99999999999999289, 4.487967038713085444, -19.70588668108790742 ) ) ;
#4047 = VERTEX_POINT ( 'NONE', #4305 ) ;
#4048 = VERTEX_POINT ( 'NONE', #4417 ) ;
#4049 = CARTESIAN_POINT ( 'NONE',  ( 39.65112742698789816, 5.782369179080019350, 19.55327464736725673 ) ) ;
#4050 = DIRECTION ( 'NONE',  ( 1.000000000000000000, -0.000000000000000000, -3.426614273534433700E-16 ) ) ;
#4051 = DIRECTION ( 'NONE',  ( -1.387778780781445873E-15, 0.000000000000000000, 1.000000000000000000 ) ) ;
#4052 = CARTESIAN_POINT ( 'NONE',  ( 45.00000000000000000, 24.09389004176487248, -20.19999999999999929 ) ) ;
#4053 = CARTESIAN_POINT ( 'NONE',  ( 44.41989757003597816, 30.91162699798189095, -20.19999999999999929 ) ) ;
#4054 = B_SPLINE_CURVE_WITH_KNOTS ( 'NONE', 3,
 ( #2931, #5421, #7926, #6696, #1080, #7620, #6814, #6854, #7998, #7396, #779, #3323, #3280, #7437, #1779, #3698 ),
 .UNSPECIFIED., .F., .F.,
 ( 4, 2, 2, 2, 2, 2, 2, 4 ),
 ( 0.000000000000000000, 0.03125000000000004857, 0.06250000000000009714, 0.1250000000000000278, 0.2500000000000000555, 0.5000000000000000000, 0.7499999999999998890, 1.000000000000000000 ),
 .UNSPECIFIED. ) ;
#4055 = DIRECTION ( 'NONE',  ( 0.000000000000000000, 0.000000000000000000, -1.000000000000000000 ) ) ;
#4056 = EDGE_CURVE ( 'NONE', #1950, #3431, #4151, .T. ) ;
#4057 = CARTESIAN_POINT ( 'NONE',  ( 15.52971324394731312, 19.60801393665362014, -5.790394220698838801 ) ) ;
#4058 = CARTESIAN_POINT ( 'NONE',  ( 40.00000000000000000, 16.69983372084372775, 11.88089027371984230 ) ) ;
#4059 = VERTEX_POINT ( 'NONE', #4264 ) ;
#4060 = CARTESIAN_POINT ( 'NONE',  ( 38.95605752942252309, -11.87643233311515623, -16.38286287696923793 ) ) ;
#4061 = CARTESIAN_POINT ( 'NONE',  ( 39.24947945353983414, -7.877801947671132510, -18.50199626095227501 ) ) ;
#4062 = DIRECTION ( 'NONE',  ( 0.000000000000000000, 0.000000000000000000, -1.000000000000000000 ) ) ;
#4063 = CARTESIAN_POINT ( 'NONE',  ( 40.12715757042006715, 12.49284899457448539, 18.90541873810094842 ) ) ;
#4064 = CARTESIAN_POINT ( 'NONE',  ( 38.00000000000000711, -14.19075268520880861, -14.39672952420100849 ) ) ;
#4065 = CARTESIAN_POINT ( 'NONE',  ( 39.78048599975744537, -2.049077145164647451, 20.11079854967065472 ) ) ;
#4066 = CARTESIAN_POINT ( 'NONE',  ( 4.914201223422025144, 19.58547352389750529, 6.599441213434539932 ) ) ;
#4067 = EDGE_LOOP ( 'NONE', ( #3839, #5581, #5465, #7318 ) ) ;
#4068 = EDGE_CURVE ( 'NONE', #5812, #7882, #3842, .T. ) ;
#4069 = FACE_OUTER_BOUND ( 'NONE', #2325, .T. ) ;
#4070 = TOROIDAL_SURFACE ( 'NONE', #421, 22.19999999999999574, 2.000000000000000000 ) ;
#4071 = CARTESIAN_POINT ( 'NONE',  ( 51.93502884254439067, 3.608666906220939552, 10.99999999999997868 ) ) ;
#4072 = FACE_OUTER_BOUND ( 'NONE', #1710, .T. ) ;
#4073 = CARTESIAN_POINT ( 'NONE',  ( 39.01547458371709354, -2.197619417980536838, -20.07724719418076731 ) ) ;
#4074 = EDGE_CURVE ( 'NONE', #7882, #6140, #6174, .T. ) ;
#4075 = CARTESIAN_POINT ( 'NONE',  ( 3.954725488708617842, -19.53370206605995207, -5.264462170669015784 ) ) ;
#4076 = CARTESIAN_POINT ( 'NONE',  ( 10.00000000000000178, -37.09999999999999432, 0.000000000000000000 ) ) ;
#4077 = PRODUCT_CONTEXT ( 'NONE', #311, 'mechanical' ) ;
#4078 = CARTESIAN_POINT ( 'NONE',  ( 40.54017385167274767, 11.23911481156657999, -17.99663893920791580 ) ) ;
#4079 = ORIENTED_EDGE ( 'NONE', *, *, #4623, .T. ) ;
#4080 = ORIENTED_EDGE ( 'NONE', *, *, #2419, .T. ) ;
#4081 = CARTESIAN_POINT ( 'NONE',  ( 1.470967741855810695, -20.17284975722095197, 1.067713654376109877 ) ) ;
#4082 = EDGE_LOOP ( 'NONE', ( #7545, #2589, #687, #2392, #4915, #5398, #1095 ) ) ;
#4083 = CARTESIAN_POINT ( 'NONE',  ( 5.124685829140840809, 18.57216598356902892, -7.944472964190972597 ) ) ;
#4084 = VECTOR ( 'NONE', #6179, 1000.000000000000000 ) ;
#4085 = CARTESIAN_POINT ( 'NONE',  ( 42.68681428327362681, 2.728481420838890781, -20.11775403259365902 ) ) ;
#4086 = CARTESIAN_POINT ( 'NONE',  ( 38.56048368748256649, 0.3921184289405338919, 20.19897430162276208 ) ) ;
#4087 = CARTESIAN_POINT ( 'NONE',  ( 38.00000000000000711, -12.50134765991519181, -15.88432436992091112 ) ) ;
#4088 = CARTESIAN_POINT ( 'NONE',  ( 41.28812142332477464, -10.90663462906256065, -18.86022003434884198 ) ) ;
#4089 = CARTESIAN_POINT ( 'NONE',  ( 39.50018506290464870, -5.177038196667923309, 19.63720177515094178 ) ) ;
#4090 = CARTESIAN_POINT ( 'NONE',  ( 38.65652562170993178, 11.76442110661465712, -16.40780713466648777 ) ) ;
#4091 = CARTESIAN_POINT ( 'NONE',  ( 50.00000000000000000, 45.00000000000000000, 0.000000000000000000 ) ) ;
#4092 = VERTEX_POINT ( 'NONE', #6765 ) ;
#4093 = EDGE_LOOP ( 'NONE', ( #3047, #561, #2443, #3882 ) ) ;
#4094 = CARTESIAN_POINT ( 'NONE',  ( 39.83795123942756788, 4.865684469030031600, 19.78763916409065970 ) ) ;
#4095 = CARTESIAN_POINT ( 'NONE',  ( 16.19317814881472728, -19.55407033617699852, 5.074329045921632364 ) ) ;
#4096 = CARTESIAN_POINT ( 'NONE',  ( 19.16515138991168499, 20.10074625480358534, 1.999999999999999556 ) ) ;
#4097 = CARTESIAN_POINT ( 'NONE',  ( 41.05810518864938530, 30.31174846304428527, -20.19999999999999929 ) ) ;
#4098 = CYLINDRICAL_SURFACE ( 'NONE', #2252, 3.850000000000000533 ) ;
#4099 = CARTESIAN_POINT ( 'NONE',  ( 30.45551943308459641, -39.13940053352840209, 19.76150225234330904 ) ) ;
#4100 = CIRCLE ( 'NONE', #3171, 2.000000000000000000 ) ;
#4101 = CARTESIAN_POINT ( 'NONE',  ( 50.00000000000000000, 45.00000000000000000, 0.000000000000000000 ) ) ;
#4102 = ORIENTED_EDGE ( 'NONE', *, *, #3967, .F. ) ;
#4103 = CARTESIAN_POINT ( 'NONE',  ( 38.09002980935701288, -11.92833951265459902, -16.31798633280741839 ) ) ;
#4104 = CARTESIAN_POINT ( 'NONE',  ( 38.00000000000000000, 39.13940053353145743, 19.76150225234467328 ) ) ;
#4105 = DIRECTION ( 'NONE',  ( 0.000000000000000000, 0.000000000000000000, 1.000000000000000000 ) ) ;
#4106 = ADVANCED_FACE ( 'NONE', ( #1303 ), #3644, .F. ) ;
#4107 = DIRECTION ( 'NONE',  ( -1.000000000000000000, -0.000000000000000000, -0.000000000000000000 ) ) ;
#4108 = CARTESIAN_POINT ( 'NONE',  ( 38.00000000000000711, -6.865253010785327348, -18.99833060024661080 ) ) ;
#4109 = CARTESIAN_POINT ( 'NONE',  ( 60.00000000000000711, -11.49999999855331190, 0.6947772770921147867 ) ) ;
#4110 = CARTESIAN_POINT ( 'NONE',  ( 5.550712902224285372, 19.94183376787375295, 6.759407367397215260 ) ) ;
#4111 = ORIENTED_EDGE ( 'NONE', *, *, #4366, .T. ) ;
#4112 = AXIS2_PLACEMENT_3D ( 'NONE', #7045, #3149, #7615 ) ;
#4113 = EDGE_CURVE ( 'NONE', #4059, #4707, #534, .T. ) ;
#4114 = CARTESIAN_POINT ( 'NONE',  ( 40.00000000000000000, -39.29720888048781546, 22.02460090093786960 ) ) ;
#4115 = VECTOR ( 'NONE', #7876, 1000.000000000000000 ) ;
#4116 = CARTESIAN_POINT ( 'NONE',  ( 38.14410811318727212, 6.825927196199963021, -19.01254610306413895 ) ) ;
#4117 = CARTESIAN_POINT ( 'NONE',  ( 40.05400565799613588, -4.837811063934743139, -19.61287621551234395 ) ) ;
#4118 = CARTESIAN_POINT ( 'NONE',  ( 38.56050561244164498, -2.636569500057621415E-15, 20.19897434006470149 ) ) ;
#4119 = CARTESIAN_POINT ( 'NONE',  ( 40.04406314578132253, 1.036519080231618206, 20.16388697060665791 ) ) ;
#4120 =( LENGTH_UNIT ( ) NAMED_UNIT ( * ) SI_UNIT ( .MILLI., .METRE. ) );
#4121 = CARTESIAN_POINT ( 'NONE',  ( 40.83658187848489263, 6.223219554338837334, -19.43449430608095341 ) ) ;
#4122 = ORIENTED_EDGE ( 'NONE', *, *, #3188, .T. ) ;
#4123 = ORIENTED_EDGE ( 'NONE', *, *, #5376, .F. ) ;
#4124 = VECTOR ( 'NONE', #3615, 1000.000000000000000 ) ;
#4125 = ORIENTED_EDGE ( 'NONE', *, *, #419, .F. ) ;
#4126 = CARTESIAN_POINT ( 'NONE',  ( 5.850511524392404183, 19.04219139340479217, -6.845672582175470033 ) ) ;
#4127 = ADVANCED_FACE ( 'NONE', ( #615 ), #6345, .F. ) ;
#4128 = CARTESIAN_POINT ( 'NONE',  ( 41.78782142676506339, 10.51749651152594467, -19.28851256999373476 ) ) ;
#4129 = DIRECTION ( 'NONE',  ( 0.000000000000000000, 0.000000000000000000, -1.000000000000000000 ) ) ;
#4130 = AXIS2_PLACEMENT_3D ( 'NONE', #2219, #2138, #2095 ) ;
#4131 = CARTESIAN_POINT ( 'NONE',  ( 41.52391662310508735, -13.23579147361705211, -18.85265616118327969 ) ) ;
#4132 = CARTESIAN_POINT ( 'NONE',  ( 40.07851562263493861, -5.044494253288263508, 19.84205803350857877 ) ) ;
#4133 = CARTESIAN_POINT ( 'NONE',  ( 30.45551943308869625, -39.13940053353145032, -19.76150225234467683 ) ) ;
#4134 = ORIENTED_EDGE ( 'NONE', *, *, #497, .T. ) ;
#4135 = AXIS2_PLACEMENT_3D ( 'NONE', #7612, #6418, #7043 ) ;
#4136 = B_SPLINE_CURVE_WITH_KNOTS ( 'NONE', 3,
 ( #2830, #5224, #2640, #6991, #6947, #5061 ),
 .UNSPECIFIED., .F., .F.,
 ( 4, 2, 4 ),
 ( 0.001765708062918799025, 0.002466529891918174157, 0.003167351720917549723 ),
 .UNSPECIFIED. ) ;
#4137 = ORIENTED_EDGE ( 'NONE', *, *, #4677, .T. ) ;
#4138 = FACE_OUTER_BOUND ( 'NONE', #370, .T. ) ;
#4139 = CONICAL_SURFACE ( 'NONE', #4001, 19.00000000000000000, 0.6842947916611499259 ) ;
#4140 = CARTESIAN_POINT ( 'NONE',  ( 39.66333965804493289, 11.92107784044563701, 17.39361711600571780 ) ) ;
#4141 = AXIS2_PLACEMENT_3D ( 'NONE', #4878, #2998, #6686 ) ;
#4142 = CARTESIAN_POINT ( 'NONE',  ( 1.470967741942719398, 21.57740464604076536, -5.220690446772178639 ) ) ;
#4143 = CARTESIAN_POINT ( 'NONE',  ( 39.01547458371709354, 2.197619417980544831, -20.07724719418076731 ) ) ;
#4144 = CARTESIAN_POINT ( 'NONE',  ( 40.87029251232296900, -1.846606191130773400, -20.06895615649117204 ) ) ;
#4145 = CARTESIAN_POINT ( 'NONE',  ( 36.45879585515314858, 45.00000000000000000, -18.74346726093183335 ) ) ;
#4146 = CARTESIAN_POINT ( 'NONE',  ( 53.13997164793886441, 4.436293606348816532, 11.00216397579206173 ) ) ;
#4147 = CARTESIAN_POINT ( 'NONE',  ( 39.51621648862929703, 35.42676609155586931, 18.85685273467426626 ) ) ;
#4148 = AXIS2_PLACEMENT_3D ( 'NONE', #1576, #2857, #5915 ) ;
#4149 = CARTESIAN_POINT ( 'NONE',  ( 38.43595554012122051, -9.910570359246349881, -17.57289834212645729 ) ) ;
#4150 = AXIS2_PLACEMENT_3D ( 'NONE', #6480, #7795, #2094 ) ;
#4151 = CIRCLE ( 'NONE', #4996, 4.100000000000055600 ) ;
#4152 = FACE_OUTER_BOUND ( 'NONE', #1914, .T. ) ;
#4153 = CARTESIAN_POINT ( 'NONE',  ( 19.16515138991168499, -45.00000000000000000, -1.999999999999999556 ) ) ;
#4154 = CYLINDRICAL_SURFACE ( 'NONE', #562, 2.000000000000000444 ) ;
#4155 = CARTESIAN_POINT ( 'NONE',  ( 39.47723188310301623, -39.16162339030996975, -20.19999999999885887 ) ) ;
#4156 = CARTESIAN_POINT ( 'NONE',  ( 60.00000000000000711, -10.99999999999999822, -3.016310555618840177E-16 ) ) ;
#4157 = CARTESIAN_POINT ( 'NONE',  ( 19.16515138991168499, 45.00000000000000000, 1.999999999999999556 ) ) ;
#4158 = AXIS2_PLACEMENT_3D ( 'NONE', #2439, #4943, #4440 ) ;
#4159 = ORIENTED_EDGE ( 'NONE', *, *, #5001, .T. ) ;
#4160 = ADVANCED_FACE ( 'NONE', ( #3034 ), #4792, .F. ) ;
#4161 = ORIENTED_EDGE ( 'NONE', *, *, #5500, .T. ) ;
#4162 = CARTESIAN_POINT ( 'NONE',  ( 39.17157287525380838, -39.13940053353144322, -19.76150225234467328 ) ) ;
#4163 = DIRECTION ( 'NONE',  ( -0.000000000000000000, 1.000000000000000000, 0.000000000000000000 ) ) ;
#4164 = CARTESIAN_POINT ( 'NONE',  ( 39.99775314724713127, -4.037864158024729200, -19.77892914673530456 ) ) ;
#4165 = CARTESIAN_POINT ( 'NONE',  ( 38.00000000000000000, -41.18700821125059974, 20.19999999999999929 ) ) ;
#4166 = CARTESIAN_POINT ( 'NONE',  ( 40.23239868470636083, 3.634518380522055558, 20.03268137362097079 ) ) ;
#4167 = EDGE_CURVE ( 'NONE', #4988, #360, #4920, .T. ) ;
#4168 = CARTESIAN_POINT ( 'NONE',  ( 40.69366490036672701, 14.67134468079277632, -17.74154089266788148 ) ) ;
#4169 = VERTEX_POINT ( 'NONE', #575 ) ;
#4170 = CARTESIAN_POINT ( 'NONE',  ( 2.056104108680602671, -20.75914242712053337, 0.9656852202147927500 ) ) ;
#4171 = ORIENTED_EDGE ( 'NONE', *, *, #4074, .T. ) ;
#4172 = FACE_OUTER_BOUND ( 'NONE', #1893, .T. ) ;
#4173 = CARTESIAN_POINT ( 'NONE',  ( 44.30475951283702329, 4.470436643391204612, -20.19999999999999929 ) ) ;
#4174 = B_SPLINE_SURFACE_WITH_KNOTS ( 'NONE', 3, 3, ( 
 ( #2025, #5062, #2729, #2642, #7731, #6451, #3304, #678 ),
 ( #2681, #3178, #1294, #4615, #800, #3791, #5669, #4484 ),
 ( #1944, #3875, #6372, #765, #5793, #3263, #5755, #4529 ),
 ( #7034, #188, #4785, #890, #5317, #4039, #6498, #7285 ),
 ( #438, #362, #4662, #5271, #4085, #934, #5357, #1670 ),
 ( #7242, #2151, #7934, #3519, #7896, #3554, #4173, #1583 ),
 ( #5392, #5963, #1625, #7160, #7772, #6665, #2862, #3477 ),
 ( #1495, #1541, #7857, #2321, #318, #274, #3396, #6540 ),
 ( #5878, #2774, #2276, #3434, #7200, #6583, #1052, #5922 ),
 ( #6625, #2195, #2817, #6041, #2233, #7815, #4709, #976 ),
 ( #4745, #4128, #3998, #2938, #1018, #5429, #6006, #400 ),
 ( #2903, #7111, #4288, #2359, #630, #6785, #7322, #5505 ),
 ( #1090, #1134, #1740, #6706, #3587, #6084, #4897, #1785 ),
 ( #4859, #4244, #4325, #8005, #7971, #1856, #8041, #2400 ) ),
 .UNSPECIFIED., .F., .F., .F.,
 ( 4, 2, 2, 2, 2, 2, 4 ),
 ( 4, 2, 2, 4 ),
 ( 0.000000000000000000, 0.1250000000000000000, 0.2500000000000000000, 0.3750000000000000000, 0.5000000000000000000, 0.7500000000000000000, 1.000000000000000000 ),
 ( 0.000000000000000000, 0.2500000000000000000, 0.5000000000000000000, 1.000000000000000000 ),
 .UNSPECIFIED. ) ;
#4175 = CARTESIAN_POINT ( 'NONE',  ( 39.98750330599843039, -15.78939038979921428, -15.22601240783300192 ) ) ;
#4176 = CARTESIAN_POINT ( 'NONE',  ( 39.45185961159081245, -5.031411854727988242, 19.65893237220803158 ) ) ;
#4177 = EDGE_CURVE ( 'NONE', #2139, #2271, #760, .T. ) ;
#4178 = CARTESIAN_POINT ( 'NONE',  ( 58.00327407389426781, 9.849897377416839461, 4.904031174599062126 ) ) ;
#4179 = EDGE_LOOP ( 'NONE', ( #4649, #5677 ) ) ;
#4180 = DIRECTION ( 'NONE',  ( 6.440804985062402444E-17, 0.000000000000000000, -1.000000000000000000 ) ) ;
#4181 = ORIENTED_EDGE ( 'NONE', *, *, #1522, .T. ) ;
#4182 = DIRECTION ( 'NONE',  ( 0.000000000000000000, 0.000000000000000000, 1.000000000000000000 ) ) ;
#4183 = CARTESIAN_POINT ( 'NONE',  ( 1.470967741935481854, -19.63349431757122687, -4.750357974079243206 ) ) ;
#4184 = CARTESIAN_POINT ( 'NONE',  ( 38.00000000000000000, -39.13940053353142901, 19.76150225234467328 ) ) ;
#4185 = CARTESIAN_POINT ( 'NONE',  ( 39.37389682525423495, -9.001866450517786333, -18.03756832583201941 ) ) ;
#4186 = CARTESIAN_POINT ( 'NONE',  ( 17.33212111192934657, 20.00363613427023779, -3.199999999999999289 ) ) ;
#4187 = ADVANCED_FACE ( 'NONE', ( #3683 ), #8069, .F. ) ;
#4188 = CARTESIAN_POINT ( 'NONE',  ( 55.98084730223506256, -8.421136537848868286, 7.130086690727520882 ) ) ;
#4189 = ORIENTED_EDGE ( 'NONE', *, *, #4830, .F. ) ;
#4190 = ADVANCED_FACE ( 'NONE', ( #3725 ), #6214, .T. ) ;
#4191 = CARTESIAN_POINT ( 'NONE',  ( 39.96837938724495842, 32.14486239867621009, 18.42564517284840164 ) ) ;
#4192 = CARTESIAN_POINT ( 'NONE',  ( 38.39471262972168830, -11.82749736608781888, -16.37863367242483292 ) ) ;
#4193 = DIRECTION ( 'NONE',  ( 0.000000000000000000, 0.000000000000000000, -1.000000000000000000 ) ) ;
#4194 = LINE ( 'NONE', #2842, #3701 ) ;
#4195 = CARTESIAN_POINT ( 'NONE',  ( 2.471993169243971167, -18.15260102628729300, -10.59178696217985838 ) ) ;
#4196 = CARTESIAN_POINT ( 'NONE',  ( 58.85206044346634258, -10.49359912996164823, 3.311748390740767878 ) ) ;
#4197 = CARTESIAN_POINT ( 'NONE',  ( 60.00000000000000711, 45.00000000000000000, -20.19999999999999929 ) ) ;
#4198 = CARTESIAN_POINT ( 'NONE',  ( 39.99999999999999289, -12.63214365497085012, 18.25591636035542464 ) ) ;
#4199 = FACE_OUTER_BOUND ( 'NONE', #7473, .T. ) ;
#4200 = ORIENTED_EDGE ( 'NONE', *, *, #7816, .F. ) ;
#4201 = CARTESIAN_POINT ( 'NONE',  ( 3.149080181902940367, -19.79183533873591472, -4.160311160354711824 ) ) ;
#4202 = CARTESIAN_POINT ( 'NONE',  ( 40.15990877172140472, 2.591940124137724233, 20.09696042355096068 ) ) ;
#4203 = CARTESIAN_POINT ( 'NONE',  ( 40.44103688209435887, 6.637872318745663414, -19.22112631378697500 ) ) ;
#4204 = EDGE_LOOP ( 'NONE', ( #7069, #4375, #5666, #6813 ) ) ;
#4205 = VERTEX_POINT ( 'NONE', #7493 ) ;
#4206 = CARTESIAN_POINT ( 'NONE',  ( 2.138056048304021850, -20.73079773503429735, 1.529875304558102611 ) ) ;
#4207 = VERTEX_POINT ( 'NONE', #1873 ) ;
#4208 = CARTESIAN_POINT ( 'NONE',  ( 40.81637846559519289, -5.165068679149115383, 20.10519970850813465 ) ) ;
#4209 = CARTESIAN_POINT ( 'NONE',  ( 16.29042425166818475, 19.58573452825206473, 4.945362368844961942 ) ) ;
#4210 = EDGE_CURVE ( 'NONE', #7630, #3973, #2222, .T. ) ;
#4211 = CARTESIAN_POINT ( 'NONE',  ( 40.67498948475056864, -11.86629451656529177, -18.03740769001215583 ) ) ;
#4212 = CARTESIAN_POINT ( 'NONE',  ( 39.79423892221676340, -5.241434585246618205, 19.71111296139467584 ) ) ;
#4213 = CARTESIAN_POINT ( 'NONE',  ( 2.398085629599420177, 21.73081943411642314, -2.519016567385904626 ) ) ;
#4214 = ORIENTED_EDGE ( 'NONE', *, *, #263, .F. ) ;
#4215 =( BOUNDED_SURFACE ( )  B_SPLINE_SURFACE ( 3, 2, ( 
 ( #967, #6736, #3546 ),
 ( #5462, #4201, #7193 ),
 ( #3579, #4816, #1574 ),
 ( #7313, #4702, #509 ),
 ( #4238, #4075, #1698 ),
 ( #1126, #4852, #6658 ),
 ( #2855, #5350, #5953 ),
 ( #5998, #2267, #3009 ),
 ( #431, #1732, #2971 ),
 ( #1045, #355, #7352 ) ),
 .UNSPECIFIED., .F., .F., .T. ) 
 B_SPLINE_SURFACE_WITH_KNOTS ( ( 4, 2, 2, 2, 4 ),
 ( 3, 3 ),
 ( 0.04215706887167074146, 0.04345898243656502041, 0.04476089600145929936, 0.04606280956635357832, 0.04736472313124785727 ),
 ( 0.000000000000000000, 1.000000000000000000 ),
 .UNSPECIFIED. ) 
 GEOMETRIC_REPRESENTATION_ITEM ( )  RATIONAL_B_SPLINE_SURFACE ( (
 ( 1.000000000000000000, 0.7492573030496176845, 1.000000000000000000),
 ( 1.000000000000000000, 0.7549734336950660873, 1.000000000000000000),
 ( 1.000000000000000000, 0.7609997157018851821, 1.000000000000000000),
 ( 1.000000000000000000, 0.7733311041027558508, 1.000000000000000000),
 ( 1.000000000000000000, 0.7795209145299700770, 1.000000000000000000),
 ( 1.000000000000000000, 0.7916662742491283877, 1.000000000000000000),
 ( 1.000000000000000000, 0.7976230285439200873, 1.000000000000000000),
 ( 1.000000000000000000, 0.8090524229536459888, 1.000000000000000000),
 ( 1.000000000000000000, 0.8145537882623733461, 1.000000000000000000),
 ( 1.000000000000000000, 0.8195690906702616241, 1.000000000000000000) ) ) 
 REPRESENTATION_ITEM ( '' )  SURFACE ( )  );
#4216 = ORIENTED_EDGE ( 'NONE', *, *, #7228, .F. ) ;
#4217 = DIRECTION ( 'NONE',  ( -1.000000000000000000, -0.000000000000000000, -0.000000000000000000 ) ) ;
#4218 = ADVANCED_FACE ( 'NONE', ( #41 ), #1267, .F. ) ;
#4219 = FACE_OUTER_BOUND ( 'NONE', #4613, .T. ) ;
#4220 = CARTESIAN_POINT ( 'NONE',  ( 39.46274179334167798, -15.08939786337922762, -14.36591035919697390 ) ) ;
#4221 = DIRECTION ( 'NONE',  ( 1.000000000000000000, -0.000000000000000000, 0.000000000000000000 ) ) ;
#4222 = CARTESIAN_POINT ( 'NONE',  ( 53.21771078052007198, -1.530302395144176986, 10.92442484321085594 ) ) ;
#4223 = ORIENTED_EDGE ( 'NONE', *, *, #7918, .F. ) ;
#4224 = CARTESIAN_POINT ( 'NONE',  ( 39.97646888116838682, 31.97860981962111282, 18.40304021909269139 ) ) ;
#4225 = CARTESIAN_POINT ( 'NONE',  ( 38.21223731136838353, -8.821500342867535593, -18.18275696930989582 ) ) ;
#4226 = CARTESIAN_POINT ( 'NONE',  ( 2.415787791819415276, 20.57606264943790464, -2.571234965945479178 ) ) ;
#4227 = CARTESIAN_POINT ( 'NONE',  ( 1.882199955556544069, 19.48558822175729688, -5.361662113164734400 ) ) ;
#4228 = EDGE_CURVE ( 'NONE', #3642, #2668, #7008, .T. ) ;
#4229 = CARTESIAN_POINT ( 'NONE',  ( 48.00000000000000000, 0.000000000000000000, -1.666996953763508875E-14 ) ) ;
#4230 = AXIS2_PLACEMENT_3D ( 'NONE', #2745, #203, #3888 ) ;
#4231 = CARTESIAN_POINT ( 'NONE',  ( 2.336742627060097721, -18.01748401283097678, -10.60436836080160283 ) ) ;
#4232 = CARTESIAN_POINT ( 'NONE',  ( 38.00000000000000711, -6.887465412914930418, 19.01679508769705151 ) ) ;
#4233 = DIRECTION ( 'NONE',  ( 0.000000000000000000, 0.000000000000000000, 1.000000000000000000 ) ) ;
#4234 = FACE_OUTER_BOUND ( 'NONE', #5801, .T. ) ;
#4235 = CARTESIAN_POINT ( 'NONE',  ( 57.07106781186546129, -9.334077351297203506, 7.071067811865480834 ) ) ;
#4236 = CARTESIAN_POINT ( 'NONE',  ( 40.51023552666926975, -35.32279509552331120, 20.19999999999829754 ) ) ;
#4237 = ORIENTED_EDGE ( 'NONE', *, *, #354, .T. ) ;
#4238 = CARTESIAN_POINT ( 'NONE',  ( 4.213836522702766096, -21.09665099861515714, -5.534921673276916643 ) ) ;
#4239 = CARTESIAN_POINT ( 'NONE',  ( 40.00000000000000000, -19.15696293410671913, -6.407087570906241147 ) ) ;
#4240 = CARTESIAN_POINT ( 'NONE',  ( 40.62755188745960311, 8.754966046809558478, -18.72358093220455189 ) ) ;
#4241 = ORIENTED_EDGE ( 'NONE', *, *, #6675, .F. ) ;
#4242 = EDGE_LOOP ( 'NONE', ( #7152, #35, #5101, #4742, #2326 ) ) ;
#4243 = CARTESIAN_POINT ( 'NONE',  ( 41.78214016963540445, -10.58535110796828604, 20.20000000000000284 ) ) ;
#4244 = CARTESIAN_POINT ( 'NONE',  ( 41.73087358816236048, 15.80673688723788217, -19.00194140002784948 ) ) ;
#4245 = VECTOR ( 'NONE', #6553, 1000.000000000000000 ) ;
#4246 = CARTESIAN_POINT ( 'NONE',  ( 45.00000000000000000, -24.09389004176484761, -20.19999999999999929 ) ) ;
#4247 = CARTESIAN_POINT ( 'NONE',  ( 39.76024932269103829, -14.69312640638546164, -15.28859584254978365 ) ) ;
#4248 = CARTESIAN_POINT ( 'NONE',  ( 39.80292371836417686, -7.238469111627699348, 19.30546072908092370 ) ) ;
#4249 = CARTESIAN_POINT ( 'NONE',  ( 38.39068577346786526, 38.92747694729258967, 19.69612305361847504 ) ) ;
#4250 = CARTESIAN_POINT ( 'NONE',  ( 57.12740861854356211, 9.210413345922724204, 6.033375866435600088 ) ) ;
#4251 = ORIENTED_EDGE ( 'NONE', *, *, #375, .F. ) ;
#4252 = ADVANCED_FACE ( 'NONE', ( #2694 ), #4009, .F. ) ;
#4253 = VERTEX_POINT ( 'NONE', #80 ) ;
#4254 = DIRECTION ( 'NONE',  ( 0.000000000000000000, -0.4095215355438326377, -0.9123004504689349314 ) ) ;
#4255 = CARTESIAN_POINT ( 'NONE',  ( 42.00000000000000000, 45.00000000000000000, 18.19999999999999929 ) ) ;
#4256 = CARTESIAN_POINT ( 'NONE',  ( 38.39471262972168120, 11.82749736608782598, -16.37863367242482937 ) ) ;
#4257 = CARTESIAN_POINT ( 'NONE',  ( 40.29132398795444203, -5.674131544835848473, -19.44233486164003466 ) ) ;
#4258 = B_SPLINE_CURVE_WITH_KNOTS ( 'NONE', 3,
 ( #4961, #1193, #1072, #6728, #7344, #3076, #536, #1807, #7919, #4231, #4195, #3037 ),
 .UNSPECIFIED., .F., .F.,
 ( 4, 2, 2, 2, 2, 4 ),
 ( 0.000000000000000000, 0.0002869879758450979740, 0.0005739759516901959480, 0.001147951903380388860, 0.001721927855070581881, 0.002295903806760774685 ),
 .UNSPECIFIED. ) ;
#4259 = CARTESIAN_POINT ( 'NONE',  ( 3.589239999414005400, 19.10255753355022179, -10.76718606124197919 ) ) ;
#4260 = CARTESIAN_POINT ( 'NONE',  ( 57.31986464228293698, 8.642664214164080150, 6.822270981447998928 ) ) ;
#4261 = EDGE_LOOP ( 'NONE', ( #1057, #3994, #637, #2801, #2573, #508, #3051, #1141 ) ) ;
#4262 = EDGE_CURVE ( 'NONE', #4707, #4330, #1653, .T. ) ;
#4263 = CARTESIAN_POINT ( 'NONE',  ( 2.219071223497683043, 20.69729693075989019, -1.892880267826278162 ) ) ;
#4264 = CARTESIAN_POINT ( 'NONE',  ( 38.00000000000000000, 20.74064367572554701, 7.117984259366240352 ) ) ;
#4265 = AXIS2_PLACEMENT_3D ( 'NONE', #6504, #7166, #2647 ) ;
#4266 = AXIS2_PLACEMENT_3D ( 'NONE', #519, #6160, #6788 ) ;
#4267 = CARTESIAN_POINT ( 'NONE',  ( 39.71044430203784970, 38.72118271644615106, 20.19999999999999929 ) ) ;
#4268 = CARTESIAN_POINT ( 'NONE',  ( 17.33212111192934657, -20.00363613427023779, -3.199999999999999289 ) ) ;
#4269 = DIRECTION ( 'NONE',  ( 6.308085367188389255E-16, 0.000000000000000000, 1.000000000000000000 ) ) ;
#4270 = CARTESIAN_POINT ( 'NONE',  ( 38.00000000000000000, 45.00000000000000000, 18.00773976492943618 ) ) ;
#4271 = CARTESIAN_POINT ( 'NONE',  ( 40.00000000000000000, -19.15696293410671558, 6.407087570906243812 ) ) ;
#4272 = CARTESIAN_POINT ( 'NONE',  ( 38.32875092964194153, -0.9095185656269452190, 20.18506035101780327 ) ) ;
#4273 = CARTESIAN_POINT ( 'NONE',  ( 4.687087373852456551, 20.90126218618101106, -5.990555441965400796 ) ) ;
#4274 = CARTESIAN_POINT ( 'NONE',  ( 40.05851886969387721, -12.49894589090885511, 18.70126686411569850 ) ) ;
#4275 = AXIS2_PLACEMENT_3D ( 'NONE', #8013, #7412, #1794 ) ;
#4276 = EDGE_CURVE ( 'NONE', #6225, #2231, #7207, .T. ) ;
#4277 = VECTOR ( 'NONE', #3715, 1000.000000000000000 ) ;
#4278 = CARTESIAN_POINT ( 'NONE',  ( 39.55563767950348364, 11.84486152476960719, 17.25253650540830463 ) ) ;
#4279 = DIRECTION ( 'NONE',  ( 0.000000000000000000, 0.000000000000000000, -1.000000000000000000 ) ) ;
#4280 = DIRECTION ( 'NONE',  ( -1.000000000000000000, -0.000000000000000000, -0.000000000000000000 ) ) ;
#4281 = ORIENTED_EDGE ( 'NONE', *, *, #6809, .F. ) ;
#4282 = CARTESIAN_POINT ( 'NONE',  ( 38.00000000000000000, -41.18700821125061395, -20.19999999999999929 ) ) ;
#4283 = FACE_OUTER_BOUND ( 'NONE', #6079, .T. ) ;
#4284 = CARTESIAN_POINT ( 'NONE',  ( 40.03377622284152437, 6.816049996781873510, -19.05634123296447058 ) ) ;
#4285 = CIRCLE ( 'NONE', #745, 3.850000000000000533 ) ;
#4286 = EDGE_LOOP ( 'NONE', ( #3070, #941, #3498, #6791 ) ) ;
#4287 = CARTESIAN_POINT ( 'NONE',  ( 40.15990877172137630, -2.591940124137716683, 20.09696042355094647 ) ) ;
#4288 = CARTESIAN_POINT ( 'NONE',  ( 42.06800015363356948, 13.13605127646517268, -19.30803697625542625 ) ) ;
#4289 = CARTESIAN_POINT ( 'NONE',  ( 16.65888059782811581, 19.70703739341269412, -4.439952742112035722 ) ) ;
#4290 = DIRECTION ( 'NONE',  ( 0.000000000000000000, -1.000000000000000000, 0.000000000000000000 ) ) ;
#4291 = CARTESIAN_POINT ( 'NONE',  ( 18.34561231994279140, 21.01712734228368262, -2.000000000000001776 ) ) ;
#4292 = CARTESIAN_POINT ( 'NONE',  ( 56.71751442127216336, 8.928247901240794704, 6.425448576869096762 ) ) ;
#4293 = VERTEX_POINT ( 'NONE', #1418 ) ;
#4294 = ORIENTED_EDGE ( 'NONE', *, *, #219, .T. ) ;
#4295 = DIRECTION ( 'NONE',  ( 0.000000000000000000, 0.000000000000000000, 1.000000000000000000 ) ) ;
#4296 = EDGE_CURVE ( 'NONE', #1701, #6496, #773, .T. ) ;
#4297 = CARTESIAN_POINT ( 'NONE',  ( 39.50859828471018886, -15.12235578544236780, -14.40506615192983375 ) ) ;
#4298 = CARTESIAN_POINT ( 'NONE',  ( 16.18758092012933147, -19.56795010088614006, -5.073496534708239025 ) ) ;
#4299 = CARTESIAN_POINT ( 'NONE',  ( 51.93502884254439067, -0.8680709384784085492, 10.99999999999998401 ) ) ;
#4300 = ORIENTED_EDGE ( 'NONE', *, *, #4600, .F. ) ;
#4301 = ORIENTED_EDGE ( 'NONE', *, *, #7284, .F. ) ;
#4302 = ORIENTED_EDGE ( 'NONE', *, *, #962, .T. ) ;
#4303 = CARTESIAN_POINT ( 'NONE',  ( 3.964270772718184510, 21.19960216267081421, 5.295079780388276980 ) ) ;
#4304 = B_SPLINE_CURVE_WITH_KNOTS ( 'NONE', 3,
 ( #6209, #4449, #5631, #609, #6952, #727, #4490, #5100, #2525, #3228 ),
 .UNSPECIFIED., .F., .F.,
 ( 4, 2, 2, 2, 4 ),
 ( 0.000000000000000000, 0.2500000000000000000, 0.5000000000000000000, 0.7500000000000000000, 1.000000000000000000 ),
 .UNSPECIFIED. ) ;
#4305 = CARTESIAN_POINT ( 'NONE',  ( 10.00000000000000178, -37.09999999999999432, 3.850000000000000533 ) ) ;
#4306 = CARTESIAN_POINT ( 'NONE',  ( 39.52538409966655308, 39.06669795622450181, 20.19999999999916085 ) ) ;
#4307 = B_SPLINE_CURVE_WITH_KNOTS ( 'NONE', 3,
 ( #1295, #5063, #5670, #3106 ),
 .UNSPECIFIED., .F., .F.,
 ( 4, 4 ),
 ( 0.002295903806760774685, 0.003583159096754139680 ),
 .UNSPECIFIED. ) ;
#4308 = CARTESIAN_POINT ( 'NONE',  ( 39.28270869977575330, 14.46175910821135346, -14.76429575563260066 ) ) ;
#4309 = ADVANCED_FACE ( 'NONE', ( #7699 ), #2741, .T. ) ;
#4310 = CARTESIAN_POINT ( 'NONE',  ( 11.27598830081285364, -22.70553022664232756, 8.000000000000000000 ) ) ;
#4311 = DIRECTION ( 'NONE',  ( -0.000000000000000000, -1.000000000000000000, -0.000000000000000000 ) ) ;
#4312 = DIRECTION ( 'NONE',  ( -0.000000000000000000, -1.000000000000000000, -0.000000000000000000 ) ) ;
#4313 = CARTESIAN_POINT ( 'NONE',  ( 17.74596669241483582, 45.00200000000000244, 1.999999999999999556 ) ) ;
#4314 = CARTESIAN_POINT ( 'NONE',  ( 42.06800015363359080, -13.13605127646516557, -19.30803697625542981 ) ) ;
#4315 = ADVANCED_FACE ( 'NONE', ( #3274 ), #5235, .F. ) ;
#4316 = CARTESIAN_POINT ( 'NONE',  ( 59.43732557551027185, -11.06238505675576533, 3.324038938229455287 ) ) ;
#4317 = CARTESIAN_POINT ( 'NONE',  ( 40.50920483865613875, -34.46865950764956210, 20.19999999999679119 ) ) ;
#4318 = LINE ( 'NONE', #4710, #4930 ) ;
#4319 = ORIENTED_EDGE ( 'NONE', *, *, #6635, .T. ) ;
#4320 = CARTESIAN_POINT ( 'NONE',  ( 40.23239868470632530, -3.634518380522047565, 20.03268137362093526 ) ) ;
#4321 = DIRECTION ( 'NONE',  ( 0.000000000000000000, 0.9123004504689347094, -0.4095215355438330262 ) ) ;
#4322 = CARTESIAN_POINT ( 'NONE',  ( 39.81257549626085535, 6.889586105810995953, -18.97867281072018031 ) ) ;
#4323 = ORIENTED_EDGE ( 'NONE', *, *, #7270, .F. ) ;
#4324 = CARTESIAN_POINT ( 'NONE',  ( 40.79519071069435654, -10.27638125901430399, 19.82451307517193229 ) ) ;
#4325 = CARTESIAN_POINT ( 'NONE',  ( 42.02530839078116287, 15.85890514182877098, -19.23289113127207983 ) ) ;
#4326 = EDGE_CURVE ( 'NONE', #3156, #5657, #1563, .T. ) ;
#4327 = CARTESIAN_POINT ( 'NONE',  ( 2.988123505909289435, -21.67061603005839032, 3.868354080421767094 ) ) ;
#4328 = CARTESIAN_POINT ( 'NONE',  ( 17.65993673991690471, 20.33145176225780304, -2.448880035378770081 ) ) ;
#4329 = CARTESIAN_POINT ( 'NONE',  ( 40.00000000000000000, 20.10074625480358534, 4.000000000000000000 ) ) ;
#4330 = VERTEX_POINT ( 'NONE', #198 ) ;
#4331 = ORIENTED_EDGE ( 'NONE', *, *, #5247, .F. ) ;
#4332 = CARTESIAN_POINT ( 'NONE',  ( 38.23125156833356897, 8.182376708963058576, -18.47957533027076593 ) ) ;
#4333 = DIRECTION ( 'NONE',  ( 0.000000000000000000, -1.000000000000000000, 0.000000000000000000 ) ) ;
#4334 = CARTESIAN_POINT ( 'NONE',  ( 40.10237071380430507, -8.010240923883204189, -18.67644250425450636 ) ) ;
#4335 = DIRECTION ( 'NONE',  ( 1.000000000000000000, 0.000000000000000000, 0.000000000000000000 ) ) ;
#4336 = DIRECTION ( 'NONE',  ( 0.7748650207718762450, 7.741319734538237591E-17, 0.6321267274717939921 ) ) ;
#4337 = ORIENTED_EDGE ( 'NONE', *, *, #3155, .T. ) ;
#4338 = ORIENTED_EDGE ( 'NONE', *, *, #5332, .T. ) ;
#4339 = DIRECTION ( 'NONE',  ( 0.000000000000000000, 0.000000000000000000, 1.000000000000000000 ) ) ;
#4340 = DIRECTION ( 'NONE',  ( 0.000000000000000000, -1.000000000000000000, 0.000000000000000000 ) ) ;
#4341 = VECTOR ( 'NONE', #3048, 1000.000000000000000 ) ;
#4342 = CARTESIAN_POINT ( 'NONE',  ( 40.33396616875135265, 36.90015321800473203, 20.20000000000000284 ) ) ;
#4343 = B_SPLINE_CURVE_WITH_KNOTS ( 'NONE', 3,
 ( #5536, #2433, #3740, #4935, #1817, #4498, #4320, #1203, #1385, #5112, #3238, #5729 ),
 .UNSPECIFIED., .F., .F.,
 ( 4, 2, 2, 2, 2, 4 ),
 ( 0.000000000000000000, 0.5000000000000000000, 0.6250000000000000000, 0.7500000000000000000, 0.8750000000000000000, 1.000000000000000000 ),
 .UNSPECIFIED. ) ;
#4344 = CARTESIAN_POINT ( 'NONE',  ( 39.87149302531026507, 15.00874887030296989, -15.31346094720404594 ) ) ;
#4345 = CARTESIAN_POINT ( 'NONE',  ( 50.00000000000000000, -45.00000000000000000, 0.000000000000000000 ) ) ;
#4346 = DIRECTION ( 'NONE',  ( -0.000000000000000000, 0.9123004504689347094, -0.4095215355438328597 ) ) ;
#4347 = CARTESIAN_POINT ( 'NONE',  ( 38.30032597359846847, 40.11625195487032869, -20.20000000000664642 ) ) ;
#4348 = CARTESIAN_POINT ( 'NONE',  ( 40.38291588787676289, -12.52249009480808617, 19.37703343445229009 ) ) ;
#4349 = EDGE_CURVE ( 'NONE', #2739, #2668, #2431, .T. ) ;
#4350 = CARTESIAN_POINT ( 'NONE',  ( 2.986655332569374988, -21.67134144177905952, 3.865955528371193939 ) ) ;
#4351 = CARTESIAN_POINT ( 'NONE',  ( 40.00000000000000000, 12.71219886565655699, 18.19999999999999929 ) ) ;
#4352 = CARTESIAN_POINT ( 'NONE',  ( 39.74573595072538978, -34.33731941826588496, 18.68820123192751126 ) ) ;
#4353 = CARTESIAN_POINT ( 'NONE',  ( 38.99278254775298791, 4.921624764930311535, 19.62642525905963353 ) ) ;
#4354 = ORIENTED_EDGE ( 'NONE', *, *, #326, .F. ) ;
#4355 = CARTESIAN_POINT ( 'NONE',  ( -35.77713417233866977, -39.13940053353144322, -19.76150225234467328 ) ) ;
#4356 = FACE_OUTER_BOUND ( 'NONE', #2943, .T. ) ;
#4357 = CARTESIAN_POINT ( 'NONE',  ( 39.90491352593454621, 8.273864901307673492, -18.50199152758994003 ) ) ;
#4358 = ADVANCED_FACE ( 'NONE', ( #2577 ), #8042, .F. ) ;
#4359 = ORIENTED_EDGE ( 'NONE', *, *, #2802, .F. ) ;
#4360 = CARTESIAN_POINT ( 'NONE',  ( 40.23239868470632530, -3.634518380522047565, 20.03268137362093526 ) ) ;
#4361 = CARTESIAN_POINT ( 'NONE',  ( 40.33398862250238182, 5.214039231751238290, 19.92083721188928180 ) ) ;
#4362 = CARTESIAN_POINT ( 'NONE',  ( 45.00000000000000000, -34.10680684220363901, -20.19999999999999929 ) ) ;
#4363 = CARTESIAN_POINT ( 'NONE',  ( 39.99924985254668997, -15.94109022621449689, -15.26151530581623028 ) ) ;
#4364 = CARTESIAN_POINT ( 'NONE',  ( 40.12565399091024432, -11.30975506868600355, 18.93592974593223133 ) ) ;
#4365 = DIRECTION ( 'NONE',  ( 0.000000000000000000, -0.000000000000000000, 1.000000000000000000 ) ) ;
#4366 = EDGE_CURVE ( 'NONE', #572, #2987, #1447, .T. ) ;
#4367 = EDGE_LOOP ( 'NONE', ( #5354, #8063, #206, #2944 ) ) ;
#4368 = FACE_OUTER_BOUND ( 'NONE', #6990, .T. ) ;
#4369 = CARTESIAN_POINT ( 'NONE',  ( 41.25240531074178563, -4.905069136404864416, -19.77148950224615120 ) ) ;
#4370 = CARTESIAN_POINT ( 'NONE',  ( 39.47087159972929982, 8.274470709439356142, -18.36127892316067545 ) ) ;
#4371 = CARTESIAN_POINT ( 'NONE',  ( 38.79807917603379508, 2.274634645169242742, -20.07458318903555750 ) ) ;
#4372 = CARTESIAN_POINT ( 'NONE',  ( 1.470967741935481632, 0.000000000000000000, 9.568958528775276393E-17 ) ) ;
#4373 = ORIENTED_EDGE ( 'NONE', *, *, #1241, .F. ) ;
#4374 = ORIENTED_EDGE ( 'NONE', *, *, #2097, .F. ) ;
#4375 = ORIENTED_EDGE ( 'NONE', *, *, #2353, .F. ) ;
#4376 = FACE_OUTER_BOUND ( 'NONE', #6663, .T. ) ;
#4377 = AXIS2_PLACEMENT_3D ( 'NONE', #2346, #2463, #8075 ) ;
#4378 = CARTESIAN_POINT ( 'NONE',  ( 17.74596669241483582, 45.00200000000000244, -1.999999999999999556 ) ) ;
#4379 = CARTESIAN_POINT ( 'NONE',  ( 50.00000000000000000, -37.10000000000890452, 0.000000000000000000 ) ) ;
#4380 = CARTESIAN_POINT ( 'NONE',  ( 3.176774193558099313, -21.57740464603882913, 4.176552357424152540 ) ) ;
#4381 = CARTESIAN_POINT ( 'NONE',  ( 39.76024932269103829, 14.69312640638545453, -15.28859584254979076 ) ) ;
#4382 = DIRECTION ( 'NONE',  ( -0.000000000000000000, -1.000000000000000000, -0.000000000000000000 ) ) ;
#4383 = CARTESIAN_POINT ( 'NONE',  ( 57.50913628475313999, -9.485522176027275876, 5.595802842160648716 ) ) ;
#4384 = CARTESIAN_POINT ( 'NONE',  ( 38.47940913651119388, 41.18700821465536421, -20.19999999999999929 ) ) ;
#4385 = CARTESIAN_POINT ( 'NONE',  ( 40.15990877172137630, -2.591940124137716683, 20.09696042355094292 ) ) ;
#4386 = EDGE_LOOP ( 'NONE', ( #728, #2880, #5081, #7826 ) ) ;
#4387 = DIRECTION ( 'NONE',  ( 1.000000000000000000, 0.000000000000000000, 0.000000000000000000 ) ) ;
#4388 = CYLINDRICAL_SURFACE ( 'NONE', #1446, 20.19999999999999929 ) ;
#4389 = VECTOR ( 'NONE', #1502, 1000.000000000000000 ) ;
#4390 = DIRECTION ( 'NONE',  ( 0.000000000000000000, 0.000000000000000000, -1.000000000000000000 ) ) ;
#4391 = CYLINDRICAL_SURFACE ( 'NONE', #6494, 2.000000000000000000 ) ;
#4392 = CIRCLE ( 'NONE', #8056, 20.19999999999999929 ) ;
#4393 = EDGE_CURVE ( 'NONE', #4205, #1701, #3348, .T. ) ;
#4394 = EDGE_LOOP ( 'NONE', ( #2355, #5887, #7825, #885, #15 ) ) ;
#4395 = CARTESIAN_POINT ( 'NONE',  ( 39.91987444491712722, -6.424814324823467260, -19.15614231809976431 ) ) ;
#4396 = CARTESIAN_POINT ( 'NONE',  ( 40.41707948234623871, 9.488895666876638657, -18.36455944056421785 ) ) ;
#4397 = ORIENTED_EDGE ( 'NONE', *, *, #399, .F. ) ;
#4398 = CARTESIAN_POINT ( 'NONE',  ( 3.176774193548386194, -21.57740464604362884, -4.176552357408286120 ) ) ;
#4399 = CIRCLE ( 'NONE', #8055, 4.999999999999999112 ) ;
#4400 = AXIS2_PLACEMENT_3D ( 'NONE', #7714, #3506, #4026 ) ;
#4401 = CARTESIAN_POINT ( 'NONE',  ( 41.70665752963256523, 5.661987566112300030, 20.20000000000000284 ) ) ;
#4402 = CARTESIAN_POINT ( 'NONE',  ( 42.10050506338833287, -41.18700821125061395, -20.19999999999999929 ) ) ;
#4403 = ADVANCED_FACE ( 'NONE', ( #4138 ), #329, .F. ) ;
#4404 = CARTESIAN_POINT ( 'NONE',  ( 40.09258888073392768, -15.66404659648503639, -16.20043059543429109 ) ) ;
#4405 = LINE ( 'NONE', #3299, #1655 ) ;
#4406 = DIRECTION ( 'NONE',  ( -0.000000000000000000, -1.000000000000000000, 0.000000000000000000 ) ) ;
#4407 = EDGE_LOOP ( 'NONE', ( #2869, #436, #3432, #406, #6120 ) ) ;
#4408 = FACE_OUTER_BOUND ( 'NONE', #6091, .T. ) ;
#4409 = DIRECTION ( 'NONE',  ( 0.000000000000000000, 0.9994996547304630941, 0.03162973590918845279 ) ) ;
#4410 = ADVANCED_FACE ( 'NONE', ( #6672 ), #3916, .T. ) ;
#4411 = CARTESIAN_POINT ( 'NONE',  ( 40.17512651765365916, -8.763761432446631972, -18.44894331610993277 ) ) ;
#4412 = CARTESIAN_POINT ( 'NONE',  ( 38.95605752942251598, 11.87643233311515445, -16.38286287696922372 ) ) ;
#4413 = CARTESIAN_POINT ( 'NONE',  ( 40.00000000000000000, -21.55968674681321318, -5.293383358428380703 ) ) ;
#4414 = VERTEX_POINT ( 'NONE', #3951 ) ;
#4415 = ORIENTED_EDGE ( 'NONE', *, *, #2512, .T. ) ;
#4416 = CARTESIAN_POINT ( 'NONE',  ( 1.921683926434035961, 19.47138719478595092, 5.420355749280477475 ) ) ;
#4417 = CARTESIAN_POINT ( 'NONE',  ( 57.07106781186546129, 45.00000000000000000, 7.071067811865480834 ) ) ;
#4418 =( BOUNDED_CURVE ( )  B_SPLINE_CURVE ( 3, ( #2221, #3985, #4698, #5909 ),
 .UNSPECIFIED., .F., .T. ) 
 B_SPLINE_CURVE_WITH_KNOTS ( ( 4, 4 ),
 ( 3.141592653589793116, 4.712388980384689674 ),
 .UNSPECIFIED. ) 
 CURVE ( )  GEOMETRIC_REPRESENTATION_ITEM ( )  RATIONAL_B_SPLINE_CURVE ( ( 1.000000000000000000, 0.8047378541243649375, 0.8047378541243649375, 1.000000000000000000 ) ) 
 REPRESENTATION_ITEM ( '' )  );
#4419 = CARTESIAN_POINT ( 'NONE',  ( 38.00000000000000000, 21.55968674681321673, -5.293383358428369156 ) ) ;
#4420 = CARTESIAN_POINT ( 'NONE',  ( 17.33212111192934657, -20.00363613427023779, -3.199999999999999289 ) ) ;
#4421 = CARTESIAN_POINT ( 'NONE',  ( 39.94323758825755988, 15.72517167149177553, -14.96841123033448717 ) ) ;
#4422 = ADVANCED_FACE ( 'NONE', ( #7603 ), #4174, .T. ) ;
#4423 = FACE_OUTER_BOUND ( 'NONE', #3910, .T. ) ;
#4424 = CARTESIAN_POINT ( 'NONE',  ( 38.00000000000000000, 21.83666641225257976, 4.000000000000000000 ) ) ;
#4425 = CARTESIAN_POINT ( 'NONE',  ( -35.77713417233866977, 45.00000000000000000, 18.00773976492943618 ) ) ;
#4426 = ORIENTED_EDGE ( 'NONE', *, *, #375, .T. ) ;
#4427 = CARTESIAN_POINT ( 'NONE',  ( 41.32008407131358751, -0.5938898303840743909, -20.10747775192762887 ) ) ;
#4428 = CARTESIAN_POINT ( 'NONE',  ( 41.73601375705320748, -2.282963854894968669, -20.06546364065607690 ) ) ;
#4429 = CARTESIAN_POINT ( 'NONE',  ( 40.97263366102125559, -28.97960704407243782, -20.19999999999999574 ) ) ;
#4430 = CARTESIAN_POINT ( 'NONE',  ( 40.00000000000000000, 16.18023485614469692, -15.20000000000000107 ) ) ;
#4431 = CARTESIAN_POINT ( 'NONE',  ( 38.22919511150738003, 6.825315930737263059, 19.04102411297257191 ) ) ;
#4432 = ORIENTED_EDGE ( 'NONE', *, *, #6809, .T. ) ;
#4433 = CARTESIAN_POINT ( 'NONE',  ( 32.94213245117539657, -41.18700821125065659, -20.19999999999999929 ) ) ;
#4434 = CARTESIAN_POINT ( 'NONE',  ( 40.39843033606497613, 11.64962834528437696, -17.71754788843738027 ) ) ;
#4435 = ORIENTED_EDGE ( 'NONE', *, *, #3865, .F. ) ;
#4436 = CARTESIAN_POINT ( 'NONE',  ( 2.138662942574898640, 20.73054940776784605, 1.532719375320590105 ) ) ;
#4437 = CARTESIAN_POINT ( 'NONE',  ( 41.66610116749652803, 1.978636861246965362, 20.20000000000000284 ) ) ;
#4438 = B_SPLINE_CURVE_WITH_KNOTS ( 'NONE', 3,
 ( #4186, #3677, #1798, #1062 ),
 .UNSPECIFIED., .F., .F.,
 ( 4, 4 ),
 ( 0.000000000000000000, 0.0005045481767898174399 ),
 .UNSPECIFIED. ) ;
#4439 = CARTESIAN_POINT ( 'NONE',  ( 38.00000000000000711, -6.887465412914930418, 19.01679508769705151 ) ) ;
#4440 = DIRECTION ( 'NONE',  ( 0.000000000000000000, 0.000000000000000000, 1.000000000000000000 ) ) ;
#4441 = CARTESIAN_POINT ( 'NONE',  ( 1.470967741935481188, 19.15696293410672268, 6.407087570906232266 ) ) ;
#4442 = DIRECTION ( 'NONE',  ( 1.000000000000000000, 0.000000000000000000, 6.505213034913026604E-17 ) ) ;
#4443 = VERTEX_POINT ( 'NONE', #480 ) ;
#4444 = DIRECTION ( 'NONE',  ( 0.000000000000000000, 0.000000000000000000, -1.000000000000000000 ) ) ;
#4445 = EDGE_CURVE ( 'NONE', #8092, #5485, #6742, .T. ) ;
#4446 = CARTESIAN_POINT ( 'NONE',  ( 41.99999999999999289, -30.77705835859646655, 20.19999999999999929 ) ) ;
#4447 = CARTESIAN_POINT ( 'NONE',  ( 40.01124329312285965, -7.865149024713784520, -18.69293924538254359 ) ) ;
#4448 = FACE_OUTER_BOUND ( 'NONE', #2436, .T. ) ;
#4449 = CARTESIAN_POINT ( 'NONE',  ( 38.22123085727671565, 2.695305389757264394E-15, -20.20000000000000284 ) ) ;
#4450 = ORIENTED_EDGE ( 'NONE', *, *, #4068, .F. ) ;
#4451 = VERTEX_POINT ( 'NONE', #595 ) ;
#4452 = ORIENTED_EDGE ( 'NONE', *, *, #3819, .F. ) ;
#4453 = EDGE_CURVE ( 'NONE', #4707, #2915, #6647, .T. ) ;
#4454 = CARTESIAN_POINT ( 'NONE',  ( 41.80699664513391411, 12.71219886565656054, 20.20000000000000284 ) ) ;
#4455 = CARTESIAN_POINT ( 'NONE',  ( 39.80800044290924689, 3.137020106470684411, 20.01598911469419662 ) ) ;
#4456 = LINE ( 'NONE', #3767, #5140 ) ;
#4457 = CARTESIAN_POINT ( 'NONE',  ( 39.46274179334167798, 15.08939786337923117, -14.36591035919696679 ) ) ;
#4458 = CARTESIAN_POINT ( 'NONE',  ( 50.00000000000000000, 36.50000000000000000, 0.000000000000000000 ) ) ;
#4459 = DIRECTION ( 'NONE',  ( 0.000000000000000000, -0.9123004504689347094, -0.4095215355438328597 ) ) ;
#4460 = VERTEX_POINT ( 'NONE', #6126 ) ;
#4461 = EDGE_CURVE ( 'NONE', #2782, #7196, #855, .T. ) ;
#4462 =( BOUNDED_CURVE ( )  B_SPLINE_CURVE ( 3, ( #2713, #3423, #7758, #7097 ),
 .UNSPECIFIED., .F., .F. ) 
 B_SPLINE_CURVE_WITH_KNOTS ( ( 4, 4 ),
 ( 2.168404344971008868E-16, 0.4740034679053475308 ),
 .UNSPECIFIED. ) 
 CURVE ( )  GEOMETRIC_REPRESENTATION_ITEM ( )  RATIONAL_B_SPLINE_CURVE ( ( 1.000000000000000000, 0.9813642023547229920, 0.9813642023547229920, 1.000000000000000000 ) ) 
 REPRESENTATION_ITEM ( '' )  );
#4463 = CARTESIAN_POINT ( 'NONE',  ( 39.36507255959688223, -5.772566225328832346, -19.33508315261837396 ) ) ;
#4464 = FACE_OUTER_BOUND ( 'NONE', #6579, .T. ) ;
#4465 = CARTESIAN_POINT ( 'NONE',  ( 42.81277903416468433, -5.961414265776070032, -20.04392437880635214 ) ) ;
#4466 = CARTESIAN_POINT ( 'NONE',  ( 39.83425644860556503, -30.09492109343397814, -17.01939434181382893 ) ) ;
#4467 = AXIS2_PLACEMENT_3D ( 'NONE', #1534, #5913, #2015 ) ;
#4468 = CARTESIAN_POINT ( 'NONE',  ( 17.33212111192934657, -20.00363613427023779, 3.199999999999999289 ) ) ;
#4469 = CARTESIAN_POINT ( 'NONE',  ( 39.19731551403268810, 6.978440516751605927, 19.07295912686107897 ) ) ;
#4470 = ORIENTED_EDGE ( 'NONE', *, *, #5470, .T. ) ;
#4471 = CARTESIAN_POINT ( 'NONE',  ( 41.33126234701970958, -15.73482779275961541, -18.60233015888519148 ) ) ;
#4472 = CARTESIAN_POINT ( 'NONE',  ( 40.02275897271850624, 15.19773513354262384, -15.81890333484463262 ) ) ;
#4473 = ORIENTED_EDGE ( 'NONE', *, *, #2563, .F. ) ;
#4474 = AXIS2_PLACEMENT_3D ( 'NONE', #2171, #5937, #2209 ) ;
#4475 = CARTESIAN_POINT ( 'NONE',  ( 41.43301569768616588, 2.266922460438784537, 20.19966188939165264 ) ) ;
#4476 = CARTESIAN_POINT ( 'NONE',  ( 38.22123085727671565, 0.6226764663398336452, -20.20000000000000284 ) ) ;
#4477 = CARTESIAN_POINT ( 'NONE',  ( 2.467276702163816005, -18.14693678037703961, 10.59378962192816687 ) ) ;
#4478 = VECTOR ( 'NONE', #2256, 1000.000000000000000 ) ;
#4479 = CARTESIAN_POINT ( 'NONE',  ( 39.06998143844160865, 12.00755818021753640, -16.35410317493399290 ) ) ;
#4480 = CARTESIAN_POINT ( 'NONE',  ( 57.50226640642105025, -9.480558517577515332, 5.603918028495098902 ) ) ;
#4481 = CARTESIAN_POINT ( 'NONE',  ( 40.07151897262078677, 9.047821385553266538, 19.17254558700111033 ) ) ;
#4482 = ORIENTED_EDGE ( 'NONE', *, *, #2238, .T. ) ;
#4483 = CARTESIAN_POINT ( 'NONE',  ( 38.00000000000000000, -18.28351446246254852, -12.59178696217985838 ) ) ;
#4484 = CARTESIAN_POINT ( 'NONE',  ( 45.00000000000000711, 0.6741764523393691810, -20.20000000000000284 ) ) ;
#4485 = PLANE ( 'NONE',  #2846 ) ;
#4486 = CARTESIAN_POINT ( 'NONE',  ( 39.58418177217798473, -12.94449314213087732, -16.16530756337953179 ) ) ;
#4487 = CARTESIAN_POINT ( 'NONE',  ( 39.70176511710202050, 7.352652846809052178, -18.78629198822657997 ) ) ;
#4488 = EDGE_CURVE ( 'NONE', #455, #4979, #5460, .T. ) ;
#4489 = AXIS2_PLACEMENT_3D ( 'NONE', #7700, #1419, #5765 ) ;
#4490 = CARTESIAN_POINT ( 'NONE',  ( 39.87753972604784991, 5.233571535519741087E-15, -20.14747158595889331 ) ) ;
#4491 = VERTEX_POINT ( 'NONE', #2438 ) ;
#4492 = CARTESIAN_POINT ( 'NONE',  ( 39.93109588639044460, 3.429102254087794677, 19.99930112792436887 ) ) ;
#4493 = CARTESIAN_POINT ( 'NONE',  ( 17.33212111192934657, 20.00363613427023779, 3.199999999999999289 ) ) ;
#4494 = CARTESIAN_POINT ( 'NONE',  ( 60.00000000000000711, 10.99999999999999822, -1.211410021248680722E-15 ) ) ;
#4495 = DIRECTION ( 'NONE',  ( 0.000000000000000000, -1.000000000000000000, 0.000000000000000000 ) ) ;
#4496 = CARTESIAN_POINT ( 'NONE',  ( 39.63150860965562572, 32.84447674796773953, -17.85300542581783034 ) ) ;
#4497 = B_SPLINE_CURVE_WITH_KNOTS ( 'NONE', 3,
 ( #4887, #5533, #935, #3435, #1201, #6148 ),
 .UNSPECIFIED., .F., .F.,
 ( 4, 2, 4 ),
 ( 3.084492490714306450E-16, 0.001625440077196491952, 0.003250880154392675556 ),
 .UNSPECIFIED. ) ;
#4498 = CARTESIAN_POINT ( 'NONE',  ( 40.26721807238438089, -4.158217489446522031, 19.99605008718834043 ) ) ;
#4499 = ADVANCED_FACE ( 'NONE', ( #4941 ), #819, .T. ) ;
#4500 = CIRCLE ( 'NONE', #2011, 2.000000000000000000 ) ;
#4501 = CARTESIAN_POINT ( 'NONE',  ( 39.59456744132864969, -7.048947980541812264, -18.87461981327058425 ) ) ;
#4502 = CARTESIAN_POINT ( 'NONE',  ( 41.64354170902290520, -4.974620919659314744, -19.85169120803107035 ) ) ;
#4503 = CARTESIAN_POINT ( 'NONE',  ( 42.95953039231260107, -13.17850876662694404, -19.79956347630319868 ) ) ;
#4504 = VECTOR ( 'NONE', #582, 1000.000000000000000 ) ;
#4505 = CARTESIAN_POINT ( 'NONE',  ( 4.667418290488003940, -19.32535933533015893, 6.013007472749686499 ) ) ;
#4506 = CARTESIAN_POINT ( 'NONE',  ( 40.09258888073392768, 15.66404659648502218, -16.20043059543429109 ) ) ;
#4507 = CARTESIAN_POINT ( 'NONE',  ( 38.00000000000000711, 4.938810380390113330, 19.59343725475082110 ) ) ;
#4508 = ORIENTED_EDGE ( 'NONE', *, *, #303, .F. ) ;
#4509 = EDGE_CURVE ( 'NONE', #7196, #4169, #1398, .T. ) ;
#4510 = AXIS2_PLACEMENT_3D ( 'NONE', #3405, #6048, #7783 ) ;
#4512 =( BOUNDED_CURVE ( )  B_SPLINE_CURVE ( 3, ( #6142, #7428, #4310, #4618 ),
 .UNSPECIFIED., .F., .T. ) 
 B_SPLINE_CURVE_WITH_KNOTS ( ( 4, 4 ),
 ( 5.809181839274243586, 6.283185307179586232 ),
 .UNSPECIFIED. ) 
 CURVE ( )  GEOMETRIC_REPRESENTATION_ITEM ( )  RATIONAL_B_SPLINE_CURVE ( ( 1.000000000000000000, 0.9813642023547233251, 0.9813642023547233251, 1.000000000000000000 ) ) 
 REPRESENTATION_ITEM ( '' )  );
#4511 = CARTESIAN_POINT ( 'NONE',  ( 39.52109023668430154, 12.78312647380742462, -16.19572416088454148 ) ) ;
#4513 = CARTESIAN_POINT ( 'NONE',  ( 39.87293175487367591, -12.13368049638157231, 17.74263541320819471 ) ) ;
#4514 = ORIENTED_EDGE ( 'NONE', *, *, #6519, .F. ) ;
#4515 = CARTESIAN_POINT ( 'NONE',  ( 41.99999999999999289, 12.71219886565656054, 20.20000000000000284 ) ) ;
#4516 = AXIS2_PLACEMENT_3D ( 'NONE', #2032, #4579, #7040 ) ;
#4517 = AXIS2_PLACEMENT_3D ( 'NONE', #3710, #7480, #1139 ) ;
#4518 = CARTESIAN_POINT ( 'NONE',  ( 3.356282998499352743, -18.92845475279860779, 10.68903325743793431 ) ) ;
#4519 = CARTESIAN_POINT ( 'NONE',  ( 38.00000000000000000, -45.00000000000000000, -4.000000000000000000 ) ) ;
#4520 = CARTESIAN_POINT ( 'NONE',  ( 40.00000000000000000, -30.77705835859652339, 18.19999999999999929 ) ) ;
#4521 = CYLINDRICAL_SURFACE ( 'NONE', #4926, 4.999999999999999112 ) ;
#4522 = CARTESIAN_POINT ( 'NONE',  ( 39.78760485789706536, -9.779126266010015556, 18.62128187580262662 ) ) ;
#4523 = CARTESIAN_POINT ( 'NONE',  ( 41.23209809496913891, 7.041497732136842380, -19.43310294166802876 ) ) ;
#4524 = AXIS2_PLACEMENT_3D ( 'NONE', #3135, #6239, #794 ) ;
#4525 = AXIS2_PLACEMENT_3D ( 'NONE', #2137, #7057, #3461 ) ;
#4526 = CARTESIAN_POINT ( 'NONE',  ( 40.37230623731612411, 10.70126455518017927, 19.40691323864212592 ) ) ;
#4527 = ORIENTED_EDGE ( 'NONE', *, *, #1890, .F. ) ;
#4528 = DIRECTION ( 'NONE',  ( 0.000000000000000000, 0.000000000000000000, 1.000000000000000000 ) ) ;
#4529 = CARTESIAN_POINT ( 'NONE',  ( 45.00000000000000711, 1.348352904678731035, -20.20000000000000284 ) ) ;
#4530 = VECTOR ( 'NONE', #2730, 1000.000000000000000 ) ;
#4531 = LINE ( 'NONE', #801, #4530 ) ;
#4532 = CARTESIAN_POINT ( 'NONE',  ( 39.07076461567396564, -14.34059967160552418, -14.66552461602193880 ) ) ;
#4533 = CARTESIAN_POINT ( 'NONE',  ( 39.69226105845815056, -13.72950780492183220, -15.82897427502525112 ) ) ;
#4534 = CARTESIAN_POINT ( 'NONE',  ( 39.91987444491711301, 6.424814324823483247, -19.15614231809978207 ) ) ;
#4535 = CARTESIAN_POINT ( 'NONE',  ( 17.74596669241483582, -45.00200000000000244, 1.999999999999999556 ) ) ;
#4536 = EDGE_LOOP ( 'NONE', ( #4658, #1961, #1942, #7366 ) ) ;
#4537 = CARTESIAN_POINT ( 'NONE',  ( 39.41446739863830828, -11.78313987870416035, 17.12358276649948863 ) ) ;
#4538 = EDGE_LOOP ( 'NONE', ( #7609, #1242, #7665, #1820 ) ) ;
#4539 = DIRECTION ( 'NONE',  ( 3.469446951953615767E-15, -0.8235817325433582026, -0.5671976109090026696 ) ) ;
#4540 = ADVANCED_FACE ( 'NONE', ( #6484 ), #7801, .F. ) ;
#4541 = CARTESIAN_POINT ( 'NONE',  ( 39.85561485725183672, 2.707168135864699288, 20.06194571877273702 ) ) ;
#4542 = CARTESIAN_POINT ( 'NONE',  ( 16.66541313329975793, -19.70783422814329100, -4.448056373173377764 ) ) ;
#4543 = CARTESIAN_POINT ( 'NONE',  ( 59.41535712054452034, 10.93319768421064175, 1.249939289546128762 ) ) ;
#4544 = CARTESIAN_POINT ( 'NONE',  ( 42.95503870943254299, 16.00808899210532843, -19.77486006351777093 ) ) ;
#4545 = CARTESIAN_POINT ( 'NONE',  ( 8.618657235498668356, 22.70553022664236664, -8.000000000000003553 ) ) ;
#4546 = VECTOR ( 'NONE', #2, 1000.000000000000000 ) ;
#4547 = DIRECTION ( 'NONE',  ( 0.000000000000000000, 0.000000000000000000, -1.000000000000000000 ) ) ;
#4548 = CARTESIAN_POINT ( 'NONE',  ( 40.00000000000000000, -45.00000000000000000, -17.09967584331199575 ) ) ;
#4549 = ORIENTED_EDGE ( 'NONE', *, *, #2719, .T. ) ;
#4550 = CARTESIAN_POINT ( 'NONE',  ( 38.28025200555445906, -6.734012995795722212, -19.04714569368221788 ) ) ;
#4551 = CARTESIAN_POINT ( 'NONE',  ( 41.46233079448219883, -6.651450407984385471, -19.58435158939922971 ) ) ;
#4552 = ADVANCED_FACE ( 'NONE', ( #4069 ), #3864, .F. ) ;
#4553 = CARTESIAN_POINT ( 'NONE',  ( 43.89353892410279911, -16.12994444057352084, -20.12144176134201956 ) ) ;
#4554 = DIRECTION ( 'NONE',  ( 0.000000000000000000, 1.000000000000000000, 0.000000000000000000 ) ) ;
#4555 = CARTESIAN_POINT ( 'NONE',  ( 7.239763295295821521, -23.47156078235034826, -8.343862605006716393 ) ) ;
#4556 = CARTESIAN_POINT ( 'NONE',  ( 1.895041871716656168, -19.48315101393525239, 5.341308709214228401 ) ) ;
#4557 = EDGE_LOOP ( 'NONE', ( #6836, #7750, #787, #943, #6955, #7997, #2609, #7312 ) ) ;
#4558 = CARTESIAN_POINT ( 'NONE',  ( 40.09754281703979473, 14.77244295704100985, -16.31305861347859221 ) ) ;
#4559 = VERTEX_POINT ( 'NONE', #5868 ) ;
#4560 = EDGE_CURVE ( 'NONE', #282, #6433, #4418, .T. ) ;
#4561 = CARTESIAN_POINT ( 'NONE',  ( 41.04932038803843852, 10.30839997064929214, 19.97938160295520049 ) ) ;
#4562 = CARTESIAN_POINT ( 'NONE',  ( 40.53111280441825670, 12.54787146534912701, 19.55953992916444761 ) ) ;
#4563 = CARTESIAN_POINT ( 'NONE',  ( 2.360022409834512835, -18.03983233859557345, 10.60363293429585951 ) ) ;
#4564 = CARTESIAN_POINT ( 'NONE',  ( 40.00000000000000000, 19.15696293410671913, 6.407087570906232266 ) ) ;
#4565 = LINE ( 'NONE', #7065, #6364 ) ;
#4566 = CARTESIAN_POINT ( 'NONE',  ( 40.00000000000000000, 19.15696293410672268, -6.407087570906228713 ) ) ;
#4567 = CARTESIAN_POINT ( 'NONE',  ( 39.58941039696654229, -10.49710496978727114, 18.08640280273664303 ) ) ;
#4568 = CARTESIAN_POINT ( 'NONE',  ( 40.86057123840233629, 4.848392622436604960, -19.70322091943299370 ) ) ;
#4569 = ORIENTED_EDGE ( 'NONE', *, *, #6922, .T. ) ;
#4570 = CARTESIAN_POINT ( 'NONE',  ( 40.27471403370631720, 7.878959407200920140, 19.57935833486184052 ) ) ;
#4571 = VERTEX_POINT ( 'NONE', #5951 ) ;
#4572 = LINE ( 'NONE', #764, #3325 ) ;
#4573 = ADVANCED_FACE ( 'NONE', ( #6569 ), #7719, .F. ) ;
#4574 = DIRECTION ( 'NONE',  ( -0.000000000000000000, -1.000000000000000000, -0.000000000000000000 ) ) ;
#4575 = CARTESIAN_POINT ( 'NONE',  ( 39.17841311076285393, -14.39064681637291443, -14.71443962479917467 ) ) ;
#4576 = CARTESIAN_POINT ( 'NONE',  ( 39.62503864069116588, -14.40008126415895262, -15.26335144126213628 ) ) ;
#4577 = CARTESIAN_POINT ( 'NONE',  ( 40.23365019519524566, -5.534335570966577578, 19.84761874287480055 ) ) ;
#4578 = CARTESIAN_POINT ( 'NONE',  ( 39.07076461567396564, 14.34059967160551707, -14.66552461602193702 ) ) ;
#4579 = DIRECTION ( 'NONE',  ( 1.000000000000000000, 0.000000000000000000, 0.000000000000000000 ) ) ;
#4580 = ORIENTED_EDGE ( 'NONE', *, *, #2597, .T. ) ;
#4581 = ORIENTED_EDGE ( 'NONE', *, *, #2661, .F. ) ;
#4582 = CARTESIAN_POINT ( 'NONE',  ( 10.00000000000000178, 45.00000000000000000, 0.000000000000000000 ) ) ;
#4583 = CARTESIAN_POINT ( 'NONE',  ( 39.91973245739232112, 0.5188563312452294518, 20.17573006685151427 ) ) ;
#4584 = CARTESIAN_POINT ( 'NONE',  ( 16.38759021281741468, -19.61737262547869065, 4.816501974786185691 ) ) ;
#4585 = CARTESIAN_POINT ( 'NONE',  ( 59.64760213959621638, 11.22477231802516151, 2.718434190212223101 ) ) ;
#4586 = CARTESIAN_POINT ( 'NONE',  ( 45.00000000000000711, 16.18023485614470758, -20.19999999999999929 ) ) ;
#4587 = CARTESIAN_POINT ( 'NONE',  ( 7.282387593879509957, 21.92585501449690355, -7.650012460325815056 ) ) ;
#4588 = CARTESIAN_POINT ( 'NONE',  ( 45.00000000000000000, 24.09389004176474458, -20.19999999999999929 ) ) ;
#4589 = CARTESIAN_POINT ( 'NONE',  ( 50.00000000000000000, 45.00000000000000000, -4.100000000000927791 ) ) ;
#4590 = VERTEX_POINT ( 'NONE', #2762 ) ;
#4591 = B_SPLINE_CURVE_WITH_KNOTS ( 'NONE', 3,
 ( #4099, #6718, #6019, #7256 ),
 .UNSPECIFIED., .F., .F.,
 ( 4, 4 ),
 ( 0.001694072474563567288, 0.03639519925052366739 ),
 .UNSPECIFIED. ) ;
#4592 = CARTESIAN_POINT ( 'NONE',  ( 3.176774193548384417, 21.57740464604361463, 4.176552357408283456 ) ) ;
#4593 = CARTESIAN_POINT ( 'NONE',  ( 38.13421491304708155, -7.461305875650599440, -18.77230222566858586 ) ) ;
#4594 = DIRECTION ( 'NONE',  ( 1.734723475976807094E-15, 0.000000000000000000, 1.000000000000000000 ) ) ;
#4595 = CARTESIAN_POINT ( 'NONE',  ( 43.87188367567676295, -6.851710515499709331, -20.18149645666360215 ) ) ;
#4596 = CARTESIAN_POINT ( 'NONE',  ( 38.54915912047450632, -38.59917013206068503, -19.59771504185977520 ) ) ;
#4597 = CARTESIAN_POINT ( 'NONE',  ( 39.31605568536448914, -0.3660055268538865425, 20.18172349139598509 ) ) ;
#4598 = CARTESIAN_POINT ( 'NONE',  ( 1.470967741935480966, 19.15696293410672268, -6.407087570906229601 ) ) ;
#4599 = EDGE_LOOP ( 'NONE', ( #7583, #5346, #3196 ) ) ;
#4600 = EDGE_CURVE ( 'NONE', #6837, #1013, #2680, .T. ) ;
#4601 = CARTESIAN_POINT ( 'NONE',  ( 40.17772357371454461, 15.09450820071089971, -16.56990856627908215 ) ) ;
#4602 = ORIENTED_EDGE ( 'NONE', *, *, #5955, .F. ) ;
#4603 = DIRECTION ( 'NONE',  ( -0.000000000000000000, 1.000000000000000000, 0.000000000000000000 ) ) ;
#4604 = CIRCLE ( 'NONE', #1602, 2.000000000000000000 ) ;
#4605 = CARTESIAN_POINT ( 'NONE',  ( 40.25654086688402344, 12.50314175579209852, 19.17943170843654954 ) ) ;
#4606 = CARTESIAN_POINT ( 'NONE',  ( 1.874139131094753496, -17.48759492692535389, 10.75307500918208525 ) ) ;
#4607 = CARTESIAN_POINT ( 'NONE',  ( 38.77245542178801685, 14.80147689312554604, -13.97278612272892850 ) ) ;
#4608 = CARTESIAN_POINT ( 'NONE',  ( 39.94383049578297573, -10.00796185851428355, 18.79518874814699103 ) ) ;
#4609 = ADVANCED_FACE ( 'NONE', ( #5214 ), #5347, .F. ) ;
#4610 = CARTESIAN_POINT ( 'NONE',  ( 41.34218897962174566, 6.828765855331172752, -19.51488222214304002 ) ) ;
#4611 = EDGE_LOOP ( 'NONE', ( #720, #4323, #874, #7866 ) ) ;
#4612 = CARTESIAN_POINT ( 'NONE',  ( 40.26639937972382910, 6.035698961422866660, 19.80529381624783625 ) ) ;
#4613 = EDGE_LOOP ( 'NONE', ( #2488, #521 ) ) ;
#4614 = CARTESIAN_POINT ( 'NONE',  ( 5.801115088858546542, 20.50015779644632019, -6.818090215848096491 ) ) ;
#4615 = CARTESIAN_POINT ( 'NONE',  ( 42.26838021973175330, 0.5033628222577729572, -20.11210496994369379 ) ) ;
#4616 = CIRCLE ( 'NONE', #6326, 16.19999999999999218 ) ;
#4617 = CARTESIAN_POINT ( 'NONE',  ( 5.989380582763230265, -20.30585976814001015, 6.922814594183408055 ) ) ;
#4618 = CARTESIAN_POINT ( 'NONE',  ( 10.00000000000000355, -22.70553022664231690, 8.000000000000000000 ) ) ;
#4619 = CARTESIAN_POINT ( 'NONE',  ( 38.86522477558600031, -14.82203217672011242, -14.00505336459984207 ) ) ;
#4620 = CARTESIAN_POINT ( 'NONE',  ( 41.23209809496912470, -7.041497732136823728, -19.43310294166802166 ) ) ;
#4621 = CARTESIAN_POINT ( 'NONE',  ( 40.21358840081380492, -4.345106748030252319, 19.96640826525609214 ) ) ;
#4622 = CARTESIAN_POINT ( 'NONE',  ( 39.05712704924000889, 3.851856072620600025E-15, -20.18572708746932420 ) ) ;
#4623 = EDGE_CURVE ( 'NONE', #6343, #6547, #2892, .T. ) ;
#4624 = CARTESIAN_POINT ( 'NONE',  ( 37.99999999999999289, 0.6426330974679705932, -20.20000000000000284 ) ) ;
#4625 = ORIENTED_EDGE ( 'NONE', *, *, #6254, .F. ) ;
#4626 = ORIENTED_EDGE ( 'NONE', *, *, #3693, .T. ) ;
#4627 = CIRCLE ( 'NONE', #5529, 20.19999999999999929 ) ;
#4628 = CARTESIAN_POINT ( 'NONE',  ( 40.22079171209451687, 11.78339752204630386, 19.11330531188901105 ) ) ;
#4629 = DIRECTION ( 'NONE',  ( 0.000000000000000000, 0.000000000000000000, 1.000000000000000000 ) ) ;
#4630 = CARTESIAN_POINT ( 'NONE',  ( 39.88135080272556365, 5.867094374241031751, 19.63240023395474054 ) ) ;
#4631 = LINE ( 'NONE', #5977, #5534 ) ;
#4632 = CARTESIAN_POINT ( 'NONE',  ( 0.9999999999999940048, 0.000000000000000000, 0.000000000000000000 ) ) ;
#4633 = DIRECTION ( 'NONE',  ( -0.000000000000000000, -0.9123004504689347094, 0.4095215355438330262 ) ) ;
#4634 = CARTESIAN_POINT ( 'NONE',  ( 39.81023337963139141, 30.49444419258287553, -17.14052187138165451 ) ) ;
#4635 = CARTESIAN_POINT ( 'NONE',  ( 58.91677674881217541, 10.66529586927436490, 4.538207853593926089 ) ) ;
#4636 = CARTESIAN_POINT ( 'NONE',  ( 40.36061471178758353, -15.60293853104480100, -17.06369583436184811 ) ) ;
#4637 = CARTESIAN_POINT ( 'NONE',  ( 39.13134526556012105, 40.96100284472954911, 20.19999999999999929 ) ) ;
#4638 = ORIENTED_EDGE ( 'NONE', *, *, #7013, .T. ) ;
#4639 = CARTESIAN_POINT ( 'NONE',  ( 1.999880539655422895, 20.77430259057261708, -0.1907248367143714318 ) ) ;
#4640 = VECTOR ( 'NONE', #1305, 1000.000000000000000 ) ;
#4641 = AXIS2_PLACEMENT_3D ( 'NONE', #618, #5602, #7541 ) ;
#4642 = CARTESIAN_POINT ( 'NONE',  ( 39.57548119628982164, -6.405166901057519624, -19.11602421599913626 ) ) ;
#4643 = CARTESIAN_POINT ( 'NONE',  ( 45.00000000000000711, -1.348352904678717490, -20.20000000000000284 ) ) ;
#4644 = CARTESIAN_POINT ( 'NONE',  ( 40.39124787117963677, -40.20269877115537582, -20.20000000000000284 ) ) ;
#4645 = CARTESIAN_POINT ( 'NONE',  ( 39.60993695212665244, -0.3957161382264312022, 20.17688576057258842 ) ) ;
#4646 = CYLINDRICAL_SURFACE ( 'NONE', #5572, 8.000000000000000000 ) ;
#4647 = CARTESIAN_POINT ( 'NONE',  ( 1.470967741935481410, -19.63349431756686059, 4.750357974097290992 ) ) ;
#4648 =( BOUNDED_CURVE ( )  B_SPLINE_CURVE ( 3, ( #1582, #933, #2771, #7771 ),
 .UNSPECIFIED., .F., .T. ) 
 B_SPLINE_CURVE_WITH_KNOTS ( ( 4, 4 ),
 ( 3.141592653589793116, 4.088579133123320553 ),
 .UNSPECIFIED. ) 
 CURVE ( )  GEOMETRIC_REPRESENTATION_ITEM ( )  RATIONAL_B_SPLINE_CURVE ( ( 1.000000000000000000, 0.9266538741703866933, 0.9266538741703866933, 1.000000000000000000 ) ) 
 REPRESENTATION_ITEM ( '' )  );
#4649 = ORIENTED_EDGE ( 'NONE', *, *, #6945, .T. ) ;
#4650 = LINE ( 'NONE', #6613, #348 ) ;
#4651 = ADVANCED_FACE ( 'NONE', ( #1482 ), #7099, .T. ) ;
#4652 = CARTESIAN_POINT ( 'NONE',  ( 40.58578643762703564, 12.55707641300339539, 19.61421356237322655 ) ) ;
#4653 = CARTESIAN_POINT ( 'NONE',  ( 39.55412343147506249, -2.116063036923414131, -20.06410987657383771 ) ) ;
#4654 = CARTESIAN_POINT ( 'NONE',  ( 40.30800587162435278, 4.544385586449030789, -19.69819957211774764 ) ) ;
#4655 = CARTESIAN_POINT ( 'NONE',  ( 40.00000000000000000, -24.09389004176484761, -15.20000000000000107 ) ) ;
#4656 = ORIENTED_EDGE ( 'NONE', *, *, #4445, .T. ) ;
#4657 = CARTESIAN_POINT ( 'NONE',  ( 40.50407619321275376, 8.404818275875761913, 19.71541110437527422 ) ) ;
#4658 = ORIENTED_EDGE ( 'NONE', *, *, #109, .T. ) ;
#4659 = CARTESIAN_POINT ( 'NONE',  ( 2.456009546575079749, 19.28958327985830223, -6.022787338643753152 ) ) ;
#4660 = AXIS2_PLACEMENT_3D ( 'NONE', #5056, #4290, #1824 ) ;
#4661 = AXIS2_PLACEMENT_3D ( 'NONE', #5714, #7565, #1448 ) ;
#4662 = CARTESIAN_POINT ( 'NONE',  ( 41.77698855924747789, 2.885757850776370592, -20.04014102414938492 ) ) ;
#4663 = EDGE_CURVE ( 'NONE', #6298, #5972, #4650, .T. ) ;
#4664 = LINE ( 'NONE', #5756, #6629 ) ;
#4665 = CARTESIAN_POINT ( 'NONE',  ( 38.09928275939271458, -13.64730314053857363, -14.91123598783389959 ) ) ;
#4666 = AXIS2_PLACEMENT_3D ( 'NONE', #5092, #5587, #6867 ) ;
#4667 = CARTESIAN_POINT ( 'NONE',  ( 40.72616368100799633, -8.419226645638991258, -18.87213265119902772 ) ) ;
#4668 = CIRCLE ( 'NONE', #5322, 5.000000000000000888 ) ;
#4669 = CARTESIAN_POINT ( 'NONE',  ( 40.33398862250233208, -5.214039231751226744, 19.92083721188925338 ) ) ;
#4670 = CARTESIAN_POINT ( 'NONE',  ( 39.57548119628981453, 6.405166901057525841, -19.11602421599915047 ) ) ;
#4671 = CARTESIAN_POINT ( 'NONE',  ( 38.00000000000000711, 3.209794398247178826, -19.95397298658675567 ) ) ;
#4672 = VERTEX_POINT ( 'NONE', #1005 ) ;
#4673 = CARTESIAN_POINT ( 'NONE',  ( 39.66333965804493289, -11.92107784044564589, 17.39361711600571780 ) ) ;
#4674 = VERTEX_POINT ( 'NONE', #2804 ) ;
#4675 = AXIS2_PLACEMENT_3D ( 'NONE', #1074, #2964, #1727 ) ;
#4676 = EDGE_CURVE ( 'NONE', #4253, #2691, #1671, .T. ) ;
#4677 = EDGE_CURVE ( 'NONE', #8102, #6710, #7657, .T. ) ;
#4678 = CARTESIAN_POINT ( 'NONE',  ( 40.15990877172140472, 2.591940124137724233, 20.09696042355096068 ) ) ;
#4679 = CARTESIAN_POINT ( 'NONE',  ( 15.29538756017612045, -19.67762483911414506, 6.004503744018571787 ) ) ;
#4680 = CYLINDRICAL_SURFACE ( 'NONE', #5180, 4.999999999999999112 ) ;
#4681 = CARTESIAN_POINT ( 'NONE',  ( 17.33212111192934657, 45.00200000000000244, 3.199999999999999289 ) ) ;
#4682 = FACE_OUTER_BOUND ( 'NONE', #5625, .T. ) ;
#4683 = CARTESIAN_POINT ( 'NONE',  ( 10.00000000000000178, 45.00200000000000244, 0.000000000000000000 ) ) ;
#4684 = CARTESIAN_POINT ( 'NONE',  ( 59.06110414492723493, 10.77465356880692227, 4.243078361094046791 ) ) ;
#4685 = CARTESIAN_POINT ( 'NONE',  ( 40.00249939638683827, -15.99331889567765330, -15.39714538439444347 ) ) ;
#4686 = DIRECTION ( 'NONE',  ( -1.000000000000000000, -0.000000000000000000, -0.000000000000000000 ) ) ;
#4687 = AXIS2_PLACEMENT_3D ( 'NONE', #2897, #7964, #1661 ) ;
#4688 = CARTESIAN_POINT ( 'NONE',  ( 42.10115222743656460, 32.89714076693146438, 20.19999999999999929 ) ) ;
#4689 = CARTESIAN_POINT ( 'NONE',  ( 2.990247625629960382, 19.84605707436480415, 3.871824250851137350 ) ) ;
#4690 = FACE_OUTER_BOUND ( 'NONE', #625, .T. ) ;
#4691 = EDGE_CURVE ( 'NONE', #7042, #2472, #2046, .T. ) ;
#4692 = CARTESIAN_POINT ( 'NONE',  ( 38.00000000000000000, -11.56695572460641941, 16.56036036036036307 ) ) ;
#4693 = CARTESIAN_POINT ( 'NONE',  ( 38.00000000000000711, -10.72839813664580966, -17.13058882315435838 ) ) ;
#4694 = CARTESIAN_POINT ( 'NONE',  ( 36.12372949650435316, -45.00000000000000000, -18.00773976492944328 ) ) ;
#4695 = CARTESIAN_POINT ( 'NONE',  ( 34.34749658521113247, -42.46395223102290117, 20.19999999999999929 ) ) ;
#4696 = VERTEX_POINT ( 'NONE', #6297 ) ;
#4697 = B_SPLINE_SURFACE_WITH_KNOTS ( 'NONE', 3, 3, ( 
 ( #142, #228, #2767, #884, #2188, #7068, #2676, #5263, #3869, #6405, #7151, #3300, #5179, #269 ),
 ( #5311, #5916, #2724, #2812, #1536, #6988, #2104, #4610, #7767, #6367, #759, #4034, #3991, #2635 ),
 ( #182, #7641, #2020, #929, #312, #7809, #3391, #4523, #7030, #7107, #3343, #1489, #1403, #3909 ),
 ( #7688, #6491, #1442, #2066, #4568, #5832, #5220, #2228, #2858, #1662, #6620, #2933, #4854, #3011 ),
 ( #7852, #5501, #1084, #5464, #7316, #4121, #7965, #1577, #2973, #3548, #1700, #4741, #5352, #7354 ),
 ( #1047, #7238, #7195, #1621, #5423, #8000, #6001, #5956, #6578, #6078, #7928, #3581, #4168, #2354 ),
 ( #4779, #6660, #2898, #6035, #4203, #3470, #1735, #4240, #7277, #5388, #7891, #970, #1011, #6738 ),
 ( #3515, #395, #2270, #6698, #433, #474, #6123, #2314, #4704, #4078, #4818, #1129, #3625, #511 ),
 ( #357, #7439, #4284, #6782, #1167, #3742, #6269, #4396, #5698, #2471, #6192, #663, #7398, #1819 ),
 ( #4322, #591, #3778, #3165, #707, #6936, #6233, #6309, #5655, #2396, #3129, #5614, #58, #1781 ),
 ( #5049, #7511, #4892, #3204, #6816, #3661, #6152, #1933, #1319, #4434, #6899, #2548, #3050, #19 ),
 ( #550, #5537, #3090, #1205, #8036, #7472, #4972, #3820, #7553, #5008, #1245, #2435, #4937, #5580 ),
 ( #3702, #8083, #1852, #4357, #6857, #627, #2508, #1891, #1281, #5822, #3381, #6482, #1357, #173 ),
 ( #220, #2096, #7591, #2759, #875, #100, #1480, #135, #2056, #5167, #2591, #1970, #4601, #1396 ),
 ( #2669, #7098, #6357, #3290, #7678, #3901, #5780, #829, #3860, #3983, #5865, #4558, #6397, #788 ),
 ( #3251, #261, #5213, #5742, #2626, #4511, #3335, #7059, #2715, #5083, #1434, #4472, #751, #7632 ),
 ( #2009, #6978, #7716, #5123, #3939, #7019, #6434, #124, #1230, #6884, #45, #3191, #5074, #2493 ),
 ( #2579, #1342, #7426, #7460, #5640, #7496, #2613, #2535, #4381, #4344, #2459, #3075, #1806, #3118 ),
 ( #4308, #1270, #1877, #6962, #84, #1920, #6258, #5567, #1958, #4995, #3768, #6804, #8071, #3845 ),
 ( #7580, #4457, #4960, #6339, #7540, #6292, #735, #3235, #1839, #650, #4421, #5681, #5725, #1191 ) ),
 .UNSPECIFIED., .F., .F., .F.,
 ( 4, 2, 2, 2, 2, 2, 2, 2, 2, 4 ),
 ( 4, 2, 2, 2, 2, 2, 4 ),
 ( 0.000000000000000000, 0.1250000000000000000, 0.2500000000000000000, 0.3750000000000000000, 0.4375000000000000000, 0.4687500000000000000, 0.5000000000000000000, 0.7500000000000000000, 0.8750000000000000000, 1.000000000000000000 ),
 ( 0.000000000000000000, 0.1250000000000000000, 0.2500000000000000000, 0.3750000000000000000, 0.5000000000000000000, 0.7500000000000000000, 1.000000000000000000 ),
 .UNSPECIFIED. ) ;
#4698 = CARTESIAN_POINT ( 'NONE',  ( 40.00000000000000000, 45.00000000000000000, -17.09967584331198509 ) ) ;
#4699 =( BOUNDED_CURVE ( )  B_SPLINE_CURVE ( 3, ( #7096, #1000, #1478, #388 ),
 .UNSPECIFIED., .F., .T. ) 
 B_SPLINE_CURVE_WITH_KNOTS ( ( 4, 4 ),
 ( 0.000000000000000000, 0.5123197930239404840 ),
 .UNSPECIFIED. ) 
 CURVE ( )  GEOMETRIC_REPRESENTATION_ITEM ( )  RATIONAL_B_SPLINE_CURVE ( ( 1.000000000000000000, 0.9782467108379402365, 0.9782467108379402365, 1.000000000000000000 ) ) 
 REPRESENTATION_ITEM ( '' )  );
#4700 = CARTESIAN_POINT ( 'NONE',  ( 38.12227815333810099, 8.252871447666777271, -18.44988411816891016 ) ) ;
#4701 = CARTESIAN_POINT ( 'NONE',  ( 38.72364505158670767, -4.115099320028396512, -19.78648373624099222 ) ) ;
#4702 = CARTESIAN_POINT ( 'NONE',  ( 3.734347121602555664, -19.60188495736196401, -4.999811161804218251 ) ) ;
#4703 = DIRECTION ( 'NONE',  ( 0.000000000000000000, 0.000000000000000000, 1.000000000000000000 ) ) ;
#4704 = CARTESIAN_POINT ( 'NONE',  ( 40.49757677083826479, 9.759133894444723012, -18.34717380319605340 ) ) ;
#4705 = ORIENTED_EDGE ( 'NONE', *, *, #4786, .F. ) ;
#4706 = CARTESIAN_POINT ( 'NONE',  ( 2.138662942574418580, -20.73054940776877331, -1.532719375318895461 ) ) ;
#4707 = VERTEX_POINT ( 'NONE', #5684 ) ;
#4708 = CARTESIAN_POINT ( 'NONE',  ( 57.07106781186546129, 45.00000000000000000, 7.071067811865480834 ) ) ;
#4709 = CARTESIAN_POINT ( 'NONE',  ( 44.37917621925554812, 9.256647091134258432, -20.20000000000000284 ) ) ;
#4710 = CARTESIAN_POINT ( 'NONE',  ( 40.00000000000000000, -41.18700821125059974, 20.19999999999999929 ) ) ;
#4711 = DIRECTION ( 'NONE',  ( 0.000000000000000000, 1.000000000000000000, -1.224646799147352961E-16 ) ) ;
#4712 = CARTESIAN_POINT ( 'NONE',  ( 41.06740940988201771, -10.00285992367535037, -18.80174876532660022 ) ) ;
#4713 = CARTESIAN_POINT ( 'NONE',  ( 40.13484949819101644, -8.614896156624480383, 19.32682526510215482 ) ) ;
#4714 = CARTESIAN_POINT ( 'NONE',  ( 39.47211848683016200, 6.892761318841277074, -18.92804695673972759 ) ) ;
#4715 = CARTESIAN_POINT ( 'NONE',  ( 40.58578643762703564, -12.55707641300339539, 19.61421356237322655 ) ) ;
#4716 = ORIENTED_EDGE ( 'NONE', *, *, #4773, .F. ) ;
#4717 = EDGE_CURVE ( 'NONE', #1640, #338, #6750, .T. ) ;
#4718 = ORIENTED_EDGE ( 'NONE', *, *, #865, .T. ) ;
#4719 = CARTESIAN_POINT ( 'NONE',  ( 39.70129314562706213, 6.027227814037391163, 19.52014606753930082 ) ) ;
#4720 = CARTESIAN_POINT ( 'NONE',  ( 39.78048599975745958, 2.049077145164651004, 20.11079854967066893 ) ) ;
#4721 = DIRECTION ( 'NONE',  ( 1.000000000000000000, 0.000000000000000000, 0.000000000000000000 ) ) ;
#4722 = DIRECTION ( 'NONE',  ( 0.000000000000000000, 0.000000000000000000, -1.000000000000000000 ) ) ;
#4723 = DIRECTION ( 'NONE',  ( 0.000000000000000000, 0.000000000000000000, -1.000000000000000000 ) ) ;
#4724 = DIRECTION ( 'NONE',  ( 0.000000000000000000, 0.9836336221735398899, -0.1801801801801792557 ) ) ;
#4725 = EDGE_CURVE ( 'NONE', #6386, #1528, #881, .T. ) ;
#4726 = CARTESIAN_POINT ( 'NONE',  ( 38.35160369458277785, -9.975897015875045071, -17.55424102744899884 ) ) ;
#4727 = CARTESIAN_POINT ( 'NONE',  ( 32.94213245116623767, -41.18700821124233613, 20.19999999999999929 ) ) ;
#4728 = DIRECTION ( 'NONE',  ( 1.000000000000000000, 0.000000000000000000, 0.000000000000000000 ) ) ;
#4729 = CARTESIAN_POINT ( 'NONE',  ( 37.99999999999999289, -4.487967038713081003, -19.70588668108790742 ) ) ;
#4730 = CARTESIAN_POINT ( 'NONE',  ( 39.02021481378065459, -10.69600911933343212, 17.45522085453392336 ) ) ;
#4731 = FACE_OUTER_BOUND ( 'NONE', #6250, .T. ) ;
#4732 = EDGE_LOOP ( 'NONE', ( #7109, #6171, #4319 ) ) ;
#4733 = EDGE_CURVE ( 'NONE', #3634, #7977, #7328, .T. ) ;
#4734 = CARTESIAN_POINT ( 'NONE',  ( -35.77713417233866977, -14.56544627671343406, 4.346006760254147672 ) ) ;
#4735 = CARTESIAN_POINT ( 'NONE',  ( 38.00000000000000711, 7.850671616629450789, 18.64161156690054000 ) ) ;
#4736 = VECTOR ( 'NONE', #4554, 1000.000000000000000 ) ;
#4737 = CARTESIAN_POINT ( 'NONE',  ( 39.95183793462306454, -32.68167843431584174, 18.49249034119071311 ) ) ;
#4738 = CARTESIAN_POINT ( 'NONE',  ( 39.04862312770903543, -1.062408649912249814, -20.16626212801941875 ) ) ;
#4739 = CARTESIAN_POINT ( 'NONE',  ( 38.33147715058559157, -3.563550626197299140E-15, 20.20000000000000284 ) ) ;
#4740 = CYLINDRICAL_SURFACE ( 'NONE', #4687, 2.000000000000000000 ) ;
#4741 = CARTESIAN_POINT ( 'NONE',  ( 40.92927815698394056, 13.52745290783312626, -18.17080474793178979 ) ) ;
#4742 = ORIENTED_EDGE ( 'NONE', *, *, #2981, .F. ) ;
#4743 = VERTEX_POINT ( 'NONE', #5154 ) ;
#4744 = CARTESIAN_POINT ( 'NONE',  ( 40.62326915463582111, 6.616095988372022521E-15, 20.17841325686596576 ) ) ;
#4745 = CARTESIAN_POINT ( 'NONE',  ( 41.53173470923295696, 10.70093697479957306, -19.07800241007338826 ) ) ;
#4746 = CARTESIAN_POINT ( 'NONE',  ( 38.00000000000000711, 3.957176994587694896, 19.81502829747197936 ) ) ;
#4747 = CARTESIAN_POINT ( 'NONE',  ( 39.87448441334110072, -14.38811001996536909, -15.74945487786586007 ) ) ;
#4748 = CARTESIAN_POINT ( 'NONE',  ( 40.20686337482089101, -9.274075327505626021, 19.32084788002421405 ) ) ;
#4749 = CARTESIAN_POINT ( 'NONE',  ( 38.00000000000000711, 12.50134765991520602, -15.88432436992090402 ) ) ;
#4750 = ORIENTED_EDGE ( 'NONE', *, *, #3064, .T. ) ;
#4751 = ORIENTED_EDGE ( 'NONE', *, *, #1739, .T. ) ;
#4752 = CARTESIAN_POINT ( 'NONE',  ( 39.74917498923785786, 4.958293325233294802, 19.74756776022500659 ) ) ;
#4753 = CARTESIAN_POINT ( 'NONE',  ( 41.99999999999999289, 3.707724669149837116, 20.20000000000000284 ) ) ;
#4754 = EDGE_CURVE ( 'NONE', #676, #101, #3733, .T. ) ;
#4755 = CARTESIAN_POINT ( 'NONE',  ( 39.04862312770904254, 1.062408649912258474, -20.16626212801941165 ) ) ;
#4756 = CARTESIAN_POINT ( 'NONE',  ( 39.13203256066674385, -10.14153275247759645, -17.43235647307023939 ) ) ;
#4757 = CARTESIAN_POINT ( 'NONE',  ( 3.589239999414006288, 19.10255753355022179, 10.76718606124197919 ) ) ;
#4758 = CIRCLE ( 'NONE', #1741, 2.000000000000000000 ) ;
#4759 = CARTESIAN_POINT ( 'NONE',  ( 57.07106781186545419, -9.334077351297214165, 7.071067811865483499 ) ) ;
#4760 = EDGE_LOOP ( 'NONE', ( #7697, #7532, #6234, #2047 ) ) ;
#4761 = CARTESIAN_POINT ( 'NONE',  ( 39.84915824236314563, 33.50651621843536532, 18.58999320018915569 ) ) ;
#4762 = CARTESIAN_POINT ( 'NONE',  ( 38.86476450330656007, -12.45683904827197352, -15.99013562774335995 ) ) ;
#4763 = CARTESIAN_POINT ( 'NONE',  ( 2.050290677733241917, 21.59190760307715706, -0.9140114038135530583 ) ) ;
#4764 = CYLINDRICAL_SURFACE ( 'NONE', #592, 8.000000000000000000 ) ;
#4765 = CARTESIAN_POINT ( 'NONE',  ( 38.16128544538450029, 39.09723529062704017, 19.74879913483594152 ) ) ;
#4766 = EDGE_CURVE ( 'NONE', #3722, #358, #6385, .T. ) ;
#4767 = CARTESIAN_POINT ( 'NONE',  ( 39.19392467246780143, -39.52206913108641828, -20.19999999999811635 ) ) ;
#4768 = CARTESIAN_POINT ( 'NONE',  ( 38.31935013131143819, -1.853668768371697695, 20.12058393719993177 ) ) ;
#4769 = CARTESIAN_POINT ( 'NONE',  ( 1.470967741935482298, 16.63635099737583900, -11.45739174036184593 ) ) ;
#4770 = VERTEX_POINT ( 'NONE', #3281 ) ;
#4771 = CIRCLE ( 'NONE', #6068, 4.100000000000055600 ) ;
#4772 = AXIS2_PLACEMENT_3D ( 'NONE', #4483, #1984, #7729 ) ;
#4773 = EDGE_CURVE ( 'NONE', #3030, #2739, #5202, .T. ) ;
#4774 = CARTESIAN_POINT ( 'NONE',  ( 37.99999999999999289, 3.464574387010396883, 19.90692939068218337 ) ) ;
#4775 = CARTESIAN_POINT ( 'NONE',  ( 38.09649756021628519, -39.13939978213109327, 19.76150191504940778 ) ) ;
#4776 = CARTESIAN_POINT ( 'NONE',  ( 38.39399703941558073, -2.434012200849470009, -20.06234949470358231 ) ) ;
#4777 = LINE ( 'NONE', #2226, #4866 ) ;
#4778 = FACE_OUTER_BOUND ( 'NONE', #1444, .T. ) ;
#4779 = CARTESIAN_POINT ( 'NONE',  ( 40.18673432316087002, 5.175551602247152161, -19.54996647529175391 ) ) ;
#4780 = ORIENTED_EDGE ( 'NONE', *, *, #3748, .F. ) ;
#4781 = CLOSED_SHELL ( 'NONE', ( #7935, #7084, #5739, #7622, #3095, #2409, #4552, #4358, #5921, #6856, #7663, #2213, #6732, #6602, #2753, #6371, #6058, #6414, #4127, #4928, #4609, #2119, #3892, #3645, #3912, #147, #183, #1508, #1215, #2761, #5768, #4813, #3997, #925, #2454, #6110, #7967, #2851, #7611, #4309, #6874, #4218, #3846, #1455, #7677, #137, #1945, #5613, #3163, #7410, #328, #2167, #207, #5898, #4540, #6404, #1714, #3854, #3210, #1433, #4106, #693, #7650, #3788, #919, #558, #7420, #4187, #4651, #4190, #99, #5307, #6866, #2371, #4573, #6283, #1407, #7171, #3937, #7325, #5641, #7976, #644, #701, #7865, #2863, #7071, #2051, #5132, #2374, #4422, #2540, #6462, #1010, #1762, #3380, #3810, #7959, #2320, #3371, #571, #6336, #8053, #4410, #465, #6779, #1108, #7803, #7759, #605, #2040, #296, #3512, #4499, #2884, #8015, #6243, #5647, #3755, #2703, #1816, #4896, #3046, #2549, #5021, #5395, #6911, #3530, #5844, #2444, #6980, #5854, #157, #2154, #167, #3123, #6127, #5949, #4403, #7779, #7003, #2501, #3358, #4315, #851, #7568, #6306, #6956, #4252, #6723, #4020, #365, #2908, #7827, #6069, #6046, #1837, #761, #5509, #1626, #3559, #2266, #1197, #2401, #549, #3456, #3569, #3718, #1910, #4160 ) ) ;
#4782 = CARTESIAN_POINT ( 'NONE',  ( 2.399229445696878571, -21.73101877521276037, -2.522517749121939712 ) ) ;
#4783 = ORIENTED_EDGE ( 'NONE', *, *, #5791, .T. ) ;
#4784 = CARTESIAN_POINT ( 'NONE',  ( 4.701041882430156527, 20.89568181562665572, -6.003076988343576836 ) ) ;
#4785 = CARTESIAN_POINT ( 'NONE',  ( 41.73601375705318617, 2.282963854894983768, -20.06546364065608401 ) ) ;
#4786 = EDGE_CURVE ( 'NONE', #654, #3508, #5039, .T. ) ;
#4787 = B_SPLINE_CURVE_WITH_KNOTS ( 'NONE', 3,
 ( #3837, #5594, #8098, #6875, #5067, #6249, #2571, #1374, #5026, #8062, #7454, #2485 ),
 .UNSPECIFIED., .F., .F.,
 ( 4, 2, 2, 2, 2, 4 ),
 ( 0.000000000000000000, 0.5000000000000000000, 0.6250000000000000000, 0.7500000000000000000, 0.8750000000000000000, 1.000000000000000000 ),
 .UNSPECIFIED. ) ;
#4788 = CARTESIAN_POINT ( 'NONE',  ( 39.98958616137895916, -15.63865397067355367, -15.36425866047344257 ) ) ;
#4789 = CARTESIAN_POINT ( 'NONE',  ( 40.22079171209451687, -11.78339752204630386, 19.11330531188900750 ) ) ;
#4790 = CARTESIAN_POINT ( 'NONE',  ( 38.00000000000000711, 11.91767059183437460, -16.32558506366287787 ) ) ;
#4791 = ORIENTED_EDGE ( 'NONE', *, *, #6945, .F. ) ;
#4792 = CONICAL_SURFACE ( 'NONE', #2425, 16.19999999999999218, 0.7853981633974473908 ) ;
#4793 = EDGE_LOOP ( 'NONE', ( #7768, #3404, #5326, #6653 ) ) ;
#4794 = AXIS2_PLACEMENT_3D ( 'NONE', #2868, #2942, #7247 ) ;
#4795 = CARTESIAN_POINT ( 'NONE',  ( 40.23239868470636083, 3.634518380522055558, 20.03268137362097079 ) ) ;
#4796 = VECTOR ( 'NONE', #4409, 1000.000000000000000 ) ;
#4797 = CARTESIAN_POINT ( 'NONE',  ( 41.73820061220084909, -30.77705835859652339, 20.20000000000000284 ) ) ;
#4798 = DIRECTION ( 'NONE',  ( 0.000000000000000000, 0.000000000000000000, 1.000000000000000000 ) ) ;
#4799 = CARTESIAN_POINT ( 'NONE',  ( 52.46866079904928881, 3.423810781356378730, 10.48956943290795607 ) ) ;
#4800 = CARTESIAN_POINT ( 'NONE',  ( 39.98028062595948739, 31.88514801450158842, 18.38974148000494679 ) ) ;
#4801 = ORIENTED_EDGE ( 'NONE', *, *, #4008, .T. ) ;
#4802 = VECTOR ( 'NONE', #4406, 1000.000000000000000 ) ;
#4803 = CIRCLE ( 'NONE', #2036, 22.19999999999999574 ) ;
#4804 = DIRECTION ( 'NONE',  ( 6.308085367188389255E-16, 0.000000000000000000, 1.000000000000000000 ) ) ;
#4805 = CARTESIAN_POINT ( 'NONE',  ( 2.359543145187138702, 19.32264441008580391, -5.911705876950330563 ) ) ;
#4806 = CARTESIAN_POINT ( 'NONE',  ( 45.00000000000000711, -13.48352904678724684, -20.20000000000000284 ) ) ;
#4807 = UNCERTAINTY_MEASURE_WITH_UNIT (LENGTH_MEASURE( 1.000000000000000082E-05 ), #4120, 'distance_accuracy_value', 'NONE');
#4808 = CARTESIAN_POINT ( 'NONE',  ( 39.31779015746793249, -14.99716029185553090, -14.25250458738254977 ) ) ;
#4809 = CARTESIAN_POINT ( 'NONE',  ( 58.96187636926313047, -10.57863303688351664, 3.030302962594495053 ) ) ;
#4810 = CARTESIAN_POINT ( 'NONE',  ( 38.00000000000000000, -14.72255604027580844, -13.83063063063063147 ) ) ;
#4811 = CIRCLE ( 'NONE', #7142, 20.19999999999999929 ) ;
#4812 = CARTESIAN_POINT ( 'NONE',  ( 40.47940160240878527, -12.53887372184929028, 19.50066292816711311 ) ) ;
#4813 = ADVANCED_FACE ( 'NONE', ( #1424 ), #7337, .T. ) ;
#4814 = CARTESIAN_POINT ( 'NONE',  ( 39.77362088133538975, 12.01440697656652468, 17.55492048621591294 ) ) ;
#4815 = CARTESIAN_POINT ( 'NONE',  ( 39.52538409966840760, -39.06669795622424601, 20.19999999999999574 ) ) ;
#4816 = CARTESIAN_POINT ( 'NONE',  ( 3.329303568689144566, -19.73163291005603881, -4.445287859465931746 ) ) ;
#4817 = CARTESIAN_POINT ( 'NONE',  ( 40.63145147853084893, 2.625303519772416827, -19.99945805417144840 ) ) ;
#4818 = CARTESIAN_POINT ( 'NONE',  ( 40.54012568664659000, 12.17750269577957312, -17.78629884887104140 ) ) ;
#4819 = ORIENTED_EDGE ( 'NONE', *, *, #1335, .F. ) ;
#4820 = EDGE_CURVE ( 'NONE', #3030, #3753, #6440, .T. ) ;
#4821 = CARTESIAN_POINT ( 'NONE',  ( 2.007049450269880353, -20.77266290107502300, 0.3879713357690534048 ) ) ;
#4822 = ORIENTED_EDGE ( 'NONE', *, *, #64, .F. ) ;
#4823 = CARTESIAN_POINT ( 'NONE',  ( 40.78718750826712380, -4.612927540808971827, 20.12081365673238764 ) ) ;
#4824 = CARTESIAN_POINT ( 'NONE',  ( 14.57216196472525382, 20.00497170717676454, 6.570935687198976360 ) ) ;
#4825 = B_SPLINE_SURFACE_WITH_KNOTS ( 'NONE', 3, 3, ( 
 ( #5964, #3520, #7394, #8032, #1814, #7244 ),
 ( #7436, #6187, #5923, #4086, #2391, #6008 ),
 ( #1776, #507, #977, #7201, #2196, #7469 ),
 ( #5496, #2467, #587, #6777, #3086, #8079 ),
 ( #7995, #1584, #4967, #1627, #545, #319 ),
 ( #2818, #5318, #6584, #3478, #364, #2864 ),
 ( #5358, #3045, #2430, #7858, #2234, #4746 ),
 ( #7629, #3737, #5163, #785, #1848, #4507 ),
 ( #96, #704, #4353, #1240, #6933, #55 ),
 ( #4469, #624, #2005, #7016, #4431, #2544 ),
 ( #1930, #2667, #6353, #6304, #5610, #6852 ),
 ( #5044, #6974, #3288, #1315, #6229, #3126 ),
 ( #3816, #7506, #5778, #3201, #5694, #14 ),
 ( #5080, #6266, #6896, #2505, #5005, #1887 ) ),
 .UNSPECIFIED., .F., .F., .F.,
 ( 4, 2, 2, 2, 2, 2, 4 ),
 ( 4, 2, 4 ),
 ( 0.000000000000000000, 0.1250000000000000000, 0.2500000000000000000, 0.3750000000000000000, 0.5000000000000000000, 0.7500000000000000000, 1.000000000000000000 ),
 ( 0.000000000000000000, 0.5000000000000000000, 1.000000000000000000 ),
 .UNSPECIFIED. ) ;
#4826 = CARTESIAN_POINT ( 'NONE',  ( 40.96393334409133047, -11.32987281500194499, -18.47949855229813565 ) ) ;
#4827 = CARTESIAN_POINT ( 'NONE',  ( 40.07263583454351163, -7.088865621955875440, 19.52952924793574141 ) ) ;
#4828 = DIRECTION ( 'NONE',  ( -0.000000000000000000, -0.9123004504689347094, 0.4095215355438329152 ) ) ;
#4829 = ORIENTED_EDGE ( 'NONE', *, *, #5143, .T. ) ;
#4830 = EDGE_CURVE ( 'NONE', #7351, #1747, #2554, .T. ) ;
#4831 = ORIENTED_EDGE ( 'NONE', *, *, #1354, .F. ) ;
#4832 = CARTESIAN_POINT ( 'NONE',  ( 30.45551943308459641, -39.13940053352840209, 19.76150225234330904 ) ) ;
#4833 = CARTESIAN_POINT ( 'NONE',  ( 41.99999999999999289, 12.71219886565657475, 20.19999999999999929 ) ) ;
#4834 = CARTESIAN_POINT ( 'NONE',  ( 38.73306290978199939, 6.426107460467270549, -19.14514881160027215 ) ) ;
#4835 = CARTESIAN_POINT ( 'NONE',  ( 39.12860856863965608, -12.07109608663429157, -16.34172428319691051 ) ) ;
#4836 = DIRECTION ( 'NONE',  ( 0.000000000000000000, 1.000000000000000000, 0.000000000000000000 ) ) ;
#4837 = CARTESIAN_POINT ( 'NONE',  ( 53.79328246050519624, -3.846897560162980234, 10.34885316322214166 ) ) ;
#4838 = CARTESIAN_POINT ( 'NONE',  ( 40.00000000000000000, 30.99514139006920743, 18.24446740366569131 ) ) ;
#4839 = CARTESIAN_POINT ( 'NONE',  ( 38.33132078015407984, -10.61528143833895932, -17.17989450502579274 ) ) ;
#4840 = CARTESIAN_POINT ( 'NONE',  ( -35.77713417233866977, -45.00000000000000000, 18.00773976492945039 ) ) ;
#4841 = CARTESIAN_POINT ( 'NONE',  ( 40.00000000000000000, 0.000000000000000000, 15.19999999999999929 ) ) ;
#4842 = CARTESIAN_POINT ( 'NONE',  ( 38.00000000000000000, 40.11625195157549939, 20.19999999999999574 ) ) ;
#4843 = CARTESIAN_POINT ( 'NONE',  ( 59.50000000000001421, 0.000000000000000000, -2.043924523852297415E-14 ) ) ;
#4844 = FACE_BOUND ( 'NONE', #6210, .T. ) ;
#4845 = FACE_OUTER_BOUND ( 'NONE', #660, .T. ) ;
#4846 = DIRECTION ( 'NONE',  ( -1.000000000000000000, 0.000000000000000000, 0.000000000000000000 ) ) ;
#4847 = CARTESIAN_POINT ( 'NONE',  ( 40.00000000000000000, 0.000000000000000000, 0.000000000000000000 ) ) ;
#4848 = CARTESIAN_POINT ( 'NONE',  ( 6.078395854880422888, -20.41738609123282089, -6.972877521438402226 ) ) ;
#4849 = CARTESIAN_POINT ( 'NONE',  ( 38.45639741751106300, -38.77130950483336846, 19.65185313510734488 ) ) ;
#4850 = EDGE_CURVE ( 'NONE', #2192, #3732, #6097, .T. ) ;
#4851 = ORIENTED_EDGE ( 'NONE', *, *, #3522, .T. ) ;
#4852 = CARTESIAN_POINT ( 'NONE',  ( 4.432530964352587866, -19.39403251525252259, -5.766232627284262335 ) ) ;
#4853 = CARTESIAN_POINT ( 'NONE',  ( 41.46446609406726225, -15.75879749091904714, -18.73553390593273704 ) ) ;
#4854 = CARTESIAN_POINT ( 'NONE',  ( 41.00892453187513809, 14.55500538500381680, -18.21361659884712481 ) ) ;
#4855 = EDGE_LOOP ( 'NONE', ( #1888, #4300, #3714, #3704 ) ) ;
#4856 = CARTESIAN_POINT ( 'NONE',  ( 2.000243537779917258, -20.77421484173876465, -0.3963610219114793165 ) ) ;
#4857 = EDGE_LOOP ( 'NONE', ( #3800, #6449, #5685, #2572 ) ) ;
#4858 = CARTESIAN_POINT ( 'NONE',  ( 40.58289185184715819, -10.46128955996804244, 19.61131897659336332 ) ) ;
#4859 = CARTESIAN_POINT ( 'NONE',  ( 41.46446609406727646, 15.75879749091904714, -18.73553390593273704 ) ) ;
#4860 = EDGE_CURVE ( 'NONE', #6270, #1913, #238, .T. ) ;
#4861 = CARTESIAN_POINT ( 'NONE',  ( 40.50775041846294044, -13.95948923025494182, -17.45209520697742533 ) ) ;
#4862 = CARTESIAN_POINT ( 'NONE',  ( 39.62466059817009523, -3.551793325881442254, 19.94617339442602955 ) ) ;
#4863 = CARTESIAN_POINT ( 'NONE',  ( 57.50028862493739013, 9.479157234313285940, 5.605852170321390382 ) ) ;
#4864 = ORIENTED_EDGE ( 'NONE', *, *, #1096, .T. ) ;
#4865 = ORIENTED_EDGE ( 'NONE', *, *, #1293, .F. ) ;
#4866 = VECTOR ( 'NONE', #7235, 1000.000000000000000 ) ;
#4867 = CARTESIAN_POINT ( 'NONE',  ( 50.00000000000000000, 37.09999999996985309, 0.000000000000000000 ) ) ;
#4868 = EDGE_CURVE ( 'NONE', #1013, #6837, #2839, .T. ) ;
#4869 = CARTESIAN_POINT ( 'NONE',  ( 41.01752201460266889, -1.850164284433313266, -20.06708071215591005 ) ) ;
#4870 = CARTESIAN_POINT ( 'NONE',  ( 39.98951345180908135, -15.94252297679093289, -15.10137378498904681 ) ) ;
#4871 = CARTESIAN_POINT ( 'NONE',  ( 38.53482564871990235, 14.21802182826378846, -14.46462615121686746 ) ) ;
#4872 = CARTESIAN_POINT ( 'NONE',  ( 52.46866079904930302, -3.423810781356600330, 10.48956943290790100 ) ) ;
#4873 = ORIENTED_EDGE ( 'NONE', *, *, #427, .T. ) ;
#4874 = EDGE_LOOP ( 'NONE', ( #643, #6981, #930, #1638 ) ) ;
#4875 = CARTESIAN_POINT ( 'NONE',  ( 2.775175884919430569, 20.22529764118495876, -3.450697736027354967 ) ) ;
#4876 = CARTESIAN_POINT ( 'NONE',  ( 10.00000000000000178, 45.00000000000000000, 0.000000000000000000 ) ) ;
#4877 = FACE_OUTER_BOUND ( 'NONE', #155, .T. ) ;
#4878 = CARTESIAN_POINT ( 'NONE',  ( 48.50000000000000000, 0.000000000000000000, -1.666996953763508875E-14 ) ) ;
#4879 = SURFACE_STYLE_USAGE ( .BOTH. , #964 ) ;
#4880 = FACE_OUTER_BOUND ( 'NONE', #5006, .T. ) ;
#4881 = CARTESIAN_POINT ( 'NONE',  ( 59.93287192006298625, -10.93893180473660287, 1.323067299633505556 ) ) ;
#4882 = DIRECTION ( 'NONE',  ( 0.000000000000000000, -0.4095215355438308058, 0.9123004504689355976 ) ) ;
#4883 = CARTESIAN_POINT ( 'NONE',  ( 40.15502322270447166, -12.49341880325002840, 18.97432848268800498 ) ) ;
#4884 = CIRCLE ( 'NONE', #4888, 2.000000000000000000 ) ;
#4885 = CARTESIAN_POINT ( 'NONE',  ( 37.99999999999999289, 0.4958699990444144778, 20.20000000000000284 ) ) ;
#4886 = CARTESIAN_POINT ( 'NONE',  ( 38.27602625599266162, -39.00476465583941632, 19.72112328109173163 ) ) ;
#4887 = CARTESIAN_POINT ( 'NONE',  ( 32.94213245116623767, -41.18700821124233613, 20.19999999999999929 ) ) ;
#4888 = AXIS2_PLACEMENT_3D ( 'NONE', #3, #648, #6380 ) ;
#4889 = ORIENTED_EDGE ( 'NONE', *, *, #1172, .F. ) ;
#4890 = CARTESIAN_POINT ( 'NONE',  ( 40.00000000000000000, 21.55968674681321673, -5.293383358428369156 ) ) ;
#4891 = CARTESIAN_POINT ( 'NONE',  ( 5.886824430072916670, 20.20613505447897040, -6.878049278273331346 ) ) ;
#4892 = CARTESIAN_POINT ( 'NONE',  ( 39.89356959162238780, 7.394708930396605595, -18.82139787316300428 ) ) ;
#4893 = CARTESIAN_POINT ( 'NONE',  ( 41.99999999999999289, 1.059349905471391740, 20.20000000000000284 ) ) ;
#4894 = EDGE_LOOP ( 'NONE', ( #1746, #5779, #849, #3961 ) ) ;
#4895 = CARTESIAN_POINT ( 'NONE',  ( 41.67013471660443713, -2.490939034491315596, 20.20000000000000284 ) ) ;
#4896 = ADVANCED_FACE ( 'NONE', ( #3670 ), #3058, .F. ) ;
#4897 = CARTESIAN_POINT ( 'NONE',  ( 44.47642428051540975, 14.82607936199012677, -20.20000000000000284 ) ) ;
#4898 = VECTOR ( 'NONE', #4346, 1000.000000000000000 ) ;
#4899 = B_SPLINE_CURVE_WITH_KNOTS ( 'NONE', 3,
 ( #6017, #3637, #2948, #1102, #7416, #1146, #1029, #1061, #4797, #6596 ),
 .UNSPECIFIED., .F., .F.,
 ( 4, 2, 2, 2, 4 ),
 ( 0.000000000000000000, 0.2500000000000000000, 0.5000000000000000000, 0.7500000000000000000, 1.000000000000000000 ),
 .UNSPECIFIED. ) ;
#4900 = CARTESIAN_POINT ( 'NONE',  ( 38.00000000000000000, 0.000000000000000000, 0.000000000000000000 ) ) ;
#4901 = CARTESIAN_POINT ( 'NONE',  ( 2.050141733625541640, -21.59180941740229187, 0.9127698881531229880 ) ) ;
#4902 = CARTESIAN_POINT ( 'NONE',  ( 38.98237475572743449, 37.45558629842704335, 19.28805283570049411 ) ) ;
#4903 = AXIS2_PLACEMENT_3D ( 'NONE', #3222, #6279, #5713 ) ;
#4904 = CARTESIAN_POINT ( 'NONE',  ( -35.77713417233866977, 39.13940053353145743, -19.76150225234467328 ) ) ;
#4905 = ORIENTED_EDGE ( 'NONE', *, *, #2714, .T. ) ;
#4906 = ORIENTED_EDGE ( 'NONE', *, *, #7874, .T. ) ;
#4907 = EDGE_CURVE ( 'NONE', #5345, #1968, #1378, .T. ) ;
#4908 = CIRCLE ( 'NONE', #3080, 20.19999999999999929 ) ;
#4909 = DIRECTION ( 'NONE',  ( 0.000000000000000000, -0.9994996547304633161, -0.03162973590918108369 ) ) ;
#4910 = CARTESIAN_POINT ( 'NONE',  ( 38.49437970236438389, 14.75038969461539473, -13.88556086625133901 ) ) ;
#4911 = CARTESIAN_POINT ( 'NONE',  ( 41.11107703367844124, -1.326811633257678480, -20.08984196216405493 ) ) ;
#4912 = CARTESIAN_POINT ( 'NONE',  ( 40.63145147853083472, -2.625303519772402172, -19.99945805417144129 ) ) ;
#4913 = CARTESIAN_POINT ( 'NONE',  ( 15.97596707762846968, -19.55604116070526288, -5.321122270531438936 ) ) ;
#4914 = CARTESIAN_POINT ( 'NONE',  ( 56.71751442127217757, -8.928247901240814244, 6.425448576869068340 ) ) ;
#4915 = ORIENTED_EDGE ( 'NONE', *, *, #2960, .T. ) ;
#4916 = DIRECTION ( 'NONE',  ( -1.000000000000000000, -0.000000000000000000, -0.000000000000000000 ) ) ;
#4917 = EDGE_CURVE ( 'NONE', #6225, #3992, #3020, .T. ) ;
#4918 = CARTESIAN_POINT ( 'NONE',  ( 39.80759533926536875, 15.40901659128175005, -14.71270493690944647 ) ) ;
#4919 = VECTOR ( 'NONE', #7607, 1000.000000000000000 ) ;
#4920 = CIRCLE ( 'NONE', #3607, 0.5000000000000004441 ) ;
#4921 = DIRECTION ( 'NONE',  ( 1.000000000000000000, -0.000000000000000000, -3.426614273534434686E-16 ) ) ;
#4922 = CARTESIAN_POINT ( 'NONE',  ( 43.94213562373090554, -45.00000000000000000, 20.19999999999999929 ) ) ;
#4923 = CARTESIAN_POINT ( 'NONE',  ( 38.00000000000000711, -5.427841158615242634, 19.46374730523984908 ) ) ;
#4924 = DIRECTION ( 'NONE',  ( -1.000000000000000000, -0.000000000000000000, -0.000000000000000000 ) ) ;
#4925 = LINE ( 'NONE', #7432, #6471 ) ;
#4926 = AXIS2_PLACEMENT_3D ( 'NONE', #5091, #757, #3784 ) ;
#4927 = AXIS2_PLACEMENT_3D ( 'NONE', #3596, #6092, #5478 ) ;
#4928 = ADVANCED_FACE ( 'NONE', ( #4945 ), #5586, .T. ) ;
#4929 = CARTESIAN_POINT ( 'NONE',  ( 41.61548043827529852, -0.5500459890749900271, -20.10493131957753832 ) ) ;
#4930 = VECTOR ( 'NONE', #4280, 1000.000000000000000 ) ;
#4931 = CARTESIAN_POINT ( 'NONE',  ( 39.89411537117291573, 12.17077952810385355, 17.79362478142613213 ) ) ;
#4932 = CARTESIAN_POINT ( 'NONE',  ( 38.33776329867742305, -41.18700730797572618, 20.19999999999999929 ) ) ;
#4933 = DIRECTION ( 'NONE',  ( 0.000000000000000000, -1.000000000000000000, 0.000000000000000000 ) ) ;
#4934 = ORIENTED_EDGE ( 'NONE', *, *, #5908, .F. ) ;
#4935 = CARTESIAN_POINT ( 'NONE',  ( 40.36593978494221346, -5.746161865131463209, 19.88225562302276117 ) ) ;
#4936 = CARTESIAN_POINT ( 'NONE',  ( 10.00000000000000178, -45.00200000000000244, 0.000000000000000000 ) ) ;
#4937 = CARTESIAN_POINT ( 'NONE',  ( 40.33155661777684742, 14.92613971799680073, -16.99167949482011863 ) ) ;
#4938 = CARTESIAN_POINT ( 'NONE',  ( 57.07106781186546129, 9.334077351297210612, 7.071067811865480834 ) ) ;
#4939 = EDGE_LOOP ( 'NONE', ( #3415, #5427, #5382, #3849 ) ) ;
#4940 = CARTESIAN_POINT ( 'NONE',  ( 41.99999999999999289, -5.296749527356880982, 20.20000000000000284 ) ) ;
#4941 = FACE_OUTER_BOUND ( 'NONE', #4968, .T. ) ;
#4942 = CARTESIAN_POINT ( 'NONE',  ( 38.95522302573376550, 11.63244785539889392, 16.78125819553986986 ) ) ;
#4943 = DIRECTION ( 'NONE',  ( -0.000000000000000000, -1.000000000000000000, -0.000000000000000000 ) ) ;
#4944 = CARTESIAN_POINT ( 'NONE',  ( 40.15347803254740455, -11.21121800324728568, 19.00708194279453878 ) ) ;
#4945 = FACE_OUTER_BOUND ( 'NONE', #7197, .T. ) ;
#4946 = FACE_OUTER_BOUND ( 'NONE', #7836, .T. ) ;
#4947 = ORIENTED_EDGE ( 'NONE', *, *, #4210, .T. ) ;
#4948 = ORIENTED_EDGE ( 'NONE', *, *, #5281, .T. ) ;
#4949 = CYLINDRICAL_SURFACE ( 'NONE', #863, 2.000000000000000000 ) ;
#4950 =( BOUNDED_SURFACE ( )  B_SPLINE_SURFACE ( 3, 2, ( 
 ( #5856, #4689, #4592 ),
 ( #667, #102, #7555 ),
 ( #3416, #3131, #3372 ),
 ( #1520, #3167, #5291 ),
 ( #2174, #5658, #60 ),
 ( #2087, #252, #5896 ),
 ( #1935, #4436, #7180 ),
 ( #295, #6938, #1471 ),
 ( #3822, #6311, #7791 ),
 ( #709, #4639, #3206 ),
 ( #2750, #5701, #2593 ),
 ( #5085, #7092, #5246 ),
 ( #7752, #2131, #4763 ),
 ( #2338, #1721, #1067 ),
 ( #5408, #4263, #3536 ),
 ( #7339, #4226, #6722 ),
 ( #1758, #5448, #7915 ),
 ( #5941, #4875, #7379 ),
 ( #3568, #955, #3605 ),
 ( #6022, #7261, #3455 ) ),
 .UNSPECIFIED., .F., .F., .F. ) 
 B_SPLINE_SURFACE_WITH_KNOTS ( ( 4, 2, 2, 2, 2, 2, 2, 2, 2, 4 ),
 ( 3, 3 ),
 ( 0.005361623680389713577, 0.006746667897615384393, 0.008131712114841054342, 0.009516756332066724292, 0.01090180054929239424, 0.01159432265790523095, 0.01228684476651806592, 0.01367188898374373587, 0.01505693320096940582, 0.01644197741819507577 ),
 ( 0.000000000000000000, 1.000000000000000000 ),
 .UNSPECIFIED. ) 
 GEOMETRIC_REPRESENTATION_ITEM ( )  RATIONAL_B_SPLINE_SURFACE ( (
 ( 1.000000000000000000, 0.7492573030496171294, 1.000000000000000000),
 ( 1.000000000000000000, 0.7769706707588400763, 1.000000000000000000),
 ( 1.000000000000000000, 0.8019967700967617352, 1.000000000000000000),
 ( 1.000000000000000000, 0.8464578189413186626, 1.000000000000000000),
 ( 1.000000000000000000, 0.8660212010752653677, 1.000000000000000000),
 ( 1.000000000000000000, 0.8979296847533914105, 1.000000000000000000),
 ( 1.000000000000000000, 0.9102763031078340283, 1.000000000000000000),
 ( 1.000000000000000000, 0.9270672527724315160, 1.000000000000000000),
 ( 1.000000000000000000, 0.9314894627101278912, 1.000000000000000000),
 ( 1.000000000000000000, 0.9315449208859781782, 1.000000000000000000),
 ( 1.000000000000000000, 0.9304558137042291399, 1.000000000000000000),
 ( 1.000000000000000000, 0.9261592995342258217, 1.000000000000000000),
 ( 1.000000000000000000, 0.9229558661170929046, 1.000000000000000000),
 ( 1.000000000000000000, 0.9103705047890773283, 1.000000000000000000),
 ( 1.000000000000000000, 0.8980304775768753744, 1.000000000000000000),
 ( 1.000000000000000000, 0.8662576068295445575, 1.000000000000000000),
 ( 1.000000000000000000, 0.8466384575801362278, 1.000000000000000000),
 ( 1.000000000000000000, 0.8019996706477396931, 1.000000000000000000),
 ( 1.000000000000000000, 0.7769535280694872537, 1.000000000000000000),
 ( 1.000000000000000000, 0.7492573030487723607, 1.000000000000000000) ) ) 
 REPRESENTATION_ITEM ( '' )  SURFACE ( )  );
#4951 = CARTESIAN_POINT ( 'NONE',  ( 40.06888686260483468, -8.139696941611576975, -18.61759668095233167 ) ) ;
#4952 = LINE ( 'NONE', #3564, #5002 ) ;
#4953 = EDGE_CURVE ( 'NONE', #3797, #101, #3608, .T. ) ;
#4954 = SPHERICAL_SURFACE ( 'NONE', #3735, 2.000000000000000000 ) ;
#4955 = ORIENTED_EDGE ( 'NONE', *, *, #5319, .F. ) ;
#4956 = CARTESIAN_POINT ( 'NONE',  ( 39.31250752569406615, -10.88875563917472711, 17.59964107063426297 ) ) ;
#4957 = CARTESIAN_POINT ( 'NONE',  ( 4.704175143028280104, 20.89442042768150998, 6.005931516485650157 ) ) ;
#4958 = DIRECTION ( 'NONE',  ( 0.000000000000000000, 0.000000000000000000, -1.000000000000000000 ) ) ;
#4959 = CARTESIAN_POINT ( 'NONE',  ( 40.00000000000000000, 0.000000000000000000, 0.000000000000000000 ) ) ;
#4960 = CARTESIAN_POINT ( 'NONE',  ( 39.50859828471018886, 15.12235578544236425, -14.40506615192983020 ) ) ;
#4961 = CARTESIAN_POINT ( 'NONE',  ( 1.470967741935482298, -16.63635099737583545, -11.45739174036185659 ) ) ;
#4962 = CYLINDRICAL_SURFACE ( 'NONE', #1101, 3.850000000000000533 ) ;
#4963 = CARTESIAN_POINT ( 'NONE',  ( 38.13697403901904437, 39.13940053636594740, -19.76150225361704571 ) ) ;
#4964 = CARTESIAN_POINT ( 'NONE',  ( 40.00000000000000000, 45.00000000000000000, -20.19999999999999929 ) ) ;
#4965 = EDGE_CURVE ( 'NONE', #4092, #2192, #2408, .T. ) ;
#4966 = CARTESIAN_POINT ( 'NONE',  ( 59.06503453966362827, -10.77763914228984454, 4.234614249529226271 ) ) ;
#4967 = CARTESIAN_POINT ( 'NONE',  ( 39.24759277893692655, 2.019000372543761301, 20.10379935008208818 ) ) ;
#4968 = EDGE_LOOP ( 'NONE', ( #1216, #7554, #6548, #6054 ) ) ;
#4969 = EDGE_CURVE ( 'NONE', #4672, #6004, #6049, .T. ) ;
#4970 = CARTESIAN_POINT ( 'NONE',  ( 38.00000000000000000, 21.83666641225257976, -4.000000000000000000 ) ) ;
#4971 = CARTESIAN_POINT ( 'NONE',  ( 40.89720432267939287, -0.6654957320366705620, -20.11519533923546987 ) ) ;
#4972 = CARTESIAN_POINT ( 'NONE',  ( 40.16085209467981798, 9.340537339785827342, -18.23827723036668047 ) ) ;
#4973 = ORIENTED_EDGE ( 'NONE', *, *, #814, .F. ) ;
#4974 = CARTESIAN_POINT ( 'NONE',  ( 41.66610116749652803, -1.978636861246941603, 20.20000000000000284 ) ) ;
#4975 = CARTESIAN_POINT ( 'NONE',  ( 40.26721807238443773, 4.158217489446529136, 19.99605008718836885 ) ) ;
#4976 = CARTESIAN_POINT ( 'NONE',  ( 38.00000000000000000, -21.83666641225257976, 2.000000000000000000 ) ) ;
#4977 = CARTESIAN_POINT ( 'NONE',  ( 40.03064540934397542, -15.79681949908963112, -15.77131538555357615 ) ) ;
#4978 = CARTESIAN_POINT ( 'NONE',  ( 0.000000000000000000, 0.000000000000000000, 16.19999999999999218 ) ) ;
#4979 = VERTEX_POINT ( 'NONE', #1712 ) ;
#4980 = ORIENTED_EDGE ( 'NONE', *, *, #5168, .F. ) ;
#4981 = DIRECTION ( 'NONE',  ( -0.000000000000000000, -1.000000000000000000, -0.000000000000000000 ) ) ;
#4982 = AXIS2_PLACEMENT_3D ( 'NONE', #4345, #3612, #6112 ) ;
#4983 = CARTESIAN_POINT ( 'NONE',  ( 39.46900891840268599, -14.14769948382950382, -15.23687366250232600 ) ) ;
#4984 = CARTESIAN_POINT ( 'NONE',  ( 40.63145147853084893, 2.625303519772416827, -19.99945805417144840 ) ) ;
#4985 = DIRECTION ( 'NONE',  ( 0.000000000000000000, 0.000000000000000000, -1.000000000000000000 ) ) ;
#4986 = EDGE_LOOP ( 'NONE', ( #1924, #4331, #2190, #4716 ) ) ;
#4987 = ORIENTED_EDGE ( 'NONE', *, *, #1408, .T. ) ;
#4988 = VERTEX_POINT ( 'NONE', #1749 ) ;
#4989 = LINE ( 'NONE', #7492, #6076 ) ;
#4990 = DIRECTION ( 'NONE',  ( 1.000000000000000000, 0.000000000000000000, 0.000000000000000000 ) ) ;
#4991 = AXIS2_PLACEMENT_3D ( 'NONE', #3054, #5543, #3017 ) ;
#4992 = EDGE_CURVE ( 'NONE', #3817, #7278, #5212, .T. ) ;
#4993 = CARTESIAN_POINT ( 'NONE',  ( 40.00000000000000711, 30.77705835859655181, 20.20000000000000284 ) ) ;
#4994 = CARTESIAN_POINT ( 'NONE',  ( 16.38759021281742179, 19.61737262547869776, 4.816501974786173257 ) ) ;
#4995 = CARTESIAN_POINT ( 'NONE',  ( 39.88361373090452844, 15.31774365226997503, -15.09918159457896536 ) ) ;
#4996 = AXIS2_PLACEMENT_3D ( 'NONE', #4876, #5522, #3116 ) ;
#4997 = CARTESIAN_POINT ( 'NONE',  ( 60.00000000000000711, -41.18700821125061395, -20.19999999999999929 ) ) ;
#4998 = FACE_OUTER_BOUND ( 'NONE', #3282, .T. ) ;
#4999 = DIRECTION ( 'NONE',  ( 6.440804985062402444E-17, 1.776356839400250465E-15, -1.000000000000000000 ) ) ;
#5000 = ORIENTED_EDGE ( 'NONE', *, *, #2204, .T. ) ;
#5001 = EDGE_CURVE ( 'NONE', #3722, #6343, #350, .T. ) ;
#5002 = VECTOR ( 'NONE', #5481, 1000.000000000000000 ) ;
#5003 = CARTESIAN_POINT ( 'NONE',  ( 3.729962378889420282, -19.60326623405656576, 4.994161074210028417 ) ) ;
#5004 = CARTESIAN_POINT ( 'NONE',  ( 45.00000000000000711, 2.081668171172168513E-14, -20.19999999999999929 ) ) ;
#5005 = CARTESIAN_POINT ( 'NONE',  ( 38.19308860308574793, 11.56695572460641053, 16.56036036036036307 ) ) ;
#5006 = EDGE_LOOP ( 'NONE', ( #6934, #1224, #2749, #5720, #7782 ) ) ;
#5007 = CARTESIAN_POINT ( 'NONE',  ( 39.81257549626086956, -6.889586105810982630, -18.97867281072016610 ) ) ;
#5008 = CARTESIAN_POINT ( 'NONE',  ( 40.35046310525981283, 11.79249026756423113, -17.61749095791097020 ) ) ;
#5009 = EDGE_LOOP ( 'NONE', ( #1338, #3069, #7574 ) ) ;
#5010 = CARTESIAN_POINT ( 'NONE',  ( 3.532172639044844686, -21.40180400872016619, -4.757166135799661077 ) ) ;
#5011 = EDGE_CURVE ( 'NONE', #6710, #5223, #6486, .T. ) ;
#5012 = CARTESIAN_POINT ( 'NONE',  ( 40.81637846559523553, 5.165068679149126041, 20.10519970850813820 ) ) ;
#5013 = CARTESIAN_POINT ( 'NONE',  ( 41.50399062508551395, 14.47761341937154533, -18.77505843695099230 ) ) ;
#5014 = VECTOR ( 'NONE', #2214, 1000.000000000000000 ) ;
#5015 = CARTESIAN_POINT ( 'NONE',  ( 2.398085629601032220, -21.73081943411670380, 2.519016567390814032 ) ) ;
#5016 = CARTESIAN_POINT ( 'NONE',  ( 10.00000000000000355, -45.00000000000000000, 8.000000000000000000 ) ) ;
#5017 = FACE_OUTER_BOUND ( 'NONE', #5397, .T. ) ;
#5018 = VERTEX_POINT ( 'NONE', #4832 ) ;
#5019 = ORIENTED_EDGE ( 'NONE', *, *, #1271, .F. ) ;
#5020 = AXIS2_PLACEMENT_3D ( 'NONE', #2461, #5727, #125 ) ;
#5021 = ADVANCED_FACE ( 'NONE', ( #7943 ), #3025, .T. ) ;
#5022 = CARTESIAN_POINT ( 'NONE',  ( 10.00000000000000178, 45.00000000000000000, 0.000000000000000000 ) ) ;
#5023 = CARTESIAN_POINT ( 'NONE',  ( 39.19249388139756007, -12.15711211038075135, -16.32356084345463998 ) ) ;
#5024 = CARTESIAN_POINT ( 'NONE',  ( 39.77611136393372249, 7.044165353414980402, -18.91658035776196201 ) ) ;
#5025 = CARTESIAN_POINT ( 'NONE',  ( 38.56261809025096454, 6.698448169336975511, -19.05546699062048077 ) ) ;
#5026 = CARTESIAN_POINT ( 'NONE',  ( 41.99999999999999289, -2.118699810942742623, 20.20000000000000284 ) ) ;
#5027 = ORIENTED_EDGE ( 'NONE', *, *, #3652, .F. ) ;
#5028 = ORIENTED_EDGE ( 'NONE', *, *, #4676, .F. ) ;
#5029 = CARTESIAN_POINT ( 'NONE',  ( 32.94213245117539657, -41.18700821125065659, -20.19999999999999929 ) ) ;
#5030 = CARTESIAN_POINT ( 'NONE',  ( 10.00000000000000178, 45.00200000000000244, -8.000000000000000000 ) ) ;
#5031 = CARTESIAN_POINT ( 'NONE',  ( 42.16061442263888637, 34.89313419180561482, 20.19999999999999218 ) ) ;
#5032 = B_SPLINE_CURVE_WITH_KNOTS ( 'NONE', 3,
 ( #3986, #5216, #5996, #5869 ),
 .UNSPECIFIED., .F., .F.,
 ( 4, 4 ),
 ( 0.1288877595492166628, 0.1345824880145722602 ),
 .UNSPECIFIED. ) ;
#5033 = CARTESIAN_POINT ( 'NONE',  ( 57.31986464228295830, 8.642664214164099690, 6.822270981447990046 ) ) ;
#5034 = CARTESIAN_POINT ( 'NONE',  ( 59.00670369108412672, -10.10643019845409540, 4.360190245592391989 ) ) ;
#5035 = CARTESIAN_POINT ( 'NONE',  ( 10.00000000000000178, -37.09999999999999432, 0.000000000000000000 ) ) ;
#5036 = CARTESIAN_POINT ( 'NONE',  ( 40.36593978494219925, -5.746161865131463209, 19.88225562302276117 ) ) ;
#5037 = ORIENTED_EDGE ( 'NONE', *, *, #7052, .T. ) ;
#5038 = VECTOR ( 'NONE', #1401, 1000.000000000000000 ) ;
#5039 = CIRCLE ( 'NONE', #3211, 4.100000000000055600 ) ;
#5040 =( BOUNDED_CURVE ( )  B_SPLINE_CURVE ( 3, ( #1155, #1571, #4071, #7100 ),
 .UNSPECIFIED., .F., .T. ) 
 B_SPLINE_CURVE_WITH_KNOTS ( ( 4, 4 ),
 ( 2.194606174056268788, 3.141592653589793116 ),
 .UNSPECIFIED. ) 
 CURVE ( )  GEOMETRIC_REPRESENTATION_ITEM ( )  RATIONAL_B_SPLINE_CURVE ( ( 1.000000000000000000, 0.9266538741703869153, 0.9266538741703869153, 1.000000000000000000 ) ) 
 REPRESENTATION_ITEM ( '' )  );
#5041 = CARTESIAN_POINT ( 'NONE',  ( 39.93693711601248708, -27.96239545500018053, -16.37285459775903007 ) ) ;
#5042 = AXIS2_PLACEMENT_3D ( 'NONE', #6943, #1289, #1253 ) ;
#5043 = DIRECTION ( 'NONE',  ( -1.000000000000000000, -0.000000000000000000, -0.000000000000000000 ) ) ;
#5044 = CARTESIAN_POINT ( 'NONE',  ( 39.16757556968624954, 9.892081896575810163, 17.98150405388156869 ) ) ;
#5045 = VECTOR ( 'NONE', #2946, 1000.000000000000000 ) ;
#5046 = ORIENTED_EDGE ( 'NONE', *, *, #2641, .T. ) ;
#5047 = FACE_OUTER_BOUND ( 'NONE', #2550, .T. ) ;
#5048 = EDGE_CURVE ( 'NONE', #3672, #570, #2562, .T. ) ;
#5049 = CARTESIAN_POINT ( 'NONE',  ( 39.77611136393372249, 7.044165353414979514, -18.91658035776196201 ) ) ;
#5050 = ORIENTED_EDGE ( 'NONE', *, *, #1748, .T. ) ;
#5051 = CARTESIAN_POINT ( 'NONE',  ( 4.691697720169605290, -20.89943542496325080, -5.994606322755115180 ) ) ;
#5052 = VECTOR ( 'NONE', #333, 1000.000000000000000 ) ;
#5053 = AXIS2_PLACEMENT_3D ( 'NONE', #3161, #171, #5651 ) ;
#5054 = CARTESIAN_POINT ( 'NONE',  ( 41.54289528278770405, 10.46273910391015960, 20.16504135706038880 ) ) ;
#5055 = CARTESIAN_POINT ( 'NONE',  ( 38.83355818874416343, 3.500169133434183279E-15, -20.19259837075238551 ) ) ;
#5056 = CARTESIAN_POINT ( 'NONE',  ( 10.00000000000000178, -36.50000000000000000, 0.000000000000000000 ) ) ;
#5057 = DIRECTION ( 'NONE',  ( 0.000000000000000000, 0.9123004504689327110, -0.4095215355438376337 ) ) ;
#5058 = EDGE_CURVE ( 'NONE', #6817, #5561, #6166, .T. ) ;
#5059 = CYLINDRICAL_SURFACE ( 'NONE', #6881, 2.000000000000000000 ) ;
#5060 = ORIENTED_EDGE ( 'NONE', *, *, #7567, .T. ) ;
#5061 = CARTESIAN_POINT ( 'NONE',  ( 16.38759021281742179, 19.61737262547869776, 4.816501974786173257 ) ) ;
#5062 = CARTESIAN_POINT ( 'NONE',  ( 41.26555954931215808, 6.799507867007208760E-15, -20.10805584894745479 ) ) ;
#5063 = CARTESIAN_POINT ( 'NONE',  ( 2.922265140120245075, -18.57711389420106940, -10.59178696217986015 ) ) ;
#5064 = CARTESIAN_POINT ( 'NONE',  ( 40.11022864746853145, -9.003000824127305179, -18.32925242366907170 ) ) ;
#5065 = CARTESIAN_POINT ( 'NONE',  ( 39.06998143844160865, 12.00755818021753640, -16.35410317493399290 ) ) ;
#5066 = EDGE_CURVE ( 'NONE', #4743, #982, #6753, .T. ) ;
#5067 = CARTESIAN_POINT ( 'NONE',  ( 41.99999999999999289, -5.296749527356880982, 20.20000000000000284 ) ) ;
#5068 = ORIENTED_EDGE ( 'NONE', *, *, #1799, .F. ) ;
#5069 = ORIENTED_EDGE ( 'NONE', *, *, #655, .F. ) ;
#5070 = ORIENTED_EDGE ( 'NONE', *, *, #7476, .T. ) ;
#5071 = CARTESIAN_POINT ( 'NONE',  ( 2.610850328534584541, 18.28351446246255563, -10.59178696217984950 ) ) ;
#5072 = CARTESIAN_POINT ( 'NONE',  ( 10.00000000000000178, 45.00200000000000244, -3.850000000000000533 ) ) ;
#5073 = CARTESIAN_POINT ( 'NONE',  ( 39.25091194475370315, 7.080880094984407513, 19.05807374423154599 ) ) ;
#5074 = CARTESIAN_POINT ( 'NONE',  ( 40.01792324358576991, 15.62411064916683756, -15.64129146081628896 ) ) ;
#5075 = CARTESIAN_POINT ( 'NONE',  ( 58.17745974451521818, -9.980086854237427474, 4.634207286410347848 ) ) ;
#5076 = CARTESIAN_POINT ( 'NONE',  ( 38.00000000000000000, -15.38448934780110022, -2.521405859316275144 ) ) ;
#5077 = ORIENTED_EDGE ( 'NONE', *, *, #802, .T. ) ;
#5078 = CARTESIAN_POINT ( 'NONE',  ( 42.53650840468361594, -6.663389614769461566, -19.95015647145998727 ) ) ;
#5079 = CARTESIAN_POINT ( 'NONE',  ( 38.45639741751106300, -38.77130950483336846, 19.65185313510734488 ) ) ;
#5080 = CARTESIAN_POINT ( 'NONE',  ( 39.41446739863830828, 11.78313987870417279, 17.12358276649948152 ) ) ;
#5081 = ORIENTED_EDGE ( 'NONE', *, *, #3409, .T. ) ;
#5082 = CARTESIAN_POINT ( 'NONE',  ( 13.86628540711478053, 20.51855710647538089, -7.004949859007929547 ) ) ;
#5083 = CARTESIAN_POINT ( 'NONE',  ( 39.88950414080365903, 14.07650566870086095, -15.97120233685334689 ) ) ;
#5084 = EDGE_LOOP ( 'NONE', ( #7395, #3938, #4007, #2160 ) ) ;
#5085 = CARTESIAN_POINT ( 'NONE',  ( 1.470967742008568502, 20.18298995961116304, -0.8560179807044723255 ) ) ;
#5086 = CARTESIAN_POINT ( 'NONE',  ( 40.72863285151069590, 8.106330839639179331, 19.89307960383146678 ) ) ;
#5087 = EDGE_CURVE ( 'NONE', #6492, #186, #6792, .T. ) ;
#5088 = CARTESIAN_POINT ( 'NONE',  ( 38.21476429719075441, 14.19990186001040122, -14.39913249997545819 ) ) ;
#5089 = CARTESIAN_POINT ( 'NONE',  ( 2.683912086165866739, -18.35327498891395237, 10.59034240790264469 ) ) ;
#5090 = CYLINDRICAL_SURFACE ( 'NONE', #2575, 5.250000000000000000 ) ;
#5091 = CARTESIAN_POINT ( 'NONE',  ( 40.00000000000000000, 41.18700821125062816, 15.19999999999999929 ) ) ;
#5092 = CARTESIAN_POINT ( 'NONE',  ( 10.00000000000000178, -45.00200000000000244, 0.000000000000000000 ) ) ;
#5093 = CARTESIAN_POINT ( 'NONE',  ( 40.14833153407344923, 5.938537465249115854, 19.75441511629932734 ) ) ;
#5094 = ORIENTED_EDGE ( 'NONE', *, *, #636, .F. ) ;
#5095 = CARTESIAN_POINT ( 'NONE',  ( 2.610850328534584541, 18.28351446246255563, -10.59178696217984950 ) ) ;
#5096 = EDGE_CURVE ( 'NONE', #6700, #6853, #3219, .T. ) ;
#5097 = DIRECTION ( 'NONE',  ( 0.000000000000000000, 0.000000000000000000, -1.000000000000000000 ) ) ;
#5098 = CARTESIAN_POINT ( 'NONE',  ( 41.02113583371440342, -3.479808166936106506, -19.92149653952294486 ) ) ;
#5099 = CARTESIAN_POINT ( 'NONE',  ( 40.18673432316086291, 5.175551602247153049, -19.54996647529175391 ) ) ;
#5100 = CARTESIAN_POINT ( 'NONE',  ( 40.40746168748086831, 6.091121213686365195E-15, -20.12755977952995678 ) ) ;
#5101 = ORIENTED_EDGE ( 'NONE', *, *, #5157, .F. ) ;
#5102 = ORIENTED_EDGE ( 'NONE', *, *, #6612, .T. ) ;
#5103 = CARTESIAN_POINT ( 'NONE',  ( 39.99912256388958554, 12.19810386277167069, 18.32881843233079877 ) ) ;
#5104 = EDGE_CURVE ( 'NONE', #4293, #2934, #479, .T. ) ;
#5105 = CARTESIAN_POINT ( 'NONE',  ( 39.45185961159086929, 5.031411854727989130, 19.65893237220807066 ) ) ;
#5106 = AXIS2_PLACEMENT_3D ( 'NONE', #500, #3000, #2923 ) ;
#5107 = CARTESIAN_POINT ( 'NONE',  ( 39.19731551403268810, 6.978440516751605927, 19.07295912686107897 ) ) ;
#5108 = CARTESIAN_POINT ( 'NONE',  ( 58.97235329789624103, 10.58596075809436421, 3.045029638327370503 ) ) ;
#5109 = DIRECTION ( 'NONE',  ( 0.000000000000000000, 1.000000000000000000, 0.000000000000000000 ) ) ;
#5110 = CARTESIAN_POINT ( 'NONE',  ( 40.00000000000000000, -19.97600600519439240, 4.582486669968377058 ) ) ;
#5111 = CARTESIAN_POINT ( 'NONE',  ( 43.44252411041750150, 34.90051935717468012, -20.19999999999999929 ) ) ;
#5112 = CARTESIAN_POINT ( 'NONE',  ( 40.04406314578129411, -1.036519080231611767, 20.16388697060664370 ) ) ;
#5113 = VERTEX_POINT ( 'NONE', #7383 ) ;
#5114 = VECTOR ( 'NONE', #6401, 999.9999999999998863 ) ;
#5115 = CARTESIAN_POINT ( 'NONE',  ( 38.14159967769192860, -6.985010130420783447, -18.95468440155486434 ) ) ;
#5116 = B_SPLINE_CURVE_WITH_KNOTS ( 'NONE', 3,
 ( #950, #860, #5980, #1598 ),
 .UNSPECIFIED., .F., .F.,
 ( 4, 4 ),
 ( 0.2398906564385753504, 0.2455455745247777377 ),
 .UNSPECIFIED. ) ;
#5117 = CARTESIAN_POINT ( 'NONE',  ( 42.41946976062639862, -3.956690889147639556, -20.06582200010721451 ) ) ;
#5118 = CARTESIAN_POINT ( 'NONE',  ( 3.953074484502954622, -19.53419091724100554, 5.262673794994690013 ) ) ;
#5119 = AXIS2_PLACEMENT_3D ( 'NONE', #277, #4711, #320 ) ;
#5120 = CARTESIAN_POINT ( 'NONE',  ( 40.36061471178758353, 15.60293853104480100, -17.06369583436184811 ) ) ;
#5121 = CARTESIAN_POINT ( 'NONE',  ( 5.887266046337866321, 20.20669407995539757, 6.878300218598305982 ) ) ;
#5122 = ORIENTED_EDGE ( 'NONE', *, *, #219, .F. ) ;
#5123 = CARTESIAN_POINT ( 'NONE',  ( 39.33183167939940716, 12.94056358498101567, -15.93642605195106476 ) ) ;
#5124 = CARTESIAN_POINT ( 'NONE',  ( 40.62969219088388684, 0.7947362720917494627, 20.17899678685171239 ) ) ;
#5125 = CARTESIAN_POINT ( 'NONE',  ( 38.19964138092142747, 3.152932184854186026, -19.96308799482253349 ) ) ;
#5126 = CARTESIAN_POINT ( 'NONE',  ( 40.00000000000000000, 0.000000000000000000, 0.000000000000000000 ) ) ;
#5127 = AXIS2_PLACEMENT_3D ( 'NONE', #2533, #4921, #1918 ) ;
#5128 = CARTESIAN_POINT ( 'NONE',  ( 38.86629980139375817, 14.82394096688524421, -14.01035446733406253 ) ) ;
#5129 = CARTESIAN_POINT ( 'NONE',  ( 58.59930725665122253, -10.29950968644824449, 3.873420988053395408 ) ) ;
#5130 = CARTESIAN_POINT ( 'NONE',  ( 39.91552103789296524, -10.49566870143389963, 18.59745230749668821 ) ) ;
#5131 = CARTESIAN_POINT ( 'NONE',  ( 2.899440571443465231, 19.15696293410672268, -6.407087570906228713 ) ) ;
#5132 = ADVANCED_FACE ( 'NONE', ( #1071 ), #2966, .F. ) ;
#5133 = CARTESIAN_POINT ( 'NONE',  ( 40.14419493412083284, 6.619134945235242817, 19.65518219892629403 ) ) ;
#5134 = ORIENTED_EDGE ( 'NONE', *, *, #5011, .T. ) ;
#5135 = DIRECTION ( 'NONE',  ( -1.000000000000000000, -0.000000000000000000, -0.000000000000000000 ) ) ;
#5136 = CARTESIAN_POINT ( 'NONE',  ( 0.9999999999999940048, 0.000000000000000000, 15.19999999999999929 ) ) ;
#5137 = CARTESIAN_POINT ( 'NONE',  ( 38.32950368151426090, -12.47110114324643071, -15.91419405830671963 ) ) ;
#5138 = CARTESIAN_POINT ( 'NONE',  ( 39.83000026349670009, -10.50695429458433416, -17.59749853939705133 ) ) ;
#5139 = DIRECTION ( 'NONE',  ( -1.000000000000000000, -0.000000000000000000, -6.505213034913026604E-17 ) ) ;
#5140 = VECTOR ( 'NONE', #6338, 1000.000000000000000 ) ;
#5141 = PLANE ( 'NONE',  #4516 ) ;
#5142 = ORIENTED_EDGE ( 'NONE', *, *, #3318, .T. ) ;
#5143 = EDGE_CURVE ( 'NONE', #4169, #2468, #2959, .T. ) ;
#5144 = EDGE_LOOP ( 'NONE', ( #1282, #405, #6671 ) ) ;
#5145 = CARTESIAN_POINT ( 'NONE',  ( 39.99772495833106234, 12.52023117543130759, 18.15398207137269893 ) ) ;
#5146 = DIRECTION ( 'NONE',  ( -0.000000000000000000, -1.000000000000000000, -0.000000000000000000 ) ) ;
#5147 = FACE_OUTER_BOUND ( 'NONE', #3739, .T. ) ;
#5148 = CARTESIAN_POINT ( 'NONE',  ( 38.00000000000000000, 19.61737262547869420, -4.816501974786173257 ) ) ;
#5149 = CARTESIAN_POINT ( 'NONE',  ( 59.00083845884349643, 10.10121069156780038, 4.372343016482207467 ) ) ;
#5150 = SPHERICAL_SURFACE ( 'NONE', #799, 2.000000000000000000 ) ;
#5151 = FACE_OUTER_BOUND ( 'NONE', #820, .T. ) ;
#5152 = CARTESIAN_POINT ( 'NONE',  ( 44.77927990628679566, 28.48887685222102562, -20.19999999999999929 ) ) ;
#5153 = CARTESIAN_POINT ( 'NONE',  ( 40.00000000000000000, -19.61737262547869420, -4.816501974786184803 ) ) ;
#5154 = CARTESIAN_POINT ( 'NONE',  ( 17.33212111192934657, 45.00000000000000000, 3.199999999999999289 ) ) ;
#5155 = CIRCLE ( 'NONE', #7654, 20.19999999999999929 ) ;
#5156 = EDGE_LOOP ( 'NONE', ( #1697, #240 ) ) ;
#5157 = EDGE_CURVE ( 'NONE', #327, #371, #7508, .T. ) ;
#5158 = CARTESIAN_POINT ( 'NONE',  ( 39.55716724920473126, -7.208766209704735139, -18.80666899866134756 ) ) ;
#5159 = FACE_OUTER_BOUND ( 'NONE', #1983, .T. ) ;
#5160 = CARTESIAN_POINT ( 'NONE',  ( 44.27307589715392311, -0.6055089683257215416, -20.20000000000000284 ) ) ;
#5161 = DIRECTION ( 'NONE',  ( -1.000000000000000000, -0.000000000000000000, -0.000000000000000000 ) ) ;
#5162 = CARTESIAN_POINT ( 'NONE',  ( 39.30697975077773521, -0.7566718827896302679, 20.17430279812049321 ) ) ;
#5163 = CARTESIAN_POINT ( 'NONE',  ( 39.04735444807659661, 4.405291538738896229, 19.74714130834049541 ) ) ;
#5164 = ORIENTED_EDGE ( 'NONE', *, *, #7236, .T. ) ;
#5165 = AXIS2_PLACEMENT_3D ( 'NONE', #3425, #7189, #3464 ) ;
#5166 = EDGE_CURVE ( 'NONE', #5256, #7883, #7537, .T. ) ;
#5167 = CARTESIAN_POINT ( 'NONE',  ( 40.10565136609105252, 12.52884426650357064, -17.08667414812027729 ) ) ;
#5168 = EDGE_CURVE ( 'NONE', #5503, #6343, #3491, .T. ) ;
#5169 = CARTESIAN_POINT ( 'NONE',  ( 39.96870057763027972, -12.33987088816857991, 18.00784564437825708 ) ) ;
#5170 = ORIENTED_EDGE ( 'NONE', *, *, #1483, .T. ) ;
#5171 = CARTESIAN_POINT ( 'NONE',  ( 40.70971790278255753, 3.060013404670369308, 20.15741224289043743 ) ) ;
#5172 = CIRCLE ( 'NONE', #3084, 2.000000000000000000 ) ;
#5173 = VECTOR ( 'NONE', #446, 999.9999999999998863 ) ;
#5174 = CARTESIAN_POINT ( 'NONE',  ( 38.00000000000000711, 14.19075268520881039, -14.39672952420100671 ) ) ;
#5175 = CARTESIAN_POINT ( 'NONE',  ( 39.87103951379754108, -0.4943635031184903661, -20.14784375968783792 ) ) ;
#5176 = DIRECTION ( 'NONE',  ( 0.000000000000000000, 0.9994996547304627610, 0.03162973590919884032 ) ) ;
#5177 = FACE_OUTER_BOUND ( 'NONE', #4407, .T. ) ;
#5178 = CARTESIAN_POINT ( 'NONE',  ( 39.22643755633681195, -9.945580212119125463, 17.99516122708009291 ) ) ;
#5179 = CARTESIAN_POINT ( 'NONE',  ( 41.50399062508551395, 14.47761341937154533, -18.77505843695099230 ) ) ;
#5180 = AXIS2_PLACEMENT_3D ( 'NONE', #1512, #1554, #2744 ) ;
#5181 = AXIS2_PLACEMENT_3D ( 'NONE', #5413, #1039, #6689 ) ;
#5182 = CARTESIAN_POINT ( 'NONE',  ( 39.74428011585486331, 10.87182320664602919, 18.14425815839026868 ) ) ;
#5183 = ORIENTED_EDGE ( 'NONE', *, *, #6506, .T. ) ;
#5184 = DIRECTION ( 'NONE',  ( 0.000000000000000000, 0.4095215355438330262, 0.9123004504689347094 ) ) ;
#5185 = AXIS2_PLACEMENT_3D ( 'NONE', #356, #5351, #7353 ) ;
#5186 = DIRECTION ( 'NONE',  ( 1.000000000000000000, 0.000000000000000000, 0.000000000000000000 ) ) ;
#5187 = CARTESIAN_POINT ( 'NONE',  ( 1.872437434424202962, 17.48531114351148474, 10.75413279516986442 ) ) ;
#5188 = CARTESIAN_POINT ( 'NONE',  ( 41.28723933371357901, -5.536647297169690063, -19.69013389503220068 ) ) ;
#5189 = CARTESIAN_POINT ( 'NONE',  ( 40.56751311408603300, -10.47912457089734950, 19.63472662235470878 ) ) ;
#5190 = CARTESIAN_POINT ( 'NONE',  ( 39.21126517862341387, 14.94448349985182389, -14.18225958982150381 ) ) ;
#5191 = CARTESIAN_POINT ( 'NONE',  ( 43.89353892410279911, -16.12994444057352084, -20.12144176134201956 ) ) ;
#5192 = VERTEX_POINT ( 'NONE', #2999 ) ;
#5193 = ORIENTED_EDGE ( 'NONE', *, *, #5270, .F. ) ;
#5194 = CARTESIAN_POINT ( 'NONE',  ( 45.00000000000000000, 34.10680684220365322, -20.19999999999999929 ) ) ;
#5195 = CARTESIAN_POINT ( 'NONE',  ( 39.96164551392365638, 2.731065531117129238E-15, 20.17562402875952543 ) ) ;
#5196 = CARTESIAN_POINT ( 'NONE',  ( 14.09568025320247386, -20.32796921320599992, 6.873346247644684937 ) ) ;
#5197 = LINE ( 'NONE', #7087, #2566 ) ;
#5198 = EDGE_CURVE ( 'NONE', #7278, #4460, #3610, .T. ) ;
#5199 = CARTESIAN_POINT ( 'NONE',  ( 17.74596669241483582, -21.83666641225258331, 1.999999999999999556 ) ) ;
#5200 = CARTESIAN_POINT ( 'NONE',  ( 10.00000000000000178, 45.00200000000000244, 0.000000000000000000 ) ) ;
#5201 = CARTESIAN_POINT ( 'NONE',  ( 59.65041762937155312, 11.22696020088547897, 2.707876641527191097 ) ) ;
#5202 = LINE ( 'NONE', #4058, #3996 ) ;
#5203 = EDGE_LOOP ( 'NONE', ( #4354, #6426, #1257, #3022 ) ) ;
#5204 = CARTESIAN_POINT ( 'NONE',  ( 38.25882025683222309, -7.378072182767049014, -18.80580743233244689 ) ) ;
#5205 = FACE_OUTER_BOUND ( 'NONE', #6876, .T. ) ;
#5206 = CARTESIAN_POINT ( 'NONE',  ( 42.62575024158203263, -0.5005234967496133835, -20.12180757511653084 ) ) ;
#5207 = EDGE_CURVE ( 'NONE', #7985, #3156, #8095, .T. ) ;
#5208 = CARTESIAN_POINT ( 'NONE',  ( 39.98997504603241282, -38.23205994363537030, -20.20000000000113616 ) ) ;
#5209 = CARTESIAN_POINT ( 'NONE',  ( 39.18244526001319628, -2.932869747648350511, 20.00426026430045567 ) ) ;
#5210 = FACE_OUTER_BOUND ( 'NONE', #4093, .T. ) ;
#5211 = ORIENTED_EDGE ( 'NONE', *, *, #975, .T. ) ;
#5212 =( BOUNDED_CURVE ( )  B_SPLINE_CURVE ( 3, ( #7903, #2988, #2286, #1679 ),
 .UNSPECIFIED., .F., .F. ) 
 B_SPLINE_CURVE_WITH_KNOTS ( ( 4, 4 ),
 ( 3.553109499657279624, 4.712388980384689674 ),
 .UNSPECIFIED. ) 
 CURVE ( )  GEOMETRIC_REPRESENTATION_ITEM ( )  RATIONAL_B_SPLINE_CURVE ( ( 1.000000000000000000, 0.8911066843560500050, 0.8911066843560500050, 1.000000000000000000 ) ) 
 REPRESENTATION_ITEM ( '' )  );
#5213 = CARTESIAN_POINT ( 'NONE',  ( 39.19249388139757428, 12.15711211038074779, -16.32356084345463998 ) ) ;
#5214 = FACE_OUTER_BOUND ( 'NONE', #6355, .T. ) ;
#5215 = EDGE_CURVE ( 'NONE', #2366, #572, #7156, .T. ) ;
#5216 = CARTESIAN_POINT ( 'NONE',  ( 35.75839754123979475, 43.73448382214953511, -20.19999999999999929 ) ) ;
#5217 = DIRECTION ( 'NONE',  ( -1.000000000000000000, 0.000000000000000000, 0.000000000000000000 ) ) ;
#5218 = CARTESIAN_POINT ( 'NONE',  ( 39.77611136393372249, 7.044165353414980402, -18.91658035776196201 ) ) ;
#5219 = CARTESIAN_POINT ( 'NONE',  ( 39.73753723401526372, -9.551565152845247653, 18.63011011628244162 ) ) ;
#5220 = CARTESIAN_POINT ( 'NONE',  ( 40.97012173257255796, 6.400380910015738500, -19.44166312871986335 ) ) ;
#5221 = VERTEX_POINT ( 'NONE', #4184 ) ;
#5222 = CARTESIAN_POINT ( 'NONE',  ( 40.05333622252495474, 11.61361888233233053, 18.71774476606030646 ) ) ;
#5223 = VERTEX_POINT ( 'NONE', #7371 ) ;
#5224 = CARTESIAN_POINT ( 'NONE',  ( 17.01906943945330042, 19.83173516548621507, 3.845253703784676347 ) ) ;
#5225 = B_SPLINE_CURVE_WITH_KNOTS ( 'NONE', 3,
 ( #4757, #7255, #6640, #907 ),
 .UNSPECIFIED., .F., .F.,
 ( 4, 4 ),
 ( 0.03309205978374646362, 0.06791310465508462735 ),
 .UNSPECIFIED. ) ;
#5226 = FACE_OUTER_BOUND ( 'NONE', #1828, .T. ) ;
#5227 = LINE ( 'NONE', #936, #7613 ) ;
#5228 = CARTESIAN_POINT ( 'NONE',  ( 40.22359664488181608, -9.113184363697232726, -18.35563493464169582 ) ) ;
#5229 = CARTESIAN_POINT ( 'NONE',  ( 40.17898551417400910, -3.848187967416172750, 20.00492183552822922 ) ) ;
#5230 = CARTESIAN_POINT ( 'NONE',  ( 39.24947945353984835, 7.877801947671130733, -18.50199626095226790 ) ) ;
#5231 = DIRECTION ( 'NONE',  ( 0.000000000000000000, 0.000000000000000000, -1.000000000000000000 ) ) ;
#5232 = EDGE_LOOP ( 'NONE', ( #2899, #316 ) ) ;
#5233 = CARTESIAN_POINT ( 'NONE',  ( 39.99999999999999289, -12.61458154260947673, 18.19999999999999929 ) ) ;
#5234 = VERTEX_POINT ( 'NONE', #7830 ) ;
#5235 = SPHERICAL_SURFACE ( 'NONE', #5435, 2.000000000000000000 ) ;
#5236 = CARTESIAN_POINT ( 'NONE',  ( 39.55056470404558411, 5.357260409573264326, 19.61179219927574024 ) ) ;
#5237 = CARTESIAN_POINT ( 'NONE',  ( 15.98275346694912713, -19.54591322307747703, 5.321001291589495530 ) ) ;
#5238 = LINE ( 'NONE', #5934, #5052 ) ;
#5239 = AXIS2_PLACEMENT_3D ( 'NONE', #6684, #2255, #1068 ) ;
#5240 = CARTESIAN_POINT ( 'NONE',  ( 39.41442458138376281, 15.05865200620466382, -14.32810843525883016 ) ) ;
#5241 = CYLINDRICAL_SURFACE ( 'NONE', #1915, 8.000000000000000000 ) ;
#5242 = CARTESIAN_POINT ( 'NONE',  ( 60.00000000000002842, 11.50000000000000178, 0.3457293168923212257 ) ) ;
#5243 = DIRECTION ( 'NONE',  ( -1.000000000000000000, -0.000000000000000000, -0.000000000000000000 ) ) ;
#5244 = CARTESIAN_POINT ( 'NONE',  ( 40.76681044887904193, 39.67564775886624773, 20.19999999999999929 ) ) ;
#5245 = ORIENTED_EDGE ( 'NONE', *, *, #3576, .F. ) ;
#5246 = CARTESIAN_POINT ( 'NONE',  ( 2.031442520849957578, 21.57855043856762833, -0.7320259045471312342 ) ) ;
#5247 = EDGE_CURVE ( 'NONE', #3642, #3753, #6050, .T. ) ;
#5248 = CARTESIAN_POINT ( 'NONE',  ( 38.29590699158433864, -6.250933711825182648, -19.21387460328542574 ) ) ;
#5249 = LINE ( 'NONE', #3243, #5654 ) ;
#5250 = CARTESIAN_POINT ( 'NONE',  ( 44.28372931343206886, -2.499891338864148604, -20.20000000000000284 ) ) ;
#5251 = CARTESIAN_POINT ( 'NONE',  ( 38.93765025951550740, -37.42462002354141504, -19.24161459800953722 ) ) ;
#5252 = CARTESIAN_POINT ( 'NONE',  ( 30.34549838694762869, -40.69591404743736973, -16.07568340400132811 ) ) ;
#5253 = CARTESIAN_POINT ( 'NONE',  ( 13.65161609200835535, -20.74064367572554701, -7.117984259366247457 ) ) ;
#5254 = ORIENTED_EDGE ( 'NONE', *, *, #1496, .F. ) ;
#5255 = EDGE_CURVE ( 'NONE', #5867, #51, #1100, .T. ) ;
#5256 = VERTEX_POINT ( 'NONE', #5439 ) ;
#5257 = DIRECTION ( 'NONE',  ( -0.000000000000000000, 1.000000000000000000, -0.000000000000000000 ) ) ;
#5258 = B_SPLINE_CURVE_WITH_KNOTS ( 'NONE', 3,
 ( #6646, #7182, #6921, #1917, #6880, #2531 ),
 .UNSPECIFIED., .F., .F.,
 ( 4, 2, 4 ),
 ( 0.03034389533881418771, 0.05280007189471300211, 0.07525624845061182344 ),
 .UNSPECIFIED. ) ;
#5259 = CARTESIAN_POINT ( 'NONE',  ( 39.17157287525380838, 45.00000000000000000, 18.00773976492943618 ) ) ;
#5260 = CARTESIAN_POINT ( 'NONE',  ( 38.17208352471163124, 5.070189294617357234, -19.56477271164543907 ) ) ;
#5261 = CARTESIAN_POINT ( 'NONE',  ( 37.99999999999999289, -1.285310116971521088, -20.16950403483404486 ) ) ;
#5262 = CARTESIAN_POINT ( 'NONE',  ( 40.18673432316086291, 5.175551602247153049, -19.54996647529175391 ) ) ;
#5263 = CARTESIAN_POINT ( 'NONE',  ( 41.46233079448219883, 6.651450407984406787, -19.58435158939925813 ) ) ;
#5264 = VERTEX_POINT ( 'NONE', #7213 ) ;
#5265 = AXIS2_PLACEMENT_3D ( 'NONE', #7090, #1467, #4055 ) ;
#5266 = EDGE_CURVE ( 'NONE', #6496, #3508, #7296, .T. ) ;
#5267 = CARTESIAN_POINT ( 'NONE',  ( 39.93006152743546977, 7.544167299016507400, 19.33195906276572273 ) ) ;
#5268 = VERTEX_POINT ( 'NONE', #2244 ) ;
#5269 = CARTESIAN_POINT ( 'NONE',  ( 3.376302353153566749, 19.01318795800907324, -6.827824051826314466 ) ) ;
#5270 = EDGE_CURVE ( 'NONE', #6133, #7278, #1634, .T. ) ;
#5271 = CARTESIAN_POINT ( 'NONE',  ( 42.36000448927297413, 2.728722560554466714, -20.09617925225261459 ) ) ;
#5272 = DIRECTION ( 'NONE',  ( 0.000000000000000000, -0.4095215355438329152, -0.9123004504689347094 ) ) ;
#5273 = CARTESIAN_POINT ( 'NONE',  ( 38.98496396638930150, -14.85691524138701958, -14.05853498896250464 ) ) ;
#5274 = CARTESIAN_POINT ( 'NONE',  ( 40.97012173257257928, -6.400380910015714520, -19.44166312871984914 ) ) ;
#5275 = CARTESIAN_POINT ( 'NONE',  ( 39.78048599975744537, -2.049077145164647451, 20.11079854967065472 ) ) ;
#5276 = CARTESIAN_POINT ( 'NONE',  ( 39.87753972604784991, 5.233571535519741087E-15, -20.14747158595889331 ) ) ;
#5277 = CARTESIAN_POINT ( 'NONE',  ( 37.99999999999999289, 1.285310116971526195, -20.16950403483404486 ) ) ;
#5278 = ORIENTED_EDGE ( 'NONE', *, *, #6675, .T. ) ;
#5279 = EDGE_CURVE ( 'NONE', #1493, #5577, #7017, .T. ) ;
#5280 = ORIENTED_EDGE ( 'NONE', *, *, #2872, .T. ) ;
#5281 = EDGE_CURVE ( 'NONE', #6124, #6853, #4392, .T. ) ;
#5282 = CARTESIAN_POINT ( 'NONE',  ( 39.88620185298155718, 3.796224718402139597, 19.95072743634244716 ) ) ;
#5283 = CARTESIAN_POINT ( 'NONE',  ( 37.17362906404271428, 45.00000000000000000, 20.19999999999999574 ) ) ;
#5284 = CARTESIAN_POINT ( 'NONE',  ( 59.99999999943660356, 10.99999999949213425, 0.3330826604883043718 ) ) ;
#5285 = AXIS2_PLACEMENT_3D ( 'NONE', #7435, #4163, #4279 ) ;
#5286 = DIRECTION ( 'NONE',  ( 1.000000000000000000, 0.000000000000000000, 0.000000000000000000 ) ) ;
#5287 = CARTESIAN_POINT ( 'NONE',  ( 40.53041739391703402, 26.08633912463021787, -20.19999999999999929 ) ) ;
#5288 = CARTESIAN_POINT ( 'NONE',  ( 37.17362906404271428, 45.00000000000000000, -20.19999999999999929 ) ) ;
#5289 = CARTESIAN_POINT ( 'NONE',  ( 16.19317814881473794, 19.55407033617699497, -5.074329045921616377 ) ) ;
#5290 = EDGE_LOOP ( 'NONE', ( #5436, #7488, #3240, #5634 ) ) ;
#5291 = CARTESIAN_POINT ( 'NONE',  ( 2.524189797966536197, 21.74591458557846479, 2.871589435777350818 ) ) ;
#5292 = AXIS2_PLACEMENT_3D ( 'NONE', #2697, #6550, #2164 ) ;
#5293 = CARTESIAN_POINT ( 'NONE',  ( 40.00000000000000000, 45.00000000000000000, -4.000000000000000000 ) ) ;
#5294 = CARTESIAN_POINT ( 'NONE',  ( 38.30601156935253471, -5.929009122388851694, -19.31560545126077955 ) ) ;
#5295 = DIRECTION ( 'NONE',  ( -1.000000000000000000, -0.000000000000000000, 0.000000000000000000 ) ) ;
#5296 = CARTESIAN_POINT ( 'NONE',  ( 40.21971487093644271, 12.49856518385883852, 19.11133496785580377 ) ) ;
#5297 = CARTESIAN_POINT ( 'NONE',  ( 38.00000000000000711, -13.63788325843346882, -14.91990597263503382 ) ) ;
#5298 = CARTESIAN_POINT ( 'NONE',  ( 38.93149031464410115, -11.62964129848358752, 16.77275334441984711 ) ) ;
#5299 = CARTESIAN_POINT ( 'NONE',  ( 2.899440571443471892, 19.15696293410671913, 6.407087570906232266 ) ) ;
#5300 = CIRCLE ( 'NONE', #2280, 5.250000000000000000 ) ;
#5301 = DIRECTION ( 'NONE',  ( 1.000000000000000000, 0.000000000000000000, 0.000000000000000000 ) ) ;
#5302 = ORIENTED_EDGE ( 'NONE', *, *, #1760, .T. ) ;
#5303 = CARTESIAN_POINT ( 'NONE',  ( 42.62636567599252402, 6.485531936954231653E-15, -20.12184141323688280 ) ) ;
#5304 = PLANE ( 'NONE',  #1892 ) ;
#5305 = CARTESIAN_POINT ( 'NONE',  ( 10.00000000000000178, 45.00200000000000244, 3.850000000000000533 ) ) ;
#5306 = CARTESIAN_POINT ( 'NONE',  ( 39.41623295659709214, -3.887541494274890486, -19.81419575115539189 ) ) ;
#5307 = ADVANCED_FACE ( 'NONE', ( #4219 ), #5978, .T. ) ;
#5308 = LINE ( 'NONE', #7025, #5114 ) ;
#5309 = DIRECTION ( 'NONE',  ( 0.000000000000000000, -1.000000000000000000, 0.000000000000000000 ) ) ;
#5310 = CARTESIAN_POINT ( 'NONE',  ( 40.00000000000000000, -21.83666641225257621, 3.999999999999997335 ) ) ;
#5311 = CARTESIAN_POINT ( 'NONE',  ( 40.89720432267939998, 0.6654957320366842177, -20.11519533923546632 ) ) ;
#5312 = ORIENTED_EDGE ( 'NONE', *, *, #2588, .F. ) ;
#5313 = CARTESIAN_POINT ( 'NONE',  ( 2.006234688106807162, -21.56006377476364122, 0.3653578544652132387 ) ) ;
#5314 = ORIENTED_EDGE ( 'NONE', *, *, #6198, .F. ) ;
#5315 = FACE_OUTER_BOUND ( 'NONE', #1952, .T. ) ;
#5316 = VECTOR ( 'NONE', #1263, 1000.000000000000000 ) ;
#5317 = CARTESIAN_POINT ( 'NONE',  ( 42.66553127211037832, 2.142636966011065347, -20.12159548120341057 ) ) ;
#5318 = CARTESIAN_POINT ( 'NONE',  ( 39.41562989740754119, 3.022797475154812563, 19.99539992299807167 ) ) ;
#5319 = EDGE_CURVE ( 'NONE', #666, #270, #6216, .T. ) ;
#5320 = CARTESIAN_POINT ( 'NONE',  ( 10.00000000000000178, 37.09999999999999432, -3.850000000000000533 ) ) ;
#5321 = CARTESIAN_POINT ( 'NONE',  ( 40.25420816077142661, -9.001087360721040653, -18.41167475967319689 ) ) ;
#5322 = AXIS2_PLACEMENT_3D ( 'NONE', #6135, #2831, #5626 ) ;
#5323 = CARTESIAN_POINT ( 'NONE',  ( 39.56897582623828669, -4.047239464865327818, 19.86574831512147910 ) ) ;
#5324 = CARTESIAN_POINT ( 'NONE',  ( 39.62567678273313021, 3.873244252945029498, -19.81180981773646010 ) ) ;
#5325 = CARTESIAN_POINT ( 'NONE',  ( 41.73087358816236758, -15.80673688723786796, -19.00194140002784593 ) ) ;
#5326 = ORIENTED_EDGE ( 'NONE', *, *, #1855, .T. ) ;
#5327 = ORIENTED_EDGE ( 'NONE', *, *, #7923, .F. ) ;
#5328 = CIRCLE ( 'NONE', #3362, 3.850000000000000533 ) ;
#5329 = CARTESIAN_POINT ( 'NONE',  ( 39.48879783435697988, 7.714223365342173899, 18.98262542293292654 ) ) ;
#5330 = CARTESIAN_POINT ( 'NONE',  ( 15.52971324394730068, -19.60801393665360948, 5.790394220698851235 ) ) ;
#5331 = DIRECTION ( 'NONE',  ( 0.000000000000000000, 0.000000000000000000, 1.000000000000000000 ) ) ;
#5332 = EDGE_CURVE ( 'NONE', #51, #2901, #3738, .T. ) ;
#5333 = CARTESIAN_POINT ( 'NONE',  ( 38.71731564772743184, 6.591554453470321207, -19.08699935071664910 ) ) ;
#5334 = CARTESIAN_POINT ( 'NONE',  ( 41.07596081507462316, 30.73693486944929631, -20.20000000000000284 ) ) ;
#5335 = CARTESIAN_POINT ( 'NONE',  ( 58.60547139016919971, 10.43195122150142673, 5.103929884271336093 ) ) ;
#5336 = CARTESIAN_POINT ( 'NONE',  ( 14.81719416055551619, 19.87583517863245675, -6.394516013265658216 ) ) ;
#5337 = CARTESIAN_POINT ( 'NONE',  ( 40.45979295075549231, 40.05771762630100596, 20.19999999999999929 ) ) ;
#5338 = CARTESIAN_POINT ( 'NONE',  ( 38.57945625334512130, -7.927384978815985583, -18.55981435300637372 ) ) ;
#5339 = CARTESIAN_POINT ( 'NONE',  ( 38.00000000000000000, 19.10255753355022179, 10.76718606124197919 ) ) ;
#5340 = CARTESIAN_POINT ( 'NONE',  ( 17.33212111192934657, -45.00000000000000000, -3.199999999999999289 ) ) ;
#5341 = DIRECTION ( 'NONE',  ( 0.000000000000000000, 0.000000000000000000, 1.000000000000000000 ) ) ;
#5342 = CARTESIAN_POINT ( 'NONE',  ( 6.078395854880422888, -20.41738609123282089, 6.972877521438402226 ) ) ;
#5343 = CARTESIAN_POINT ( 'NONE',  ( 39.73041568492968878, -2.552712166031102292, 20.06869851170060670 ) ) ;
#5344 = CARTESIAN_POINT ( 'NONE',  ( 60.00000000000001421, 45.00000000000000000, 0.000000000000000000 ) ) ;
#5345 = VERTEX_POINT ( 'NONE', #2329 ) ;
#5346 = ORIENTED_EDGE ( 'NONE', *, *, #3665, .T. ) ;
#5347 = CYLINDRICAL_SURFACE ( 'NONE', #5687, 3.850000000000000533 ) ;
#5348 = CARTESIAN_POINT ( 'NONE',  ( 38.00000000000000711, 7.493452557764597621, -18.75944409347832931 ) ) ;
#5349 = CARTESIAN_POINT ( 'NONE',  ( 38.35241343339536257, -4.325751199925957025, -19.74334332542865411 ) ) ;
#5350 = CARTESIAN_POINT ( 'NONE',  ( 4.689526181329671140, -19.32254863638129905, -6.003905993667220109 ) ) ;
#5351 = DIRECTION ( 'NONE',  ( -1.000000000000000000, -0.000000000000000000, -6.505213034913026604E-17 ) ) ;
#5352 = CARTESIAN_POINT ( 'NONE',  ( 40.89793231898407555, 14.58887060060413532, -18.05955574562323207 ) ) ;
#5353 = EDGE_LOOP ( 'NONE', ( #2648, #69, #3185, #1581, #5903, #6408, #2108, #8020, #6165, #1490, #763, #3551, #3344, #1912, #5605, #7250, #2007, #1459, #6193, #4302, #1177 ) ) ;
#5354 = ORIENTED_EDGE ( 'NONE', *, *, #4453, .F. ) ;
#5355 = CARTESIAN_POINT ( 'NONE',  ( 40.29694996617441660, 4.754909586423403918E-15, 20.17477572402366093 ) ) ;
#5356 = EDGE_CURVE ( 'NONE', #5503, #3722, #8050, .T. ) ;
#5357 = CARTESIAN_POINT ( 'NONE',  ( 44.28977746085510603, 3.149647354428795509, -20.19999999999999929 ) ) ;
#5358 = CARTESIAN_POINT ( 'NONE',  ( 39.56897582623835063, 4.047239464865331371, 19.86574831512151462 ) ) ;
#5359 = CARTESIAN_POINT ( 'NONE',  ( 40.43031652986459079, -12.45288297924556886, -17.56304779201902733 ) ) ;
#5360 = CARTESIAN_POINT ( 'NONE',  ( 40.25186651778378177, -10.93615383375214911, 19.21353517543393608 ) ) ;
#5361 = CARTESIAN_POINT ( 'NONE',  ( 39.85230645957911833, 1.016969825183785314, -20.13252536041051854 ) ) ;
#5362 = CARTESIAN_POINT ( 'NONE',  ( 38.00000000000000000, -45.00000000000000711, 18.00773976492945394 ) ) ;
#5363 = ORIENTED_EDGE ( 'NONE', *, *, #2060, .T. ) ;
#5364 = CARTESIAN_POINT ( 'NONE',  ( 39.96870057763027972, -12.33987088816857991, 18.00784564437825708 ) ) ;
#5365 =( BOUNDED_CURVE ( )  B_SPLINE_CURVE ( 2, ( #2186, #1660, #4165 ),
 .UNSPECIFIED., .F., .F. ) 
 B_SPLINE_CURVE_WITH_KNOTS ( ( 3, 3 ),
 ( 0.000000000000000000, 1.000000000000000000 ),
 .UNSPECIFIED. ) 
 CURVE ( )  GEOMETRIC_REPRESENTATION_ITEM ( )  RATIONAL_B_SPLINE_CURVE ( ( 1.000000000000000000, 0.9778293436149626539, 1.000000000000000000 ) ) 
 REPRESENTATION_ITEM ( '' )  );
#5366 = ORIENTED_EDGE ( 'NONE', *, *, #1760, .F. ) ;
#5367 = EDGE_CURVE ( 'NONE', #7157, #7652, #1003, .T. ) ;
#5368 = CARTESIAN_POINT ( 'NONE',  ( 40.33398862250238182, 5.214039231751238290, 19.92083721188928180 ) ) ;
#5369 = CARTESIAN_POINT ( 'NONE',  ( 35.75844788263933793, 43.73452883800349156, 20.19999999999999929 ) ) ;
#5370 = DIRECTION ( 'NONE',  ( -1.000000000000000000, -0.000000000000000000, -6.505213034913026604E-17 ) ) ;
#5371 = CARTESIAN_POINT ( 'NONE',  ( 39.06998143844159443, -12.00755818021753818, -16.35410317493400001 ) ) ;
#5372 = DIRECTION ( 'NONE',  ( 0.000000000000000000, 1.000000000000000000, 0.000000000000000000 ) ) ;
#5373 = CARTESIAN_POINT ( 'NONE',  ( 40.66088733412094314, -15.62267336911601667, -17.68447312592077125 ) ) ;
#5374 = CARTESIAN_POINT ( 'NONE',  ( 39.85083545316174991, 33.49298659800223987, 18.58839478367412923 ) ) ;
#5375 = DIRECTION ( 'NONE',  ( 0.000000000000000000, -1.000000000000000000, 0.000000000000000000 ) ) ;
#5376 = EDGE_CURVE ( 'NONE', #6045, #6944, #82, .T. ) ;
#5377 = CARTESIAN_POINT ( 'NONE',  ( 40.00000000000000000, 45.00000000000000000, 20.19999999999999929 ) ) ;
#5378 = CARTESIAN_POINT ( 'NONE',  ( 38.32422400437203436, 38.94915525047512261, 19.70454377866525419 ) ) ;
#5379 = CARTESIAN_POINT ( 'NONE',  ( 40.98398519100167903, -34.06793809123572458, -20.19999999999999574 ) ) ;
#5380 = CARTESIAN_POINT ( 'NONE',  ( 59.43199069485561381, -10.94608920474040126, 1.247205460838464619 ) ) ;
#5381 = DIRECTION ( 'NONE',  ( -0.000000000000000000, 0.9123004504689355976, 0.4095215355438312499 ) ) ;
#5382 = ORIENTED_EDGE ( 'NONE', *, *, #5198, .T. ) ;
#5383 = CARTESIAN_POINT ( 'NONE',  ( 38.00000000000000711, 4.938810380390113330, 19.59343725475082110 ) ) ;
#5384 = CARTESIAN_POINT ( 'NONE',  ( 45.00000000000000000, 5.393411618714902822, -20.19999999999999929 ) ) ;
#5385 = CARTESIAN_POINT ( 'NONE',  ( 38.83351568135770293, -0.5418846309934055583, -20.19259898406433607 ) ) ;
#5386 = CARTESIAN_POINT ( 'NONE',  ( 40.00000000000000000, 0.000000000000000000, -1.375734740513082141E-14 ) ) ;
#5387 = DIRECTION ( 'NONE',  ( 6.033820786006285717E-16, 0.000000000000000000, 1.000000000000000000 ) ) ;
#5388 = CARTESIAN_POINT ( 'NONE',  ( 40.68049648512925387, 10.85516901589451244, -18.24998822551799549 ) ) ;
#5389 = FACE_OUTER_BOUND ( 'NONE', #6481, .T. ) ;
#5390 = ORIENTED_EDGE ( 'NONE', *, *, #3711, .T. ) ;
#5391 = CARTESIAN_POINT ( 'NONE',  ( 2.990247625633706718, 19.84605707436353228, -3.871824250857930139 ) ) ;
#5392 = CARTESIAN_POINT ( 'NONE',  ( 41.40548430481091913, 5.303403161431730517, -19.74996224807199852 ) ) ;
#5393 = CARTESIAN_POINT ( 'NONE',  ( 40.02275897271850624, -15.19773513354261318, -15.81890333484464684 ) ) ;
#5394 = CARTESIAN_POINT ( 'NONE',  ( 39.88620185298152876, -3.796224718402135601, 19.95072743634240098 ) ) ;
#5395 = ADVANCED_FACE ( 'NONE', ( #7905 ), #1750, .T. ) ;
#5396 = CARTESIAN_POINT ( 'NONE',  ( 58.16145182799741065, 9.968086144763844914, 4.659932177499892525 ) ) ;
#5397 = EDGE_LOOP ( 'NONE', ( #5164, #6518, #4656, #1086, #3394, #6759 ) ) ;
#5398 = ORIENTED_EDGE ( 'NONE', *, *, #6819, .T. ) ;
#5399 = CARTESIAN_POINT ( 'NONE',  ( 40.21358840081385466, 4.345106748030257648, 19.96640826525612766 ) ) ;
#5400 = DIRECTION ( 'NONE',  ( 0.000000000000000000, -0.000000000000000000, -1.000000000000000000 ) ) ;
#5401 = CARTESIAN_POINT ( 'NONE',  ( 40.35726647998463079, -4.809891322018740034, -19.64846015000766144 ) ) ;
#5402 = DIRECTION ( 'NONE',  ( 0.000000000000000000, 0.000000000000000000, 1.000000000000000000 ) ) ;
#5403 = EDGE_CURVE ( 'NONE', #1300, #2529, #4668, .T. ) ;
#5404 = AXIS2_PLACEMENT_3D ( 'NONE', #1963, #3976, #7669 ) ;
#5405 = CARTESIAN_POINT ( 'NONE',  ( 54.47749599587345415, -6.810086742431539442, 9.664639627857468440 ) ) ;
#5406 = CARTESIAN_POINT ( 'NONE',  ( 39.80126058249400955, 33.89128553179524062, 18.63547684191236797 ) ) ;
#5407 = CARTESIAN_POINT ( 'NONE',  ( 39.34755955939003513, -8.894818143566958213, -18.05768488094031810 ) ) ;
#5408 = CARTESIAN_POINT ( 'NONE',  ( 1.470967741821989527, 20.09431369831154157, -2.102173994519111133 ) ) ;
#5409 = DIRECTION ( 'NONE',  ( -0.000000000000000000, 1.000000000000000000, 0.000000000000000000 ) ) ;
#5410 = CARTESIAN_POINT ( 'NONE',  ( 2.899440571443471892, 19.15696293410671913, 6.407087570906232266 ) ) ;
#5411 = CARTESIAN_POINT ( 'NONE',  ( 38.00000000000000000, 0.000000000000000000, 0.000000000000000000 ) ) ;
#5412 = CARTESIAN_POINT ( 'NONE',  ( 59.74475129874049628, -10.76866789521891477, 2.270597312257458533 ) ) ;
#5413 = CARTESIAN_POINT ( 'NONE',  ( 0.000000000000000000, 0.000000000000000000, 0.000000000000000000 ) ) ;
#5414 = CARTESIAN_POINT ( 'NONE',  ( 40.00318993396910372, -12.57984656067298879, 18.34720776405347564 ) ) ;
#5415 = EDGE_CURVE ( 'NONE', #3431, #1950, #2030, .T. ) ;
#5416 = AXIS2_PLACEMENT_3D ( 'NONE', #7644, #3262, #7033 ) ;
#5417 = VECTOR ( 'NONE', #7199, 1000.000000000000000 ) ;
#5418 = CARTESIAN_POINT ( 'NONE',  ( 38.96428358746530307, -41.02783552941644274, 20.19999999999999574 ) ) ;
#5419 = CARTESIAN_POINT ( 'NONE',  ( 40.34762995949932218, -2.989028073054922796, -19.95201607297527602 ) ) ;
#5420 = EDGE_CURVE ( 'NONE', #6751, #2691, #5745, .T. ) ;
#5421 = CARTESIAN_POINT ( 'NONE',  ( 38.33776329867742305, -41.18700730797572618, 20.19999999999999929 ) ) ;
#5422 = DIRECTION ( 'NONE',  ( -1.000000000000000000, 0.000000000000000000, -1.948774242403888243E-17 ) ) ;
#5423 = CARTESIAN_POINT ( 'NONE',  ( 40.54985265925491689, 6.168360661042905591, -19.36769633690335013 ) ) ;
#5424 = ORIENTED_EDGE ( 'NONE', *, *, #1607, .F. ) ;
#5425 = VECTOR ( 'NONE', #5301, 1000.000000000000000 ) ;
#5426 = CARTESIAN_POINT ( 'NONE',  ( 2.535450199271514826, -20.48374879866167930, 2.892122369761948697 ) ) ;
#5427 = ORIENTED_EDGE ( 'NONE', *, *, #5270, .T. ) ;
#5428 = CARTESIAN_POINT ( 'NONE',  ( 40.73387594407097367, -3.560409743928302007, 20.14696892327241429 ) ) ;
#5429 = CARTESIAN_POINT ( 'NONE',  ( 43.87543047556790299, 10.45621040326984819, -20.13670246724996815 ) ) ;
#5430 = B_SPLINE_CURVE_WITH_KNOTS ( 'NONE', 3,
 ( #7606, #74, #3836, #6873, #7486, #1372 ),
 .UNSPECIFIED., .F., .F.,
 ( 4, 2, 4 ),
 ( 0.000000000000000000, 0.5000000000000000000, 1.000000000000000000 ),
 .UNSPECIFIED. ) ;
#5431 = CARTESIAN_POINT ( 'NONE',  ( 39.92467199442938153, -15.22729893443440830, -15.33074541311978400 ) ) ;
#5432 = CARTESIAN_POINT ( 'NONE',  ( 40.23707402356543383, -8.045306594432016567, 19.52210983684576462 ) ) ;
#5433 = CARTESIAN_POINT ( 'NONE',  ( 38.00000000000000000, 0.000000000000000000, 0.000000000000000000 ) ) ;
#5434 = ORIENTED_EDGE ( 'NONE', *, *, #6007, .T. ) ;
#5435 = AXIS2_PLACEMENT_3D ( 'NONE', #3840, #5722, #5804 ) ;
#5436 = ORIENTED_EDGE ( 'NONE', *, *, #7906, .F. ) ;
#5437 = CIRCLE ( 'NONE', #3209, 1.999999999999999778 ) ;
#5438 = VECTOR ( 'NONE', #4909, 1000.000000000000000 ) ;
#5439 = CARTESIAN_POINT ( 'NONE',  ( 59.50000000000001421, -11.00000000000000000, -3.322472255405742636E-16 ) ) ;
#5440 = CARTESIAN_POINT ( 'NONE',  ( 39.31646247743478284, -8.888798402911531227, -18.07582520436967854 ) ) ;
#5441 = CARTESIAN_POINT ( 'NONE',  ( 39.50859828471018886, -15.12235578544236780, -14.40506615192983375 ) ) ;
#5442 = CARTESIAN_POINT ( 'NONE',  ( 52.04295497750970867, -1.736096550771557112, 10.89676630568576421 ) ) ;
#5443 = CARTESIAN_POINT ( 'NONE',  ( 39.96690615117401535, 32.17279462437345217, 18.42935940103983938 ) ) ;
#5444 = ORIENTED_EDGE ( 'NONE', *, *, #3426, .T. ) ;
#5445 = AXIS2_PLACEMENT_3D ( 'NONE', #856, #7127, #3365 ) ;
#5446 = CARTESIAN_POINT ( 'NONE',  ( 38.00000000000000711, -10.12279082468543301, -17.49434600123490213 ) ) ;
#5447 = CIRCLE ( 'NONE', #482, 2.000000000000000444 ) ;
#5448 = CARTESIAN_POINT ( 'NONE',  ( 2.535450199269718929, 20.48374879866528175, -2.892122369755002254 ) ) ;
#5449 = CARTESIAN_POINT ( 'NONE',  ( 38.00000000000000000, 45.00000000000000000, 2.000000000000000000 ) ) ;
#5450 = EDGE_CURVE ( 'NONE', #6262, #5957, #1180, .T. ) ;
#5451 = CARTESIAN_POINT ( 'NONE',  ( 39.95183793462320665, 32.68167843431571384, 18.49249034119101154 ) ) ;
#5452 = CARTESIAN_POINT ( 'NONE',  ( 38.61991627125220816, -14.76877058526510211, -13.91857198245497962 ) ) ;
#5453 = CARTESIAN_POINT ( 'NONE',  ( 38.53525363538946635, -2.134895122674746570, 20.09699729033302873 ) ) ;
#5454 = CARTESIAN_POINT ( 'NONE',  ( 38.00000000000000000, 18.28351446246255563, -12.59178696217984950 ) ) ;
#5455 = AXIS2_PLACEMENT_3D ( 'NONE', #6150, #1127, #3089 ) ;
#5456 = LINE ( 'NONE', #7465, #1237 ) ;
#5457 = EDGE_CURVE ( 'NONE', #7652, #4451, #7484, .T. ) ;
#5458 = CARTESIAN_POINT ( 'NONE',  ( 5.668161616346387710, -20.02471690951929162, -6.796612688758105314 ) ) ;
#5459 = CARTESIAN_POINT ( 'NONE',  ( 45.00000000000000711, 0.6741764523393691810, -20.20000000000000284 ) ) ;
#5460 = B_SPLINE_CURVE_WITH_KNOTS ( 'NONE', 3,
 ( #553, #3053, #5471, #7475, #515, #5541 ),
 .UNSPECIFIED., .F., .F.,
 ( 4, 2, 4 ),
 ( 0.001765708062918800759, 0.002466495487219238884, 0.003167282911519677009 ),
 .UNSPECIFIED. ) ;
#5461 = ORIENTED_EDGE ( 'NONE', *, *, #4754, .F. ) ;
#5462 = CARTESIAN_POINT ( 'NONE',  ( 3.355132636048178352, -21.48927860934463396, -4.467936212684143094 ) ) ;
#5463 = CARTESIAN_POINT ( 'NONE',  ( 40.81487141521586182, 1.323420613184927541, -20.09558304301038589 ) ) ;
#5464 = CARTESIAN_POINT ( 'NONE',  ( 40.71643220487577963, 4.830419608702368528, -19.68647750686644571 ) ) ;
#5465 = ORIENTED_EDGE ( 'NONE', *, *, #2823, .F. ) ;
#5466 = EDGE_LOOP ( 'NONE', ( #3673, #2318, #2706, #6406, #5919 ) ) ;
#5467 = CARTESIAN_POINT ( 'NONE',  ( 1.470967742048930882, -19.99513225868718180, 2.897458278045217384 ) ) ;
#5468 = VERTEX_POINT ( 'NONE', #8014 ) ;
#5469 = CARTESIAN_POINT ( 'NONE',  ( 42.00000000000002132, -8.474799243771025559, 20.20000000000000284 ) ) ;
#5470 = EDGE_CURVE ( 'NONE', #7985, #6909, #7048, .T. ) ;
#5471 = CARTESIAN_POINT ( 'NONE',  ( 16.90508189445760223, -19.79158369566499687, 4.046446025145867154 ) ) ;
#5472 = CARTESIAN_POINT ( 'NONE',  ( 40.40857887234196255, -12.50967963262987226, -17.51667287237215831 ) ) ;
#5473 = CARTESIAN_POINT ( 'NONE',  ( 40.03686501228469297, -6.672850263952125438, 19.57513597532325278 ) ) ;
#5474 =( BOUNDED_SURFACE ( )  B_SPLINE_SURFACE ( 3, 2, ( 
 ( #4914, #7375, #4759 ),
 ( #4188, #6641, #1031 ),
 ( #491, #2333, #5560 ),
 ( #7335, #7299, #5405 ),
 ( #2248, #6053, #1683 ),
 ( #1718, #4837, #1800 ),
 ( #4872, #1104, #412 ),
 ( #5442, #4222, #1637 ),
 ( #4299, #569, #3029 ),
 ( #7912, #6797, #2292 ),
 ( #1148, #2372, #2914 ),
 ( #4799, #6679, #2414 ),
 ( #3602, #1063, #4146 ),
 ( #2992, #3533, #3565 ),
 ( #452, #3639, #5482 ),
 ( #6102, #5519, #2950 ),
 ( #8018, #7947, #7982 ),
 ( #1755, #4260, #6758 ) ),
 .UNSPECIFIED., .F., .F., .T. ) 
 B_SPLINE_SURFACE_WITH_KNOTS ( ( 4, 2, 2, 2, 2, 2, 2, 2, 4 ),
 ( 3, 3 ),
 ( 2.194606174056266124, 2.431352793939647761, 2.668099413823029842, 2.904846033706411479, 3.141592653589793116, 3.378339273473174753, 3.615085893356556390, 3.851832513239938027, 4.088579133123319664 ),
 ( 0.000000000000000000, 1.000000000000000000 ),
 .UNSPECIFIED. ) 
 GEOMETRIC_REPRESENTATION_ITEM ( )  RATIONAL_B_SPLINE_SURFACE ( (
 ( 1.000000000000000000, 0.5417363388859599560, 1.000000000000000000),
 ( 1.000000000000000000, 0.5208436081479557167, 1.000000000000000000),
 ( 1.000000000000000000, 0.5004821551256196654, 1.000000000000000000),
 ( 1.000000000000000000, 0.4627081121508481720, 1.000000000000000000),
 ( 1.000000000000000000, 0.4452924151720853430, 1.000000000000000000),
 ( 1.000000000000000000, 0.4157401431383122570, 1.000000000000000000),
 ( 1.000000000000000000, 0.4036346859890740935, 1.000000000000000000),
 ( 1.000000000000000000, 0.3870828807879635458, 1.000000000000000000),
 ( 1.000000000000000000, 0.3826834323650885605, 1.000000000000000000),
 ( 1.000000000000000000, 0.3826834323650885605, 1.000000000000000000),
 ( 1.000000000000000000, 0.3870828807830577478, 1.000000000000000000),
 ( 1.000000000000000000, 0.4036346859939998755, 1.000000000000000000),
 ( 1.000000000000000000, 0.4157401431382011237, 1.000000000000000000),
 ( 1.000000000000000000, 0.4452924151721956991, 1.000000000000000000),
 ( 1.000000000000000000, 0.4627081121499759253, 1.000000000000000000),
 ( 1.000000000000000000, 0.5004821551264915236, 1.000000000000000000),
 ( 1.000000000000000000, 0.5208436081473073465, 1.000000000000000000),
 ( 1.000000000000000000, 0.5417363388859599560, 1.000000000000000000) ) ) 
 REPRESENTATION_ITEM ( '' )  SURFACE ( )  );
#5475 = CARTESIAN_POINT ( 'NONE',  ( 37.99999999999999289, 14.72255604027581199, -13.83063063063062792 ) ) ;
#5476 = VERTEX_POINT ( 'NONE', #1864 ) ;
#5477 = VERTEX_POINT ( 'NONE', #2410 ) ;
#5478 = DIRECTION ( 'NONE',  ( 0.000000000000000000, 1.224646799147352714E-16, 1.000000000000000000 ) ) ;
#5479 = CARTESIAN_POINT ( 'NONE',  ( 10.00000000000000355, -22.70553022664231690, 8.000000000000000000 ) ) ;
#5480 = CARTESIAN_POINT ( 'NONE',  ( 40.40756221805354187, -5.112466580658342252, -19.58907168942319643 ) ) ;
#5481 = DIRECTION ( 'NONE',  ( 1.000000000000000000, -0.000000000000000000, -3.426614273534434686E-16 ) ) ;
#5482 = CARTESIAN_POINT ( 'NONE',  ( 54.47749599587343283, 6.810086742431511908, 9.664639627857493309 ) ) ;
#5483 = VERTEX_POINT ( 'NONE', #1796 ) ;
#5484 = CARTESIAN_POINT ( 'NONE',  ( 39.99051547352102176, 31.57893166059652756, 18.34400561390827633 ) ) ;
#5485 = VERTEX_POINT ( 'NONE', #6794 ) ;
#5486 = CARTESIAN_POINT ( 'NONE',  ( 38.00000000000000000, 41.18700821125062816, 20.19999999999999929 ) ) ;
#5487 = FACE_OUTER_BOUND ( 'NONE', #1668, .T. ) ;
#5488 = CARTESIAN_POINT ( 'NONE',  ( 38.56442562450057210, 41.13782557566501907, 20.19999999999999929 ) ) ;
#5489 = DIRECTION ( 'NONE',  ( -1.428686565828614344E-15, -0.5671976109090026696, 0.8235817325433583136 ) ) ;
#5490 = CARTESIAN_POINT ( 'NONE',  ( 38.54448826229754843, -1.679174451461159068, 20.13707642999488812 ) ) ;
#5491 = CARTESIAN_POINT ( 'NONE',  ( 50.00000000000000000, -36.50000000000000000, 0.000000000000000000 ) ) ;
#5492 = DIRECTION ( 'NONE',  ( 1.000000000000000000, 0.000000000000000000, 0.000000000000000000 ) ) ;
#5493 = EDGE_CURVE ( 'NONE', #3831, #7633, #4307, .T. ) ;
#5494 = CARTESIAN_POINT ( 'NONE',  ( 39.41446739863830118, 11.78313987870417279, 17.12358276649948152 ) ) ;
#5495 = CARTESIAN_POINT ( 'NONE',  ( 40.36034227923209983, -32.67359669208261153, 20.20000000000347384 ) ) ;
#5496 = CARTESIAN_POINT ( 'NONE',  ( 39.78048599975745958, 2.049077145164651004, 20.11079854967066893 ) ) ;
#5497 = ORIENTED_EDGE ( 'NONE', *, *, #5757, .T. ) ;
#5498 = CARTESIAN_POINT ( 'NONE',  ( 51.93502884254439067, 1.347111479062088405E-15, 10.99999999999998046 ) ) ;
#5499 = DIRECTION ( 'NONE',  ( 1.000000000000000000, -0.000000000000000000, -3.426614273534434686E-16 ) ) ;
#5500 = EDGE_CURVE ( 'NONE', #7630, #8048, #2152, .T. ) ;
#5501 = CARTESIAN_POINT ( 'NONE',  ( 40.57770254862211345, 3.622369114597614459, -19.87658736801830273 ) ) ;
#5502 = DIRECTION ( 'NONE',  ( 1.000000000000000000, 0.000000000000000000, 1.948774242403888243E-17 ) ) ;
#5503 = VERTEX_POINT ( 'NONE', #8058 ) ;
#5504 = CARTESIAN_POINT ( 'NONE',  ( 40.12223824641448999, -2.073060976677858047, 20.12460818704834864 ) ) ;
#5505 = CARTESIAN_POINT ( 'NONE',  ( 45.00000000000000711, 13.48352904678724862, -20.19999999999999929 ) ) ;
#5506 = CARTESIAN_POINT ( 'NONE',  ( 38.54878873326322974, 11.58609101746644932, 16.63929283756880650 ) ) ;
#5507 = DIRECTION ( 'NONE',  ( 6.440804985062402444E-17, 0.000000000000000000, -1.000000000000000000 ) ) ;
#5508 = CARTESIAN_POINT ( 'NONE',  ( 38.65613795000795960, 38.35994819514174026, 19.53289170540942976 ) ) ;
#5509 = ADVANCED_FACE ( 'NONE', ( #4368 ), #4949, .F. ) ;
#5510 = CARTESIAN_POINT ( 'NONE',  ( 2.031288514253601019, 21.57844137421954755, -0.7304567778532167210 ) ) ;
#5511 =( GEOMETRIC_REPRESENTATION_CONTEXT ( 3 ) GLOBAL_UNCERTAINTY_ASSIGNED_CONTEXT ( ( #1192 ) ) GLOBAL_UNIT_ASSIGNED_CONTEXT ( ( #2342, #6843, #7427 ) ) REPRESENTATION_CONTEXT ( 'NONE', 'WORKASPACE' ) );
#5512 = VERTEX_POINT ( 'NONE', #1946 ) ;
#5513 = DIRECTION ( 'NONE',  ( 0.000000000000000000, -1.000000000000000000, 0.000000000000000000 ) ) ;
#5514 = AXIS2_PLACEMENT_3D ( 'NONE', #2246, #7177, #1636 ) ;
#5515 = CARTESIAN_POINT ( 'NONE',  ( 41.51962679734124606, -9.407904421736521527, -19.22575093473122010 ) ) ;
#5516 = CARTESIAN_POINT ( 'NONE',  ( 40.03377622284153148, -6.816049996781856635, -19.05634123296445637 ) ) ;
#5517 = CARTESIAN_POINT ( 'NONE',  ( 39.99999999999999289, -16.05803077114966015, -15.15836036806978626 ) ) ;
#5518 = EDGE_CURVE ( 'NONE', #530, #6966, #2521, .T. ) ;
#5519 = CARTESIAN_POINT ( 'NONE',  ( 55.98971777685773787, 7.448486147342319619, 8.152417846871367502 ) ) ;
#5520 = VERTEX_POINT ( 'NONE', #680 ) ;
#5521 = CARTESIAN_POINT ( 'NONE',  ( 5.850471268647269518, 19.04220005801548155, 6.845648281776919752 ) ) ;
#5522 = DIRECTION ( 'NONE',  ( -0.000000000000000000, -1.000000000000000000, -0.000000000000000000 ) ) ;
#5523 = LINE ( 'NONE', #2420, #5783 ) ;
#5524 = VECTOR ( 'NONE', #2001, 1000.000000000000000 ) ;
#5525 = CARTESIAN_POINT ( 'NONE',  ( 10.00000000000000178, -45.00000000000000000, 4.100000000000055600 ) ) ;
#5526 = CARTESIAN_POINT ( 'NONE',  ( 37.99999999999999289, -4.947573068555307243E-15, 20.20000000000000284 ) ) ;
#5527 = CARTESIAN_POINT ( 'NONE',  ( 3.958912358862449299, 21.20224213131796631, -5.287763271691757083 ) ) ;
#5528 = CARTESIAN_POINT ( 'NONE',  ( 38.00000000000000000, -17.51887679193139036, 10.05628937278198443 ) ) ;
#5529 = AXIS2_PLACEMENT_3D ( 'NONE', #6100, #5139, #8096 ) ;
#5530 = CARTESIAN_POINT ( 'NONE',  ( 41.95553655279916683, -6.134789097498762445, -19.82420140061487501 ) ) ;
#5531 = CARTESIAN_POINT ( 'NONE',  ( 39.87233690993922863, 12.13554201058341242, 17.74368616280938227 ) ) ;
#5532 = CARTESIAN_POINT ( 'NONE',  ( 40.19024573328258043, -31.71008700081943132, 20.20000000000317186 ) ) ;
#5533 = CARTESIAN_POINT ( 'NONE',  ( 32.53695085786922903, -40.81885151794763544, 20.19999999999999574 ) ) ;
#5534 = VECTOR ( 'NONE', #4050, 1000.000000000000000 ) ;
#5535 = EDGE_LOOP ( 'NONE', ( #442, #7521, #1291, #2220 ) ) ;
#5536 = CARTESIAN_POINT ( 'NONE',  ( 40.58578643762703564, -12.55707641300339539, 19.61421356237322655 ) ) ;
#5537 = CARTESIAN_POINT ( 'NONE',  ( 39.75959697931038761, 7.498947024068214340, -18.74523030091890874 ) ) ;
#5538 = ORIENTED_EDGE ( 'NONE', *, *, #5450, .T. ) ;
#5539 = CARTESIAN_POINT ( 'NONE',  ( 41.80699664513391411, -12.71219886565654811, 20.20000000000000639 ) ) ;
#5540 = VECTOR ( 'NONE', #3319, 1000.000000000000000 ) ;
#5541 = CARTESIAN_POINT ( 'NONE',  ( 16.38759021281741468, -19.61737262547869065, 4.816501974786185691 ) ) ;
#5542 = EDGE_CURVE ( 'NONE', #4048, #7600, #1219, .T. ) ;
#5543 = DIRECTION ( 'NONE',  ( -5.458173647343984451E-15, -0.9123004504689348204, -0.4095215355438327487 ) ) ;
#5544 = CARTESIAN_POINT ( 'NONE',  ( 40.86075538067061075, -15.65177729478656232, -18.00485675580824818 ) ) ;
#5545 = CARTESIAN_POINT ( 'NONE',  ( 39.48879783435693014, -7.714223365342180116, 18.98262542293290167 ) ) ;
#5546 = DIRECTION ( 'NONE',  ( -0.000000000000000000, 1.000000000000000000, -0.000000000000000000 ) ) ;
#5547 = VECTOR ( 'NONE', #6450, 1000.000000000000000 ) ;
#5548 = DIRECTION ( 'NONE',  ( -0.000000000000000000, 1.000000000000000000, 0.000000000000000000 ) ) ;
#5549 = ORIENTED_EDGE ( 'NONE', *, *, #109, .F. ) ;
#5550 = ORIENTED_EDGE ( 'NONE', *, *, #471, .T. ) ;
#5551 = AXIS2_PLACEMENT_3D ( 'NONE', #4964, #5492, #539 ) ;
#5552 = CARTESIAN_POINT ( 'NONE',  ( 50.00000000000000000, -45.00000000000000000, -4.099999999999633715 ) ) ;
#5553 = EDGE_CURVE ( 'NONE', #270, #7170, #639, .T. ) ;
#5554 = B_SPLINE_CURVE_WITH_KNOTS ( 'NONE', 3,
 ( #1009, #3514, #1851, #1780, #7510, #2507, #3164, #3624, #7552, #548, #6191, #7471, #5007, #4395, #1818, #626, #1889, #661, #6737, #6781, #4971, #3128 ),
 .UNSPECIFIED., .F., .F.,
 ( 4, 2, 2, 2, 2, 2, 2, 2, 2, 2, 4 ),
 ( 0.000000000000000000, 0.1250000000000000000, 0.2500000000000000000, 0.3750000000000000000, 0.5000000000000000000, 0.5312500000000000000, 0.5625000000000000000, 0.6250000000000000000, 0.7500000000000000000, 0.8750000000000000000, 1.000000000000000000 ),
 .UNSPECIFIED. ) ;
#5555 = CARTESIAN_POINT ( 'NONE',  ( 38.30601156935253471, 5.929009122388854358, -19.31560545126077955 ) ) ;
#5556 = CARTESIAN_POINT ( 'NONE',  ( 1.470967741935481188, 19.15696293410672268, 6.407087570906232266 ) ) ;
#5557 = CARTESIAN_POINT ( 'NONE',  ( 40.75957178086010657, -5.273670747242494627, -19.60879130443857576 ) ) ;
#5558 = AXIS2_PLACEMENT_3D ( 'NONE', #6820, #8086, #6861 ) ;
#5559 = CARTESIAN_POINT ( 'NONE',  ( 38.00000000000000000, -21.83666641225257976, 4.000000000000000000 ) ) ;
#5560 = CARTESIAN_POINT ( 'NONE',  ( 55.66094184260349920, -8.186273269281816312, 8.481193781127428721 ) ) ;
#5561 = VERTEX_POINT ( 'NONE', #4446 ) ;
#5562 = CARTESIAN_POINT ( 'NONE',  ( 2.455338465590969133, 19.28972809464915983, 6.022556957951070267 ) ) ;
#5563 = CARTESIAN_POINT ( 'NONE',  ( 40.00000000000000000, 15.99547886150621068, -15.13704652660375061 ) ) ;
#5564 = AXIS2_PLACEMENT_3D ( 'NONE', #2911, #3636, #6095 ) ;
#5565 = EDGE_CURVE ( 'NONE', #4048, #2202, #2180, .T. ) ;
#5566 = CARTESIAN_POINT ( 'NONE',  ( 42.10115222743656460, 32.89714076693146438, 20.19999999999999929 ) ) ;
#5567 = CARTESIAN_POINT ( 'NONE',  ( 39.75174660686456463, 15.01813047427184067, -15.00481644653898172 ) ) ;
#5568 = FACE_OUTER_BOUND ( 'NONE', #4855, .T. ) ;
#5569 = CARTESIAN_POINT ( 'NONE',  ( 58.72301628675413099, -9.854934487352974060, 4.904994619325531602 ) ) ;
#5570 = CARTESIAN_POINT ( 'NONE',  ( 30.45551943308869625, -39.13940053353145032, -19.76150225234467683 ) ) ;
#5571 = CARTESIAN_POINT ( 'NONE',  ( 40.00000000000000000, 19.61737262547869420, -4.816501974786174145 ) ) ;
#5572 = AXIS2_PLACEMENT_3D ( 'NONE', #6432, #827, #916 ) ;
#5573 = CIRCLE ( 'NONE', #4660, 3.850000000000000533 ) ;
#5574 = LINE ( 'NONE', #622, #2110 ) ;
#5575 = CARTESIAN_POINT ( 'NONE',  ( 40.00000000000000000, 21.55968674681321673, 5.293383358428374486 ) ) ;
#5576 = CARTESIAN_POINT ( 'NONE',  ( 10.00000000000000178, -45.00000000000000000, 0.000000000000000000 ) ) ;
#5577 = VERTEX_POINT ( 'NONE', #5794 ) ;
#5578 = CARTESIAN_POINT ( 'NONE',  ( 39.17157287525380838, -45.00000000000000000, -18.00773976492944684 ) ) ;
#5579 = CARTESIAN_POINT ( 'NONE',  ( 5.175946343420508633, 19.70952988586055454, -6.655128735915731397 ) ) ;
#5580 = CARTESIAN_POINT ( 'NONE',  ( 40.31200242914726317, 15.60519131709097884, -16.93894794858259800 ) ) ;
#5581 = ORIENTED_EDGE ( 'NONE', *, *, #3553, .F. ) ;
#5582 = CARTESIAN_POINT ( 'NONE',  ( 40.33398862250233918, -5.214039231751226744, 19.92083721188925338 ) ) ;
#5583 = CARTESIAN_POINT ( 'NONE',  ( 40.15990877172140472, 2.591940124137724233, 20.09696042355096068 ) ) ;
#5584 = CARTESIAN_POINT ( 'NONE',  ( 37.99999999999999289, 11.56695572460641230, 16.56036036036036663 ) ) ;
#5585 = CARTESIAN_POINT ( 'NONE',  ( 39.99999999999999289, -16.07810832639103538, -15.29007613882944128 ) ) ;
#5586 = CYLINDRICAL_SURFACE ( 'NONE', #2308, 20.19999999999999929 ) ;
#5587 = DIRECTION ( 'NONE',  ( 0.000000000000000000, 1.000000000000000000, 0.000000000000000000 ) ) ;
#5588 = ORIENTED_EDGE ( 'NONE', *, *, #3953, .F. ) ;
#5589 = EDGE_CURVE ( 'NONE', #6298, #7799, #7154, .T. ) ;
#5590 = ORIENTED_EDGE ( 'NONE', *, *, #1900, .T. ) ;
#5591 = CARTESIAN_POINT ( 'NONE',  ( 40.00000000000000000, 0.000000000000000000, 20.19999999999999929 ) ) ;
#5592 = CARTESIAN_POINT ( 'NONE',  ( 39.63710456462582243, -9.732346008194475928, -17.81462802102666032 ) ) ;
#5593 = CARTESIAN_POINT ( 'NONE',  ( 1.470967741935481854, 19.10255753355022179, -10.76718606124198097 ) ) ;
#5594 = CARTESIAN_POINT ( 'NONE',  ( 42.00000000000000711, -10.59349905471378861, 20.20000000000000284 ) ) ;
#5595 = VERTEX_POINT ( 'NONE', #5136 ) ;
#5596 = EDGE_CURVE ( 'NONE', #2273, #2668, #217, .T. ) ;
#5597 = ORIENTED_EDGE ( 'NONE', *, *, #7234, .T. ) ;
#5598 = CARTESIAN_POINT ( 'NONE',  ( 40.00000000000000000, -18.28351446246255207, 12.59178696217985660 ) ) ;
#5599 = CARTESIAN_POINT ( 'NONE',  ( 8.618657235498679015, -22.70553022664232401, -7.999999999999998224 ) ) ;
#5600 = CARTESIAN_POINT ( 'NONE',  ( 39.41442458138376281, -15.05865200620466382, -14.32810843525883193 ) ) ;
#5601 = FACE_OUTER_BOUND ( 'NONE', #2161, .T. ) ;
#5602 = DIRECTION ( 'NONE',  ( 0.000000000000000000, -0.4095215355438329152, 0.9123004504689347094 ) ) ;
#5603 = DIRECTION ( 'NONE',  ( 0.000000000000000000, 0.000000000000000000, -1.000000000000000000 ) ) ;
#5604 = DIRECTION ( 'NONE',  ( 0.000000000000000000, 0.9123004504689345984, -0.4095215355438329707 ) ) ;
#5605 = ORIENTED_EDGE ( 'NONE', *, *, #4045, .T. ) ;
#5606 = EDGE_CURVE ( 'NONE', #39, #4672, #6327, .T. ) ;
#5607 = CARTESIAN_POINT ( 'NONE',  ( 2.990247625634873785, -19.84605707435384048, 3.871824250860752326 ) ) ;
#5608 = CARTESIAN_POINT ( 'NONE',  ( 5.989142523454791700, -20.30556150606974697, -6.922680707654083498 ) ) ;
#5609 = CARTESIAN_POINT ( 'NONE',  ( 40.03064540934397542, 15.79681949908962757, -15.77131538555358325 ) ) ;
#5610 = CARTESIAN_POINT ( 'NONE',  ( 38.21076874329199313, 7.826522119068651584, 18.65310723116485647 ) ) ;
#5611 = EDGE_LOOP ( 'NONE', ( #512, #4374, #1600, #434 ) ) ;
#5612 = CARTESIAN_POINT ( 'NONE',  ( 10.00000000000000178, 36.49999999999999289, -3.850000000000000533 ) ) ;
#5613 = ADVANCED_FACE ( 'NONE', ( #5839 ), #2153, .F. ) ;
#5614 = CARTESIAN_POINT ( 'NONE',  ( 40.41020460109503176, 14.10246339916147384, -17.23919012399809603 ) ) ;
#5615 = EDGE_CURVE ( 'NONE', #917, #6710, #6224, .T. ) ;
#5616 = ORIENTED_EDGE ( 'NONE', *, *, #2464, .T. ) ;
#5617 = CARTESIAN_POINT ( 'NONE',  ( 48.00000000000000000, 0.000000000000000000, -1.649863882395836640E-14 ) ) ;
#5618 = CARTESIAN_POINT ( 'NONE',  ( 40.58289185184715819, 10.46128955996804955, 19.61131897659336332 ) ) ;
#5619 = CARTESIAN_POINT ( 'NONE',  ( 40.00000000000000000, 21.83666641225257621, -3.999999999999997335 ) ) ;
#5620 = CARTESIAN_POINT ( 'NONE',  ( 40.43683999596301959, -14.83193928192548583, -17.24422348046929088 ) ) ;
#5621 = CARTESIAN_POINT ( 'NONE',  ( 45.00000000000000711, -1.348352904678717490, -20.20000000000000284 ) ) ;
#5622 = CARTESIAN_POINT ( 'NONE',  ( 38.59824953227238353, 38.48870054797720286, 19.56978374624086925 ) ) ;
#5623 = CARTESIAN_POINT ( 'NONE',  ( 2.988106722470616816, 21.67062432267215755, 3.868326661347666118 ) ) ;
#5624 = ORIENTED_EDGE ( 'NONE', *, *, #5589, .T. ) ;
#5625 = EDGE_LOOP ( 'NONE', ( #4602, #2034, #6799, #7327 ) ) ;
#5626 = DIRECTION ( 'NONE',  ( 0.000000000000000000, 0.000000000000000000, -1.000000000000000000 ) ) ;
#5627 = AXIS2_PLACEMENT_3D ( 'NONE', #7147, #4029, #351 ) ;
#5628 = CARTESIAN_POINT ( 'NONE',  ( 39.82055190618419260, -7.685805088168170762, -18.69323981009426916 ) ) ;
#5629 = CARTESIAN_POINT ( 'NONE',  ( 40.97087536800593455, 6.944068156671942159E-15, -20.11376744117787041 ) ) ;
#5630 = CARTESIAN_POINT ( 'NONE',  ( 38.82613874313138780, 1.106793759274069533, -20.17092272448236301 ) ) ;
#5631 = CARTESIAN_POINT ( 'NONE',  ( 38.41561009276250616, 2.921893792002514674E-15, -20.19973482701772838 ) ) ;
#5632 = VERTEX_POINT ( 'NONE', #276 ) ;
#5633 = VERTEX_POINT ( 'NONE', #7773 ) ;
#5634 = ORIENTED_EDGE ( 'NONE', *, *, #6348, .F. ) ;
#5635 = CARTESIAN_POINT ( 'NONE',  ( 38.00000000000000000, -12.10831706345043912, -9.819809463067755928 ) ) ;
#5636 = DIRECTION ( 'NONE',  ( -1.948774242403888243E-17, 0.000000000000000000, -1.000000000000000000 ) ) ;
#5637 = CIRCLE ( 'NONE', #1329, 2.000000000000001776 ) ;
#5638 = DIRECTION ( 'NONE',  ( -0.000000000000000000, -1.000000000000000000, -0.000000000000000000 ) ) ;
#5639 = CARTESIAN_POINT ( 'NONE',  ( 16.38759021281741113, -19.61737262547869420, -4.816501974786188356 ) ) ;
#5640 = CARTESIAN_POINT ( 'NONE',  ( 39.46900891840268599, 14.14769948382950915, -15.23687366250232422 ) ) ;
#5641 = ADVANCED_FACE ( 'NONE', ( #3306 ), #4485, .F. ) ;
#5642 = DIRECTION ( 'NONE',  ( 0.000000000000000000, 0.000000000000000000, 1.000000000000000000 ) ) ;
#5643 = CARTESIAN_POINT ( 'NONE',  ( 39.19392467246549927, 39.52206913108491904, -20.20000000000000995 ) ) ;
#5644 = DIRECTION ( 'NONE',  ( 0.000000000000000000, -0.4095215355438330262, -0.9123004504689347094 ) ) ;
#5645 = ORIENTED_EDGE ( 'NONE', *, *, #6903, .T. ) ;
#5646 = AXIS2_PLACEMENT_3D ( 'NONE', #1883, #4387, #656 ) ;
#5647 = ADVANCED_FACE ( 'NONE', ( #5226 ), #2071, .F. ) ;
#5648 = B_SPLINE_CURVE_WITH_KNOTS ( 'NONE', 3,
 ( #750, #4471, #6976, #378, #3859, #5373, #2129, #3249, #5894, #4636, #6516, #909, #3452, #292, #1599, #2790, #2172, #4685, #337, #2835 ),
 .UNSPECIFIED., .F., .F.,
 ( 4, 2, 2, 2, 2, 2, 2, 2, 2, 4 ),
 ( 0.000000000000000000, 0.1250000000000000000, 0.2500000000000000000, 0.3750000000000000000, 0.4375000000000000000, 0.4687500000000000000, 0.5000000000000000000, 0.7500000000000000000, 0.8750000000000000000, 1.000000000000000000 ),
 .UNSPECIFIED. ) ;
#5649 = CARTESIAN_POINT ( 'NONE',  ( 44.77927990628678856, -28.48887685221728461, -20.19999999999999929 ) ) ;
#5650 = CARTESIAN_POINT ( 'NONE',  ( 39.28545674318728231, -36.41894414284211479, 19.03479874283876327 ) ) ;
#5651 = DIRECTION ( 'NONE',  ( 0.000000000000000000, 0.000000000000000000, 1.000000000000000000 ) ) ;
#5652 = ORIENTED_EDGE ( 'NONE', *, *, #3616, .T. ) ;
#5653 = CARTESIAN_POINT ( 'NONE',  ( 3.199999266669125930, 19.15696293410672979, -6.407087570906231377 ) ) ;
#5654 = VECTOR ( 'NONE', #1389, 1000.000000000000000 ) ;
#5655 = CARTESIAN_POINT ( 'NONE',  ( 40.36488771786013530, 10.20700376102992379, -18.10180384898581352 ) ) ;
#5656 = VECTOR ( 'NONE', #2031, 1000.000000000000000 ) ;
#5657 = VERTEX_POINT ( 'NONE', #1368 ) ;
#5658 = CARTESIAN_POINT ( 'NONE',  ( 2.417238643313452062, 20.57504521089524729, 2.575626463116215792 ) ) ;
#5659 = CARTESIAN_POINT ( 'NONE',  ( 40.46162131846428878, 3.129612261474306045, 20.11770455486106002 ) ) ;
#5660 = EDGE_CURVE ( 'NONE', #5520, #572, #6555, .T. ) ;
#5661 = CARTESIAN_POINT ( 'NONE',  ( 41.46233079448220593, 6.651450407984406787, -19.58435158939925813 ) ) ;
#5662 = CARTESIAN_POINT ( 'NONE',  ( 40.60038969464041259, -14.71995354538108280, -17.57758689293642007 ) ) ;
#5663 = CARTESIAN_POINT ( 'NONE',  ( 56.71751442127218468, -8.928247901240816020, 6.425448576869066564 ) ) ;
#5664 = CARTESIAN_POINT ( 'NONE',  ( 40.12715757042006715, -12.49284899457448361, 18.90541873810094842 ) ) ;
#5665 = DIRECTION ( 'NONE',  ( 0.000000000000000000, 1.000000000000000000, 0.000000000000000000 ) ) ;
#5666 = ORIENTED_EDGE ( 'NONE', *, *, #7874, .F. ) ;
#5667 = CARTESIAN_POINT ( 'NONE',  ( 40.00000000000000000, 45.00000000000000000, -20.19999999999999929 ) ) ;
#5668 = VECTOR ( 'NONE', #4633, 999.9999999999998863 ) ;
#5669 = CARTESIAN_POINT ( 'NONE',  ( 44.27307589715392311, 0.6055089683257346422, -20.20000000000000284 ) ) ;
#5670 = CARTESIAN_POINT ( 'NONE',  ( 3.254570846270463669, -18.85243914275145372, -10.65491069470565932 ) ) ;
#5671 = AXIS2_PLACEMENT_3D ( 'NONE', #5617, #3780, #2792 ) ;
#5672 = CARTESIAN_POINT ( 'NONE',  ( 39.30230826963700252, -13.94898369287233564, -15.20676775842808759 ) ) ;
#5673 = CARTESIAN_POINT ( 'NONE',  ( 40.62674562312194837, 0.5865866557492787070, -20.12091609285311833 ) ) ;
#5674 = CARTESIAN_POINT ( 'NONE',  ( 40.58578643762703564, -12.55707641300339539, 19.61421356237322655 ) ) ;
#5675 = ORIENTED_EDGE ( 'NONE', *, *, #1441, .F. ) ;
#5676 = EDGE_LOOP ( 'NONE', ( #2229, #3940 ) ) ;
#5677 = ORIENTED_EDGE ( 'NONE', *, *, #2106, .T. ) ;
#5678 = LINE ( 'NONE', #7009, #2289 ) ;
#5679 = CARTESIAN_POINT ( 'NONE',  ( 39.41442458138376281, 15.05865200620466382, -14.32810843525883016 ) ) ;
#5680 = CARTESIAN_POINT ( 'NONE',  ( 59.50000000000001421, 0.000000000000000000, -2.043924523852297415E-14 ) ) ;
#5681 = CARTESIAN_POINT ( 'NONE',  ( 39.98951345180908135, 15.94252297679095420, -15.10137378498903082 ) ) ;
#5682 = CARTESIAN_POINT ( 'NONE',  ( 1.470967741935481632, 0.000000000000000000, 9.568958528775276393E-17 ) ) ;
#5683 = DIRECTION ( 'NONE',  ( 9.671864636441148391E-16, -0.1801801801801801162, 0.9836336221735397789 ) ) ;
#5684 = CARTESIAN_POINT ( 'NONE',  ( 13.65161609200836779, 20.74064367572554701, 7.117984259366242128 ) ) ;
#5685 = ORIENTED_EDGE ( 'NONE', *, *, #7022, .F. ) ;
#5686 = CIRCLE ( 'NONE', #1143, 3.850000000000000533 ) ;
#5687 = AXIS2_PLACEMENT_3D ( 'NONE', #305, #7846, #7761 ) ;
#5688 = EDGE_CURVE ( 'NONE', #5223, #4979, #4664, .T. ) ;
#5689 = DIRECTION ( 'NONE',  ( -0.000000000000000000, -1.000000000000000000, -0.000000000000000000 ) ) ;
#5690 = CARTESIAN_POINT ( 'NONE',  ( 42.05749821471130190, -14.47533856165937749, -19.25631683499372926 ) ) ;
#5691 = CARTESIAN_POINT ( 'NONE',  ( 39.84580469760681609, -29.89123351504316517, -16.95764028250038180 ) ) ;
#5692 = AXIS2_PLACEMENT_3D ( 'NONE', #1941, #7561, #5709 ) ;
#5693 = CARTESIAN_POINT ( 'NONE',  ( 40.45014021005009397, 15.60397106432951553, -17.27169365441998394 ) ) ;
#5694 = CARTESIAN_POINT ( 'NONE',  ( 38.18406620486241820, 10.69113914636062113, 17.17209412478340980 ) ) ;
#5695 = AXIS2_PLACEMENT_3D ( 'NONE', #4142, #6594, #3492 ) ;
#5696 = ORIENTED_EDGE ( 'NONE', *, *, #956, .F. ) ;
#5697 = CARTESIAN_POINT ( 'NONE',  ( 38.00000000000000000, 21.55968674681321673, -5.293383358428368268 ) ) ;
#5698 = CARTESIAN_POINT ( 'NONE',  ( 40.44556617197837767, 9.934507693215747892, -18.25363487048842259 ) ) ;
#5699 = EDGE_CURVE ( 'NONE', #7643, #920, #7288, .T. ) ;
#5700 = ORIENTED_EDGE ( 'NONE', *, *, #7451, .T. ) ;
#5701 = CARTESIAN_POINT ( 'NONE',  ( 2.007049450269750235, 20.77266290107507984, -0.3879713357656177086 ) ) ;
#5702 = CARTESIAN_POINT ( 'NONE',  ( 40.73387594407099499, 3.560409743928311332, 20.14696892327243205 ) ) ;
#5703 = CARTESIAN_POINT ( 'NONE',  ( 38.17161967175137960, 12.50454154338204127, -15.88434437682508715 ) ) ;
#5704 = CARTESIAN_POINT ( 'NONE',  ( 1.495147094402145216, -16.82326893942307322, 11.21759374840315182 ) ) ;
#5705 = DIRECTION ( 'NONE',  ( -3.426614273534434193E-16, 0.000000000000000000, -1.000000000000000000 ) ) ;
#5706 = AXIS2_PLACEMENT_3D ( 'NONE', #4076, #5309, #5954 ) ;
#5707 = CARTESIAN_POINT ( 'NONE',  ( 45.00000000000000000, -4.719235166375529644, -20.20000000000000284 ) ) ;
#5708 = CARTESIAN_POINT ( 'NONE',  ( 39.44553465183381036, -8.577535118635120526, 18.68105790166129765 ) ) ;
#5709 = DIRECTION ( 'NONE',  ( 0.000000000000000000, 0.9711570606672618178, 0.2384406918210991433 ) ) ;
#5710 = EDGE_CURVE ( 'NONE', #304, #5907, #3999, .T. ) ;
#5711 = CARTESIAN_POINT ( 'NONE',  ( 40.56751311408603300, 10.47912457089735305, 19.63472662235470878 ) ) ;
#5712 = ORIENTED_EDGE ( 'NONE', *, *, #7336, .T. ) ;
#5713 = DIRECTION ( 'NONE',  ( 0.000000000000000000, 0.000000000000000000, -1.000000000000000000 ) ) ;
#5714 = CARTESIAN_POINT ( 'NONE',  ( 45.00000000000000000, 45.00000000000000000, -15.20000000000000107 ) ) ;
#5715 = CARTESIAN_POINT ( 'NONE',  ( 4.363588800607400842, -19.37885688819733332, 6.506693301409143260 ) ) ;
#5716 = CARTESIAN_POINT ( 'NONE',  ( 40.54985265925492399, -6.168360661042886051, -19.36769633690332171 ) ) ;
#5717 = CARTESIAN_POINT ( 'NONE',  ( 39.31779015746793249, 14.99716029185553090, -14.25250458738254977 ) ) ;
#5718 = LINE ( 'NONE', #1911, #4919 ) ;
#5719 = ORIENTED_EDGE ( 'NONE', *, *, #2614, .T. ) ;
#5720 = ORIENTED_EDGE ( 'NONE', *, *, #16, .F. ) ;
#5721 = CARTESIAN_POINT ( 'NONE',  ( 40.53046497077680499, 11.52769405027780003, 19.55878019055659678 ) ) ;
#5722 = DIRECTION ( 'NONE',  ( -8.673617379884027583E-16, 0.000000000000000000, 1.000000000000000000 ) ) ;
#5723 = CARTESIAN_POINT ( 'NONE',  ( 40.07140732565903107, 2.391364070083028981, 20.10399765272267203 ) ) ;
#5724 = CARTESIAN_POINT ( 'NONE',  ( 40.00000000000000000, 45.00000000000000000, 20.19999999999999929 ) ) ;
#5725 = CARTESIAN_POINT ( 'NONE',  ( 39.99999999999999289, 16.05803077114966015, -15.15836036806978271 ) ) ;
#5726 = FACE_OUTER_BOUND ( 'NONE', #1040, .T. ) ;
#5727 = DIRECTION ( 'NONE',  ( -0.000000000000000000, -1.000000000000000000, -0.000000000000000000 ) ) ;
#5728 = CARTESIAN_POINT ( 'NONE',  ( 41.28177590837693600, 39.23885590975279314, -20.19999999999999929 ) ) ;
#5729 = CARTESIAN_POINT ( 'NONE',  ( 39.96164551392365638, 2.731065531117129238E-15, 20.17562402875952543 ) ) ;
#5730 = CARTESIAN_POINT ( 'NONE',  ( 42.00000002068153293, 31.84677602739506597, 20.19999999999999929 ) ) ;
#5731 = ORIENTED_EDGE ( 'NONE', *, *, #427, .F. ) ;
#5732 = CARTESIAN_POINT ( 'NONE',  ( 50.00000000000000000, 45.00000000000000000, 0.000000000000000000 ) ) ;
#5733 = CARTESIAN_POINT ( 'NONE',  ( 38.57454364469496966, -6.534205180903376764, -19.11354036830103453 ) ) ;
#5734 = CARTESIAN_POINT ( 'NONE',  ( 41.50399062508551395, -14.47761341937152935, -18.77505843695098875 ) ) ;
#5735 = CARTESIAN_POINT ( 'NONE',  ( 44.37917621925554812, -9.256647091134245997, -20.20000000000000284 ) ) ;
#5736 = CARTESIAN_POINT ( 'NONE',  ( 44.29206137093207474, -31.58871684570341998, -20.19999999999999574 ) ) ;
#5737 = FACE_OUTER_BOUND ( 'NONE', #4204, .T. ) ;
#5738 = CARTESIAN_POINT ( 'NONE',  ( 38.00000000000000000, -16.63635099737583545, 11.45739174036185304 ) ) ;
#5739 = ADVANCED_FACE ( 'NONE', ( #3397 ), #7035, .F. ) ;
#5740 = ORIENTED_EDGE ( 'NONE', *, *, #303, .T. ) ;
#5741 = CARTESIAN_POINT ( 'NONE',  ( 13.65161609200838377, 20.74064367572555412, -7.117984259366233246 ) ) ;
#5742 = CARTESIAN_POINT ( 'NONE',  ( 39.32350210446669081, 12.36931118505881244, -16.27895342658229438 ) ) ;
#5743 = ORIENTED_EDGE ( 'NONE', *, *, #6452, .T. ) ;
#5744 = CARTESIAN_POINT ( 'NONE',  ( 41.67013471660443713, 2.490939034491338688, 20.20000000000000284 ) ) ;
#5745 = B_SPLINE_CURVE_WITH_KNOTS ( 'NONE', 3,
 ( #3834, #1259, #3756, #1907, #5515, #525, #3179, #30, #3026, #6949, #2447, #4911, #7415, #72 ),
 .UNSPECIFIED., .F., .F.,
 ( 4, 2, 2, 2, 2, 2, 4 ),
 ( 0.000000000000000000, 0.2500000000000000000, 0.5000000000000000000, 0.6250000000000000000, 0.7500000000000000000, 0.8750000000000000000, 1.000000000000000000 ),
 .UNSPECIFIED. ) ;
#5746 = CARTESIAN_POINT ( 'NONE',  ( 1.643352172757416074, -17.14867496165338068, 10.93973260873703346 ) ) ;
#5747 = EDGE_CURVE ( 'NONE', #5018, #5221, #4531, .T. ) ;
#5748 = DIRECTION ( 'NONE',  ( 0.7071067811865457964, 0.000000000000000000, 0.7071067811865492381 ) ) ;
#5749 = CARTESIAN_POINT ( 'NONE',  ( 39.66388300259745847, 7.506561092599138618, -18.71809607164943401 ) ) ;
#5750 = DIRECTION ( 'NONE',  ( 0.000000000000000000, 0.000000000000000000, -1.000000000000000000 ) ) ;
#5751 = CARTESIAN_POINT ( 'NONE',  ( 32.12696878936646527, 40.46511129075828705, 20.15990323180453103 ) ) ;
#5752 = CARTESIAN_POINT ( 'NONE',  ( 40.31794749067285721, 8.832401651870148029, 19.50767584799494614 ) ) ;
#5753 = ORIENTED_EDGE ( 'NONE', *, *, #1844, .F. ) ;
#5754 = CARTESIAN_POINT ( 'NONE',  ( 36.12372949650434606, -44.99999999999999289, 18.00773976492944328 ) ) ;
#5755 = CARTESIAN_POINT ( 'NONE',  ( 44.27537853158148096, 1.227822145812631049, -20.20000000000000284 ) ) ;
#5756 = CARTESIAN_POINT ( 'NONE',  ( 40.00000000000000000, -19.61737262547869420, 4.816501974786187468 ) ) ;
#5757 = EDGE_CURVE ( 'NONE', #6140, #3921, #1006, .T. ) ;
#5758 = CARTESIAN_POINT ( 'NONE',  ( 39.31779015746793249, -14.99716029185553090, -14.25250458738254977 ) ) ;
#5759 = CARTESIAN_POINT ( 'NONE',  ( 39.66992474234745458, -11.48105314628667450, -17.03974412355632140 ) ) ;
#5760 = CARTESIAN_POINT ( 'NONE',  ( 39.28270869977575330, 14.46175910821135346, -14.76429575563260066 ) ) ;
#5761 = CARTESIAN_POINT ( 'NONE',  ( 38.00000000000000000, 21.55968674681321318, 5.293383358428370933 ) ) ;
#5762 = ORIENTED_EDGE ( 'NONE', *, *, #4965, .F. ) ;
#5763 = EDGE_LOOP ( 'NONE', ( #218, #10, #2452, #7975 ) ) ;
#5764 = CARTESIAN_POINT ( 'NONE',  ( 41.99999999999999289, 12.71219886565657475, 20.19999999999999929 ) ) ;
#5765 = DIRECTION ( 'NONE',  ( 0.000000000000000000, 0.000000000000000000, -1.000000000000000000 ) ) ;
#5766 = CARTESIAN_POINT ( 'NONE',  ( 58.71599381133703588, 9.848730234376565917, 4.917524475964200725 ) ) ;
#5768 = ADVANCED_FACE ( 'NONE', ( #3007 ), #4040, .T. ) ;
#5767 = CYLINDRICAL_SURFACE ( 'NONE', #1874, 2.000000000000000000 ) ;
#5769 = CARTESIAN_POINT ( 'NONE',  ( 41.04645122103015353, 30.09527079786501602, -20.19999999999999929 ) ) ;
#5770 = CARTESIAN_POINT ( 'NONE',  ( 39.13920883504687254, -7.956198987348370721, 18.73260510360501385 ) ) ;
#5771 = ORIENTED_EDGE ( 'NONE', *, *, #8068, .F. ) ;
#5772 = AXIS2_PLACEMENT_3D ( 'NONE', #3133, #1249, #2555 ) ;
#5773 = CARTESIAN_POINT ( 'NONE',  ( 38.13665307762184398, -7.302699470146104765, -18.83456246285710023 ) ) ;
#5774 = CARTESIAN_POINT ( 'NONE',  ( 41.37348104014136396, -1.194788518118121479, -20.09419871503564892 ) ) ;
#5775 = CARTESIAN_POINT ( 'NONE',  ( 42.65494820729909975, -13.14460547071453433, -19.65891045259130365 ) ) ;
#5776 = CARTESIAN_POINT ( 'NONE',  ( 4.949284935240416239, -20.79333278479489877, 6.241363701515569851 ) ) ;
#5777 = CARTESIAN_POINT ( 'NONE',  ( 39.62466059817009523, -3.551793325881442698, 19.94617339442602955 ) ) ;
#5778 = CARTESIAN_POINT ( 'NONE',  ( 38.78283281956251471, 10.66755162351908481, 17.35520043707956717 ) ) ;
#5779 = ORIENTED_EDGE ( 'NONE', *, *, #5688, .F. ) ;
#5780 = CARTESIAN_POINT ( 'NONE',  ( 39.66992474234745458, 11.48105314628667628, -17.03974412355632850 ) ) ;
#5781 = CARTESIAN_POINT ( 'NONE',  ( 40.62317714159431858, 0.3870719839849472432, 20.17841185545320215 ) ) ;
#5782 = CARTESIAN_POINT ( 'NONE',  ( 39.05712704924000889, 3.851856072620600025E-15, -20.18572708746932420 ) ) ;
#5783 = VECTOR ( 'NONE', #1190, 1000.000000000000000 ) ;
#5784 = FACE_OUTER_BOUND ( 'NONE', #4286, .T. ) ;
#5785 = LINE ( 'NONE', #6489, #2976 ) ;
#5786 = FACE_OUTER_BOUND ( 'NONE', #97, .T. ) ;
#5787 = FACE_OUTER_BOUND ( 'NONE', #6621, .T. ) ;
#5788 = CARTESIAN_POINT ( 'NONE',  ( 40.27886350284629202, 8.970200210493876725, 19.44836304333239596 ) ) ;
#5789 = ORIENTED_EDGE ( 'NONE', *, *, #6396, .T. ) ;
#5790 = DIRECTION ( 'NONE',  ( -1.000000000000000000, -0.000000000000000000, -0.000000000000000000 ) ) ;
#5791 = EDGE_CURVE ( 'NONE', #1353, #3594, #4318, .T. ) ;
#5792 = TOROIDAL_SURFACE ( 'NONE', #576, 11.50000000000000000, 0.5000000000000000000 ) ;
#5793 = CARTESIAN_POINT ( 'NONE',  ( 42.63500291760217209, 1.028632411531117175, -20.12364506905733919 ) ) ;
#5794 = CARTESIAN_POINT ( 'NONE',  ( 1.470967741935481854, 19.63349431756862629, -4.750357974090000823 ) ) ;
#5795 = CARTESIAN_POINT ( 'NONE',  ( 39.19142698718812312, -13.85448777069290394, -15.18093999904003866 ) ) ;
#5796 = CARTESIAN_POINT ( 'NONE',  ( 39.58114855116703978, -13.43264282640883067, -15.86748351868681794 ) ) ;
#5797 = CARTESIAN_POINT ( 'NONE',  ( 39.94998724786752575, -1.861365365981168418, 20.12947383696987202 ) ) ;
#5798 = CARTESIAN_POINT ( 'NONE',  ( 39.55412343147506959, 2.116063036923423901, -20.06410987657383771 ) ) ;
#5799 = AXIS2_PLACEMENT_3D ( 'NONE', #1905, #5135, #3874 ) ;
#5800 = DIRECTION ( 'NONE',  ( -1.000000000000000000, 0.000000000000000000, -1.948774242403888243E-17 ) ) ;
#5801 = EDGE_LOOP ( 'NONE', ( #5046, #3582, #1677 ) ) ;
#5802 = ORIENTED_EDGE ( 'NONE', *, *, #117, .T. ) ;
#5803 = EDGE_CURVE ( 'NONE', #5595, #7589, #7818, .T. ) ;
#5804 = DIRECTION ( 'NONE',  ( 0.000000000000000000, 1.000000000000000000, 0.000000000000000000 ) ) ;
#5805 = CIRCLE ( 'NONE', #5948, 2.000000000000000000 ) ;
#5806 = CARTESIAN_POINT ( 'NONE',  ( 39.94998724786756839, 1.861365365981173747, 20.12947383696989334 ) ) ;
#5807 = CARTESIAN_POINT ( 'NONE',  ( 16.91125668508902535, -19.79307921417362337, -4.056282982200032805 ) ) ;
#5808 = CARTESIAN_POINT ( 'NONE',  ( 58.60330276820300099, 10.30256235116715047, 3.865346254588908792 ) ) ;
#5809 = CARTESIAN_POINT ( 'NONE',  ( 40.00000000000000000, 12.71219886565655699, 18.19999999999999929 ) ) ;
#5810 = CARTESIAN_POINT ( 'NONE',  ( 40.00000000000001421, 32.90734603501505262, -17.87206615462808657 ) ) ;
#5811 = CARTESIAN_POINT ( 'NONE',  ( 59.44852539585334483, 11.07018371925452982, 3.339858838083148651 ) ) ;
#5812 = VERTEX_POINT ( 'NONE', #6626 ) ;
#5813 = EDGE_CURVE ( 'NONE', #3594, #5018, #4497, .T. ) ;
#5814 = CARTESIAN_POINT ( 'NONE',  ( 39.04296920387000114, -6.792141170182733667, -18.98720181932558759 ) ) ;
#5815 = CARTESIAN_POINT ( 'NONE',  ( 41.73087358816236758, -15.80673688723786796, -19.00194140002784593 ) ) ;
#5816 = CARTESIAN_POINT ( 'NONE',  ( 43.87978478124674808, -13.31084986561315198, -20.11964867603878560 ) ) ;
#5817 = FACE_OUTER_BOUND ( 'NONE', #133, .T. ) ;
#5818 = CARTESIAN_POINT ( 'NONE',  ( 40.00000000000000000, -45.00000000000000000, 15.81547952985888905 ) ) ;
#5819 = DIRECTION ( 'NONE',  ( -1.000000000000000000, -0.000000000000000000, -0.000000000000000000 ) ) ;
#5820 = ORIENTED_EDGE ( 'NONE', *, *, #2982, .T. ) ;
#5821 = AXIS2_PLACEMENT_3D ( 'NONE', #1614, #5257, #963 ) ;
#5822 = CARTESIAN_POINT ( 'NONE',  ( 40.32648904758761432, 11.86507285420962354, -17.56613469152387452 ) ) ;
#5823 = CARTESIAN_POINT ( 'NONE',  ( 40.31455453738924888, 0.4088035133189085735, 20.17510311071350770 ) ) ;
#5824 = TOROIDAL_SURFACE ( 'NONE', #2560, 12.19999999999999929, 3.000000000000000000 ) ;
#5825 = AXIS2_PLACEMENT_3D ( 'NONE', #7446, #5546, #8046 ) ;
#5826 =( BOUNDED_SURFACE ( )  B_SPLINE_SURFACE ( 3, 2, ( 
 ( #4, #5033, #1306 ),
 ( #3805, #692, #6512 ),
 ( #2082, #7745, #3887 ),
 ( #7786, #7702, #3320 ),
 ( #7002, #5766, #2785 ),
 ( #2654, #5149, #3926 ),
 ( #5808, #2124, #6551 ),
 ( #5108, #1995, #7658 ),
 ( #2039, #947, #4585 ),
 ( #1381, #7174, #246 ),
 ( #4543, #6381, #776 ),
 ( #3277, #159, #7046 ),
 ( #1420, #5284, #6422 ),
 ( #202, #4494, #813 ) ),
 .UNSPECIFIED., .F., .F., .F. ) 
 B_SPLINE_SURFACE_WITH_KNOTS ( ( 4, 2, 2, 2, 2, 2, 4 ),
 ( 3, 3 ),
 ( -4.076600168545496672E-17, 0.001949914642020472233, 0.002924871963030728841, 0.003899829284040985233, 0.005849743926061498449, 0.006824701247071754406, 0.007799658568082011231 ),
 ( 0.000000000000000000, 1.000000000000000000 ),
 .UNSPECIFIED. ) 
 GEOMETRIC_REPRESENTATION_ITEM ( )  RATIONAL_B_SPLINE_SURFACE ( (
 ( 1.000000000000000000, 0.5417363388859662843, 1.000000000000000000),
 ( 1.000000000000000000, 0.5652489018209245764, 1.000000000000000000),
 ( 1.000000000000000000, 0.5871685400714290459, 1.000000000000000000),
 ( 1.000000000000000000, 0.6170074381443363398, 1.000000000000000000),
 ( 1.000000000000000000, 0.6264468063350765448, 1.000000000000000000),
 ( 1.000000000000000000, 0.6441695750090492556, 1.000000000000000000),
 ( 1.000000000000000000, 0.6524510962984978457, 1.000000000000000000),
 ( 1.000000000000000000, 0.6747862992383447667, 1.000000000000000000),
 ( 1.000000000000000000, 0.6865764540368215485, 1.000000000000000000),
 ( 1.000000000000000000, 0.6987943164776935223, 1.000000000000000000),
 ( 1.000000000000000000, 0.7019057089585974962, 1.000000000000000000),
 ( 1.000000000000000000, 0.7060516346929367471, 1.000000000000000000),
 ( 1.000000000000000000, 0.7071058492608892632, 1.000000000000000000),
 ( 1.000000000000000000, 0.7071067811865487940, 1.000000000000000000) ) ) 
 REPRESENTATION_ITEM ( '' )  SURFACE ( )  );
#5827 = CARTESIAN_POINT ( 'NONE',  ( 40.21971487093644271, 12.49856518385883852, 19.11133496785580377 ) ) ;
#5828 = DIRECTION ( 'NONE',  ( 0.000000000000000000, 0.000000000000000000, 1.000000000000000000 ) ) ;
#5829 = DIRECTION ( 'NONE',  ( 1.000000000000000000, -0.000000000000000000, -0.000000000000000000 ) ) ;
#5830 = CARTESIAN_POINT ( 'NONE',  ( 40.00000000000000000, 45.00000000000000000, -4.000000000000000000 ) ) ;
#5831 = CARTESIAN_POINT ( 'NONE',  ( 39.90237885306681420, -11.42341090528505987, 18.22633174588808203 ) ) ;
#5832 = CARTESIAN_POINT ( 'NONE',  ( 40.93668394546865130, 5.864648783374146745, -19.53513754249443224 ) ) ;
#5833 = ORIENTED_EDGE ( 'NONE', *, *, #5087, .T. ) ;
#5834 = AXIS2_PLACEMENT_3D ( 'NONE', #2599, #3256, #2017 ) ;
#5835 = CARTESIAN_POINT ( 'NONE',  ( 39.78760485789710089, 9.779126266010027990, 18.62128187580263372 ) ) ;
#5836 = EDGE_LOOP ( 'NONE', ( #1622, #8012, #546, #3103 ) ) ;
#5837 = CARTESIAN_POINT ( 'NONE',  ( 38.00000000000000000, 45.00000000000000000, 18.00773976492943618 ) ) ;
#5838 = TOROIDAL_SURFACE ( 'NONE', #6499, 22.19999999999999574, 2.000000000000000000 ) ;
#5839 = FACE_OUTER_BOUND ( 'NONE', #560, .T. ) ;
#5840 = CARTESIAN_POINT ( 'NONE',  ( 39.08272349181865479, -13.77095930882524399, -15.15399048492986012 ) ) ;
#5841 = CARTESIAN_POINT ( 'NONE',  ( 39.99148078355778324, -11.45452157943927851, -17.35029528947425703 ) ) ;
#5842 = CARTESIAN_POINT ( 'NONE',  ( 40.04406314578129411, -1.036519080231611767, 20.16388697060664370 ) ) ;
#5843 = CARTESIAN_POINT ( 'NONE',  ( 39.61634726383368843, 4.795287931344492958E-15, -20.15930264626615553 ) ) ;
#5844 = ADVANCED_FACE ( 'NONE', ( #3697 ), #4825, .T. ) ;
#5845 = FACE_OUTER_BOUND ( 'NONE', #4939, .T. ) ;
#5846 = ORIENTED_EDGE ( 'NONE', *, *, #7052, .F. ) ;
#5847 = EDGE_LOOP ( 'NONE', ( #6878, #293, #3930, #4705 ) ) ;
#5848 = CARTESIAN_POINT ( 'NONE',  ( 39.73041568492971720, 2.552712166031105845, 20.06869851170063512 ) ) ;
#5849 = CARTESIAN_POINT ( 'NONE',  ( 50.00000000000000000, -37.10000000000890452, 0.000000000000000000 ) ) ;
#5850 = CARTESIAN_POINT ( 'NONE',  ( 40.00000000000000000, -45.00000000000000000, 4.000000000000000000 ) ) ;
#5851 = CARTESIAN_POINT ( 'NONE',  ( 41.73820061220084909, 30.77705835859655181, 20.19999999999999929 ) ) ;
#5852 = CARTESIAN_POINT ( 'NONE',  ( 39.17157287525380838, 39.13940053353146453, -19.76150225234467328 ) ) ;
#5853 = DIRECTION ( 'NONE',  ( 0.000000000000000000, 0.000000000000000000, -1.000000000000000000 ) ) ;
#5854 = ADVANCED_FACE ( 'NONE', ( #3775 ), #4391, .F. ) ;
#5855 = EDGE_LOOP ( 'NONE', ( #4125, #1737, #7855, #6778 ) ) ;
#5856 = CARTESIAN_POINT ( 'NONE',  ( 1.470967741935474749, 19.63349431757122332, 4.750357974079246759 ) ) ;
#5857 = CARTESIAN_POINT ( 'NONE',  ( 39.36348466305573623, -8.009902220440315190, -18.44711719959135721 ) ) ;
#5858 = FACE_OUTER_BOUND ( 'NONE', #4857, .T. ) ;
#5859 = CARTESIAN_POINT ( 'NONE',  ( 43.87543047556791009, -10.45621040326983753, -20.13670246724997881 ) ) ;
#5860 = CARTESIAN_POINT ( 'NONE',  ( 42.47437762873787648, -37.29035403188956366, -20.19999999999999574 ) ) ;
#5861 = CARTESIAN_POINT ( 'NONE',  ( 4.948838288599888280, 20.79903343996741327, 6.212973688281099527 ) ) ;
#5862 = CARTESIAN_POINT ( 'NONE',  ( 1.470967741935481410, -19.63349431756686059, 4.750357974097290992 ) ) ;
#5863 = ORIENTED_EDGE ( 'NONE', *, *, #1408, .F. ) ;
#5864 = EDGE_CURVE ( 'NONE', #6369, #5223, #3094, .T. ) ;
#5865 = CARTESIAN_POINT ( 'NONE',  ( 40.03910800942578163, 13.71796994524786939, -16.51425301576056626 ) ) ;
#5866 = B_SPLINE_CURVE_WITH_KNOTS ( 'NONE', 3,
 ( #462, #7991, #6807, #2345 ),
 .UNSPECIFIED., .F., .F.,
 ( 4, 4 ),
 ( 0.000000000000000000, 0.0005045481767898192830 ),
 .UNSPECIFIED. ) ;
#5867 = VERTEX_POINT ( 'NONE', #1394 ) ;
#5868 = CARTESIAN_POINT ( 'NONE',  ( 3.176774193548386194, -21.57740464604362884, -4.176552357408286120 ) ) ;
#5869 = CARTESIAN_POINT ( 'NONE',  ( 32.94213245116756639, 41.18700821124354405, -20.19999999999999929 ) ) ;
#5870 = CARTESIAN_POINT ( 'NONE',  ( 40.00000000000000000, 0.000000000000000000, -12.19999999999999929 ) ) ;
#5871 = EDGE_CURVE ( 'NONE', #2350, #3030, #3899, .T. ) ;
#5872 = CARTESIAN_POINT ( 'NONE',  ( 38.89661693116587315, 14.83213186973194730, -14.02335532198010348 ) ) ;
#5873 = CARTESIAN_POINT ( 'NONE',  ( 38.00000000000000000, 45.81904307108766261, -16.18313886399156587 ) ) ;
#5874 = ORIENTED_EDGE ( 'NONE', *, *, #802, .F. ) ;
#5875 = CARTESIAN_POINT ( 'NONE',  ( 39.82160627365259842, 11.59751832107846248, 17.94236656749990999 ) ) ;
#5876 = VERTEX_POINT ( 'NONE', #7588 ) ;
#5877 = CARTESIAN_POINT ( 'NONE',  ( 3.309446503531451977, 19.73709001142943720, -4.451583838972104523 ) ) ;
#5878 = CARTESIAN_POINT ( 'NONE',  ( 41.48281186413480981, 7.332496492489633866, -19.49549013253524521 ) ) ;
#5879 =( BOUNDED_SURFACE ( )  B_SPLINE_SURFACE ( 2, 3, ( 
 ( #965, #6574, #4737, #1730, #7311, #2311, #7393, #3044, #3544, #6119, #4849, #506, #4886, #544, #4775, #1078 ),
 ( #2264, #5532, #5495, #4317, #4236, #429, #1043, #7961, #4815, #1122, #8031, #1200, #3006, #7272, #1162, #6186 ),
 ( #7994, #7924, #6811, #2349, #3655, #6734, #2390, #2929, #6031, #2429, #3621, #7350, #5418, #1695, #4932, #6147 ) ),
 .UNSPECIFIED., .F., .F., .T. ) 
 B_SPLINE_SURFACE_WITH_KNOTS ( ( 3, 3 ),
 ( 4, 2, 2, 2, 2, 2, 2, 4 ),
 ( 0.000000000000000000, 1.000000000000000000 ),
 ( -0.000000000000000000, 0.002887116380737585024, 0.005774232761475170048, 0.008661349142212754204, 0.01010490733258154715, 0.01082668642776594276, 0.01118757597535814143, 0.01154846552295034010 ),
 .UNSPECIFIED. ) 
 GEOMETRIC_REPRESENTATION_ITEM ( )  RATIONAL_B_SPLINE_SURFACE ( (
 ( 1.000000000000000000, 1.000000000000000000, 1.000000000000000000, 1.000000000000000000, 1.000000000000000000, 1.000000000000000000, 1.000000000000000000, 1.000000000000000000, 1.000000000000000000, 1.000000000000000000, 1.000000000000000000, 1.000000000000000000, 1.000000000000000000, 1.000000000000000000, 1.000000000000000000, 1.000000000000000000),
 ( 0.7071067811865493491, 0.7432410437431371530, 0.7862815846680080156, 0.8556612686052051941, 0.8826446883056225934, 0.9239529464147676618, 0.9388575446596432172, 0.9571221291426297295, 0.9625250288896682882, 0.9696721272661914526, 0.9718995164571802015, 0.9747991864170931775, 0.9756932554422547144, 0.9771671499261126437, 0.9777791996862960078, 0.9778293436149626539),
 ( 1.000000000000000000, 1.000000000000000000, 1.000000000000000000, 1.000000000000000000, 1.000000000000000000, 1.000000000000000000, 1.000000000000000000, 1.000000000000000000, 1.000000000000000000, 1.000000000000000000, 1.000000000000000000, 1.000000000000000000, 1.000000000000000000, 1.000000000000000000, 1.000000000000000000, 1.000000000000000000) ) ) 
 REPRESENTATION_ITEM ( '' )  SURFACE ( )  );
#5880 = CARTESIAN_POINT ( 'NONE',  ( 50.00000000000000000, 45.00000000000000000, -3.850000000000000533 ) ) ;
#5881 = CARTESIAN_POINT ( 'NONE',  ( 1.787666511285564974, 17.37146231157948506, 10.80697029696956690 ) ) ;
#5882 = CARTESIAN_POINT ( 'NONE',  ( 39.76748358423625973, -10.22785922093520661, -17.67399699341110875 ) ) ;
#5883 = CARTESIAN_POINT ( 'NONE',  ( 40.47940160240878527, -12.53887372184929028, 19.50066292816711311 ) ) ;
#5884 = CARTESIAN_POINT ( 'NONE',  ( 39.00659396967672166, 7.775749223387877329, -18.56506000506671938 ) ) ;
#5885 = DIRECTION ( 'NONE',  ( 0.000000000000000000, -0.4095215355438328042, 0.9123004504689348204 ) ) ;
#5886 = ORIENTED_EDGE ( 'NONE', *, *, #6903, .F. ) ;
#5887 = ORIENTED_EDGE ( 'NONE', *, *, #7476, .F. ) ;
#5888 = CARTESIAN_POINT ( 'NONE',  ( 39.92514009303829425, 4.150695195308049534, 19.91378243062113285 ) ) ;
#5889 = DIRECTION ( 'NONE',  ( 0.000000000000000000, 1.000000000000000000, 0.000000000000000000 ) ) ;
#5890 = DIRECTION ( 'NONE',  ( 0.000000000000000000, 0.000000000000000000, -1.000000000000000000 ) ) ;
#5891 = CARTESIAN_POINT ( 'NONE',  ( 40.25242722329148393, 30.77705835859655537, 19.20723796074180001 ) ) ;
#5892 = CARTESIAN_POINT ( 'NONE',  ( 39.79773182024283784, 30.69090143515020230, -17.20008383539541086 ) ) ;
#5893 = CARTESIAN_POINT ( 'NONE',  ( 13.86493206204645645, -20.51981417890669945, -7.005685339414954527 ) ) ;
#5894 = CARTESIAN_POINT ( 'NONE',  ( 40.41268569994382176, -15.60264171319250437, -17.18850511527774572 ) ) ;
#5895 = EDGE_LOOP ( 'NONE', ( #1265, #6916, #3681 ) ) ;
#5896 = CARTESIAN_POINT ( 'NONE',  ( 2.200125254968063881, 21.67699825125398760, 1.815698977146021242 ) ) ;
#5897 = CARTESIAN_POINT ( 'NONE',  ( 38.15682541525300309, -6.028863386560185944, -19.28227824830028325 ) ) ;
#5898 = ADVANCED_FACE ( 'NONE', ( #1967 ), #1352, .F. ) ;
#5899 = DIRECTION ( 'NONE',  ( 0.000000000000000000, 0.000000000000000000, 1.000000000000000000 ) ) ;
#5900 = CARTESIAN_POINT ( 'NONE',  ( 37.99999999999995737, -41.18700821125058553, -20.19999999999999929 ) ) ;
#5901 = CARTESIAN_POINT ( 'NONE',  ( 39.49674996643236824, -2.104885489157815925, 20.09637075600636891 ) ) ;
#5902 = LINE ( 'NONE', #5344, #1138 ) ;
#5903 = ORIENTED_EDGE ( 'NONE', *, *, #636, .T. ) ;
#5904 = ORIENTED_EDGE ( 'NONE', *, *, #6563, .T. ) ;
#5905 = ORIENTED_EDGE ( 'NONE', *, *, #7923, .T. ) ;
#5906 = B_SPLINE_CURVE_WITH_KNOTS ( 'NONE', 3,
 ( #589, #2469, #818, #7049 ),
 .UNSPECIFIED., .F., .F.,
 ( 4, 4 ),
 ( 0.001694072474563574010, 0.03639519925052372984 ),
 .UNSPECIFIED. ) ;
#5907 = VERTEX_POINT ( 'NONE', #5738 ) ;
#5908 = EDGE_CURVE ( 'NONE', #6082, #2574, #7342, .T. ) ;
#5909 = CARTESIAN_POINT ( 'NONE',  ( 40.00000000000000000, 45.00000000000000000, -15.81547952985888195 ) ) ;
#5910 = AXIS2_PLACEMENT_3D ( 'NONE', #2475, #8043, #3630 ) ;
#5911 = CARTESIAN_POINT ( 'NONE',  ( 38.00000000000000711, 10.12279082468544722, -17.49434600123490213 ) ) ;
#5912 = CARTESIAN_POINT ( 'NONE',  ( 40.16053443678845269, -4.216989879758979320, -19.74863268017417539 ) ) ;
#5913 = DIRECTION ( 'NONE',  ( -1.000000000000000000, -0.000000000000000000, -0.000000000000000000 ) ) ;
#5914 = CARTESIAN_POINT ( 'NONE',  ( 40.89720432267939287, 0.6654957320366842177, -20.11519533923546987 ) ) ;
#5915 = DIRECTION ( 'NONE',  ( 1.000000000000000000, 0.000000000000000000, 0.000000000000000000 ) ) ;
#5916 = CARTESIAN_POINT ( 'NONE',  ( 40.95948989145450270, 1.255733975103360933, -20.09961004513381511 ) ) ;
#5917 = ORIENTED_EDGE ( 'NONE', *, *, #4461, .F. ) ;
#5918 = CARTESIAN_POINT ( 'NONE',  ( 2.990247625629963935, -19.84605707436480060, -3.871824250851140459 ) ) ;
#5919 = ORIENTED_EDGE ( 'NONE', *, *, #662, .F. ) ;
#5920 = CARTESIAN_POINT ( 'NONE',  ( 60.00000000000000711, -45.00000000000000000, -15.20000000000000107 ) ) ;
#5921 = ADVANCED_FACE ( 'NONE', ( #5210 ), #2712, .F. ) ;
#5922 = CARTESIAN_POINT ( 'NONE',  ( 45.00000000000000000, 7.415940975732990381, -20.20000000000000284 ) ) ;
#5923 = CARTESIAN_POINT ( 'NONE',  ( 39.31605568536448914, 0.3660055268538875417, 20.18172349139599220 ) ) ;
#5924 = B_SPLINE_SURFACE_WITH_KNOTS ( 'NONE', 3, 3, ( 
 ( #5629, #6247, #2484, #4984, #1866, #2570, #5099, #3227, #4534, #1297, #5024, #4487, #152, #4370, #7649, #3717, #726, #5065, #7570, #1262, #5760, #1948 ),
 ( #6995, #5673, #3879, #3758, #2523, #3794, #641, #3141, #6951, #32, #6375, #768, #1334, #3267, #7527, #1909, #6282, #4412, #6914, #2646, #682, #5717 ),
 ( #1221, #6329, #3181, #116, #2607, #6208, #608, #2158, #896, #4670, #939, #4714, #806, #5230, #3957, #6413, #7205, #1546, #368, #280, #4578, #5190 ),
 ( #5276, #1588, #5361, #7165, #3310, #5324, #2237, #6588, #4044, #6457, #2867, #6503, #7823, #5884, #6545, #7079, #1454, #4090, #2779, #3401, #845, #3354 ),
 ( #5843, #7777, #7039, #5798, #2200, #1412, #980, #237, #193, #2735, #3440, #323, #3481, #5928, #2688, #2822, #7736, #1501, #7118, #5969, #7861, #2116 ),
 ( #4622, #4005, #4755, #4143, #1028, #7214, #2330, #7372, #1752, #4834, #5333, #3493, #7908, #1715, #3598, #526, #6098, #4256, #6101, #7911, #4871, #3109 ),
 ( #1867, #8061, #5630, #4371, #3067, #3759, #683, #2450, #1183, #6248, #5025, #33, #7528, #3795, #6793, #6754, #524, #713, #7023, #2595, #8057, #4910 ),
 ( #6361, #3824, #7414, #1795, #1179, #3674, #6167, #5555, #104, #564, #2013, #2446, #1829, #4332, #1323, #3905, #6314, #3212, #5703, #754, #5088, #7594 ),
 ( #1974, #4476, #6983, #2630, #5125, #6399, #5260, #880, #3466, #4116, #7063, #3510, #7682, #4700, #6531, #3427, #3942, #1617, #923, #1007, #352, #7190 ),
 ( #223, #6487, #7763, #3339, #6439, #7847, #265, #1572, #2852, #7232, #2061, #7805, #5348, #6614, #391, #5911, #2141, #2100, #2717, #831, #5174, #3387 ) ),
 .UNSPECIFIED., .F., .F., .F.,
 ( 4, 2, 2, 2, 4 ),
 ( 4, 2, 2, 2, 2, 2, 2, 2, 2, 2, 4 ),
 ( 0.000000000000000000, 0.2500000000000000000, 0.5000000000000000000, 0.7500000000000000000, 1.000000000000000000 ),
 ( 0.000000000000000000, 0.1250000000000000000, 0.2500000000000000000, 0.3750000000000000000, 0.4375000000000000000, 0.4687500000000000000, 0.5000000000000000000, 0.6250000000000000000, 0.7500000000000000000, 0.8750000000000000000, 1.000000000000000000 ),
 .UNSPECIFIED. ) ;
#5925 = CARTESIAN_POINT ( 'NONE',  ( 38.67030369188387340, -13.64863621958552642, -15.03286469884944410 ) ) ;
#5926 = CARTESIAN_POINT ( 'NONE',  ( 39.70054120105372419, -13.29427054157310906, -16.10223663477157174 ) ) ;
#5927 = CARTESIAN_POINT ( 'NONE',  ( 40.31794749067281458, -8.832401651870140924, 19.50767584799492482 ) ) ;
#5928 = CARTESIAN_POINT ( 'NONE',  ( 38.87738121340131414, 7.805326077846792998, -18.57279621420609317 ) ) ;
#5929 = DIRECTION ( 'NONE',  ( 0.000000000000000000, 0.000000000000000000, 1.000000000000000000 ) ) ;
#5930 = ORIENTED_EDGE ( 'NONE', *, *, #5215, .T. ) ;
#5931 = ORIENTED_EDGE ( 'NONE', *, *, #2721, .F. ) ;
#5932 = CARTESIAN_POINT ( 'NONE',  ( 39.75417601516199539, 6.952043766594814933, 19.34048534536247388 ) ) ;
#5933 = CARTESIAN_POINT ( 'NONE',  ( 39.73041568492971720, 2.552712166031105845, 20.06869851170063512 ) ) ;
#5934 = CARTESIAN_POINT ( 'NONE',  ( 40.00000000000000000, -45.00000000000000000, -20.19999999999999929 ) ) ;
#5935 = LINE ( 'NONE', #7175, #7391 ) ;
#5936 = CARTESIAN_POINT ( 'NONE',  ( 36.12372949650433895, 45.00000000000000000, -18.00773976492943262 ) ) ;
#5937 = DIRECTION ( 'NONE',  ( 9.671864636441148391E-16, 0.1801801801801801162, -0.9836336221735397789 ) ) ;
#5938 = CARTESIAN_POINT ( 'NONE',  ( 15.29538756017613466, 19.67762483911414506, -6.004503744018560241 ) ) ;
#5939 = ORIENTED_EDGE ( 'NONE', *, *, #5367, .T. ) ;
#5940 = CARTESIAN_POINT ( 'NONE',  ( 39.23872723045158750, -8.655485948650772698, -18.13874496493570021 ) ) ;
#5941 = CARTESIAN_POINT ( 'NONE',  ( 1.470967742045911297, 19.79614640047687146, -4.037019952362469688 ) ) ;
#5942 = DIRECTION ( 'NONE',  ( -1.000000000000000000, 0.000000000000000000, -0.000000000000000000 ) ) ;
#5943 = VECTOR ( 'NONE', #2083, 1000.000000000000000 ) ;
#5944 = FACE_OUTER_BOUND ( 'NONE', #645, .T. ) ;
#5945 = CARTESIAN_POINT ( 'NONE',  ( 38.00000000000000711, -7.493452557764594069, -18.75944409347832931 ) ) ;
#5946 = CARTESIAN_POINT ( 'NONE',  ( 39.58760639596548003, -0.8073484469541372111, 20.16909883734239983 ) ) ;
#5947 = CARTESIAN_POINT ( 'NONE',  ( 1.674152611114321232, -19.56041570229429638, 5.052395964816079221 ) ) ;
#5948 = AXIS2_PLACEMENT_3D ( 'NONE', #340, #1642, #1034 ) ;
#5949 = ADVANCED_FACE ( 'NONE', ( #1431 ), #7140, .F. ) ;
#5950 = B_SPLINE_CURVE_WITH_KNOTS ( 'NONE', 3,
 ( #3469, #1699, #7314, #2352, #7808, #1733, #2856, #2269, #4166, #4202, #6697, #4119, #2932, #3580 ),
 .UNSPECIFIED., .F., .F.,
 ( 4, 2, 2, 2, 2, 2, 4 ),
 ( 0.000000000000000000, 0.2500000000000000000, 0.5000000000000000000, 0.6250000000000000000, 0.7500000000000000000, 0.8750000000000000000, 1.000000000000000000 ),
 .UNSPECIFIED. ) ;
#5951 = CARTESIAN_POINT ( 'NONE',  ( 6.078395854880398019, 20.41738609123282444, -6.972877521438386239 ) ) ;
#5952 = CARTESIAN_POINT ( 'NONE',  ( 39.35228314584210096, -4.509019702126835227, -19.68866462889064906 ) ) ;
#5953 = CARTESIAN_POINT ( 'NONE',  ( 3.702560261557063193, -18.92066352793653650, -7.078829355388614353 ) ) ;
#5954 = DIRECTION ( 'NONE',  ( 0.000000000000000000, 0.000000000000000000, -1.000000000000000000 ) ) ;
#5955 = EDGE_CURVE ( 'NONE', #5876, #6492, #7544, .T. ) ;
#5956 = CARTESIAN_POINT ( 'NONE',  ( 40.72616368100801054, 8.419226645639009021, -18.87213265119905259 ) ) ;
#5957 = VERTEX_POINT ( 'NONE', #7757 ) ;
#5958 = CARTESIAN_POINT ( 'NONE',  ( 1.999893463693788176, -21.55500168626321411, 0.1798195161933900943 ) ) ;
#5959 = EDGE_LOOP ( 'NONE', ( #6858, #3183, #4829, #3680 ) ) ;
#5960 = CARTESIAN_POINT ( 'NONE',  ( 1.922617668442684558, 19.47105135996289960, -5.421743773324226190 ) ) ;
#5961 = CIRCLE ( 'NONE', #602, 20.19999999999999929 ) ;
#5962 = AXIS2_PLACEMENT_3D ( 'NONE', #4378, #5636, #2491 ) ;
#5963 = CARTESIAN_POINT ( 'NONE',  ( 41.64354170902290520, 4.974620919659335172, -19.85169120803109521 ) ) ;
#5964 = CARTESIAN_POINT ( 'NONE',  ( 39.96164551392365638, 2.731065531117129238E-15, 20.17562402875952543 ) ) ;
#5965 = AXIS2_PLACEMENT_3D ( 'NONE', #7520, #1901, #6277 ) ;
#5966 = CARTESIAN_POINT ( 'NONE',  ( 39.98136491105519497, -13.14509750606731053, -16.63868733421536916 ) ) ;
#5967 = VECTOR ( 'NONE', #2875, 1000.000000000000000 ) ;
#5968 = CARTESIAN_POINT ( 'NONE',  ( 39.66642655742189305, -3.765776354530145920, 19.92041144237385808 ) ) ;
#5969 = CARTESIAN_POINT ( 'NONE',  ( 38.67030369188386629, 13.64863621958552997, -15.03286469884942989 ) ) ;
#5970 = EDGE_CURVE ( 'NONE', #2202, #7781, #5902, .T. ) ;
#5971 = LINE ( 'NONE', #1056, #862 ) ;
#5972 = VERTEX_POINT ( 'NONE', #2179 ) ;
#5973 = VERTEX_POINT ( 'NONE', #4598 ) ;
#5974 = B_SPLINE_CURVE_WITH_KNOTS ( 'NONE', 3,
 ( #5862, #5947, #4556, #259, #2757, #6609 ),
 .UNSPECIFIED., .F., .F.,
 ( 4, 2, 4 ),
 ( 0.01249267149132302426, 0.01362230994055516065, 0.01475194838978729876 ),
 .UNSPECIFIED. ) ;
#5975 = VECTOR ( 'NONE', #4574, 1000.000000000000000 ) ;
#5976 = CARTESIAN_POINT ( 'NONE',  ( 39.60687455443745364, 8.131967081015432086, 18.94078525059863338 ) ) ;
#5977 = CARTESIAN_POINT ( 'NONE',  ( -8.737866397512806748E-15, 0.000000000000000000, -5.250000000000000000 ) ) ;
#5978 = PLANE ( 'NONE',  #1652 ) ;
#5979 = FACE_OUTER_BOUND ( 'NONE', #2545, .T. ) ;
#5980 = CARTESIAN_POINT ( 'NONE',  ( 35.75844788264302565, -43.73452883800678848, -20.19999999999999929 ) ) ;
#5981 = CARTESIAN_POINT ( 'NONE',  ( 32.12696878937398992, -40.46511129076460378, -20.15990323180556842 ) ) ;
#5982 = CARTESIAN_POINT ( 'NONE',  ( 39.86273498248252167, 33.39496823876426390, 18.57684535095627965 ) ) ;
#5983 = ORIENTED_EDGE ( 'NONE', *, *, #5011, .F. ) ;
#5984 = CARTESIAN_POINT ( 'NONE',  ( 38.33776329867730226, 41.18700730797415588, 20.19999999999999929 ) ) ;
#5985 = CARTESIAN_POINT ( 'NONE',  ( 38.00000000000000711, -11.91767059183437283, -16.32558506366288498 ) ) ;
#5986 = DIRECTION ( 'NONE',  ( -1.000000000000000000, -0.000000000000000000, -0.000000000000000000 ) ) ;
#5987 = DIRECTION ( 'NONE',  ( 1.000000000000000000, 0.000000000000000000, 0.000000000000000000 ) ) ;
#5988 = CARTESIAN_POINT ( 'NONE',  ( 39.00659396967673587, -7.775749223387872888, -18.56506000506670517 ) ) ;
#5989 = CARTESIAN_POINT ( 'NONE',  ( 50.00000000000000000, 37.09999999996985309, 0.000000000000000000 ) ) ;
#5990 = CARTESIAN_POINT ( 'NONE',  ( 39.37845778684108922, -35.03869604436498264, -18.51824947107058605 ) ) ;
#5991 = CARTESIAN_POINT ( 'NONE',  ( 38.22919511150738003, -6.825315930737267500, 19.04102411297256481 ) ) ;
#5992 = DIRECTION ( 'NONE',  ( 1.000000000000000000, 0.000000000000000000, -1.948774242403888243E-17 ) ) ;
#5993 = ORIENTED_EDGE ( 'NONE', *, *, #3250, .F. ) ;
#5994 = DIRECTION ( 'NONE',  ( 0.000000000000000000, 0.4095215355438329152, 0.9123004504689347094 ) ) ;
#5995 = EDGE_CURVE ( 'NONE', #4035, #1316, #3378, .T. ) ;
#5996 = CARTESIAN_POINT ( 'NONE',  ( 34.34749658521202065, 42.46395223102370409, -20.19999999999999929 ) ) ;
#5997 = CARTESIAN_POINT ( 'NONE',  ( 38.79807917603379508, -2.274634645169237857, -20.07458318903555750 ) ) ;
#5998 = CARTESIAN_POINT ( 'NONE',  ( 5.509695433440712442, -20.59701374364857074, -6.629732047345155976 ) ) ;
#5999 = CARTESIAN_POINT ( 'NONE',  ( 1.470967741935480966, 16.63635099737583900, 11.45739174036184593 ) ) ;
#6000 = SHAPE_DEFINITION_REPRESENTATION ( #2336, #3990 ) ;
#6001 = CARTESIAN_POINT ( 'NONE',  ( 40.66872152033781873, 7.445747219451885002, -19.08656485180166484 ) ) ;
#6002 = ORIENTED_EDGE ( 'NONE', *, *, #1004, .F. ) ;
#6003 = CARTESIAN_POINT ( 'NONE',  ( 2.775126004569082649, -20.22524543670421338, -3.450465395979847472 ) ) ;
#6004 = VERTEX_POINT ( 'NONE', #6566 ) ;
#6005 = DIRECTION ( 'NONE',  ( 0.000000000000000000, 0.000000000000000000, -1.000000000000000000 ) ) ;
#6006 = CARTESIAN_POINT ( 'NONE',  ( 44.40459476717573040, 10.65577528513872352, -20.19999999999999574 ) ) ;
#6007 = EDGE_CURVE ( 'NONE', #4330, #6082, #4699, .T. ) ;
#6008 = CARTESIAN_POINT ( 'NONE',  ( 37.99999999999999289, 0.4958699990444144778, 20.20000000000000284 ) ) ;
#6009 = CARTESIAN_POINT ( 'NONE',  ( 41.40563100666005170, -10.79241612180945431, -18.97428331864869477 ) ) ;
#6010 = CARTESIAN_POINT ( 'NONE',  ( 39.93006152743539872, -7.544167299016497630, 19.33195906276567655 ) ) ;
#6011 = CARTESIAN_POINT ( 'NONE',  ( 38.00000000000000711, 10.12279082468544722, -17.49434600123490213 ) ) ;
#6012 = VERTEX_POINT ( 'NONE', #960 ) ;
#6013 = ORIENTED_EDGE ( 'NONE', *, *, #3023, .F. ) ;
#6014 = EDGE_CURVE ( 'NONE', #5192, #3594, #1186, .T. ) ;
#6015 = CARTESIAN_POINT ( 'NONE',  ( 39.69652201291499694, 11.34347402281622763, 17.83087932791237051 ) ) ;
#6016 = CARTESIAN_POINT ( 'NONE',  ( 42.00000000000000711, 10.59349905471380282, 20.19999999999999929 ) ) ;
#6017 = CARTESIAN_POINT ( 'NONE',  ( 40.00000000000000000, -30.77705835859652339, 18.19999999999999929 ) ) ;
#6018 = CARTESIAN_POINT ( 'NONE',  ( 40.00000000000000000, -16.18023485614469692, -15.20000000000000107 ) ) ;
#6019 = CARTESIAN_POINT ( 'NONE',  ( 12.53715263546824765, -25.78987092504714695, 13.76904673920283528 ) ) ;
#6020 = CARTESIAN_POINT ( 'NONE',  ( 39.47985789093286968, 35.58622612153387621, 18.88390839379675157 ) ) ;
#6021 = CARTESIAN_POINT ( 'NONE',  ( 38.40927476167542665, -10.55968280302190188, -17.19787582823915173 ) ) ;
#6022 = CARTESIAN_POINT ( 'NONE',  ( 1.470967741935475193, 19.63349431756862273, -4.750357974090006152 ) ) ;
#6023 = FACE_OUTER_BOUND ( 'NONE', #7931, .T. ) ;
#6024 = EDGE_CURVE ( 'NONE', #37, #5520, #5974, .T. ) ;
#6025 = CARTESIAN_POINT ( 'NONE',  ( 39.11945784822852801, 37.03834393451553808, 19.17806673300042775 ) ) ;
#6026 = DIRECTION ( 'NONE',  ( 0.000000000000000000, 0.000000000000000000, 1.000000000000000000 ) ) ;
#6027 = CARTESIAN_POINT ( 'NONE',  ( 38.34582951216276570, -7.695399189610795609, 18.71603354397316465 ) ) ;
#6028 = DIRECTION ( 'NONE',  ( 0.000000000000000000, 0.000000000000000000, 1.000000000000000000 ) ) ;
#6029 = VERTEX_POINT ( 'NONE', #5253 ) ;
#6030 = AXIS2_PLACEMENT_3D ( 'NONE', #2303, #3687, #6026 ) ;
#6031 = CARTESIAN_POINT ( 'NONE',  ( 40.45979295075576943, -40.05771762630072885, 20.19999999999999574 ) ) ;
#6032 = CARTESIAN_POINT ( 'NONE',  ( 38.82613874313138069, -1.106793759274062428, -20.17092272448237011 ) ) ;
#6033 = CARTESIAN_POINT ( 'NONE',  ( 1.470967741935482298, -16.63635099737583545, -11.45739174036185659 ) ) ;
#6034 = LINE ( 'NONE', #4239, #7942 ) ;
#6035 = CARTESIAN_POINT ( 'NONE',  ( 40.39259805927733282, 6.290599317425697556, -19.30228408202323820 ) ) ;
#6036 = ORIENTED_EDGE ( 'NONE', *, *, #7512, .T. ) ;
#6037 = CARTESIAN_POINT ( 'NONE',  ( 1.470967741822022612, -20.09431369831135683, 2.102173994521721490 ) ) ;
#6038 = ORIENTED_EDGE ( 'NONE', *, *, #3721, .F. ) ;
#6039 = CARTESIAN_POINT ( 'NONE',  ( 4.751397765272787233, 18.65329588449893095, -7.754811800625784457 ) ) ;
#6040 = CIRCLE ( 'NONE', #4467, 11.00000000000000000 ) ;
#6041 = CARTESIAN_POINT ( 'NONE',  ( 42.59299676506100951, 8.898558110409130251, -19.82202496667103730 ) ) ;
#6042 = CARTESIAN_POINT ( 'NONE',  ( 41.50399062508551395, -14.47761341937152935, -18.77505843695099230 ) ) ;
#6043 = CARTESIAN_POINT ( 'NONE',  ( 39.96865458023827955, -3.811420527552963566, 19.96335881408645108 ) ) ;
#6044 = CARTESIAN_POINT ( 'NONE',  ( 38.00000000000000711, 5.125203385271415613, -19.55018815015353084 ) ) ;
#6045 = VERTEX_POINT ( 'NONE', #7674 ) ;
#6046 = ADVANCED_FACE ( 'NONE', ( #4731 ), #7187, .F. ) ;
#6047 = ORIENTED_EDGE ( 'NONE', *, *, #839, .F. ) ;
#6048 = DIRECTION ( 'NONE',  ( 0.000000000000000000, -1.000000000000000000, 0.000000000000000000 ) ) ;
#6049 = LINE ( 'NONE', #5552, #5438 ) ;
#6050 = LINE ( 'NONE', #7868, #5173 ) ;
#6051 = CARTESIAN_POINT ( 'NONE',  ( 40.67938032138044235, -3.029919971993462191, -19.95745596235394359 ) ) ;
#6052 = LINE ( 'NONE', #1832, #6979 ) ;
#6053 = CARTESIAN_POINT ( 'NONE',  ( 54.49082522213078050, -5.359019236229821459, 9.651310401603488742 ) ) ;
#6054 = ORIENTED_EDGE ( 'NONE', *, *, #6757, .T. ) ;
#6055 = CARTESIAN_POINT ( 'NONE',  ( 39.23528979323418753, 36.57409980741886812, 19.07799519529102739 ) ) ;
#6056 = B_SPLINE_SURFACE_WITH_KNOTS ( 'NONE', 3, 3, ( 
 ( #7814, #5355, #4744, #7281, #1669, #6664 ),
 ( #1051, #7474, #7932, #8039, #594, #1854 ),
 ( #6155, #2399, #2358, #478, #1089, #629 ),
 ( #5504, #3744, #6194, #3664, #4974, #3092 ),
 ( #4287, #3585, #8085, #513, #4895, #2319 ),
 ( #4360, #6235, #7401, #6125, #6859, #6741 ),
 ( #1247, #6083, #5428, #2979, #1783, #2437 ),
 ( #5582, #7321, #4823, #1704, #7441, #4940 ),
 ( #6784, #1170, #4208, #6703, #2473, #7357 ),
 ( #6818, #7970, #1131, #1821, #1208, #5469 ),
 ( #4858, #4324, #3014, #1738, #4243, #552 ),
 ( #8003, #3628, #3705, #3052, #5539, #21 ) ),
 .UNSPECIFIED., .F., .F., .F.,
 ( 4, 2, 2, 2, 2, 4 ),
 ( 4, 2, 4 ),
 ( 0.000000000000000000, 0.1250000000000000000, 0.2500000000000000000, 0.3750000000000000000, 0.5000000000000000000, 1.000000000000000000 ),
 ( 0.000000000000000000, 0.5000000000000000000, 1.000000000000000000 ),
 .UNSPECIFIED. ) ;
#6057 = ORIENTED_EDGE ( 'NONE', *, *, #4725, .F. ) ;
#6058 = ADVANCED_FACE ( 'NONE', ( #301 ), #4646, .T. ) ;
#6059 = CARTESIAN_POINT ( 'NONE',  ( 40.00000000000000000, 0.000000000000000000, 0.000000000000000000 ) ) ;
#6060 = PLANE ( 'NONE',  #275 ) ;
#6061 = CARTESIAN_POINT ( 'NONE',  ( 45.00000000000000000, -6.741764523393616315, -20.20000000000000284 ) ) ;
#6062 = DIRECTION ( 'NONE',  ( 0.000000000000000000, 0.000000000000000000, -1.000000000000000000 ) ) ;
#6063 = PRESENTATION_STYLE_ASSIGNMENT (( #4879 ) ) ;
#6064 = CARTESIAN_POINT ( 'NONE',  ( 40.00000000000000000, 19.86939916790550242, 3.639639639639639768 ) ) ;
#6065 = CARTESIAN_POINT ( 'NONE',  ( 38.29688212815167248, -3.316114057850033880, 19.93265870895026382 ) ) ;
#6066 = CARTESIAN_POINT ( 'NONE',  ( 3.176774193554176229, 21.57740464604076891, -4.176552357417743444 ) ) ;
#6067 = DIRECTION ( 'NONE',  ( -1.734723475976805517E-15, -6.018531076210100830E-30, 1.000000000000000000 ) ) ;
#6068 = AXIS2_PLACEMENT_3D ( 'NONE', #6511, #332, #903 ) ;
#6069 = ADVANCED_FACE ( 'NONE', ( #3422 ), #1567, .F. ) ;
#6070 = AXIS2_PLACEMENT_3D ( 'NONE', #3898, #3160, #4390 ) ;
#6071 = VECTOR ( 'NONE', #2296, 1000.000000000000000 ) ;
#6072 = CARTESIAN_POINT ( 'NONE',  ( 59.32218371825793213, -10.97382150351874053, 3.633689553423248064 ) ) ;
#6073 = CARTESIAN_POINT ( 'NONE',  ( 45.00000000000000000, 3.370882261696817483, -20.19999999999999929 ) ) ;
#6074 = EDGE_LOOP ( 'NONE', ( #4281, #2203, #5461 ) ) ;
#6075 = CARTESIAN_POINT ( 'NONE',  ( 13.65161609200835180, -20.74064367572555057, 7.117984259366249233 ) ) ;
#6076 = VECTOR ( 'NONE', #6289, 1000.000000000000000 ) ;
#6077 = CARTESIAN_POINT ( 'NONE',  ( 42.00000000000000000, -12.71219886565655699, 20.19999999999999929 ) ) ;
#6078 = CARTESIAN_POINT ( 'NONE',  ( 40.77368352657724415, 10.61994776501695092, -18.40101029618197614 ) ) ;
#6079 = EDGE_LOOP ( 'NONE', ( #4452, #6623, #29, #628, #2889, #4237 ) ) ;
#6080 = ORIENTED_EDGE ( 'NONE', *, *, #792, .F. ) ;
#6081 = CARTESIAN_POINT ( 'NONE',  ( 2.775175884921994740, -20.22529764118393558, 3.450697736030444052 ) ) ;
#6082 = VERTEX_POINT ( 'NONE', #8027 ) ;
#6083 = CARTESIAN_POINT ( 'NONE',  ( 40.49050468422088755, -3.629462110612851511, 20.09765166792961466 ) ) ;
#6084 = CARTESIAN_POINT ( 'NONE',  ( 43.88390751032246584, 14.72760839945730282, -20.11718071062419000 ) ) ;
#6085 = B_SPLINE_CURVE_WITH_KNOTS ( 'NONE', 3,
 ( #4584, #4095, #5237, #5330, #4679, #3364, #2874, #6593, #5196, #7701, #1511, #4011 ),
 .UNSPECIFIED., .F., .F.,
 ( 4, 2, 2, 2, 2, 4 ),
 ( 8.673617379884035472E-19, 0.0009729417934583643951, 0.001945883586916731392, 0.002918825380375098064, 0.003405296277104278690, 0.003891767173833459315 ),
 .UNSPECIFIED. ) ;
#6086 = CARTESIAN_POINT ( 'NONE',  ( 39.92977483094605162, -15.47762270841139198, -15.14475274838174101 ) ) ;
#6087 = CARTESIAN_POINT ( 'NONE',  ( 39.55056470404552726, -5.357260409573261661, 19.61179219927570472 ) ) ;
#6088 = CARTESIAN_POINT ( 'NONE',  ( 2.000385600967121480, 21.55538406623362491, 0.3782295304296235394 ) ) ;
#6089 = ORIENTED_EDGE ( 'NONE', *, *, #6563, .F. ) ;
#6090 = VECTOR ( 'NONE', #3153, 1000.000000000000000 ) ;
#6091 = EDGE_LOOP ( 'NONE', ( #1578, #5302, #7032, #6036 ) ) ;
#6092 = DIRECTION ( 'NONE',  ( 0.000000000000000000, 1.000000000000000000, -1.224646799147352961E-16 ) ) ;
#6093 = CIRCLE ( 'NONE', #347, 20.19999999999999929 ) ;
#6094 = VECTOR ( 'NONE', #6673, 1000.000000000000000 ) ;
#6095 = DIRECTION ( 'NONE',  ( 0.000000000000000000, 0.000000000000000000, 1.000000000000000000 ) ) ;
#6096 = EDGE_CURVE ( 'NONE', #3379, #2760, #1082, .T. ) ;
#6097 =( BOUNDED_CURVE ( )  B_SPLINE_CURVE ( 3, ( #6131, #4291, #4328, #1175 ),
 .UNSPECIFIED., .F., .T. ) 
 B_SPLINE_CURVE_WITH_KNOTS ( ( 4, 4 ),
 ( 1.570796326794898334, 2.730075807522306608 ),
 .UNSPECIFIED. ) 
 CURVE ( )  GEOMETRIC_REPRESENTATION_ITEM ( )  RATIONAL_B_SPLINE_CURVE ( ( 1.000000000000000000, 0.8911066843560503381, 0.8911066843560503381, 1.000000000000000000 ) ) 
 REPRESENTATION_ITEM ( '' )  );
#6098 = CARTESIAN_POINT ( 'NONE',  ( 38.40927476167543375, 10.55968280302190188, -17.19787582823915884 ) ) ;
#6099 = CARTESIAN_POINT ( 'NONE',  ( 40.72725699528491106, -3.458628857076608387, -19.90488706430106092 ) ) ;
#6100 = CARTESIAN_POINT ( 'NONE',  ( 1.470967741935481632, 0.000000000000000000, 9.568958528775276393E-17 ) ) ;
#6101 = CARTESIAN_POINT ( 'NONE',  ( 38.40671972885256480, 12.44615858956114529, -15.93440688500021096 ) ) ;
#6102 = CARTESIAN_POINT ( 'NONE',  ( 55.30738845200973230, 7.830348344530434268, 7.774264721380838239 ) ) ;
#6103 = EDGE_LOOP ( 'NONE', ( #837, #7983, #5802, #2528 ) ) ;
#6104 = CARTESIAN_POINT ( 'NONE',  ( 39.98708002714351295, 31.69999851579408912, 18.36267558140357536 ) ) ;
#6105 = CIRCLE ( 'NONE', #6493, 2.000000000000000000 ) ;
#6106 = CIRCLE ( 'NONE', #4675, 2.000000000000000000 ) ;
#6107 = CARTESIAN_POINT ( 'NONE',  ( 39.41446739863830118, -11.78313987870415680, 17.12358276649949573 ) ) ;
#6108 = CARTESIAN_POINT ( 'NONE',  ( 40.76681044887904193, 39.67564775886624773, 20.19999999999999929 ) ) ;
#6109 = CARTESIAN_POINT ( 'NONE',  ( 38.00000000000000000, -18.28351446246255207, -12.59178696217986015 ) ) ;
#6110 = ADVANCED_FACE ( 'NONE', ( #2925, #7957 ), #3689, .F. ) ;
#6111 = FILL_AREA_STYLE_COLOUR ( '', #466 ) ;
#6112 = DIRECTION ( 'NONE',  ( 0.000000000000000000, -0.000000000000000000, 1.000000000000000000 ) ) ;
#6113 = CARTESIAN_POINT ( 'NONE',  ( 38.26858539743846421, -4.813915056741909559, 19.62491573010411017 ) ) ;
#6114 = DIRECTION ( 'NONE',  ( 0.000000000000000000, 0.000000000000000000, -1.000000000000000000 ) ) ;
#6115 = FACE_OUTER_BOUND ( 'NONE', #910, .T. ) ;
#6116 = EDGE_CURVE ( 'NONE', #4571, #1493, #6151, .T. ) ;
#6117 = CARTESIAN_POINT ( 'NONE',  ( 5.887266046337877867, -20.20669407995539757, -6.878300218598312199 ) ) ;
#6118 = EDGE_CURVE ( 'NONE', #1299, #847, #4803, .T. ) ;
#6119 = CARTESIAN_POINT ( 'NONE',  ( 38.52773594965216120, -38.63778048585751890, 19.61270697408903629 ) ) ;
#6120 = ORIENTED_EDGE ( 'NONE', *, *, #8097, .F. ) ;
#6121 = DIRECTION ( 'NONE',  ( -1.000000000000000000, -0.000000000000000000, -0.000000000000000000 ) ) ;
#6122 = CARTESIAN_POINT ( 'NONE',  ( 38.00000000000000000, 0.000000000000000000, 0.000000000000000000 ) ) ;
#6123 = CARTESIAN_POINT ( 'NONE',  ( 40.40111830042174290, 8.455360374779802513, -18.67016238131195749 ) ) ;
#6124 = VERTEX_POINT ( 'NONE', #4810 ) ;
#6125 = CARTESIAN_POINT ( 'NONE',  ( 41.44369912798413935, -3.260522002469322445, 20.20047909670705266 ) ) ;
#6126 = CARTESIAN_POINT ( 'NONE',  ( 38.00000000000000000, 21.83666641225257976, 2.000000000000000000 ) ) ;
#6127 = ADVANCED_FACE ( 'NONE', ( #2423 ), #2259, .F. ) ;
#6128 = CARTESIAN_POINT ( 'NONE',  ( 17.01907851085663737, 19.83173841801165338, -3.845235947706441504 ) ) ;
#6129 = CARTESIAN_POINT ( 'NONE',  ( 40.96710229754278032, -10.19383238310667750, -18.67692795017431706 ) ) ;
#6130 = CARTESIAN_POINT ( 'NONE',  ( 40.04069379480532120, -9.279077966568612723, 19.08747484692148788 ) ) ;
#6131 = CARTESIAN_POINT ( 'NONE',  ( 19.16515138991168499, 21.83666641225257976, -1.999999999999999556 ) ) ;
#6132 = CARTESIAN_POINT ( 'NONE',  ( 38.00000000000000711, 6.865253010785333565, -18.99833060024661080 ) ) ;
#6133 = VERTEX_POINT ( 'NONE', #4157 ) ;
#6134 = ORIENTED_EDGE ( 'NONE', *, *, #3419, .T. ) ;
#6135 = CARTESIAN_POINT ( 'NONE',  ( 38.00000000000000000, -41.18700821125061395, -15.19999999999999751 ) ) ;
#6136 = CARTESIAN_POINT ( 'NONE',  ( 39.28270869977575330, -14.46175910821135346, -14.76429575563259888 ) ) ;
#6137 = CARTESIAN_POINT ( 'NONE',  ( 39.41442458138376281, -15.05865200620466382, -14.32810843525883193 ) ) ;
#6138 = CARTESIAN_POINT ( 'NONE',  ( 36.80921606572359650, -45.00000000000000000, -19.47406921907622390 ) ) ;
#6139 = ORIENTED_EDGE ( 'NONE', *, *, #6526, .F. ) ;
#6140 = VERTEX_POINT ( 'NONE', #6651 ) ;
#6141 = CARTESIAN_POINT ( 'NONE',  ( 42.12861145771474014, 35.84039230402366627, 20.19999999999999929 ) ) ;
#6142 = CARTESIAN_POINT ( 'NONE',  ( 13.65161609200835180, -20.74064367572555057, 7.117984259366249233 ) ) ;
#6143 = CARTESIAN_POINT ( 'NONE',  ( 1.793584747685266212, 17.37655886532094840, -10.80748015114567551 ) ) ;
#6144 = DIRECTION ( 'NONE',  ( 0.000000000000000000, 0.000000000000000000, -1.000000000000000000 ) ) ;
#6145 = EDGE_CURVE ( 'NONE', #1913, #455, #5866, .T. ) ;
#6146 = CARTESIAN_POINT ( 'NONE',  ( 5.550712902224302248, -19.94183376787374939, -6.759407367397217037 ) ) ;
#6147 = CARTESIAN_POINT ( 'NONE',  ( 38.00000000000000000, -41.18700821125057132, 20.19999999999999929 ) ) ;
#6148 = CARTESIAN_POINT ( 'NONE',  ( 30.45551943308459641, -39.13940053352840209, 19.76150225234330904 ) ) ;
#6149 = CARTESIAN_POINT ( 'NONE',  ( 39.73041568492968878, -2.552712166031102292, 20.06869851170060670 ) ) ;
#6150 = CARTESIAN_POINT ( 'NONE',  ( 50.00000000000000000, -36.50000000000000000, 0.000000000000000000 ) ) ;
#6151 = B_SPLINE_CURVE_WITH_KNOTS ( 'NONE', 3,
 ( #7388, #502, #7346, #3002, #4273, #5527, #1649, #6066 ),
 .UNSPECIFIED., .F., .F.,
 ( 4, 2, 2, 4 ),
 ( 0.000000000000000000, 0.001062030397379521481, 0.002124060794759042962, 0.004248121589518088527 ),
 .UNSPECIFIED. ) ;
#6152 = CARTESIAN_POINT ( 'NONE',  ( 40.22359664488181608, 9.113184363697238055, -18.35563493464170648 ) ) ;
#6153 = EDGE_CURVE ( 'NONE', #5632, #6567, #3541, .T. ) ;
#6154 = VERTEX_POINT ( 'NONE', #538 ) ;
#6155 = CARTESIAN_POINT ( 'NONE',  ( 40.04406314578129411, -1.036519080231611767, 20.16388697060664370 ) ) ;
#6156 = CARTESIAN_POINT ( 'NONE',  ( 16.18758092012934569, 19.56795010088613651, 5.073496534708224814 ) ) ;
#6157 = CARTESIAN_POINT ( 'NONE',  ( 41.48281186413480981, 7.332496492489633866, -19.49549013253524521 ) ) ;
#6158 = CARTESIAN_POINT ( 'NONE',  ( 41.46446609406727646, -15.75879749091903292, -18.73553390593274415 ) ) ;
#6159 = CARTESIAN_POINT ( 'NONE',  ( 39.59938866993729789, -6.208917975426085256, 19.43649167684407786 ) ) ;
#6160 = DIRECTION ( 'NONE',  ( -0.000000000000000000, -1.000000000000000000, -0.000000000000000000 ) ) ;
#6161 = LINE ( 'NONE', #8090, #6485 ) ;
#6162 = ORIENTED_EDGE ( 'NONE', *, *, #2494, .T. ) ;
#6163 = CIRCLE ( 'NONE', #3293, 0.4999999999999994449 ) ;
#6164 = EDGE_CURVE ( 'NONE', #7320, #4460, #6106, .T. ) ;
#6165 = ORIENTED_EDGE ( 'NONE', *, *, #1441, .T. ) ;
#6166 = LINE ( 'NONE', #7978, #7667 ) ;
#6167 = CARTESIAN_POINT ( 'NONE',  ( 38.33495313085001754, 4.965348976430466799, -19.59380843058905342 ) ) ;
#6168 = CARTESIAN_POINT ( 'NONE',  ( 40.62326915463582111, 6.616095988372022521E-15, 20.17841325686596576 ) ) ;
#6169 = CARTESIAN_POINT ( 'NONE',  ( 39.32350210446664107, -12.36931118505880711, -16.27895342658229438 ) ) ;
#6170 = CARTESIAN_POINT ( 'NONE',  ( 40.00000000000000000, -20.74064367572554701, 7.117984259366251898 ) ) ;
#6171 = ORIENTED_EDGE ( 'NONE', *, *, #8097, .T. ) ;
#6172 = ORIENTED_EDGE ( 'NONE', *, *, #5166, .F. ) ;
#6173 = CARTESIAN_POINT ( 'NONE',  ( 6.099709740250203183, 20.41100592014862514, 6.984821822330247620 ) ) ;
#6174 = LINE ( 'NONE', #5030, #4546 ) ;
#6175 = CARTESIAN_POINT ( 'NONE',  ( 38.35353284019427633, 40.06924784275093998, 20.19999999999999574 ) ) ;
#6176 = FACE_OUTER_BOUND ( 'NONE', #6740, .T. ) ;
#6177 = PRODUCT_DEFINITION_CONTEXT ( 'detailed design', #3651, 'design' ) ;
#6178 = AXIS2_PLACEMENT_3D ( 'NONE', #4959, #2379, #7382 ) ;
#6179 = DIRECTION ( 'NONE',  ( -1.000000000000000000, -0.000000000000000000, -0.000000000000000000 ) ) ;
#6180 = DIRECTION ( 'NONE',  ( 6.440804985062402444E-17, 0.000000000000000000, -1.000000000000000000 ) ) ;
#6181 = CARTESIAN_POINT ( 'NONE',  ( 2.333258375880518987, 18.02180295574444102, -10.59178696217985305 ) ) ;
#6182 = CARTESIAN_POINT ( 'NONE',  ( 40.03244936881603167, -12.51324767864198861, 18.56988301593361257 ) ) ;
#6183 =( BOUNDED_CURVE ( )  B_SPLINE_CURVE ( 3, ( #547, #4548, #5578, #1850 ),
 .UNSPECIFIED., .F., .T. ) 
 B_SPLINE_CURVE_WITH_KNOTS ( ( 4, 4 ),
 ( 4.712388980384687898, 6.283185307179586232 ),
 .UNSPECIFIED. ) 
 CURVE ( )  GEOMETRIC_REPRESENTATION_ITEM ( )  RATIONAL_B_SPLINE_CURVE ( ( 1.000000000000000000, 0.8047378541243646044, 0.8047378541243646044, 1.000000000000000000 ) ) 
 REPRESENTATION_ITEM ( '' )  );
#6184 = CARTESIAN_POINT ( 'NONE',  ( 1.470967741935474749, -19.63349431756685703, 4.750357974097294544 ) ) ;
#6185 = CYLINDRICAL_SURFACE ( 'NONE', #2625, 5.000000000000000888 ) ;
#6186 = CARTESIAN_POINT ( 'NONE',  ( 38.00000000000000000, -40.11625195157547097, 20.19999999999999574 ) ) ;
#6187 = CARTESIAN_POINT ( 'NONE',  ( 39.60993695212665244, 0.3957161382264343108, 20.17688576057259553 ) ) ;
#6188 = EDGE_CURVE ( 'NONE', #7248, #39, #5328, .T. ) ;
#6189 = ORIENTED_EDGE ( 'NONE', *, *, #2802, .T. ) ;
#6190 = CARTESIAN_POINT ( 'NONE',  ( 39.41446739863830118, -11.78313987870415680, 17.12358276649949573 ) ) ;
#6191 = CARTESIAN_POINT ( 'NONE',  ( 39.70176511710204892, -7.352652846809040632, -18.78629198822657997 ) ) ;
#6192 = CARTESIAN_POINT ( 'NONE',  ( 40.49590434547040729, 12.28535902125518042, -17.69929534654054848 ) ) ;
#6193 = ORIENTED_EDGE ( 'NONE', *, *, #7060, .T. ) ;
#6194 = CARTESIAN_POINT ( 'NONE',  ( 40.65270224551444045, -1.654822890247776623, 20.17567426399231323 ) ) ;
#6195 = AXIS2_PLACEMENT_3D ( 'NONE', #6497, #3476, #6005 ) ;
#6196 = CARTESIAN_POINT ( 'NONE',  ( 40.04406314578132253, 1.036519080231618206, 20.16388697060665791 ) ) ;
#6197 = CARTESIAN_POINT ( 'NONE',  ( 38.42390580437356817, 11.57699340175821767, 16.60747398107809047 ) ) ;
#6198 = EDGE_CURVE ( 'NONE', #5268, #6460, #5447, .T. ) ;
#6199 = CARTESIAN_POINT ( 'NONE',  ( 1.999813573872517347, -21.55493961432201289, 0.1767460747269142263 ) ) ;
#6200 = CARTESIAN_POINT ( 'NONE',  ( 40.00000000000000000, 0.000000000000000000, 0.000000000000000000 ) ) ;
#6201 = DIRECTION ( 'NONE',  ( 0.000000000000000000, 1.000000000000000000, 0.000000000000000000 ) ) ;
#6202 = ORIENTED_EDGE ( 'NONE', *, *, #2194, .T. ) ;
#6203 = VERTEX_POINT ( 'NONE', #581 ) ;
#6204 = CARTESIAN_POINT ( 'NONE',  ( 0.000000000000000000, 0.000000000000000000, -19.00000000000000000 ) ) ;
#6205 = EDGE_CURVE ( 'NONE', #1747, #3732, #7430, .T. ) ;
#6206 = CARTESIAN_POINT ( 'NONE',  ( 40.81784821696574284, -4.367888503868863737, -19.77777095159279597 ) ) ;
#6207 = AXIS2_PLACEMENT_3D ( 'NONE', #2827, #1678, #4182 ) ;
#6208 = CARTESIAN_POINT ( 'NONE',  ( 39.99775314724715258, 4.037864158024742522, -19.77892914673531877 ) ) ;
#6209 = CARTESIAN_POINT ( 'NONE',  ( 37.99999999999999289, 2.473786534277653227E-15, -20.19999999999999929 ) ) ;
#6210 = EDGE_LOOP ( 'NONE', ( #1164, #6507 ) ) ;
#6211 = ORIENTED_EDGE ( 'NONE', *, *, #4262, .T. ) ;
#6212 = ORIENTED_EDGE ( 'NONE', *, *, #2981, .T. ) ;
#6213 = CARTESIAN_POINT ( 'NONE',  ( 4.394745098269247308, 18.73953452699124256, 7.545264115543316663 ) ) ;
#6214 = PLANE ( 'NONE',  #5962 ) ;
#6215 = AXIS2_PLACEMENT_3D ( 'NONE', #4535, #2075, #5800 ) ;
#6216 = CIRCLE ( 'NONE', #7283, 19.00000000000000000 ) ;
#6217 = DIRECTION ( 'NONE',  ( 6.440804985062402444E-17, -1.776356839400250465E-15, -1.000000000000000000 ) ) ;
#6218 = CYLINDRICAL_SURFACE ( 'NONE', #214, 2.000000000000000000 ) ;
#6220 = EDGE_CURVE ( 'NONE', #2739, #3642, #3224, .T. ) ;
#6219 = DIRECTION ( 'NONE',  ( 0.000000000000000000, 0.000000000000000000, -1.000000000000000000 ) ) ;
#6221 = DIRECTION ( 'NONE',  ( 0.000000000000000000, 0.000000000000000000, -1.000000000000000000 ) ) ;
#6222 = CARTESIAN_POINT ( 'NONE',  ( 39.85561485725180120, -2.707168135864694847, 20.06194571877270505 ) ) ;
#6223 = CIRCLE ( 'NONE', #6888, 4.099999999999633715 ) ;
#6224 = CIRCLE ( 'NONE', #3507, 2.000000000000000000 ) ;
#6225 = VERTEX_POINT ( 'NONE', #1157 ) ;
#6226 = VECTOR ( 'NONE', #2063, 1000.000000000000000 ) ;
#6227 = CARTESIAN_POINT ( 'NONE',  ( 57.50988691763965477, -9.634094683745205501, 6.632248706091314894 ) ) ;
#6228 = CARTESIAN_POINT ( 'NONE',  ( 1.470967741935481632, 0.000000000000000000, 9.568958528775276393E-17 ) ) ;
#6229 = CARTESIAN_POINT ( 'NONE',  ( 38.18820428996951222, 9.759676194312676856, 17.71838806758133344 ) ) ;
#6230 = EDGE_LOOP ( 'NONE', ( #1971, #5645, #6825, #7962, #1328, #4569, #2639, #1358 ) ) ;
#6231 = CARTESIAN_POINT ( 'NONE',  ( 39.19731551403267389, -6.978440516751606815, 19.07295912686106476 ) ) ;
#6232 = CARTESIAN_POINT ( 'NONE',  ( 38.00000000000000000, 44.99999999999999289, -18.00773976492943262 ) ) ;
#6233 = CARTESIAN_POINT ( 'NONE',  ( 40.25420816077142661, 9.001087360721049535, -18.41167475967321465 ) ) ;
#6234 = ORIENTED_EDGE ( 'NONE', *, *, #3811, .T. ) ;
#6235 = CARTESIAN_POINT ( 'NONE',  ( 40.46162131846426036, -3.129612261474295831, 20.11770455486104225 ) ) ;
#6236 = CARTESIAN_POINT ( 'NONE',  ( 14.09332016506781216, 20.32979950739781927, 6.874740500220902106 ) ) ;
#6237 = CARTESIAN_POINT ( 'NONE',  ( 37.99999999999999289, -0.4958699990444248029, 20.20000000000000284 ) ) ;
#6238 = CARTESIAN_POINT ( 'NONE',  ( 40.45014021005009397, -15.60397106432951553, -17.27169365441998394 ) ) ;
#6239 = DIRECTION ( 'NONE',  ( -1.000000000000000000, -0.000000000000000000, -0.000000000000000000 ) ) ;
#6240 = CARTESIAN_POINT ( 'NONE',  ( 39.03456493445149533, 37.28793410824903276, 19.24619882593134790 ) ) ;
#6241 = CARTESIAN_POINT ( 'NONE',  ( 50.00000000000000000, 37.09999999996985309, 3.850000000000000533 ) ) ;
#6242 = ORIENTED_EDGE ( 'NONE', *, *, #7522, .T. ) ;
#6243 = ADVANCED_FACE ( 'NONE', ( #3649 ), #1195, .T. ) ;
#6244 = B_SPLINE_CURVE_WITH_KNOTS ( 'NONE', 3,
 ( #775, #7539, #6961, #4493 ),
 .UNSPECIFIED., .F., .F.,
 ( 4, 4 ),
 ( 1.301042606982605321E-18, 0.0005045481767898179820 ),
 .UNSPECIFIED. ) ;
#6245 = CARTESIAN_POINT ( 'NONE',  ( 57.07106781186546129, 45.00000000000000000, 7.071067811865480834 ) ) ;
#6246 = CARTESIAN_POINT ( 'NONE',  ( 40.63229098881912904, -6.995394346995972512, -19.18660773494298510 ) ) ;
#6247 = CARTESIAN_POINT ( 'NONE',  ( 40.89720432267939287, 0.6654957320366842177, -20.11519533923546987 ) ) ;
#6248 = CARTESIAN_POINT ( 'NONE',  ( 38.57454364469499808, 6.534205180903380317, -19.11354036830105585 ) ) ;
#6249 = CARTESIAN_POINT ( 'NONE',  ( 41.99999999999999289, -4.237399621885502121, 20.20000000000000284 ) ) ;
#6250 = EDGE_LOOP ( 'NONE', ( #2479, #7653, #20, #1079 ) ) ;
#6251 = ORIENTED_EDGE ( 'NONE', *, *, #5247, .T. ) ;
#6252 = ORIENTED_EDGE ( 'NONE', *, *, #7206, .T. ) ;
#6253 = CARTESIAN_POINT ( 'NONE',  ( 11.27598830081285719, -22.70553022664232756, -8.000000000000000000 ) ) ;
#6254 = EDGE_CURVE ( 'NONE', #7633, #7513, #686, .T. ) ;
#6255 = CARTESIAN_POINT ( 'NONE',  ( 36.45910246964216839, 45.00000000000000000, 18.74414051476479059 ) ) ;
#6256 = CARTESIAN_POINT ( 'NONE',  ( 40.16978399400687039, 37.65387782938567796, 20.20000000000000284 ) ) ;
#6257 = CARTESIAN_POINT ( 'NONE',  ( 17.20010592241915859, -19.89664527294610963, -3.490898612938392542 ) ) ;
#6258 = CARTESIAN_POINT ( 'NONE',  ( 39.67209472758494115, 14.87931292429105135, -14.95699614216348650 ) ) ;
#6259 = CARTESIAN_POINT ( 'NONE',  ( 57.70262952387101052, -8.964946978477538408, 6.410078091735730510 ) ) ;
#6260 = CARTESIAN_POINT ( 'NONE',  ( 45.00000000000000000, -24.09389004176484761, -20.19999999999999929 ) ) ;
#6261 = CARTESIAN_POINT ( 'NONE',  ( 40.45172092338638947, -8.487770891262691464, 19.66903614803475620 ) ) ;
#6262 = VERTEX_POINT ( 'NONE', #2537 ) ;
#6263 = EDGE_CURVE ( 'NONE', #7320, #5345, #1386, .T. ) ;
#6264 = CARTESIAN_POINT ( 'NONE',  ( 39.98646688154377671, -26.08590101350998225, -15.80393846649893241 ) ) ;
#6265 = CARTESIAN_POINT ( 'NONE',  ( 39.99999999999999289, 16.07810832639103538, -15.29007613882943772 ) ) ;
#6266 = CARTESIAN_POINT ( 'NONE',  ( 39.19580683095942675, 11.68753838181664584, 16.92384456677847027 ) ) ;
#6267 = ORIENTED_EDGE ( 'NONE', *, *, #2512, .F. ) ;
#6268 = CARTESIAN_POINT ( 'NONE',  ( 4.363588800607376861, 19.37885688819734042, -6.506693301409128161 ) ) ;
#6269 = CARTESIAN_POINT ( 'NONE',  ( 40.34399606716051778, 8.669712287919322691, -18.57255154153759236 ) ) ;
#6270 = VERTEX_POINT ( 'NONE', #7 ) ;
#6271 = CARTESIAN_POINT ( 'NONE',  ( 40.00000000000000000, -21.83666641225257976, 4.000000000000000000 ) ) ;
#6272 = CARTESIAN_POINT ( 'NONE',  ( 40.49050468422091598, 3.629462110612862613, 20.09765166792963598 ) ) ;
#6273 = CARTESIAN_POINT ( 'NONE',  ( 41.53173470923295696, 10.70093697479957306, -19.07800241007338826 ) ) ;
#6274 = CARTESIAN_POINT ( 'NONE',  ( 40.31552156855837410, -14.94265283102760655, -16.94949692787069040 ) ) ;
#6275 = CARTESIAN_POINT ( 'NONE',  ( 45.00000000000000000, -3.370882261696804161, -20.20000000000000284 ) ) ;
#6276 = CARTESIAN_POINT ( 'NONE',  ( 39.75417601516193855, -6.952043766594813157, 19.34048534536243125 ) ) ;
#6277 = DIRECTION ( 'NONE',  ( 0.000000000000000000, 0.000000000000000000, 1.000000000000000000 ) ) ;
#6278 = EDGE_LOOP ( 'NONE', ( #7530, #1931, #4819, #8064 ) ) ;
#6279 = DIRECTION ( 'NONE',  ( 0.000000000000000000, -1.000000000000000000, -0.000000000000000000 ) ) ;
#6280 = CARTESIAN_POINT ( 'NONE',  ( 41.65899613207415797, 1.209523820628117166E-14, 20.20000000000000284 ) ) ;
#6281 = CARTESIAN_POINT ( 'NONE',  ( 40.52799474561631143, -7.409109986656510216, -19.03947094486943570 ) ) ;
#6282 = CARTESIAN_POINT ( 'NONE',  ( 38.99828651084638409, 10.59302966083419051, -17.12846742580621040 ) ) ;
#6283 = ADVANCED_FACE ( 'NONE', ( #2581 ), #93, .F. ) ;
#6284 = DIRECTION ( 'NONE',  ( -1.000000000000000000, -0.000000000000000000, -6.505213034913026604E-17 ) ) ;
#6285 = ORIENTED_EDGE ( 'NONE', *, *, #3765, .F. ) ;
#6286 = B_SPLINE_CURVE_WITH_KNOTS ( 'NONE', 3,
 ( #6515, #3412, #5893, #291, #2788, #6796, #2949, #2913, #7333, #3028, #4913, #4298, #3638, #6832 ),
 .UNSPECIFIED., .F., .F.,
 ( 4, 2, 2, 2, 2, 2, 4 ),
 ( 0.000000000000000000, 0.0004870050522873400293, 0.0009740101045746800586, 0.001948020209149360117, 0.002922030313724040176, 0.003409035366011374784, 0.003896040418298709826 ),
 .UNSPECIFIED. ) ;
#6287 = EDGE_LOOP ( 'NONE', ( #2406, #3113, #5050, #3881 ) ) ;
#6288 = EDGE_LOOP ( 'NONE', ( #4980, #6333, #4159 ) ) ;
#6289 = DIRECTION ( 'NONE',  ( 1.000000000000000000, -0.000000000000000000, -1.948774242403888243E-17 ) ) ;
#6290 = CARTESIAN_POINT ( 'NONE',  ( 40.00000000000000000, 16.18023485614469692, -15.20000000000000107 ) ) ;
#6291 = CARTESIAN_POINT ( 'NONE',  ( 39.99999999999999289, 12.71219886565655344, 18.19999999999999929 ) ) ;
#6292 = CARTESIAN_POINT ( 'NONE',  ( 39.70970254942121613, 15.30841828700968321, -14.60818855836952679 ) ) ;
#6293 = LINE ( 'NONE', #5110, #4898 ) ;
#6294 = CARTESIAN_POINT ( 'NONE',  ( 38.96604023430840158, 41.06542647156270220, -20.19999999999999929 ) ) ;
#6295 = CARTESIAN_POINT ( 'NONE',  ( 40.40518909687285287, -7.462075570502249455, 19.73162356020127817 ) ) ;
#6296 = EDGE_CURVE ( 'NONE', #4047, #654, #3120, .T. ) ;
#6297 = CARTESIAN_POINT ( 'NONE',  ( 48.00000000000000000, 6.429395695523604153E-16, 5.249999999999984013 ) ) ;
#6298 = VERTEX_POINT ( 'NONE', #6260 ) ;
#6299 = CARTESIAN_POINT ( 'NONE',  ( 41.53173470923295696, -10.70093697479954820, -19.07800241007339181 ) ) ;
#6300 = VECTOR ( 'NONE', #1307, 1000.000000000000000 ) ;
#6301 = CARTESIAN_POINT ( 'NONE',  ( 41.65526283914221750, -1.115085987671158518, -20.09787834544944118 ) ) ;
#6302 = CARTESIAN_POINT ( 'NONE',  ( 41.04645122102929378, -30.09527079786481352, -20.19999999999999218 ) ) ;
#6303 = CARTESIAN_POINT ( 'NONE',  ( 38.00000000000000000, -39.13940053353142901, 19.76150225234467328 ) ) ;
#6304 = CARTESIAN_POINT ( 'NONE',  ( 38.34582951216276570, 7.695399189610781399, 18.71603354397317887 ) ) ;
#6305 = EDGE_LOOP ( 'NONE', ( #1366, #4905, #4750, #5142 ) ) ;
#6306 = ADVANCED_FACE ( 'NONE', ( #6927 ), #6886, .F. ) ;
#6307 = DIRECTION ( 'NONE',  ( 0.000000000000000000, 0.000000000000000000, 1.000000000000000000 ) ) ;
#6308 = VECTOR ( 'NONE', #4107, 1000.000000000000000 ) ;
#6309 = CARTESIAN_POINT ( 'NONE',  ( 40.33328486476574426, 9.781743685002677324, -18.20953526556696289 ) ) ;
#6310 = ORIENTED_EDGE ( 'NONE', *, *, #6705, .T. ) ;
#6311 = CARTESIAN_POINT ( 'NONE',  ( 2.000243537780018066, 20.77421484173716593, 0.3963610219137089219 ) ) ;
#6312 = CARTESIAN_POINT ( 'NONE',  ( 40.58095162564841019, 5.225891346195925102, 20.02567200146632231 ) ) ;
#6313 = AXIS2_PLACEMENT_3D ( 'NONE', #7548, #5043, #3736 ) ;
#6314 = CARTESIAN_POINT ( 'NONE',  ( 38.17422853757982892, 10.70144378275154828, -17.14500319844671594 ) ) ;
#6315 = CARTESIAN_POINT ( 'NONE',  ( 45.00000000000000000, 45.00000000000000000, -20.19999999999999929 ) ) ;
#6316 = B_SPLINE_CURVE_WITH_KNOTS ( 'NONE', 3,
 ( #7364, #7974, #6789, #441, #7290, #1745, #369, #2907, #3633, #5396, #4178, #4863, #4250, #4292 ),
 .UNSPECIFIED., .F., .F.,
 ( 4, 2, 2, 2, 2, 2, 4 ),
 ( 6.780064464753014551E-19, 0.0009470220498934139993, 0.001894044099786827348, 0.003788088199573657732, 0.004735110249467076177, 0.005682132299360495922, 0.007576176399147338016 ),
 .UNSPECIFIED. ) ;
#6317 = CARTESIAN_POINT ( 'NONE',  ( 40.36503241191166325, -14.89385816188295841, -17.07597798258607469 ) ) ;
#6318 = CARTESIAN_POINT ( 'NONE',  ( 38.00000000000000000, 0.000000000000000000, 0.000000000000000000 ) ) ;
#6319 = CARTESIAN_POINT ( 'NONE',  ( 40.05900117020858886, -12.09093819016925941, 18.70320041673798883 ) ) ;
#6320 = CARTESIAN_POINT ( 'NONE',  ( 37.00000000000000000, 1.861463134703977092E-15, -15.19999999999999929 ) ) ;
#6321 = B_SPLINE_CURVE_WITH_KNOTS ( 'NONE', 3,
 ( #2376, #995, #418, #6645 ),
 .UNSPECIFIED., .F., .F.,
 ( 4, 4 ),
 ( 0.000000000000000000, 0.002238722776893133874 ),
 .UNSPECIFIED. ) ;
#6322 = CIRCLE ( 'NONE', #1484, 3.850000000000000533 ) ;
#6323 = CARTESIAN_POINT ( 'NONE',  ( 39.87293175487368302, 12.13368049638157942, 17.74263541320819115 ) ) ;
#6324 = ORIENTED_EDGE ( 'NONE', *, *, #326, .T. ) ;
#6325 = DIRECTION ( 'NONE',  ( 1.000000000000000000, 0.000000000000000000, 0.000000000000000000 ) ) ;
#6326 = AXIS2_PLACEMENT_3D ( 'NONE', #1194, #3729, #3192 ) ;
#6327 = LINE ( 'NONE', #5880, #5975 ) ;
#6328 = CARTESIAN_POINT ( 'NONE',  ( 40.14601475557797983, -7.329161123918470189, -18.92281079764313390 ) ) ;
#6329 = CARTESIAN_POINT ( 'NONE',  ( 40.37635609760316413, 0.5407140451629969258, -20.12864423773478961 ) ) ;
#6330 = CARTESIAN_POINT ( 'NONE',  ( 42.00000000000000000, -12.71219886565655699, 20.19999999999999929 ) ) ;
#6331 = ORIENTED_EDGE ( 'NONE', *, *, #975, .F. ) ;
#6332 = ORIENTED_EDGE ( 'NONE', *, *, #3305, .F. ) ;
#6333 = ORIENTED_EDGE ( 'NONE', *, *, #5356, .T. ) ;
#6334 = AXIS2_PLACEMENT_3D ( 'NONE', #1500, #5644, #5604 ) ;
#6335 = CARTESIAN_POINT ( 'NONE',  ( 50.00000000000000000, 45.00000000000000000, 0.000000000000000000 ) ) ;
#6336 = ADVANCED_FACE ( 'NONE', ( #4998 ), #3543, .T. ) ;
#6337 = CARTESIAN_POINT ( 'NONE',  ( 39.28812429285245855, 10.01533999951575282, 18.00872447704551860 ) ) ;
#6338 = DIRECTION ( 'NONE',  ( -1.000000000000000000, -0.000000000000000000, -0.000000000000000000 ) ) ;
#6339 = CARTESIAN_POINT ( 'NONE',  ( 39.59479466189548447, 15.19255446640677576, -14.48505293412302741 ) ) ;
#6340 = CYLINDRICAL_SURFACE ( 'NONE', #1751, 2.000000000000000000 ) ;
#6341 = CARTESIAN_POINT ( 'NONE',  ( 39.37845778683930575, 35.03869604436657426, -18.51824947106917918 ) ) ;
#6342 = DIRECTION ( 'NONE',  ( 0.000000000000000000, -7.993605777301125513E-15, -1.000000000000000000 ) ) ;
#6343 = VERTEX_POINT ( 'NONE', #906 ) ;
#6344 = AXIS2_PLACEMENT_3D ( 'NONE', #5761, #2690, #5885 ) ;
#6345 = TOROIDAL_SURFACE ( 'NONE', #7143, 12.19999999999999929, 3.000000000000000000 ) ;
#6346 = CARTESIAN_POINT ( 'NONE',  ( 38.00000000000000711, -6.076252473695198830, -19.26729216801399858 ) ) ;
#6347 = CARTESIAN_POINT ( 'NONE',  ( 40.97087536800593455, 6.944068156671942159E-15, -20.11376744117787041 ) ) ;
#6348 = EDGE_CURVE ( 'NONE', #6012, #4293, #1793, .T. ) ;
#6349 = CARTESIAN_POINT ( 'NONE',  ( 42.83731288787407010, -6.670694016507547452, -20.01746324986315884 ) ) ;
#6350 = B_SPLINE_CURVE_WITH_KNOTS ( 'NONE', 3,
 ( #3969, #5851, #7746, #2125, #7129, #1513, #5891, #4013, #7618, #6513 ),
 .UNSPECIFIED., .F., .F.,
 ( 4, 2, 2, 2, 4 ),
 ( 0.000000000000000000, 0.2500000000000000000, 0.5000000000000000000, 0.7500000000000000000, 1.000000000000000000 ),
 .UNSPECIFIED. ) ;
#6351 = CARTESIAN_POINT ( 'NONE',  ( 41.07596081507541896, -30.73693486944848274, -20.20000000000039364 ) ) ;
#6352 = FACE_OUTER_BOUND ( 'NONE', #1623, .T. ) ;
#6353 = CARTESIAN_POINT ( 'NONE',  ( 38.73340711563101735, 7.585202913078527232, 18.77137013835132606 ) ) ;
#6354 = VECTOR ( 'NONE', #4721, 1000.000000000000000 ) ;
#6355 = EDGE_LOOP ( 'NONE', ( #1085, #3558, #7813, #1979 ) ) ;
#6356 = CARTESIAN_POINT ( 'NONE',  ( 40.00000000000000000, 19.97600600519438885, -4.582486669968358406 ) ) ;
#6357 = CARTESIAN_POINT ( 'NONE',  ( 39.25719018087509227, 10.35442549098658915, -17.36144419078691925 ) ) ;
#6358 = ORIENTED_EDGE ( 'NONE', *, *, #4663, .F. ) ;
#6359 = EDGE_CURVE ( 'NONE', #6435, #3289, #7727, .T. ) ;
#6360 = CARTESIAN_POINT ( 'NONE',  ( 41.99999999999999289, 1.059349905471391740, 20.20000000000000284 ) ) ;
#6361 = CARTESIAN_POINT ( 'NONE',  ( 38.41561009276250616, 2.921893792002514674E-15, -20.19973482701772838 ) ) ;
#6362 = CARTESIAN_POINT ( 'NONE',  ( 38.22123085727671565, 2.695305389757264394E-15, -20.20000000000000284 ) ) ;
#6363 = FACE_OUTER_BOUND ( 'NONE', #1757, .T. ) ;
#6364 = VECTOR ( 'NONE', #5176, 1000.000000000000000 ) ;
#6365 = CARTESIAN_POINT ( 'NONE',  ( 59.23263121799485731, -10.78963520537923770, 2.162827560069884747 ) ) ;
#6366 = CARTESIAN_POINT ( 'NONE',  ( 39.19565387920792432, -8.041622060496564472, 18.72430773458991382 ) ) ;
#6367 = CARTESIAN_POINT ( 'NONE',  ( 41.39592128467882759, 9.525000541884532268, -19.13310467274898485 ) ) ;
#6368 = CARTESIAN_POINT ( 'NONE',  ( 40.40439111661152083, 8.591189483824399176, 19.61800470342105029 ) ) ;
#6369 = VERTEX_POINT ( 'NONE', #2787 ) ;
#6370 = DIRECTION ( 'NONE',  ( -0.000000000000000000, 0.9123004504689347094, 0.4095215355438329152 ) ) ;
#6371 = ADVANCED_FACE ( 'NONE', ( #3322 ), #7089, .F. ) ;
#6372 = CARTESIAN_POINT ( 'NONE',  ( 41.65526283914219619, 1.115085987671172285, -20.09787834544944474 ) ) ;
#6373 = CARTESIAN_POINT ( 'NONE',  ( 3.494794216193239933, -19.18766610085389956, 6.420869881312756711 ) ) ;
#6374 = CARTESIAN_POINT ( 'NONE',  ( 39.71780025962680583, -14.59146507678166138, -15.28028678656257711 ) ) ;
#6375 = CARTESIAN_POINT ( 'NONE',  ( 39.66756263882626143, 6.730062487330704002, -19.00374411534918551 ) ) ;
#6376 = CARTESIAN_POINT ( 'NONE',  ( 10.00000000000000178, -45.00200000000000244, 0.000000000000000000 ) ) ;
#6377 = ORIENTED_EDGE ( 'NONE', *, *, #6967, .T. ) ;
#6378 = ORIENTED_EDGE ( 'NONE', *, *, #1550, .T. ) ;
#6379 = CARTESIAN_POINT ( 'NONE',  ( 40.33904038532154601, 11.65407685438014163, 19.31347084459721941 ) ) ;
#6380 = DIRECTION ( 'NONE',  ( -0.8529032258064521699, 0.000000000000000000, -0.5220690446760354320 ) ) ;
#6381 = CARTESIAN_POINT ( 'NONE',  ( 59.91817462077140988, 10.92572404779182804, 1.319843708850341191 ) ) ;
#6382 = CYLINDRICAL_SURFACE ( 'NONE', #706, 4.999999999999999112 ) ;
#6383 = CARTESIAN_POINT ( 'NONE',  ( 41.09127993213459007, 31.99797331177114401, -20.19999999999919638 ) ) ;
#6384 = CARTESIAN_POINT ( 'NONE',  ( 58.43860043364416157, 10.30803016300651009, 5.374864005797966193 ) ) ;
#6385 = LINE ( 'NONE', #2704, #7526 ) ;
#6386 = VERTEX_POINT ( 'NONE', #7788 ) ;
#6387 = CARTESIAN_POINT ( 'NONE',  ( 40.00000000000000000, -19.86939916790550242, -3.639639639639639768 ) ) ;
#6388 = ORIENTED_EDGE ( 'NONE', *, *, #4691, .T. ) ;
#6389 = CARTESIAN_POINT ( 'NONE',  ( 38.68463788480536181, -6.923784138556003498, -18.96433442149053761 ) ) ;
#6390 = CARTESIAN_POINT ( 'NONE',  ( 41.60592489881926070, -4.320298024345491150, -19.90991001238418079 ) ) ;
#6391 = CARTESIAN_POINT ( 'NONE',  ( 42.76148830987397531, -4.606220971162724886, -20.08495204980785687 ) ) ;
#6392 = DIRECTION ( 'NONE',  ( 0.000000000000000000, 0.000000000000000000, 1.000000000000000000 ) ) ;
#6393 = CARTESIAN_POINT ( 'NONE',  ( 3.535039773884203207, 21.40038737138969793, 4.761850168645985093 ) ) ;
#6394 = CARTESIAN_POINT ( 'NONE',  ( 40.00000000000000000, 45.00000000000000000, 18.20000000000000284 ) ) ;
#6395 = EDGE_LOOP ( 'NONE', ( #2181, #5424, #2010, #5762, #2489 ) ) ;
#6396 = EDGE_CURVE ( 'NONE', #5973, #7421, #6761, .T. ) ;
#6397 = CARTESIAN_POINT ( 'NONE',  ( 40.09887136334506152, 15.25339611876012569, -16.23575675836812238 ) ) ;
#6398 = DIRECTION ( 'NONE',  ( 0.000000000000000000, -0.9123004504689347094, -0.4095215355438328597 ) ) ;
#6399 = CARTESIAN_POINT ( 'NONE',  ( 38.18206526076216534, 4.429907471130327679, -19.71907736080146023 ) ) ;
#6400 = DIRECTION ( 'NONE',  ( 0.000000000000000000, 0.000000000000000000, -1.000000000000000000 ) ) ;
#6401 = DIRECTION ( 'NONE',  ( -0.7071067811865482389, 8.659560562354926695E-17, -0.7071067811865469066 ) ) ;
#6402 = CARTESIAN_POINT ( 'NONE',  ( 39.31894157057455885, 14.99789297450608139, -14.25340541814065531 ) ) ;
#6403 = CARTESIAN_POINT ( 'NONE',  ( 38.00000000000000000, 21.55968674681322739, -5.293383358428371821 ) ) ;
#6404 = ADVANCED_FACE ( 'NONE', ( #204 ), #2701, .F. ) ;
#6405 = CARTESIAN_POINT ( 'NONE',  ( 41.51962679734124606, 9.407904421736546396, -19.22575093473122720 ) ) ;
#6406 = ORIENTED_EDGE ( 'NONE', *, *, #2960, .F. ) ;
#6407 = CARTESIAN_POINT ( 'NONE',  ( 40.07263583454355427, 7.088865621955886098, 19.52952924793577338 ) ) ;
#6408 = ORIENTED_EDGE ( 'NONE', *, *, #5493, .T. ) ;
#6409 = CARTESIAN_POINT ( 'NONE',  ( 40.00000000000000000, 0.000000000000000000, -1.375734740513082141E-14 ) ) ;
#6410 = DIRECTION ( 'NONE',  ( 0.000000000000000000, -1.000000000000000000, 0.000000000000000000 ) ) ;
#6411 = CARTESIAN_POINT ( 'NONE',  ( 38.49437970236438389, -14.75038969461539828, -13.88556086625133901 ) ) ;
#6412 = CARTESIAN_POINT ( 'NONE',  ( 40.65011451924040387, -9.253044058547089890, -18.60868963896069062 ) ) ;
#6413 = CARTESIAN_POINT ( 'NONE',  ( 38.94932504597728951, 9.855763998876417631, -17.52287060933200280 ) ) ;
#6414 = ADVANCED_FACE ( 'NONE', ( #2208 ), #5241, .T. ) ;
#6415 = DIRECTION ( 'NONE',  ( -0.000000000000000000, -1.000000000000000000, -0.000000000000000000 ) ) ;
#6416 = EDGE_LOOP ( 'NONE', ( #5134, #453, #1088, #7058 ) ) ;
#6417 = VERTEX_POINT ( 'NONE', #2084 ) ;
#6418 = DIRECTION ( 'NONE',  ( 0.000000000000000000, 1.000000000000000000, 0.000000000000000000 ) ) ;
#6419 = CARTESIAN_POINT ( 'NONE',  ( 39.81770688603171493, 2.367575389921397822, 20.08866504074066484 ) ) ;
#6420 = CIRCLE ( 'NONE', #5627, 4.999999999999999112 ) ;
#6421 = LINE ( 'NONE', #5724, #4640 ) ;
#6422 = CARTESIAN_POINT ( 'NONE',  ( 60.00000000000000711, 11.49999999951675456, 0.3474327324136961548 ) ) ;
#6423 = CARTESIAN_POINT ( 'NONE',  ( -35.77713417233866977, 41.18700821125062816, -15.19999999999999929 ) ) ;
#6424 = CARTESIAN_POINT ( 'NONE',  ( 48.50000000000000000, 0.000000000000000000, -10.50000000000001599 ) ) ;
#6425 = CARTESIAN_POINT ( 'NONE',  ( 39.16757556968623533, -9.892081896575803057, 17.98150405388157580 ) ) ;
#6426 = ORIENTED_EDGE ( 'NONE', *, *, #71, .F. ) ;
#6427 = CARTESIAN_POINT ( 'NONE',  ( 38.73306290978201361, -6.426107460467262555, -19.14514881160026860 ) ) ;
#6428 = DIRECTION ( 'NONE',  ( -0.000000000000000000, -1.000000000000000000, -0.000000000000000000 ) ) ;
#6429 = CARTESIAN_POINT ( 'NONE',  ( 45.00000000000000711, 6.938893903907228378E-15, -20.20000000000000284 ) ) ;
#6430 = CARTESIAN_POINT ( 'NONE',  ( 40.00000000000000000, -24.09389004176473037, -15.19999999999996376 ) ) ;
#6431 = CARTESIAN_POINT ( 'NONE',  ( 5.493417419115702138, 20.60259839601625842, 6.618609380198982706 ) ) ;
#6432 = CARTESIAN_POINT ( 'NONE',  ( 10.00000000000000178, 45.00200000000000244, 0.000000000000000000 ) ) ;
#6433 = VERTEX_POINT ( 'NONE', #6468 ) ;
#6434 = CARTESIAN_POINT ( 'NONE',  ( 39.58114855116703978, 13.43264282640883778, -15.86748351868682505 ) ) ;
#6435 = VERTEX_POINT ( 'NONE', #7747 ) ;
#6436 = B_SPLINE_CURVE_WITH_KNOTS ( 'NONE', 3,
 ( #989, #5289, #134, #4057, #5938, #5336, #1317, #3818, #2878, #5082, #7590, #5741 ),
 .UNSPECIFIED., .F., .F.,
 ( 4, 2, 2, 2, 2, 4 ),
 ( 8.673617379884035472E-19, 0.0009729417934583584320, 0.001945883586916715997, 0.002918825380375073778, 0.003405296277104256572, 0.003891767173833439800 ),
 .UNSPECIFIED. ) ;
#6437 = CARTESIAN_POINT ( 'NONE',  ( 41.99999999999999289, 2.648374763678458699, 20.20000000000000284 ) ) ;
#6438 = EDGE_CURVE ( 'NONE', #6547, #5561, #4899, .T. ) ;
#6439 = CARTESIAN_POINT ( 'NONE',  ( 38.00000000000000711, 3.209794398247178826, -19.95397298658675567 ) ) ;
#6440 = B_SPLINE_CURVE_WITH_KNOTS ( 'NONE', 3,
 ( #6599, #4838, #6720, #5484, #6104, #4800, #4224, #1720, #4191, #5443, #7258, #7873, #3604, #6680, #1064, #2250, #990, #1639, #454, #5982, #379, #2879, #5374, #493, #4761, #5406, #1106, #2334, #2994, #7984, #4147, #6020, #2951, #1684, #3534, #6642, #1032, #414, #2916, #6055, #3567, #7913, #2293, #7300, #7948, #26, #6907, #1252, #6240, #4902, #2516, #7406, #1744, #6865, #8089, #5508, #6823, #2477, #3751, #5622, #3632, #1212, #8009, #4249, #1789, #3101 ),
 .UNSPECIFIED., .F., .F.,
 ( 4, 2, 2, 1, 1, 1, 1, 2, 2, 2, 2, 1, 1, 1, 1, 2, 2, 2, 2, 1, 1, 1, 2, 2, 1, 1, 1, 1, 1, 2, 2, 2, 2, 2, 2, 2, 1, 1, 1, 1, 2, 2, 4 ),
 ( 0.000000000000000000, 0.06249999999987741750, 0.09374999999981709076, 0.1093749999997869760, 0.1171874999997727235, 0.1210937499997646605, 0.1230468749997615241, 0.1240234374997599698, 0.1249999999997584155, 0.1874999999997258582, 0.2187499999997086220, 0.2343749999997001010, 0.2421874999996959377, 0.2460937499996939393, 0.2480468749996929401, 0.2490234374996933009, 0.2499999999996936340, 0.3749999999997559730, 0.4374999999997881694, 0.4687499999998031575, 0.4843749999998114841, 0.4921874999998154254, 0.4960937499998170352, 0.4999999999998185896, 0.5624999999998264721, 0.5937499999998293587, 0.6093749999998299138, 0.6171874999998300249, 0.6210937499998302469, 0.6230468749998305800, 0.6249999999998310241, 0.6874999999998097078, 0.7187499999997990496, 0.7499999999997882805, 0.8124999999997652989, 0.8437499999997540856, 0.8593749999997480904, 0.8671874999997460920, 0.8710937499997450928, 0.8730468749997433164, 0.8740234374997433164, 0.8749999999997432054, 1.000000000000000000 ),
 .UNSPECIFIED. ) ;
#6441 = CARTESIAN_POINT ( 'NONE',  ( 39.61611245551070937, -0.4938855716602764123, -20.15931513675923981 ) ) ;
#6442 = CIRCLE ( 'NONE', #1474, 12.19999999999999929 ) ;
#6443 = CARTESIAN_POINT ( 'NONE',  ( 39.34755955939002803, 8.894818143566961766, -18.05768488094031810 ) ) ;
#6444 =( NAMED_UNIT ( * ) PLANE_ANGLE_UNIT ( ) SI_UNIT ( $, .RADIAN. ) );
#6445 = CARTESIAN_POINT ( 'NONE',  ( 39.99912256388957132, -12.19810386277167957, 18.32881843233079522 ) ) ;
#6446 = FACE_OUTER_BOUND ( 'NONE', #1214, .T. ) ;
#6447 = EDGE_LOOP ( 'NONE', ( #3527, #1503, #77 ) ) ;
#6448 = CARTESIAN_POINT ( 'NONE',  ( 39.99635248896343143, 10.57214943111817895, 18.76374281352469353 ) ) ;
#6449 = ORIENTED_EDGE ( 'NONE', *, *, #5332, .F. ) ;
#6450 = DIRECTION ( 'NONE',  ( -0.000000000000000000, -1.000000000000000000, -0.000000000000000000 ) ) ;
#6451 = CARTESIAN_POINT ( 'NONE',  ( 43.82690373905986547, 6.594312511959701673E-15, -20.18458842429190980 ) ) ;
#6452 = EDGE_CURVE ( 'NONE', #2978, #1528, #7980, .T. ) ;
#6453 = CARTESIAN_POINT ( 'NONE',  ( 6.078395854880422888, -20.41738609123282089, 6.972877521438402226 ) ) ;
#6454 = CARTESIAN_POINT ( 'NONE',  ( 2.459199194648477693, 18.14529963565995985, 10.58437462828923614 ) ) ;
#6455 = CARTESIAN_POINT ( 'NONE',  ( 41.48281186413482402, -7.332496492489612550, -19.49549013253521679 ) ) ;
#6456 = CARTESIAN_POINT ( 'NONE',  ( 40.47931603266295753, -11.55349827706849020, 19.50048942429948795 ) ) ;
#6457 = CARTESIAN_POINT ( 'NONE',  ( 39.28356701255960104, 6.265776990410257596, -19.16876566626245193 ) ) ;
#6458 = CIRCLE ( 'NONE', #5020, 3.850000000000000533 ) ;
#6459 = ORIENTED_EDGE ( 'NONE', *, *, #6571, .F. ) ;
#6460 = VERTEX_POINT ( 'NONE', #3531 ) ;
#6461 = CARTESIAN_POINT ( 'NONE',  ( 3.974145151122388864, -21.20176089586531631, 5.272988555826715995 ) ) ;
#6462 = ADVANCED_FACE ( 'NONE', ( #5979 ), #3521, .T. ) ;
#6463 = PLANE ( 'NONE',  #4489 ) ;
#6464 = CARTESIAN_POINT ( 'NONE',  ( 39.87514438598878286, 1.032149227771712585, 20.16431432724612094 ) ) ;
#6465 = FACE_OUTER_BOUND ( 'NONE', #2725, .T. ) ;
#6466 = CARTESIAN_POINT ( 'NONE',  ( 42.02530839078116287, 15.85890514182877098, -19.23289113127207983 ) ) ;
#6467 = CARTESIAN_POINT ( 'NONE',  ( 55.00000000000000711, -45.00000000000000000, -20.19999999999999929 ) ) ;
#6468 = CARTESIAN_POINT ( 'NONE',  ( 40.00000000000000000, 45.00000000000000000, -15.81547952985888195 ) ) ;
#6469 = CARTESIAN_POINT ( 'NONE',  ( 10.00000000000000355, -45.00200000000000244, -8.000000000000000000 ) ) ;
#6470 = DIRECTION ( 'NONE',  ( 0.000000000000000000, 0.000000000000000000, 1.000000000000000000 ) ) ;
#6471 = VECTOR ( 'NONE', #1810, 1000.000000000000000 ) ;
#6472 = ORIENTED_EDGE ( 'NONE', *, *, #3623, .F. ) ;
#6473 = FACE_OUTER_BOUND ( 'NONE', #3145, .T. ) ;
#6474 = CARTESIAN_POINT ( 'NONE',  ( 39.25528366675067105, -6.431327084175561204, -19.10985462828431025 ) ) ;
#6475 = CARTESIAN_POINT ( 'NONE',  ( 38.00000000000000000, -39.13940053353144322, -19.76150225234467328 ) ) ;
#6476 = EDGE_CURVE ( 'NONE', #1701, #4205, #5573, .T. ) ;
#6477 = CARTESIAN_POINT ( 'NONE',  ( 42.63739095141624347, -15.95958119426248878, -19.61935046301705299 ) ) ;
#6478 = CARTESIAN_POINT ( 'NONE',  ( 38.47940913651174100, -41.18700821465033357, -20.19999999999999929 ) ) ;
#6479 = CARTESIAN_POINT ( 'NONE',  ( 39.41446739863830828, -11.78313987870416035, 17.12358276649948863 ) ) ;
#6480 = CARTESIAN_POINT ( 'NONE',  ( 42.69949493661162165, 45.00000000000000000, 17.19999999999999929 ) ) ;
#6481 = EDGE_LOOP ( 'NONE', ( #3475, #6139, #6661, #729 ) ) ;
#6482 = CARTESIAN_POINT ( 'NONE',  ( 40.33816487681652063, 14.22273128101261541, -17.06537080635811066 ) ) ;
#6483 = EDGE_LOOP ( 'NONE', ( #6748, #3138 ) ) ;
#6484 = FACE_OUTER_BOUND ( 'NONE', #4557, .T. ) ;
#6485 = VECTOR ( 'NONE', #600, 1000.000000000000000 ) ;
#6486 = CIRCLE ( 'NONE', #3087, 20.19999999999999929 ) ;
#6487 = CARTESIAN_POINT ( 'NONE',  ( 37.99999999999999289, 0.6426330974679705932, -20.20000000000000284 ) ) ;
#6488 = DIRECTION ( 'NONE',  ( 0.000000000000000000, 0.000000000000000000, 1.000000000000000000 ) ) ;
#6489 = CARTESIAN_POINT ( 'NONE',  ( 40.00000000000000000, 39.29720888048783678, -22.02460090093786604 ) ) ;
#6490 = CARTESIAN_POINT ( 'NONE',  ( 39.94928558045359068, -11.70148504046446369, 18.26801409637380758 ) ) ;
#6491 = CARTESIAN_POINT ( 'NONE',  ( 40.67938032138044946, 3.029919971993475958, -19.95745596235395780 ) ) ;
#6492 = VERTEX_POINT ( 'NONE', #7559 ) ;
#6493 = AXIS2_PLACEMENT_3D ( 'NONE', #3686, #6841, #3727 ) ;
#6494 = AXIS2_PLACEMENT_3D ( 'NONE', #7549, #1278, #659 ) ;
#6495 = CARTESIAN_POINT ( 'NONE',  ( 39.93466007509869087, 8.199945471987497569, 19.19634838265509558 ) ) ;
#6496 = VERTEX_POINT ( 'NONE', #6941 ) ;
#6497 = CARTESIAN_POINT ( 'NONE',  ( 38.00000000000000000, 41.18700821125062816, -15.19999999999999751 ) ) ;
#6498 = CARTESIAN_POINT ( 'NONE',  ( 44.28372931343206886, 2.499891338864161483, -20.20000000000000284 ) ) ;
#6499 = AXIS2_PLACEMENT_3D ( 'NONE', #6122, #6855, #7438 ) ;
#6500 = CARTESIAN_POINT ( 'NONE',  ( 17.74596669241483582, -45.00200000000000244, -1.999999999999999556 ) ) ;
#6501 = CARTESIAN_POINT ( 'NONE',  ( 39.75380390711234924, -13.48268739839660668, -16.06960160727259890 ) ) ;
#6502 = CARTESIAN_POINT ( 'NONE',  ( 40.51435886033836908, -10.52058013115046720, 19.58261446321240484 ) ) ;
#6503 = CARTESIAN_POINT ( 'NONE',  ( 39.19646674935256669, 6.764565940721178450, -18.98453602511441929 ) ) ;
#6504 = CARTESIAN_POINT ( 'NONE',  ( 38.00000000000000000, 18.28351446246255918, -12.59178696217984594 ) ) ;
#6505 = ORIENTED_EDGE ( 'NONE', *, *, #5367, .F. ) ;
#6506 = EDGE_CURVE ( 'NONE', #3838, #6154, #6893, .T. ) ;
#6507 = ORIENTED_EDGE ( 'NONE', *, *, #1665, .T. ) ;
#6508 = CARTESIAN_POINT ( 'NONE',  ( 40.00325459618636614, 12.41670052901910104, 18.34793959779319650 ) ) ;
#6509 = CARTESIAN_POINT ( 'NONE',  ( 40.80448097046219402, 12.59389620362047424, 19.83290809520836007 ) ) ;
#6510 = CARTESIAN_POINT ( 'NONE',  ( 39.80292371836425502, 7.238469111627702013, 19.30546072908096633 ) ) ;
#6511 = CARTESIAN_POINT ( 'NONE',  ( 10.00000000000000178, -45.00000000000000000, 0.000000000000000000 ) ) ;
#6512 = CARTESIAN_POINT ( 'NONE',  ( 57.50721086164752194, 9.632265086203755544, 6.634924762083437066 ) ) ;
#6513 = CARTESIAN_POINT ( 'NONE',  ( 40.00000000000000000, 30.77705835859655181, 18.19999999999999929 ) ) ;
#6514 = CARTESIAN_POINT ( 'NONE',  ( 40.00000000000000000, 25.10118997534161878, -15.50539348720107036 ) ) ;
#6515 = CARTESIAN_POINT ( 'NONE',  ( 13.65161609200835535, -20.74064367572554701, -7.117984259366247457 ) ) ;
#6516 = CARTESIAN_POINT ( 'NONE',  ( 40.34394284523602892, -15.60341927775520254, -17.02208832868945620 ) ) ;
#6517 = CARTESIAN_POINT ( 'NONE',  ( 39.99999999999999289, -12.61458154260947673, 18.19999999999999929 ) ) ;
#6518 = ORIENTED_EDGE ( 'NONE', *, *, #6712, .T. ) ;
#6519 = EDGE_CURVE ( 'NONE', #5957, #6783, #4811, .T. ) ;
#6520 = CARTESIAN_POINT ( 'NONE',  ( 5.778534857183777795, -20.50737803228248168, -6.804233209544024774 ) ) ;
#6521 = CARTESIAN_POINT ( 'NONE',  ( 39.41494294899604256, -5.448354243615376902, -19.43208223991534922 ) ) ;
#6522 = CARTESIAN_POINT ( 'NONE',  ( 44.31369341739596734, -5.141469916788965477, -20.19999999999999574 ) ) ;
#6523 = CARTESIAN_POINT ( 'NONE',  ( 38.30032597360015956, -40.11625195486033135, -20.19999999999251017 ) ) ;
#6524 = CARTESIAN_POINT ( 'NONE',  ( 38.80699607511223093, -6.521140618046289639, 19.15238673060193975 ) ) ;
#6525 = LINE ( 'NONE', #302, #5425 ) ;
#6526 = EDGE_CURVE ( 'NONE', #2987, #4559, #2731, .T. ) ;
#6527 = CARTESIAN_POINT ( 'NONE',  ( 39.84542621387821271, -12.09515512747250732, 17.68514322532192296 ) ) ;
#6528 = VERTEX_POINT ( 'NONE', #7026 ) ;
#6529 = ORIENTED_EDGE ( 'NONE', *, *, #6024, .T. ) ;
#6530 = CARTESIAN_POINT ( 'NONE',  ( 41.57938728771986092, 6.675808764160657646E-15, -20.10484542437428956 ) ) ;
#6531 = CARTESIAN_POINT ( 'NONE',  ( 38.11354174769802938, 8.881425872010961342, -18.15637288621404721 ) ) ;
#6532 = CARTESIAN_POINT ( 'NONE',  ( 38.99086599699582223, -2.788085314420619909, -20.00793548848574943 ) ) ;
#6533 = DIRECTION ( 'NONE',  ( 0.000000000000000000, 1.734723475976807094E-15, 1.000000000000000000 ) ) ;
#6534 = CARTESIAN_POINT ( 'NONE',  ( -6.938893903907228378E-15, 0.000000000000000000, -5.089031099308352675E-17 ) ) ;
#6535 = CARTESIAN_POINT ( 'NONE',  ( 32.53695085787474284, 40.81885151793817101, 20.19999999999922835 ) ) ;
#6536 = VERTEX_POINT ( 'NONE', #180 ) ;
#6537 = CARTESIAN_POINT ( 'NONE',  ( 2.031442520850301747, -21.57855043856781663, 0.7320259045509919238 ) ) ;
#6538 = ORIENTED_EDGE ( 'NONE', *, *, #8040, .F. ) ;
#6539 = CARTESIAN_POINT ( 'NONE',  ( 3.705914443107895195, 19.60649245975804789, -5.002652857542694065 ) ) ;
#6540 = CARTESIAN_POINT ( 'NONE',  ( 45.00000000000000000, 6.741764523393627861, -20.20000000000000284 ) ) ;
#6541 = DIRECTION ( 'NONE',  ( 0.000000000000000000, 0.000000000000000000, 1.000000000000000000 ) ) ;
#6542 = CARTESIAN_POINT ( 'NONE',  ( 2.675735662645877699, 18.34980874444368837, 10.58313276603290376 ) ) ;
#6543 = CARTESIAN_POINT ( 'NONE',  ( 39.60311751599799379, -11.24874021012901082, -17.10129777880611002 ) ) ;
#6544 = CARTESIAN_POINT ( 'NONE',  ( 40.38360373993531027, -11.61668967911966455, 19.37783475131980282 ) ) ;
#6545 = CARTESIAN_POINT ( 'NONE',  ( 38.90132529548416329, 8.451251237918027570, -18.25415167818715645 ) ) ;
#6546 = CARTESIAN_POINT ( 'NONE',  ( 41.46446609406726225, -15.75879749091904714, -18.73553390593273704 ) ) ;
#6547 = VERTEX_POINT ( 'NONE', #4520 ) ;
#6548 = ORIENTED_EDGE ( 'NONE', *, *, #4326, .T. ) ;
#6549 = CARTESIAN_POINT ( 'NONE',  ( 39.38180869649954730, 8.420721565138656217, 18.69270776748835061 ) ) ;
#6550 = DIRECTION ( 'NONE',  ( -1.000000000000000000, -0.000000000000000000, -0.000000000000000000 ) ) ;
#6551 = CARTESIAN_POINT ( 'NONE',  ( 59.05610817691137981, 10.77086064014370947, 4.253730328058781041 ) ) ;
#6552 = EDGE_CURVE ( 'NONE', #847, #3838, #4033, .T. ) ;
#6553 = DIRECTION ( 'NONE',  ( -1.000000000000000000, -0.000000000000000000, -0.000000000000000000 ) ) ;
#6554 = DIRECTION ( 'NONE',  ( 0.000000000000000000, 0.9123004504689345984, -0.4095215355438330262 ) ) ;
#6555 = B_SPLINE_CURVE_WITH_KNOTS ( 'NONE', 3,
 ( #3877, #3225, #6373, #1449, #5715, #2026, #766, #3264, #7732, #3952, #4617, #6453 ),
 .UNSPECIFIED., .F., .F.,
 ( 4, 2, 2, 2, 2, 4 ),
 ( 0.000000000000000000, 0.0008887367449143281344, 0.001777473489828656269, 0.002666210234742984186, 0.003110578607200150097, 0.003554946979657315573 ),
 .UNSPECIFIED. ) ;
#6556 = LINE ( 'NONE', #6469, #1609 ) ;
#6557 = LINE ( 'NONE', #6356, #7431 ) ;
#6558 = CARTESIAN_POINT ( 'NONE',  ( 38.65652562170994599, -11.76442110661466955, -16.40780713466649132 ) ) ;
#6559 = CARTESIAN_POINT ( 'NONE',  ( 40.00000000000000000, -16.18023485614469692, -15.20000000000000107 ) ) ;
#6560 = PLANE ( 'NONE',  #1870 ) ;
#6561 = DIRECTION ( 'NONE',  ( 0.000000000000000000, 0.4095215355438343585, -0.9123004504689340433 ) ) ;
#6562 = CARTESIAN_POINT ( 'NONE',  ( 40.05851886969387721, 12.49894589090886221, 18.70126686411569850 ) ) ;
#6563 = EDGE_CURVE ( 'NONE', #7157, #1470, #3867, .T. ) ;
#6564 = CARTESIAN_POINT ( 'NONE',  ( 38.00000000000000711, -7.336689272108140258, -18.82130000384007928 ) ) ;
#6565 = CARTESIAN_POINT ( 'NONE',  ( 1.470967741935480078, -19.15696293410671913, -6.407087570906241147 ) ) ;
#6566 = CARTESIAN_POINT ( 'NONE',  ( 50.00000000000000000, -45.00000000000000000, -4.099999999999633715 ) ) ;
#6567 = VERTEX_POINT ( 'NONE', #3907 ) ;
#6568 = VECTOR ( 'NONE', #6687, 1000.000000000000000 ) ;
#6569 = FACE_OUTER_BOUND ( 'NONE', #1414, .T. ) ;
#6570 = AXIS2_PLACEMENT_3D ( 'NONE', #3987, #5217, #105 ) ;
#6571 = EDGE_CURVE ( 'NONE', #2271, #338, #7029, .T. ) ;
#6572 = CARTESIAN_POINT ( 'NONE',  ( 38.00000000000000711, 9.741317837371090249, 17.72708248513180962 ) ) ;
#6573 = FILL_AREA_STYLE ('',( #6111 ) ) ;
#6574 = CARTESIAN_POINT ( 'NONE',  ( 39.99999999999999289, -31.75775841515852349, 18.39996597165895054 ) ) ;
#6575 = CARTESIAN_POINT ( 'NONE',  ( 40.18673432316086291, -5.175551602247137062, -19.54996647529173970 ) ) ;
#6576 = FACE_OUTER_BOUND ( 'NONE', #7121, .T. ) ;
#6577 = DIRECTION ( 'NONE',  ( 0.000000000000000000, -1.000000000000000000, 0.000000000000000000 ) ) ;
#6578 = CARTESIAN_POINT ( 'NONE',  ( 40.74715256574140909, 8.942380058229382200, -18.75782797261670609 ) ) ;
#6579 = EDGE_LOOP ( 'NONE', ( #5028, #611, #3487, #144 ) ) ;
#6580 = CARTESIAN_POINT ( 'NONE',  ( 3.176774193548385750, -21.57740464604361463, -4.176552357408282568 ) ) ;
#6581 = ORIENTED_EDGE ( 'NONE', *, *, #2309, .F. ) ;
#6582 = DIRECTION ( 'NONE',  ( 0.000000000000000000, -1.000000000000000000, 0.000000000000000000 ) ) ;
#6583 = CARTESIAN_POINT ( 'NONE',  ( 43.87188367567674874, 6.851710515499719989, -20.18149645666360925 ) ) ;
#6584 = CARTESIAN_POINT ( 'NONE',  ( 39.18244526001321759, 2.932869747648346959, 20.00426026430048410 ) ) ;
#6585 = CARTESIAN_POINT ( 'NONE',  ( 39.28270869977575330, -14.46175910821135346, -14.76429575563260244 ) ) ;
#6586 = CARTESIAN_POINT ( 'NONE',  ( 39.88361373090451423, -15.31774365226997858, -15.09918159457895115 ) ) ;
#6587 = CARTESIAN_POINT ( 'NONE',  ( 39.65112742698783421, -5.782369179080017574, 19.55327464736721765 ) ) ;
#6588 = CARTESIAN_POINT ( 'NONE',  ( 39.41494294899602835, 5.448354243615378678, -19.43208223991536698 ) ) ;
#6589 = CARTESIAN_POINT ( 'NONE',  ( 42.95503870943254299, -16.00808899210532843, -19.77486006351777803 ) ) ;
#6590 = ORIENTED_EDGE ( 'NONE', *, *, #3652, .T. ) ;
#6591 = ORIENTED_EDGE ( 'NONE', *, *, #616, .F. ) ;
#6592 = CARTESIAN_POINT ( 'NONE',  ( 40.13122036385293967, 4.088862029855942382, 19.97045951093270943 ) ) ;
#6593 = CARTESIAN_POINT ( 'NONE',  ( 14.21335818121492878, -20.24209326177652102, 6.802036428842707316 ) ) ;
#6594 = DIRECTION ( 'NONE',  ( 0.5112957703671602294, -0.2021029957219590001, -0.8353029476332896053 ) ) ;
#6595 = VECTOR ( 'NONE', #3246, 1000.000000000000000 ) ;
#6596 = CARTESIAN_POINT ( 'NONE',  ( 41.99999999999999289, -30.77705835859646655, 20.19999999999999929 ) ) ;
#6597 = CARTESIAN_POINT ( 'NONE',  ( 59.85883675518877567, 11.38940576796448489, 1.708545263167595696 ) ) ;
#6598 = DIRECTION ( 'NONE',  ( -0.000000000000000000, -0.9123004504689345984, 0.4095215355438330262 ) ) ;
#6599 = CARTESIAN_POINT ( 'NONE',  ( 40.00000000000000000, 30.77705835859655181, 18.19999999999999929 ) ) ;
#6600 = CARTESIAN_POINT ( 'NONE',  ( 38.23125156833356897, -8.182376708963053247, -18.47957533027075883 ) ) ;
#6601 = CARTESIAN_POINT ( 'NONE',  ( 37.00000000000000000, 0.000000000000000000, 15.19999999999999929 ) ) ;
#6602 = ADVANCED_FACE ( 'NONE', ( #6363 ), #5090, .F. ) ;
#6603 = VECTOR ( 'NONE', #2565, 1000.000000000000000 ) ;
#6604 = CARTESIAN_POINT ( 'NONE',  ( 40.00000000000000000, 0.000000000000000000, 0.000000000000000000 ) ) ;
#6605 = LINE ( 'NONE', #7917, #4478 ) ;
#6606 = PRODUCT_RELATED_PRODUCT_CATEGORY ( 'part', '', ( #2058 ) ) ;
#6607 = CARTESIAN_POINT ( 'NONE',  ( 37.99999999999997158, -40.11625195157548518, -20.19999999999998863 ) ) ;
#6608 = CARTESIAN_POINT ( 'NONE',  ( 38.44167982929125316, -5.086917243150407941, 19.57124471135904287 ) ) ;
#6609 = CARTESIAN_POINT ( 'NONE',  ( 2.899440571443486103, -19.15696293410671558, 6.407087570906243812 ) ) ;
#6610 = CIRCLE ( 'NONE', #3072, 2.000000000000000000 ) ;
#6611 = VERTEX_POINT ( 'NONE', #2673 ) ;
#6612 = EDGE_CURVE ( 'NONE', #6460, #3289, #5785, .T. ) ;
#6613 = CARTESIAN_POINT ( 'NONE',  ( 45.00000000000000000, 45.00000000000000000, -20.19999999999999929 ) ) ;
#6614 = CARTESIAN_POINT ( 'NONE',  ( 38.00000000000000711, 8.275690807343364597, -18.43936345349744244 ) ) ;
#6615 = VECTOR ( 'NONE', #4028, 1000.000000000000114 ) ;
#6616 = CARTESIAN_POINT ( 'NONE',  ( 38.69033059267837160, -4.749461311136633057, -19.64748080517079387 ) ) ;
#6617 = CARTESIAN_POINT ( 'NONE',  ( 39.96164551392365638, 2.731065531117129238E-15, 20.17562402875952543 ) ) ;
#6618 = CARTESIAN_POINT ( 'NONE',  ( 10.00000000000000178, 37.09999999999999432, 3.850000000000000533 ) ) ;
#6619 = DIRECTION ( 'NONE',  ( 1.000000000000000000, 0.000000000000000000, 0.000000000000000000 ) ) ;
#6620 = CARTESIAN_POINT ( 'NONE',  ( 41.06724018286939071, 11.17535634511106579, -18.61284715390948108 ) ) ;
#6621 = EDGE_LOOP ( 'NONE', ( #1650, #4718, #174, #7551 ) ) ;
#6622 = EDGE_CURVE ( 'NONE', #6837, #3431, #4565, .T. ) ;
#6623 = ORIENTED_EDGE ( 'NONE', *, *, #1145, .T. ) ;
#6624 = AXIS2_PLACEMENT_3D ( 'NONE', #3560, #445, #4254 ) ;
#6625 = CARTESIAN_POINT ( 'NONE',  ( 41.51962679734124606, 9.407904421736546396, -19.22575093473123076 ) ) ;
#6626 = CARTESIAN_POINT ( 'NONE',  ( 6.078395854880422888, -20.41738609123282089, -6.972877521438402226 ) ) ;
#6627 = AXIS2_PLACEMENT_3D ( 'NONE', #3059, #5548, #3947 ) ;
#6628 = CARTESIAN_POINT ( 'NONE',  ( 40.18545476342625022, -14.50227094979310039, -16.66839538291949907 ) ) ;
#6629 = VECTOR ( 'NONE', #148, 1000.000000000000000 ) ;
#6630 = CARTESIAN_POINT ( 'NONE',  ( 39.79788056492237303, -6.576794104372862826, 19.44887118591030628 ) ) ;
#6631 =( BOUNDED_SURFACE ( )  B_SPLINE_SURFACE ( 3, 2, ( 
 ( #437, #4126, #4083 ),
 ( #4614, #3552, #6039 ),
 ( #317, #361, #2937 ),
 ( #2150, #2193, #2816 ),
 ( #4784, #889, #5269 ),
 ( #3995, #6539, #4659 ),
 ( #3395, #5877, #5960 ),
 ( #1624, #5391, #1540 ) ),
 .UNSPECIFIED., .F., .F., .T. ) 
 B_SPLINE_SURFACE_WITH_KNOTS ( ( 4, 2, 2, 4 ),
 ( 3, 3 ),
 ( 0.02409471250957628471, 0.02539825505239368814, 0.02670179759521109503, 0.02930888268084590881 ),
 ( 0.000000000000000000, 1.000000000000000000 ),
 .UNSPECIFIED. ) 
 GEOMETRIC_REPRESENTATION_ITEM ( )  RATIONAL_B_SPLINE_SURFACE ( (
 ( 1.000000000000000000, 0.8195682665576081716, 1.000000000000000000),
 ( 1.000000000000000000, 0.8145670188460456540, 1.000000000000000000),
 ( 1.000000000000000000, 0.8091475481275225423, 1.000000000000000000),
 ( 1.000000000000000000, 0.7976813073845645530, 1.000000000000000000),
 ( 1.000000000000000000, 0.7916188679381886972, 1.000000000000000000),
 ( 1.000000000000000000, 0.7733317086031157306, 1.000000000000000000),
 ( 1.000000000000000000, 0.7608490272102174101, 1.000000000000000000),
 ( 1.000000000000000000, 0.7492573030497510223, 1.000000000000000000) ) ) 
 REPRESENTATION_ITEM ( '' )  SURFACE ( )  );
#6632 = DIRECTION ( 'NONE',  ( 0.000000000000000000, 1.000000000000000000, 0.000000000000000000 ) ) ;
#6633 = EDGE_LOOP ( 'NONE', ( #4241, #7114, #1320, #2373 ) ) ;
#6634 = DIRECTION ( 'NONE',  ( -1.000000000000000000, -0.000000000000000000, -6.505213034913026604E-17 ) ) ;
#6635 = EDGE_CURVE ( 'NONE', #3526, #7799, #140, .T. ) ;
#6636 = ORIENTED_EDGE ( 'NONE', *, *, #5166, .T. ) ;
#6637 = CARTESIAN_POINT ( 'NONE',  ( 39.96865458023832929, 3.811420527552970228, 19.96335881408648305 ) ) ;
#6638 = CARTESIAN_POINT ( 'NONE',  ( 38.00000000000000000, 0.000000000000000000, 0.000000000000000000 ) ) ;
#6639 = CARTESIAN_POINT ( 'NONE',  ( 40.57770254862209214, -3.622369114597599804, -19.87658736801829917 ) ) ;
#6640 = CARTESIAN_POINT ( 'NONE',  ( 21.49634578085293057, 32.46463161883947635, 16.76527265063849370 ) ) ;
#6641 = CARTESIAN_POINT ( 'NONE',  ( 56.60194188568167561, -8.076542671471791834, 7.540193738048739824 ) ) ;
#6642 = CARTESIAN_POINT ( 'NONE',  ( 39.44492737100603819, 35.73515848385582672, 18.90988327100144772 ) ) ;
#6643 = B_SPLINE_CURVE_WITH_KNOTS ( 'NONE', 3,
 ( #1280, #5653, #3777, #1204, #6268, #57, #5579, #3741, #3049, #4891, #2546, #2470 ),
 .UNSPECIFIED., .F., .F.,
 ( 4, 2, 2, 2, 2, 4 ),
 ( 0.000000000000000000, 0.0008887367449143288934, 0.001777473489828656703, 0.002666210234742984186, 0.003110578607200148362, 0.003554946979657312538 ),
 .UNSPECIFIED. ) ;
#6644 = CARTESIAN_POINT ( 'NONE',  ( 38.64747899384157392, -9.818414465399820656, -17.58149242680697455 ) ) ;
#6645 = CARTESIAN_POINT ( 'NONE',  ( 1.470967741935481410, 19.63349431757122687, 4.750357974079242318 ) ) ;
#6646 = CARTESIAN_POINT ( 'NONE',  ( 1.470967741935481188, -19.15696293410671913, 6.407087570906244700 ) ) ;
#6647 = B_SPLINE_CURVE_WITH_KNOTS ( 'NONE', 3,
 ( #1822, #3016, #7442, #6236, #1171, #4824, #1705, #7359, #3666, #3629, #3132, #6156, #4209, #7402 ),
 .UNSPECIFIED., .F., .F.,
 ( 4, 2, 2, 2, 2, 2, 4 ),
 ( 1.939479807224432123E-18, 0.0004870050522873417640, 0.0009740101045746815765, 0.001948020209149362502, 0.002922030313724043211, 0.003409035366011379988, 0.003896040418298716765 ),
 .UNSPECIFIED. ) ;
#6648 = CARTESIAN_POINT ( 'NONE',  ( 38.45639741751093510, 38.77130950483332583, 19.65185313510729515 ) ) ;
#6649 = CARTESIAN_POINT ( 'NONE',  ( 38.00000000000000711, -10.12279082468543301, -17.49434600123490213 ) ) ;
#6650 = CARTESIAN_POINT ( 'NONE',  ( 59.15418340079386894, -10.72823215825008880, 2.448519498154137608 ) ) ;
#6651 = CARTESIAN_POINT ( 'NONE',  ( 10.00000000000000178, -45.00000000000000000, -8.000000000000000000 ) ) ;
#6652 = ORIENTED_EDGE ( 'NONE', *, *, #1739, .F. ) ;
#6653 = ORIENTED_EDGE ( 'NONE', *, *, #2106, .F. ) ;
#6654 = CARTESIAN_POINT ( 'NONE',  ( 37.99999999999999289, 0.9917497881938288629, 20.18178711760511845 ) ) ;
#6655 = CARTESIAN_POINT ( 'NONE',  ( 45.00000000000000000, 4.719235166375540302, -20.19999999999999929 ) ) ;
#6656 = CARTESIAN_POINT ( 'NONE',  ( 38.20723576503015551, -2.516415461026033196, -20.05281732536954564 ) ) ;
#6657 = EDGE_CURVE ( 'NONE', #6944, #6045, #5686, .T. ) ;
#6658 = CARTESIAN_POINT ( 'NONE',  ( 3.378872995264159851, -19.01245802588800515, -6.829808035669444166 ) ) ;
#6659 = CYLINDRICAL_SURFACE ( 'NONE', #2162, 2.000000000000000444 ) ;
#6660 = CARTESIAN_POINT ( 'NONE',  ( 40.23847803097684306, 5.404995718195217513, -19.50123143360312028 ) ) ;
#6661 = ORIENTED_EDGE ( 'NONE', *, *, #3711, .F. ) ;
#6662 = CARTESIAN_POINT ( 'NONE',  ( 2.050290677733685119, -21.59190760307592782, 0.9140114038174914635 ) ) ;
#6663 = EDGE_LOOP ( 'NONE', ( #1791, #5731, #8051, #2416, #4514 ) ) ;
#6664 = CARTESIAN_POINT ( 'NONE',  ( 41.99999999999999289, 1.387778780781445676E-14, 20.20000000000000284 ) ) ;
#6665 = CARTESIAN_POINT ( 'NONE',  ( 43.85772144615072676, 4.792023642498458358, -20.19631449735815920 ) ) ;
#6666 = EDGE_CURVE ( 'NONE', #2271, #2691, #6839, .T. ) ;
#6667 = CARTESIAN_POINT ( 'NONE',  ( 40.10565136609102410, -12.52884426650356886, -17.08667414812026664 ) ) ;
#6668 = CARTESIAN_POINT ( 'NONE',  ( 40.27886350284628492, -8.970200210493866066, 19.44836304333238886 ) ) ;
#6669 = LINE ( 'NONE', #5362, #2828 ) ;
#6670 = ORIENTED_EDGE ( 'NONE', *, *, #3105, .F. ) ;
#6671 = ORIENTED_EDGE ( 'NONE', *, *, #6164, .F. ) ;
#6672 = FACE_OUTER_BOUND ( 'NONE', #1631, .T. ) ;
#6673 = DIRECTION ( 'NONE',  ( -1.000000000000000000, -0.000000000000000000, 1.948774242403888243E-17 ) ) ;
#6674 = CARTESIAN_POINT ( 'NONE',  ( 38.00000000000000000, 0.000000000000000000, 0.000000000000000000 ) ) ;
#6675 = EDGE_CURVE ( 'NONE', #4047, #6496, #2045, .T. ) ;
#6676 =( BOUNDED_CURVE ( )  B_SPLINE_CURVE ( 3, ( #1835, #6253, #1151, #3724 ),
 .UNSPECIFIED., .F., .F. ) 
 B_SPLINE_CURVE_WITH_KNOTS ( ( 4, 4 ),
 ( 0.000000000000000000, 0.4740034679053434785 ),
 .UNSPECIFIED. ) 
 CURVE ( )  GEOMETRIC_REPRESENTATION_ITEM ( )  RATIONAL_B_SPLINE_CURVE ( ( 1.000000000000000000, 0.9813642023547233251, 0.9813642023547233251, 1.000000000000000000 ) ) 
 REPRESENTATION_ITEM ( '' )  );
#6677 = CARTESIAN_POINT ( 'NONE',  ( 39.77611136393373670, -7.044165353414967967, -18.91658035776195490 ) ) ;
#6678 = DIRECTION ( 'NONE',  ( 8.673617379884027583E-16, -0.000000000000000000, 1.000000000000000000 ) ) ;
#6679 = CARTESIAN_POINT ( 'NONE',  ( 53.54886689285338264, 3.081426305732362980, 10.59326873086723531 ) ) ;
#6680 = CARTESIAN_POINT ( 'NONE',  ( 39.95607210602292270, 32.37176518800359304, 18.45558085904619716 ) ) ;
#6681 = CARTESIAN_POINT ( 'NONE',  ( 38.56442562450057210, 41.13782557566501907, 20.19999999999999929 ) ) ;
#6682 = CARTESIAN_POINT ( 'NONE',  ( 39.12803207583459653, -8.538287177928575389, -18.19168266383137222 ) ) ;
#6683 = CARTESIAN_POINT ( 'NONE',  ( 3.176774193548385750, 21.57740464604362529, 4.176552357408281679 ) ) ;
#6684 = CARTESIAN_POINT ( 'NONE',  ( 38.00000000000000000, 21.83666641225257621, 4.000000000000000000 ) ) ;
#6685 = DIRECTION ( 'NONE',  ( 1.000000000000000000, 0.000000000000000000, 0.000000000000000000 ) ) ;
#6686 = DIRECTION ( 'NONE',  ( 0.000000000000000000, 0.000000000000000000, -1.000000000000000000 ) ) ;
#6687 = DIRECTION ( 'NONE',  ( 1.000000000000000000, 0.000000000000000000, 0.000000000000000000 ) ) ;
#6688 = CARTESIAN_POINT ( 'NONE',  ( 59.37353366788133968, -10.43424724552585836, 3.500975394138666985 ) ) ;
#6689 = DIRECTION ( 'NONE',  ( 0.000000000000000000, 0.000000000000000000, -1.000000000000000000 ) ) ;
#6690 = DIRECTION ( 'NONE',  ( 0.000000000000000000, 0.000000000000000000, 1.000000000000000000 ) ) ;
#6691 = CARTESIAN_POINT ( 'NONE',  ( 59.72421503220191852, -11.28447374141691739, 2.356528039218533710 ) ) ;
#6692 = CIRCLE ( 'NONE', #2499, 16.19999999999999218 ) ;
#6693 = CARTESIAN_POINT ( 'NONE',  ( 45.00000000000000000, 9.438470332751075276, -20.20000000000000284 ) ) ;
#6694 = B_SPLINE_CURVE_WITH_KNOTS ( 'NONE', 3,
 ( #5494, #4278, #7993, #4814, #1845, #6775, #1161, #5531, #3083, #8030, #2427, #12, #4931, #7434, #1812, #8077, #2465, #4351 ),
 .UNSPECIFIED., .F., .F.,
 ( 4, 2, 2, 2, 1, 1, 2, 2, 2, 4 ),
 ( 0.000000000000000000, 0.2499999999999306666, 0.3749999999998966382, 0.4374999999998804845, 0.4687499999998723799, 0.4843749999998712696, 0.4921874999998707145, 0.4999999999998702149, 0.7499999999999350520, 1.000000000000000000 ),
 .UNSPECIFIED. ) ;
#6695 = ORIENTED_EDGE ( 'NONE', *, *, #1271, .T. ) ;
#6696 = CARTESIAN_POINT ( 'NONE',  ( 38.96428358746530307, -41.02783552941644274, 20.19999999999999574 ) ) ;
#6697 = CARTESIAN_POINT ( 'NONE',  ( 40.12223824641452552, 2.073060976677865153, 20.12460818704836640 ) ) ;
#6698 = CARTESIAN_POINT ( 'NONE',  ( 40.20966792118777278, 7.066121649765211288, -19.02493891379972979 ) ) ;
#6699 = ORIENTED_EDGE ( 'NONE', *, *, #540, .F. ) ;
#6700 = VERTEX_POINT ( 'NONE', #7237 ) ;
#6701 = CARTESIAN_POINT ( 'NONE',  ( 2.523009182061048072, -21.74596054476989337, 2.868717657073073468 ) ) ;
#6702 = ORIENTED_EDGE ( 'NONE', *, *, #3601, .T. ) ;
#6703 = CARTESIAN_POINT ( 'NONE',  ( 41.47367404201370533, -5.383053005450242345, 20.19320607690099223 ) ) ;
#6704 = VECTOR ( 'NONE', #1324, 1000.000000000000000 ) ;
#6705 = EDGE_CURVE ( 'NONE', #917, #8102, #2553, .T. ) ;
#6706 = CARTESIAN_POINT ( 'NONE',  ( 42.65680288211282090, 14.53724236545313353, -19.62943630644727833 ) ) ;
#6707 = CARTESIAN_POINT ( 'NONE',  ( 40.63478393779092102, -13.79883115622614120, -17.70126982746869615 ) ) ;
#6708 = CARTESIAN_POINT ( 'NONE',  ( 39.88135080272550681, -5.867094374241029975, 19.63240023395470502 ) ) ;
#6709 = DIRECTION ( 'NONE',  ( 0.000000000000000000, 0.000000000000000000, 1.000000000000000000 ) ) ;
#6710 = VERTEX_POINT ( 'NONE', #7194 ) ;
#6711 = ORIENTED_EDGE ( 'NONE', *, *, #3268, .F. ) ;
#6712 = EDGE_CURVE ( 'NONE', #4988, #8092, #7293, .T. ) ;
#6713 = DIRECTION ( 'NONE',  ( 0.000000000000000000, 0.000000000000000000, 1.000000000000000000 ) ) ;
#6714 = CARTESIAN_POINT ( 'NONE',  ( 42.00000000000000711, 5.826424480092596170, 20.20000000000000284 ) ) ;
#6715 = CARTESIAN_POINT ( 'NONE',  ( 41.11107703367844124, -1.326811633257678480, -20.08984196216405493 ) ) ;
#6716 = CARTESIAN_POINT ( 'NONE',  ( 38.00000000000000000, 21.55968674681321673, -5.293383358428369156 ) ) ;
#6717 = CIRCLE ( 'NONE', #1217, 3.850000000000000533 ) ;
#6718 = CARTESIAN_POINT ( 'NONE',  ( 21.49634215345126620, -32.46462891635051307, 16.76527143752123550 ) ) ;
#6719 = ORIENTED_EDGE ( 'NONE', *, *, #52, .T. ) ;
#6720 = CARTESIAN_POINT ( 'NONE',  ( 39.99824963387442267, 31.22291009404758810, 18.28593812470522550 ) ) ;
#6721 = CARTESIAN_POINT ( 'NONE',  ( 38.90132529548416329, -8.451251237918025794, -18.25415167818714224 ) ) ;
#6722 = CARTESIAN_POINT ( 'NONE',  ( 2.397735378899132908, 21.73074275305584635, -2.517865833321608626 ) ) ;
#6723 = ADVANCED_FACE ( 'NONE', ( #2809 ), #4740, .F. ) ;
#6724 = FACE_OUTER_BOUND ( 'NONE', #3809, .T. ) ;
#6725 =( BOUNDED_CURVE ( )  B_SPLINE_CURVE ( 3, ( #7186, #1610, #1566, #5818 ),
 .UNSPECIFIED., .F., .T. ) 
 B_SPLINE_CURVE_WITH_KNOTS ( ( 4, 4 ),
 ( 3.141592653589793116, 4.712388980384691450 ),
 .UNSPECIFIED. ) 
 CURVE ( )  GEOMETRIC_REPRESENTATION_ITEM ( )  RATIONAL_B_SPLINE_CURVE ( ( 1.000000000000000000, 0.8047378541243646044, 0.8047378541243646044, 1.000000000000000000 ) ) 
 REPRESENTATION_ITEM ( '' )  );
#6726 = CARTESIAN_POINT ( 'NONE',  ( 38.00000000000000000, 21.83666641225257976, -4.000000000000000000 ) ) ;
#6727 = DIRECTION ( 'NONE',  ( 3.469446951953615767E-15, 0.8235817325433582026, 0.5671976109090026696 ) ) ;
#6728 = CARTESIAN_POINT ( 'NONE',  ( 1.516695366569232428, -16.87923696474281243, -11.16460732710194392 ) ) ;
#6729 = CARTESIAN_POINT ( 'NONE',  ( 59.50000000000000711, -11.00000000000000000, -3.322472255405710588E-16 ) ) ;
#6730 = DIRECTION ( 'NONE',  ( 0.000000000000000000, 0.9123004504689348204, -0.4095215355438325822 ) ) ;
#6731 = FACE_OUTER_BOUND ( 'NONE', #5535, .T. ) ;
#6732 = ADVANCED_FACE ( 'NONE', ( #1575 ), #3626, .F. ) ;
#6733 = CARTESIAN_POINT ( 'NONE',  ( 4.366583826438028559, -19.37986133583086712, -6.507144186791303575 ) ) ;
#6734 = CARTESIAN_POINT ( 'NONE',  ( 41.80548665929681107, -37.63534268795068982, 20.20000000000000639 ) ) ;
#6735 = ORIENTED_EDGE ( 'NONE', *, *, #5710, .T. ) ;
#6736 = CARTESIAN_POINT ( 'NONE',  ( 2.990247625629967487, -19.84605707436481481, -3.871824250851140903 ) ) ;
#6737 = CARTESIAN_POINT ( 'NONE',  ( 40.63145147853082761, -2.625303519772402616, -19.99945805417144129 ) ) ;
#6738 = CARTESIAN_POINT ( 'NONE',  ( 40.57032859821539716, 15.61197763410769568, -17.52020486377657349 ) ) ;
#6739 = VECTOR ( 'NONE', #7987, 1000.000000000000000 ) ;
#6740 = EDGE_LOOP ( 'NONE', ( #6849, #4435, #4200, #7051 ) ) ;
#6741 = CARTESIAN_POINT ( 'NONE',  ( 41.99999999999999289, -3.707724669149811358, 20.20000000000000284 ) ) ;
#6742 = LINE ( 'NONE', #22, #7925 ) ;
#6743 = DIRECTION ( 'NONE',  ( 0.000000000000000000, -1.000000000000000000, 0.000000000000000000 ) ) ;
#6744 = CARTESIAN_POINT ( 'NONE',  ( 40.34389833310868312, -12.68369382533843215, -17.37351834558340613 ) ) ;
#6745 = CARTESIAN_POINT ( 'NONE',  ( 39.30909179667471420, -7.212581667669200058, 19.04099498712824712 ) ) ;
#6746 = DIRECTION ( 'NONE',  ( 0.000000000000000000, 0.000000000000000000, -1.000000000000000000 ) ) ;
#6747 = CARTESIAN_POINT ( 'NONE',  ( 2.125098540587170959, 21.63798832825767704, -1.455853117997421453 ) ) ;
#6748 = ORIENTED_EDGE ( 'NONE', *, *, #2651, .T. ) ;
#6749 = CIRCLE ( 'NONE', #1518, 8.000000000000000000 ) ;
#6750 = CIRCLE ( 'NONE', #1371, 20.19999999999999929 ) ;
#6751 = VERTEX_POINT ( 'NONE', #4853 ) ;
#6752 = CIRCLE ( 'NONE', #5965, 2.000000000000000000 ) ;
#6753 = CIRCLE ( 'NONE', #4275, 8.000000000000000000 ) ;
#6754 = CARTESIAN_POINT ( 'NONE',  ( 38.35160369458277785, 9.975897015875055729, -17.55424102744899884 ) ) ;
#6755 = DIRECTION ( 'NONE',  ( 0.000000000000000000, -1.000000000000000000, 0.000000000000000000 ) ) ;
#6756 = CARTESIAN_POINT ( 'NONE',  ( 40.62550233773119857, -4.004742651718249391, -19.82037395961533832 ) ) ;
#6757 = EDGE_CURVE ( 'NONE', #5657, #6909, #5950, .T. ) ;
#6758 = CARTESIAN_POINT ( 'NONE',  ( 57.07106781186544708, 9.334077351297210612, 7.071067811865488828 ) ) ;
#6759 = ORIENTED_EDGE ( 'NONE', *, *, #5970, .F. ) ;
#6760 = CARTESIAN_POINT ( 'NONE',  ( 40.00318993396910372, -12.57984656067298879, 18.34720776405347564 ) ) ;
#6761 = B_SPLINE_CURVE_WITH_KNOTS ( 'NONE', 3,
 ( #1466, #249, #7176, #7047, #3449, #5936 ),
 .UNSPECIFIED., .F., .F.,
 ( 4, 2, 4 ),
 ( 0.03034389533881409751, 0.05280007189471286333, 0.07525624845061162915 ),
 .UNSPECIFIED. ) ;
#6762 = CARTESIAN_POINT ( 'NONE',  ( 39.41446739863830118, -11.78313987870415680, 17.12358276649949573 ) ) ;
#6763 = VECTOR ( 'NONE', #4312, 1000.000000000000000 ) ;
#6764 = CARTESIAN_POINT ( 'NONE',  ( 4.967895031870643408, 20.79178140415814369, 6.228486934539040121 ) ) ;
#6765 = CARTESIAN_POINT ( 'NONE',  ( 38.00000000000000000, 21.83666641225257976, -2.000000000000000000 ) ) ;
#6766 = CARTESIAN_POINT ( 'NONE',  ( 38.00000000000000000, 41.18700821125062816, 20.19999999999999929 ) ) ;
#6767 = CARTESIAN_POINT ( 'NONE',  ( 38.00000000000000000, -18.28351446246254852, 12.59178696217985660 ) ) ;
#6768 = FACE_OUTER_BOUND ( 'NONE', #4732, .T. ) ;
#6769 = DIRECTION ( 'NONE',  ( 0.7071067811865484609, 0.000000000000000000, -0.7071067811865465735 ) ) ;
#6770 = CARTESIAN_POINT ( 'NONE',  ( 38.19308860308574793, -11.56695572460641408, 16.56036036036036307 ) ) ;
#6771 = DIRECTION ( 'NONE',  ( -0.000000000000000000, -1.000000000000000000, -0.000000000000000000 ) ) ;
#6772 = AXIS2_PLACEMENT_3D ( 'NONE', #4683, #1556, #4547 ) ;
#6773 = FACE_OUTER_BOUND ( 'NONE', #1529, .T. ) ;
#6774 = EDGE_CURVE ( 'NONE', #186, #6611, #3099, .T. ) ;
#6775 = CARTESIAN_POINT ( 'NONE',  ( 39.84449682522615888, 12.09615664295658810, 17.68506113785689493 ) ) ;
#6776 = CARTESIAN_POINT ( 'NONE',  ( 45.00000000000000711, 14.83188195146597721, -20.20000000000000284 ) ) ;
#6777 = CARTESIAN_POINT ( 'NONE',  ( 38.54448826229756264, 1.679174451461152850, 20.13707642999489877 ) ) ;
#6778 = ORIENTED_EDGE ( 'NONE', *, *, #3223, .F. ) ;
#6779 = ADVANCED_FACE ( 'NONE', ( #4778 ), #6659, .F. ) ;
#6780 = LINE ( 'NONE', #5153, #1199 ) ;
#6781 = CARTESIAN_POINT ( 'NONE',  ( 40.81487141521584761, -1.323420613184914219, -20.09558304301037523 ) ) ;
#6782 = CARTESIAN_POINT ( 'NONE',  ( 40.14601475557799404, 7.329161123918485288, -18.92281079764314455 ) ) ;
#6783 = VERTEX_POINT ( 'NONE', #5999 ) ;
#6784 = CARTESIAN_POINT ( 'NONE',  ( 40.36593978494221346, -5.746161865131463209, 19.88225562302276117 ) ) ;
#6785 = CARTESIAN_POINT ( 'NONE',  ( 43.87978478124674098, 13.31084986561315375, -20.11964867603878560 ) ) ;
#6786 = DIRECTION ( 'NONE',  ( 0.000000000000000000, 0.000000000000000000, 1.000000000000000000 ) ) ;
#6787 = CARTESIAN_POINT ( 'NONE',  ( 40.34394284523602892, -15.60341927775520254, -17.02208832868945620 ) ) ;
#6788 = DIRECTION ( 'NONE',  ( 0.000000000000000000, 0.000000000000000000, -1.000000000000000000 ) ) ;
#6789 = CARTESIAN_POINT ( 'NONE',  ( 59.48257900718780888, 10.98622285927383579, 0.6335632014820481439 ) ) ;
#6790 = ORIENTED_EDGE ( 'NONE', *, *, #4326, .F. ) ;
#6791 = ORIENTED_EDGE ( 'NONE', *, *, #6096, .F. ) ;
#6792 = LINE ( 'NONE', #563, #3500 ) ;
#6793 = CARTESIAN_POINT ( 'NONE',  ( 38.41575036691507705, 8.678124237176049860, -18.23162770487430606 ) ) ;
#6794 = CARTESIAN_POINT ( 'NONE',  ( 60.00000000000000711, -45.00000000000000000, 6.123233995736766282E-16 ) ) ;
#6795 = CARTESIAN_POINT ( 'NONE',  ( 41.12290210856721018, -3.054237385556596518, -19.97399206661846449 ) ) ;
#6796 = CARTESIAN_POINT ( 'NONE',  ( 14.57216196472524139, -20.00497170717677520, -6.570935687198987019 ) ) ;
#6797 = CARTESIAN_POINT ( 'NONE',  ( 53.14213562373093680, 0.7728114564000286846, 10.99999999999997868 ) ) ;
#6798 = ORIENTED_EDGE ( 'NONE', *, *, #4830, .T. ) ;
#6799 = ORIENTED_EDGE ( 'NONE', *, *, #6774, .F. ) ;
#6800 = CARTESIAN_POINT ( 'NONE',  ( 3.705272471350631314, 19.60664027841211166, 5.002327492993636326 ) ) ;
#6801 = DIRECTION ( 'NONE',  ( 1.000000000000000000, 0.000000000000000000, -0.000000000000000000 ) ) ;
#6802 = EDGE_CURVE ( 'NONE', #8048, #3873, #3369, .T. ) ;
#6803 = CARTESIAN_POINT ( 'NONE',  ( 42.00000000000000000, 30.77705835859655181, 20.20000000000000284 ) ) ;
#6804 = CARTESIAN_POINT ( 'NONE',  ( 39.98750330599843039, 15.78939038979922493, -15.22601240783298415 ) ) ;
#6805 = DIRECTION ( 'NONE',  ( 1.000000000000000000, 0.000000000000000000, 0.000000000000000000 ) ) ;
#6806 = CARTESIAN_POINT ( 'NONE',  ( 57.07106781186546840, -9.334077351297212388, 7.071067811865485275 ) ) ;
#6807 = CARTESIAN_POINT ( 'NONE',  ( 17.20010592241915859, -19.89664527294610963, 3.490898612938392986 ) ) ;
#6808 = FACE_OUTER_BOUND ( 'NONE', #6230, .T. ) ;
#6809 = EDGE_CURVE ( 'NONE', #3797, #676, #6034, .T. ) ;
#6810 = FACE_OUTER_BOUND ( 'NONE', #7572, .T. ) ;
#6811 = CARTESIAN_POINT ( 'NONE',  ( 42.10115222743659302, -32.89714076693227440, 20.19999999999998508 ) ) ;
#6812 = CARTESIAN_POINT ( 'NONE',  ( 40.00000000000000000, 0.000000000000000000, 0.000000000000000000 ) ) ;
#6813 = ORIENTED_EDGE ( 'NONE', *, *, #497, .F. ) ;
#6814 = CARTESIAN_POINT ( 'NONE',  ( 39.82521952934297360, -40.57914249102599058, 20.19999999999999929 ) ) ;
#6815 = CARTESIAN_POINT ( 'NONE',  ( 39.96164551392365638, 2.731065531117129238E-15, 20.17562402875952543 ) ) ;
#6816 = CARTESIAN_POINT ( 'NONE',  ( 40.06888686260483468, 8.139696941611589409, -18.61759668095235654 ) ) ;
#6817 = VERTEX_POINT ( 'NONE', #6077 ) ;
#6818 = CARTESIAN_POINT ( 'NONE',  ( 40.51848231502270892, -8.436842750649903522, 19.70205497385887838 ) ) ;
#6819 = EDGE_CURVE ( 'NONE', #3817, #4743, #473, .T. ) ;
#6820 = CARTESIAN_POINT ( 'NONE',  ( 38.00000000000000000, -21.55968674681321318, -5.293383358428380703 ) ) ;
#6821 = FACE_OUTER_BOUND ( 'NONE', #2970, .T. ) ;
#6822 = CARTESIAN_POINT ( 'NONE',  ( 40.36061471178758353, -15.60293853104480100, -17.06369583436184811 ) ) ;
#6823 = CARTESIAN_POINT ( 'NONE',  ( 38.63672222104531784, 38.40462326174699825, 19.54564259904991985 ) ) ;
#6824 = CARTESIAN_POINT ( 'NONE',  ( 2.201427343311898266, 21.67756136824764468, 1.821374210892339640 ) ) ;
#6825 = ORIENTED_EDGE ( 'NONE', *, *, #2247, .T. ) ;
#6826 = AXIS2_PLACEMENT_3D ( 'NONE', #3388, #3906, #6400 ) ;
#6827 = ORIENTED_EDGE ( 'NONE', *, *, #4725, .T. ) ;
#6828 = EDGE_CURVE ( 'NONE', #4414, #6133, #2972, .T. ) ;
#6829 = CIRCLE ( 'NONE', #5265, 8.000000000000000000 ) ;
#6830 = CARTESIAN_POINT ( 'NONE',  ( 7.239763295295817969, 23.47156078235034826, 8.343862605006709288 ) ) ;
#6831 = CARTESIAN_POINT ( 'NONE',  ( 41.17025305913227129, -3.663863775366129616, -19.91343176328813058 ) ) ;
#6832 = CARTESIAN_POINT ( 'NONE',  ( 16.38759021281741113, -19.61737262547869420, -4.816501974786188356 ) ) ;
#6833 = LINE ( 'NONE', #1298, #5316 ) ;
#6834 = ORIENTED_EDGE ( 'NONE', *, *, #4296, .F. ) ;
#6835 = CARTESIAN_POINT ( 'NONE',  ( 39.48696590340339441, -11.05260457961544596, 17.69224884513240070 ) ) ;
#6836 = ORIENTED_EDGE ( 'NONE', *, *, #616, .T. ) ;
#6837 = VERTEX_POINT ( 'NONE', #6618 ) ;
#6838 = DIRECTION ( 'NONE',  ( 0.000000000000000000, 0.000000000000000000, 1.000000000000000000 ) ) ;
#6839 = B_SPLINE_CURVE_WITH_KNOTS ( 'NONE', 3,
 ( #1362, #7596, #7638, #2722, #4479, #267, #3255, #6443, #833, #5749, #2016, #5218, #7722, #7105, #883, #5262, #4654, #7150, #4817, #5463, #5914, #2313 ),
 .UNSPECIFIED., .F., .F.,
 ( 4, 2, 2, 2, 2, 2, 2, 2, 2, 2, 4 ),
 ( 0.000000000000000000, 0.1250000000000000000, 0.2500000000000000000, 0.3750000000000000000, 0.5000000000000000000, 0.5312500000000000000, 0.5625000000000000000, 0.6250000000000000000, 0.7500000000000000000, 0.8750000000000000000, 1.000000000000000000 ),
 .UNSPECIFIED. ) ;
#6840 = CARTESIAN_POINT ( 'NONE',  ( 1.470967741935481632, 0.000000000000000000, 9.568958528775276393E-17 ) ) ;
#6841 = DIRECTION ( 'NONE',  ( 0.000000000000000000, 1.000000000000000000, 0.000000000000000000 ) ) ;
#6842 = AXIS2_PLACEMENT_3D ( 'NONE', #4229, #6685, #1646 ) ;
#6843 =( NAMED_UNIT ( * ) PLANE_ANGLE_UNIT ( ) SI_UNIT ( $, .RADIAN. ) );
#6844 = CARTESIAN_POINT ( 'NONE',  ( 0.000000000000000000, 0.000000000000000000, 0.000000000000000000 ) ) ;
#6845 = PLANE ( 'NONE',  #4641 ) ;
#6846 = CARTESIAN_POINT ( 'NONE',  ( 39.92205692162377773, 40.57325555085034807, -20.19999999999999929 ) ) ;
#6847 = PLANE ( 'NONE',  #5551 ) ;
#6848 = EDGE_CURVE ( 'NONE', #2815, #2691, #5554, .T. ) ;
#6849 = ORIENTED_EDGE ( 'NONE', *, *, #5157, .T. ) ;
#6850 = CARTESIAN_POINT ( 'NONE',  ( 1.470967741935481188, -19.15696293410671913, 6.407087570906244700 ) ) ;
#6851 = LINE ( 'NONE', #7628, #6595 ) ;
#6852 = CARTESIAN_POINT ( 'NONE',  ( 38.00000000000000711, 7.850671616629450789, 18.64161156690054000 ) ) ;
#6853 = VERTEX_POINT ( 'NONE', #6898 ) ;
#6854 = CARTESIAN_POINT ( 'NONE',  ( 40.45979295075576943, -40.05771762630072885, 20.19999999999999574 ) ) ;
#6855 = DIRECTION ( 'NONE',  ( 1.000000000000000000, 0.000000000000000000, 0.000000000000000000 ) ) ;
#6856 = ADVANCED_FACE ( 'NONE', ( #5047 ), #3699, .T. ) ;
#6857 = CARTESIAN_POINT ( 'NONE',  ( 39.96510866375723481, 8.533113450258577259, -18.42924331194734933 ) ) ;
#6858 = ORIENTED_EDGE ( 'NONE', *, *, #3953, .T. ) ;
#6859 = CARTESIAN_POINT ( 'NONE',  ( 41.68012594040713026, -3.530688684753776840, 20.20000000000000284 ) ) ;
#6860 = AXIS2_PLACEMENT_3D ( 'NONE', #721, #5790, #2070 ) ;
#6861 = DIRECTION ( 'NONE',  ( 0.000000000000000000, -0.9711570606672620398, -0.2384406918210983384 ) ) ;
#6862 = CARTESIAN_POINT ( 'NONE',  ( 16.90509337014163549, 19.79158777005039838, -4.046425177603795831 ) ) ;
#6863 = CARTESIAN_POINT ( 'NONE',  ( 41.20531817448924983, -15.71171073443531441, -18.45970882509000077 ) ) ;
#6864 = CARTESIAN_POINT ( 'NONE',  ( 40.12797534840331082, -11.93245014748468513, 18.90760152876071487 ) ) ;
#6865 = CARTESIAN_POINT ( 'NONE',  ( 38.72261029469562033, 38.19979202233459148, 19.48755117595199593 ) ) ;
#6866 = ADVANCED_FACE ( 'NONE', ( #4283 ), #510, .F. ) ;
#6867 = DIRECTION ( 'NONE',  ( 0.000000000000000000, 0.000000000000000000, 1.000000000000000000 ) ) ;
#6868 = ORIENTED_EDGE ( 'NONE', *, *, #5066, .F. ) ;
#6869 = ORIENTED_EDGE ( 'NONE', *, *, #6622, .F. ) ;
#6870 = CARTESIAN_POINT ( 'NONE',  ( 50.00000000000000000, -45.00000000000000000, 4.099999999999633715 ) ) ;
#6871 = CARTESIAN_POINT ( 'NONE',  ( 41.06597090852852716, -4.043501213567550323, -19.85550562601732594 ) ) ;
#6872 = VECTOR ( 'NONE', #1189, 1000.000000000000000 ) ;
#6873 = CARTESIAN_POINT ( 'NONE',  ( 38.93149031464410115, -11.62964129848358752, 16.77275334441984711 ) ) ;
#6874 = ADVANCED_FACE ( 'NONE', ( #1932 ), #2434, .F. ) ;
#6875 = CARTESIAN_POINT ( 'NONE',  ( 42.00000000000000711, -5.826424480092573077, 20.20000000000000284 ) ) ;
#6876 = EDGE_LOOP ( 'NONE', ( #1395, #7365, #2509, #3761, #2498 ) ) ;
#6877 = EDGE_LOOP ( 'NONE', ( #861, #3798, #283, #1107 ) ) ;
#6878 = ORIENTED_EDGE ( 'NONE', *, *, #6296, .F. ) ;
#6879 = CARTESIAN_POINT ( 'NONE',  ( 17.33212111192934657, 20.00363613427023779, 3.199999999999999289 ) ) ;
#6880 = CARTESIAN_POINT ( 'NONE',  ( 30.34550036918882299, -40.69591552396819623, 16.07568406679962081 ) ) ;
#6881 = AXIS2_PLACEMENT_3D ( 'NONE', #3712, #6201, #2478 ) ;
#6882 = CARTESIAN_POINT ( 'NONE',  ( 40.19024573328655947, 31.71008700082018450, 20.19999999998248441 ) ) ;
#6883 = FACE_OUTER_BOUND ( 'NONE', #4242, .T. ) ;
#6884 = CARTESIAN_POINT ( 'NONE',  ( 39.87448441334112914, 14.38811001996535843, -15.74945487786586718 ) ) ;
#6885 = CARTESIAN_POINT ( 'NONE',  ( 58.07072754277415072, -9.282868263020748856, 5.944437967225135289 ) ) ;
#6886 = CYLINDRICAL_SURFACE ( 'NONE', #1664, 1.999999999999999778 ) ;
#6887 = CARTESIAN_POINT ( 'NONE',  ( 40.45746530299052068, -7.360570396442525976, 19.77413523352442581 ) ) ;
#6888 = AXIS2_PLACEMENT_3D ( 'NONE', #672, #5665, #68 ) ;
#6889 = VECTOR ( 'NONE', #4846, 1000.000000000000000 ) ;
#6890 = VERTEX_POINT ( 'NONE', #1166 ) ;
#6891 =( BOUNDED_SURFACE ( )  B_SPLINE_SURFACE ( 3, 2, ( 
 ( #6683, #3801, #1872 ),
 ( #533, #7423, #4416 ),
 ( #4303, #6800, #5562 ),
 ( #4957, #1266, #79 ),
 ( #6764, #3643, #1188 ),
 ( #3682, #2576, #6213 ),
 ( #7457, #3186, #3033 ),
 ( #6173, #5521, #8022 ) ),
 .UNSPECIFIED., .F., .F., .F. ) 
 B_SPLINE_SURFACE_WITH_KNOTS ( ( 4, 2, 2, 4 ),
 ( 3, 3 ),
 ( 0.04029336277056779630, 0.04290182081112269008, 0.04420604983140014044, 0.04551027885167758386 ),
 ( 0.000000000000000000, 1.000000000000000000 ),
 .UNSPECIFIED. ) 
 GEOMETRIC_REPRESENTATION_ITEM ( )  RATIONAL_B_SPLINE_SURFACE ( (
 ( 1.000000000000000000, 0.7492573030496177955, 1.000000000000000000),
 ( 1.000000000000000000, 0.7608235753281671343, 1.000000000000000000),
 ( 1.000000000000000000, 0.7733233239787049573, 1.000000000000000000),
 ( 1.000000000000000000, 0.7916942046806919597, 1.000000000000000000),
 ( 1.000000000000000000, 0.7977530182556415994, 1.000000000000000000),
 ( 1.000000000000000000, 0.8091716011794365393, 1.000000000000000000),
 ( 1.000000000000000000, 0.8145752808824825442, 1.000000000000000000),
 ( 1.000000000000000000, 0.8195676146983186250, 1.000000000000000000) ) ) 
 REPRESENTATION_ITEM ( '' )  SURFACE ( )  );
#6892 = CARTESIAN_POINT ( 'NONE',  ( 17.74596669241483582, -45.00000000000000000, 1.999999999999999556 ) ) ;
#6893 = CIRCLE ( 'NONE', #4158, 2.000000000000000000 ) ;
#6894 = CARTESIAN_POINT ( 'NONE',  ( 3.550652589197417885, -21.39553028455927475, 4.745809487508472202 ) ) ;
#6895 = CARTESIAN_POINT ( 'NONE',  ( 40.66088733412094314, 15.62267336911601845, -17.68447312592077125 ) ) ;
#6896 = CARTESIAN_POINT ( 'NONE',  ( 38.93149031464410115, 11.62964129848358752, 16.77275334441985422 ) ) ;
#6897 = ORIENTED_EDGE ( 'NONE', *, *, #1799, .T. ) ;
#6898 = CARTESIAN_POINT ( 'NONE',  ( 38.00000000000000000, -16.63635099737583545, -11.45739174036185659 ) ) ;
#6899 = CARTESIAN_POINT ( 'NONE',  ( 40.40857887234196255, 12.50967963262988469, -17.51667287237215120 ) ) ;
#6900 = VERTEX_POINT ( 'NONE', #3659 ) ;
#6901 = CARTESIAN_POINT ( 'NONE',  ( 4.948275723908964530, -20.79926352553480484, -6.212459494997951914 ) ) ;
#6902 = CARTESIAN_POINT ( 'NONE',  ( 41.80699664513391411, 12.71219886565656054, 20.20000000000000284 ) ) ;
#6903 = EDGE_CURVE ( 'NONE', #7770, #4571, #6643, .T. ) ;
#6904 = CARTESIAN_POINT ( 'NONE',  ( 38.08959585931621206, 11.56695572460640520, 16.56036036036036663 ) ) ;
#6905 = CARTESIAN_POINT ( 'NONE',  ( 40.29673387961008046, -15.60648260971635537, -16.89741507414812816 ) ) ;
#6906 = CARTESIAN_POINT ( 'NONE',  ( 58.95595528478152403, -10.57404167885740875, 3.046366936207272502 ) ) ;
#6907 = CARTESIAN_POINT ( 'NONE',  ( 39.12665256115253243, 36.97860323436898256, 19.17152649578761725 ) ) ;
#6908 = FACE_OUTER_BOUND ( 'NONE', #5353, .T. ) ;
#6909 = VERTEX_POINT ( 'NONE', #6815 ) ;
#6910 = LINE ( 'NONE', #838, #6603 ) ;
#6911 = ADVANCED_FACE ( 'NONE', ( #4356 ), #5838, .F. ) ;
#6912 = CARTESIAN_POINT ( 'NONE',  ( 41.42149994169697180, 1.089364692105224538E-14, 20.19326146596833738 ) ) ;
#6913 = CARTESIAN_POINT ( 'NONE',  ( 39.59479466189548447, -15.19255446640677043, -14.48505293412302741 ) ) ;
#6914 = CARTESIAN_POINT ( 'NONE',  ( 38.97158095361022845, 12.51383511918517044, -15.98818504611383062 ) ) ;
#6915 = DIRECTION ( 'NONE',  ( 6.440804985062402444E-17, 8.881784197001252323E-16, -1.000000000000000000 ) ) ;
#6916 = ORIENTED_EDGE ( 'NONE', *, *, #5168, .T. ) ;
#6917 = CARTESIAN_POINT ( 'NONE',  ( 39.99999999999999289, -12.63214365497085012, 18.25591636035542464 ) ) ;
#6918 = ORIENTED_EDGE ( 'NONE', *, *, #1397, .F. ) ;
#6919 = ORIENTED_EDGE ( 'NONE', *, *, #7370, .T. ) ;
#6920 = CARTESIAN_POINT ( 'NONE',  ( 10.00000000000000178, 45.00000000000000000, 0.000000000000000000 ) ) ;
#6921 = CARTESIAN_POINT ( 'NONE',  ( 13.01521426112037894, -27.77875289933125913, 10.27731328862926219 ) ) ;
#6922 = EDGE_CURVE ( 'NONE', #2069, #282, #8035, .T. ) ;
#6923 = CARTESIAN_POINT ( 'NONE',  ( 39.56897582623835063, 4.047239464865331371, 19.86574831512151817 ) ) ;
#6924 = DIRECTION ( 'NONE',  ( -1.000000000000000000, 0.000000000000000000, 0.000000000000000000 ) ) ;
#6925 = DIRECTION ( 'NONE',  ( 0.000000000000000000, -1.000000000000000000, 0.000000000000000000 ) ) ;
#6926 = CARTESIAN_POINT ( 'NONE',  ( 38.00000000000000000, 45.00000000000000000, 4.000000000000000000 ) ) ;
#6927 = FACE_OUTER_BOUND ( 'NONE', #899, .T. ) ;
#6928 = CARTESIAN_POINT ( 'NONE',  ( 39.99671539280344490, -1.445409583563951772, 20.15106074493862565 ) ) ;
#6929 = ORIENTED_EDGE ( 'NONE', *, *, #3665, .F. ) ;
#6930 = CARTESIAN_POINT ( 'NONE',  ( 41.72936160312161746, -7.017155867521107204, -19.64708272785698639 ) ) ;
#6931 = CARTESIAN_POINT ( 'NONE',  ( 39.90098980052936639, -28.85382567101404305, -16.64311867019549140 ) ) ;
#6932 = CARTESIAN_POINT ( 'NONE',  ( 40.00249939638683827, 15.99331889567765330, -15.39714538439443992 ) ) ;
#6933 = CARTESIAN_POINT ( 'NONE',  ( 38.25852636349734581, 5.317414687314881760, 19.49496194424920148 ) ) ;
#6934 = ORIENTED_EDGE ( 'NONE', *, *, #6571, .T. ) ;
#6935 = DIRECTION ( 'NONE',  ( -0.000000000000000000, 0.9123004504689347094, 0.4095215355438328597 ) ) ;
#6936 = CARTESIAN_POINT ( 'NONE',  ( 40.20675523997334011, 8.645666396131652220, -18.50600494994050749 ) ) ;
#6937 = ORIENTED_EDGE ( 'NONE', *, *, #2362, .T. ) ;
#6938 = CARTESIAN_POINT ( 'NONE',  ( 2.029828849706954763, 20.76826757021698455, 0.7860918176689589698 ) ) ;
#6939 = CARTESIAN_POINT ( 'NONE',  ( 41.74514004137047607, 8.368906558199224577, 20.20000000000000284 ) ) ;
#6940 = CARTESIAN_POINT ( 'NONE',  ( 1.580999179684701827, -17.03512878520778884, 11.02262885122610392 ) ) ;
#6941 = CARTESIAN_POINT ( 'NONE',  ( 10.00000000000000178, -37.09999999999999432, -3.850000000000000533 ) ) ;
#6942 = CARTESIAN_POINT ( 'NONE',  ( 38.00000000000000000, -45.00000000000000000, 18.00773976492945039 ) ) ;
#6943 = CARTESIAN_POINT ( 'NONE',  ( 40.00000000000000000, 18.28351446246255563, -12.59178696217984950 ) ) ;
#6944 = VERTEX_POINT ( 'NONE', #5612 ) ;
#6945 = EDGE_CURVE ( 'NONE', #2871, #5234, #4285, .T. ) ;
#6946 = ORIENTED_EDGE ( 'NONE', *, *, #741, .T. ) ;
#6947 = CARTESIAN_POINT ( 'NONE',  ( 16.52648549165105507, 19.66259815800143329, 4.632300633578656068 ) ) ;
#6948 = PRODUCT_DEFINITION ( 'UNKNOWN', '', #2177, #6177 ) ;
#6949 = CARTESIAN_POINT ( 'NONE',  ( 41.28103819452387313, -3.308976403050771342, -19.95808856152889987 ) ) ;
#6950 = CARTESIAN_POINT ( 'NONE',  ( 41.28103819452387313, -3.308976403050771342, -19.95808856152889987 ) ) ;
#6951 = CARTESIAN_POINT ( 'NONE',  ( 39.80633374068957409, 6.095104243913278097, -19.23807447784025371 ) ) ;
#6952 = CARTESIAN_POINT ( 'NONE',  ( 39.05712704924000889, 3.851856072620600025E-15, -20.18572708746932420 ) ) ;
#6953 = EDGE_LOOP ( 'NONE', ( #3008, #3137, #197, #1001, #5652, #1853, #5327, #3270, #4080, #7739, #1568, #5170, #5497, #3787, #7268, #3252, #2803, #7894, #4037, #2953, #3122, #4906, #5312, #2693 ) ) ;
#6954 = CARTESIAN_POINT ( 'NONE',  ( 39.82160627365259842, -11.59751832107845715, 17.94236656749990999 ) ) ;
#6955 = ORIENTED_EDGE ( 'NONE', *, *, #1615, .T. ) ;
#6956 = ADVANCED_FACE ( 'NONE', ( #7397 ), #7133, .F. ) ;
#6957 = ORIENTED_EDGE ( 'NONE', *, *, #7228, .T. ) ;
#6958 = CARTESIAN_POINT ( 'NONE',  ( 38.00000000000000000, -21.55968674681321318, -5.293383358428379815 ) ) ;
#6959 = AXIS2_PLACEMENT_3D ( 'NONE', #2896, #6121, #393 ) ;
#6960 = CARTESIAN_POINT ( 'NONE',  ( 39.70948699516081604, 4.010835887880193518, 19.89121806848729435 ) ) ;
#6961 = CARTESIAN_POINT ( 'NONE',  ( 17.26924520083887060, 19.94076022317976538, 3.344066810980715676 ) ) ;
#6962 = CARTESIAN_POINT ( 'NONE',  ( 39.48744623630489770, 14.63779331883916335, -14.86147891358071504 ) ) ;
#6963 = FACE_OUTER_BOUND ( 'NONE', #3068, .T. ) ;
#6964 = CARTESIAN_POINT ( 'NONE',  ( 39.27839360815973890, 35.70953181341145211, -18.72163365503026355 ) ) ;
#6965 = DIRECTION ( 'NONE',  ( -1.000000000000000000, -0.000000000000000000, -0.000000000000000000 ) ) ;
#6966 = VERTEX_POINT ( 'NONE', #7790 ) ;
#6967 = EDGE_CURVE ( 'NONE', #6433, #1299, #6557, .T. ) ;
#6968 = CARTESIAN_POINT ( 'NONE',  ( 38.60914917761835596, -6.042996184907431179, -19.27945350510935185 ) ) ;
#6969 = CYLINDRICAL_SURFACE ( 'NONE', #3451, 20.19999999999999929 ) ;
#6970 = CONICAL_SURFACE ( 'NONE', #2789, 4.099999999999633715, 0.03163501222810161800 ) ;
#6971 = CARTESIAN_POINT ( 'NONE',  ( 42.33194870298827084, -2.144715223992407438, -20.10462951011612276 ) ) ;
#6972 = CARTESIAN_POINT ( 'NONE',  ( 44.33581682879270858, -31.36552289929099402, -20.19999999999999929 ) ) ;
#6973 = PLANE ( 'NONE',  #2939 ) ;
#6974 = CARTESIAN_POINT ( 'NONE',  ( 38.93505469910106598, 9.676351664763862104, 17.92999947451820475 ) ) ;
#6975 = ORIENTED_EDGE ( 'NONE', *, *, #3765, .T. ) ;
#6976 = CARTESIAN_POINT ( 'NONE',  ( 41.20531817448924983, -15.71171073443531441, -18.45970882509000077 ) ) ;
#6977 = EDGE_CURVE ( 'NONE', #7513, #3723, #7819, .T. ) ;
#6978 = CARTESIAN_POINT ( 'NONE',  ( 39.14301717149218263, 12.68289691070219050, -15.97123796510649463 ) ) ;
#6979 = VECTOR ( 'NONE', #4335, 1000.000000000000000 ) ;
#6980 = ADVANCED_FACE ( 'NONE', ( #3413 ), #7871, .F. ) ;
#6981 = ORIENTED_EDGE ( 'NONE', *, *, #2651, .F. ) ;
#6982 = CARTESIAN_POINT ( 'NONE',  ( 41.65899613207415797, 1.209523820628117166E-14, 20.20000000000000284 ) ) ;
#6983 = CARTESIAN_POINT ( 'NONE',  ( 38.21803050320782091, 1.251287601768862112, -20.17127332795826788 ) ) ;
#6984 = B_SPLINE_CURVE_WITH_KNOTS ( 'NONE', 3,
 ( #5288, #3368, #4145, #7789 ),
 .UNSPECIFIED., .F., .F.,
 ( 4, 4 ),
 ( 0.07319213531308507714, 0.07561125437038607178 ),
 .UNSPECIFIED. ) ;
#6985 = CARTESIAN_POINT ( 'NONE',  ( 39.61634726383368843, 4.795287931344492958E-15, -20.15930264626615553 ) ) ;
#6986 = CARTESIAN_POINT ( 'NONE',  ( 2.819851098652407462, -21.71505851031447776, -3.546626961585895188 ) ) ;
#6987 = CARTESIAN_POINT ( 'NONE',  ( 58.84539032272633818, -10.48844929558157624, 3.328020628834502670 ) ) ;
#6988 = CARTESIAN_POINT ( 'NONE',  ( 41.25240531074177142, 4.905069136404882180, -19.77148950224617252 ) ) ;
#6989 = CARTESIAN_POINT ( 'NONE',  ( 39.84542621387821271, 12.09515512747251087, 17.68514322532191585 ) ) ;
#6990 = EDGE_LOOP ( 'NONE', ( #6080, #1275, #7715, #3789 ) ) ;
#6991 = CARTESIAN_POINT ( 'NONE',  ( 16.65881840409653947, 19.70701626922965488, 4.440047770632732593 ) ) ;
#6992 = DIRECTION ( 'NONE',  ( 0.000000000000000000, -0.9123004504689347094, 0.4095215355438330818 ) ) ;
#6993 = AXIS2_PLACEMENT_3D ( 'NONE', #6059, #5986, #2212 ) ;
#6994 = CARTESIAN_POINT ( 'NONE',  ( 39.52109023668428733, -12.78312647380741751, -16.19572416088453082 ) ) ;
#6995 = CARTESIAN_POINT ( 'NONE',  ( 40.67619118669972522, 6.510387287677740385E-15, -20.11947903340827892 ) ) ;
#6996 = CARTESIAN_POINT ( 'NONE',  ( 45.00000000000000711, -16.18023485614467916, -20.19999999999999929 ) ) ;
#6997 = VERTEX_POINT ( 'NONE', #4016 ) ;
#6998 = ORIENTED_EDGE ( 'NONE', *, *, #3799, .F. ) ;
#6999 = CARTESIAN_POINT ( 'NONE',  ( 41.06878759118159650, 12.63571712810506575, 19.99001259717633872 ) ) ;
#7000 = CARTESIAN_POINT ( 'NONE',  ( 39.22643755633681195, 9.945580212119130792, 17.99516122708008581 ) ) ;
#7001 = DIRECTION ( 'NONE',  ( -1.000000000000000000, -0.000000000000000000, -0.000000000000000000 ) ) ;
#7002 = CARTESIAN_POINT ( 'NONE',  ( 58.17018300896086913, 9.974629139783225185, 4.645961842219376692 ) ) ;
#7003 = ADVANCED_FACE ( 'NONE', ( #3203 ), #1356, .F. ) ;
#7004 = DIRECTION ( 'NONE',  ( 0.000000000000000000, 0.000000000000000000, -1.000000000000000000 ) ) ;
#7005 = CARTESIAN_POINT ( 'NONE',  ( 42.82460225368453166, 36.52822136249252338, -20.19999999999999929 ) ) ;
#7006 = CARTESIAN_POINT ( 'NONE',  ( 57.50967529825859259, 9.633950001161068144, 6.632460325472345097 ) ) ;
#7007 = AXIS2_PLACEMENT_3D ( 'NONE', #520, #6632, #6709 ) ;
#7008 = CIRCLE ( 'NONE', #2957, 2.000000000000000000 ) ;
#7009 = CARTESIAN_POINT ( 'NONE',  ( 8.887301627791918790, 1.347111479062088405E-15, 10.99999999999999645 ) ) ;
#7010 = CARTESIAN_POINT ( 'NONE',  ( 39.47211848683014779, -6.892761318841274409, -18.92804695673972049 ) ) ;
#7011 = CARTESIAN_POINT ( 'NONE',  ( 57.07106781186546129, -9.334077351297203506, 7.071067811865480834 ) ) ;
#7012 = CARTESIAN_POINT ( 'NONE',  ( 42.28614049643653061, -1.032007934377650260, -20.11261681531077627 ) ) ;
#7013 = EDGE_CURVE ( 'NONE', #6900, #1376, #6436, .T. ) ;
#7014 = CARTESIAN_POINT ( 'NONE',  ( 40.00000000000000000, 1.677766114831873186E-15, 12.19999999999999929 ) ) ;
#7015 = CARTESIAN_POINT ( 'NONE',  ( 40.41268569994382176, 15.60264171319250792, -17.18850511527773861 ) ) ;
#7016 = CARTESIAN_POINT ( 'NONE',  ( 38.37314874518676788, 6.654575393248878257, 19.10820300274700401 ) ) ;
#7017 = CIRCLE ( 'NONE', #5695, 2.000000000000000000 ) ;
#7018 = ORIENTED_EDGE ( 'NONE', *, *, #4868, .F. ) ;
#7019 = CARTESIAN_POINT ( 'NONE',  ( 39.52099236228701784, 13.29505470702285308, -15.88606432811690006 ) ) ;
#7020 = AXIS2_PLACEMENT_3D ( 'NONE', #2845, #5819, #6028 ) ;
#7021 = CARTESIAN_POINT ( 'NONE',  ( 41.42149994169697180, 1.089364692105224538E-14, 20.19326146596833738 ) ) ;
#7022 = EDGE_CURVE ( 'NONE', #847, #51, #2428, .T. ) ;
#7023 = CARTESIAN_POINT ( 'NONE',  ( 38.32950368151426090, 12.47110114324643959, -15.91419405830672673 ) ) ;
#7024 = CARTESIAN_POINT ( 'NONE',  ( 3.128075296166972219, -18.74477375174836169, 10.63584407703472046 ) ) ;
#7025 = CARTESIAN_POINT ( 'NONE',  ( 0.000000000000000000, 1.983927814618711057E-15, -16.19999999999999218 ) ) ;
#7026 = CARTESIAN_POINT ( 'NONE',  ( 38.00000000000000000, -19.55968674681321673, -5.293383358428379815 ) ) ;
#7027 = CARTESIAN_POINT ( 'NONE',  ( 58.46377993400052731, -10.19615192252791758, 4.137159626378704935 ) ) ;
#7028 = CARTESIAN_POINT ( 'NONE',  ( 39.16757556968623533, -9.892081896575803057, 17.98150405388157580 ) ) ;
#7029 = B_SPLINE_CURVE_WITH_KNOTS ( 'NONE', 3,
 ( #3298, #6402, #1487, #106, #2632, #5872, #5128, #793, #4607, #3988, #1535, #7765 ),
 .UNSPECIFIED., .F., .F.,
 ( 4, 2, 2, 2, 2, 4 ),
 ( 0.000000000000000000, 0.2499999999999864553, 0.3749999999999804046, 0.4374999999999830136, 0.4999999999999855671, 1.000000000000000000 ),
 .UNSPECIFIED. ) ;
#7030 = CARTESIAN_POINT ( 'NONE',  ( 41.25171868757703209, 7.680647074547485076, -19.33440586483609280 ) ) ;
#7031 = CARTESIAN_POINT ( 'NONE',  ( 39.81854863909300235, 9.142307204753759464, 18.85594130180295025 ) ) ;
#7032 = ORIENTED_EDGE ( 'NONE', *, *, #1345, .F. ) ;
#7033 = DIRECTION ( 'NONE',  ( 0.8529032258064520589, 0.000000000000000000, -0.5220690446760355430 ) ) ;
#7034 = CARTESIAN_POINT ( 'NONE',  ( 41.22932292427410061, 2.648551968764744302, -20.01271647136838183 ) ) ;
#7035 = SPHERICAL_SURFACE ( 'NONE', #3746, 2.000000000000000000 ) ;
#7036 = ORIENTED_EDGE ( 'NONE', *, *, #6452, .F. ) ;
#7037 = CARTESIAN_POINT ( 'NONE',  ( 38.10746443510345927, -14.19644578793071510, -14.39066927820754316 ) ) ;
#7038 = CARTESIAN_POINT ( 'NONE',  ( 40.12897631492109696, -9.455758094538413872, -18.17717955433645827 ) ) ;
#7039 = CARTESIAN_POINT ( 'NONE',  ( 39.60372590562553796, 1.017494592240968831, -20.14295328880447755 ) ) ;
#7040 = DIRECTION ( 'NONE',  ( 0.000000000000000000, 0.000000000000000000, -1.000000000000000000 ) ) ;
#7041 = EDGE_LOOP ( 'NONE', ( #1703, #3302 ) ) ;
#7042 = VERTEX_POINT ( 'NONE', #7833 ) ;
#7043 = DIRECTION ( 'NONE',  ( 0.000000000000000000, -0.000000000000000000, 1.000000000000000000 ) ) ;
#7044 = CARTESIAN_POINT ( 'NONE',  ( 39.61304134818114875, 4.234515514603862663, 19.84085090263407025 ) ) ;
#7045 = CARTESIAN_POINT ( 'NONE',  ( 40.00000000000000000, 0.000000000000000000, 0.000000000000000000 ) ) ;
#7046 = CARTESIAN_POINT ( 'NONE',  ( 59.98194474354588834, 11.48581875742958758, 0.6919887861284084174 ) ) ;
#7047 = CARTESIAN_POINT ( 'NONE',  ( 24.56774889882907686, 36.39129826766863118, -14.14338920952735812 ) ) ;
#7048 = B_SPLINE_CURVE_WITH_KNOTS ( 'NONE', 3,
 ( #3675, #6280, #6912, #6168, #565, #7450 ),
 .UNSPECIFIED., .F., .F.,
 ( 4, 2, 4 ),
 ( 0.000000000000000000, 0.5000000000000000000, 1.000000000000000000 ),
 .UNSPECIFIED. ) ;
#7049 = CARTESIAN_POINT ( 'NONE',  ( 3.589239999414005400, 19.10255753355022179, -10.76718606124197919 ) ) ;
#7050 = CARTESIAN_POINT ( 'NONE',  ( 40.00000000000000000, -12.71219886565655699, 18.19999999999999929 ) ) ;
#7051 = ORIENTED_EDGE ( 'NONE', *, *, #3473, .F. ) ;
#7052 = EDGE_CURVE ( 'NONE', #6751, #3526, #5648, .T. ) ;
#7053 = CARTESIAN_POINT ( 'NONE',  ( 41.26555954931215808, 6.799507867007208760E-15, -20.10805584894745479 ) ) ;
#7054 = CARTESIAN_POINT ( 'NONE',  ( 44.34454713362516287, -7.184793092159377004, -20.20000000000000284 ) ) ;
#7055 = CARTESIAN_POINT ( 'NONE',  ( 5.217172550368628592, -19.17850342603144398, 6.463386944076294327 ) ) ;
#7056 = CARTESIAN_POINT ( 'NONE',  ( 39.36866820271718836, -3.497807013836961687, 19.92685301361673567 ) ) ;
#7057 = DIRECTION ( 'NONE',  ( 0.000000000000000000, 0.9123004504689347094, -0.4095215355438328597 ) ) ;
#7058 = ORIENTED_EDGE ( 'NONE', *, *, #42, .T. ) ;
#7059 = CARTESIAN_POINT ( 'NONE',  ( 39.70054120105373130, 13.29427054157310728, -16.10223663477159661 ) ) ;
#7060 = EDGE_CURVE ( 'NONE', #5018, #358, #4591, .T. ) ;
#7061 = ORIENTED_EDGE ( 'NONE', *, *, #1937, .F. ) ;
#7062 = CARTESIAN_POINT ( 'NONE',  ( 41.42302803606519035, 0.8655824640243710011, 20.19498215003416419 ) ) ;
#7063 = CARTESIAN_POINT ( 'NONE',  ( 38.14159967769192860, 6.985010130420787000, -18.95468440155486434 ) ) ;
#7064 = CARTESIAN_POINT ( 'NONE',  ( 38.00000000000000711, -3.957176994587701113, 19.81502829747198291 ) ) ;
#7065 = CARTESIAN_POINT ( 'NONE',  ( 10.00000000000000178, 45.00000000000000000, 4.100000000000055600 ) ) ;
#7066 = CARTESIAN_POINT ( 'NONE',  ( 57.12769299134052403, -9.210609104187286178, 6.033103857673282278 ) ) ;
#7067 = CARTESIAN_POINT ( 'NONE',  ( 39.64444251950185105, -10.61697803671442664, 18.10510587895565138 ) ) ;
#7068 = CARTESIAN_POINT ( 'NONE',  ( 41.36911888479226462, 4.636401999384280437, -19.82671144988072598 ) ) ;
#7069 = ORIENTED_EDGE ( 'NONE', *, *, #407, .F. ) ;
#7070 = CARTESIAN_POINT ( 'NONE',  ( 39.78144183623729191, -12.02170207632287813, 17.56866285148307583 ) ) ;
#7071 = ADVANCED_FACE ( 'NONE', ( #2210 ), #5474, .T. ) ;
#7072 = CARTESIAN_POINT ( 'NONE',  ( 39.78331901842839358, 11.51019113035282260, 17.90485983524518687 ) ) ;
#7073 = ORIENTED_EDGE ( 'NONE', *, *, #1311, .T. ) ;
#7074 = CARTESIAN_POINT ( 'NONE',  ( 38.00000000000000000, 20.10074625480357824, -2.000000000000000000 ) ) ;
#7075 = CARTESIAN_POINT ( 'NONE',  ( 38.00000000000000000, -12.10831706345043735, 9.819809463067752375 ) ) ;
#7076 = CARTESIAN_POINT ( 'NONE',  ( 1.641098633397206630, 17.14488891546118765, 10.94225929704094291 ) ) ;
#7077 = CARTESIAN_POINT ( 'NONE',  ( 40.16085209467980377, -9.340537339785820237, -18.23827723036665915 ) ) ;
#7078 = CARTESIAN_POINT ( 'NONE',  ( 40.26639937972379357, -6.035698961422858666, 19.80529381624780783 ) ) ;
#7079 = CARTESIAN_POINT ( 'NONE',  ( 38.74518206375066143, 9.791706131723049822, -17.57415485933380950 ) ) ;
#7080 = FACE_OUTER_BOUND ( 'NONE', #7329, .T. ) ;
#7081 = ORIENTED_EDGE ( 'NONE', *, *, #596, .F. ) ;
#7082 = EDGE_CURVE ( 'NONE', #1731, #163, #2848, .T. ) ;
#7083 = EDGE_LOOP ( 'NONE', ( #6711, #2033, #7301, #2727 ) ) ;
#7084 = ADVANCED_FACE ( 'NONE', ( #7418 ), #4954, .F. ) ;
#7085 = CARTESIAN_POINT ( 'NONE',  ( 6.078395854880422888, -20.41738609123282089, 6.972877521438402226 ) ) ;
#7086 = CARTESIAN_POINT ( 'NONE',  ( 39.76875337328053206, 2.832311862424161664, 20.04432489266156736 ) ) ;
#7087 = CARTESIAN_POINT ( 'NONE',  ( 38.00000000000000000, 19.15696293410671558, 6.407087570906231377 ) ) ;
#7088 = CARTESIAN_POINT ( 'NONE',  ( 40.00000000000000000, 45.00000000000000000, -4.000000000000000000 ) ) ;
#7089 = CYLINDRICAL_SURFACE ( 'NONE', #6772, 3.850000000000000533 ) ;
#7090 = CARTESIAN_POINT ( 'NONE',  ( 10.00000000000000178, -45.00000000000000000, 0.000000000000000000 ) ) ;
#7091 = ORIENTED_EDGE ( 'NONE', *, *, #5457, .F. ) ;
#7092 = CARTESIAN_POINT ( 'NONE',  ( 2.035110759068456066, 20.76511707910139748, -0.7745713163064381623 ) ) ;
#7093 = CARTESIAN_POINT ( 'NONE',  ( 38.00000000000000711, -7.493452557764594069, -18.75944409347832931 ) ) ;
#7094 = CARTESIAN_POINT ( 'NONE',  ( 43.85190116069600919, -4.135072562267311902, -20.19751047249360809 ) ) ;
#7095 = CARTESIAN_POINT ( 'NONE',  ( 38.73340711563100314, -7.585202913078542331, 18.77137013835131185 ) ) ;
#7096 = CARTESIAN_POINT ( 'NONE',  ( 10.00000000000000178, 22.70553022664234533, 8.000000000000000000 ) ) ;
#7097 = CARTESIAN_POINT ( 'NONE',  ( 13.65161609200838377, 20.74064367572555412, -7.117984259366233246 ) ) ;
#7098 = CARTESIAN_POINT ( 'NONE',  ( 39.19109798526772437, 10.23226919897867759, -17.40096350661922386 ) ) ;
#7099 = CYLINDRICAL_SURFACE ( 'NONE', #7273, 8.000000000000000000 ) ;
#7100 = CARTESIAN_POINT ( 'NONE',  ( 51.93502884254439067, 1.347111479062088405E-15, 10.99999999999998046 ) ) ;
#7101 = CARTESIAN_POINT ( 'NONE',  ( 40.15502322270447166, 12.49341880325003018, 18.97432848268800498 ) ) ;
#7102 = CARTESIAN_POINT ( 'NONE',  ( 38.00000000000000711, -5.427841158615242634, 19.46374730523984908 ) ) ;
#7103 = EDGE_CURVE ( 'NONE', #6817, #7985, #4787, .T. ) ;
#7104 = CIRCLE ( 'NONE', #3575, 2.000000000000000000 ) ;
#7105 = CARTESIAN_POINT ( 'NONE',  ( 39.91987444491711301, 6.424814324823483247, -19.15614231809978207 ) ) ;
#7106 = APPLICATION_PROTOCOL_DEFINITION ( 'draft international standard', 'automotive_design', 1998, #311 ) ;
#7107 = CARTESIAN_POINT ( 'NONE',  ( 41.28186520226582701, 9.668453475275377684, -19.02980926556262276 ) ) ;
#7108 = CARTESIAN_POINT ( 'NONE',  ( 39.78908780681766899, 11.00679805763643593, 18.16472145383975345 ) ) ;
#7109 = ORIENTED_EDGE ( 'NONE', *, *, #3223, .T. ) ;
#7110 = CARTESIAN_POINT ( 'NONE',  ( 10.00000000000000178, -45.00000000000000000, -4.100000000000055600 ) ) ;
#7111 = CARTESIAN_POINT ( 'NONE',  ( 41.78570098130379762, 13.16140037812822605, -19.09782526240316258 ) ) ;
#7112 = DIRECTION ( 'NONE',  ( 0.000000000000000000, 1.000000000000000000, 0.000000000000000000 ) ) ;
#7113 = EDGE_CURVE ( 'NONE', #4491, #7966, #6749, .T. ) ;
#7114 = ORIENTED_EDGE ( 'NONE', *, *, #6296, .T. ) ;
#7115 = CARTESIAN_POINT ( 'NONE',  ( 38.19489969213338298, -13.64789564657519882, -14.91918410441717491 ) ) ;
#7116 = CARTESIAN_POINT ( 'NONE',  ( 41.36229821816001362, -7.489313792056676355, -19.42100991474960381 ) ) ;
#7117 = CARTESIAN_POINT ( 'NONE',  ( 39.91973245739230691, -0.5188563312452244558, 20.17573006685150716 ) ) ;
#7118 = CARTESIAN_POINT ( 'NONE',  ( 38.58067917886013021, 12.41416342295746489, -15.96669327436538133 ) ) ;
#7119 = LINE ( 'NONE', #3920, #1774 ) ;
#7120 = AXIS2_PLACEMENT_3D ( 'NONE', #6228, #1886, #1929 ) ;
#7121 = EDGE_LOOP ( 'NONE', ( #6652, #4801, #389 ) ) ;
#7122 = ORIENTED_EDGE ( 'NONE', *, *, #1096, .F. ) ;
#7123 = CARTESIAN_POINT ( 'NONE',  ( 3.176774193558099313, -21.57740464603882913, 4.176552357424152540 ) ) ;
#7124 = VECTOR ( 'NONE', #1604, 1000.000000000000000 ) ;
#7125 = CARTESIAN_POINT ( 'NONE',  ( 40.00131474309580426, 4.908728316452094731, 19.83343789503822663 ) ) ;
#7126 = DIRECTION ( 'NONE',  ( 0.000000000000000000, 0.000000000000000000, 1.000000000000000000 ) ) ;
#7127 = DIRECTION ( 'NONE',  ( -1.000000000000000000, -0.000000000000000000, -0.000000000000000000 ) ) ;
#7128 = EDGE_CURVE ( 'NONE', #2760, #7170, #6093, .T. ) ;
#7129 = CARTESIAN_POINT ( 'NONE',  ( 40.77090656005017166, 30.77705835859655537, 19.79933368479636258 ) ) ;
#7130 = AXIS2_PLACEMENT_3D ( 'NONE', #5635, #1916, #688 ) ;
#7131 = DIRECTION ( 'NONE',  ( 0.000000000000000000, -1.000000000000000000, 0.000000000000000000 ) ) ;
#7132 = FACE_OUTER_BOUND ( 'NONE', #1801, .T. ) ;
#7133 = CYLINDRICAL_SURFACE ( 'NONE', #468, 2.000000000000000000 ) ;
#7134 = ORIENTED_EDGE ( 'NONE', *, *, #7558, .F. ) ;
#7135 = DIRECTION ( 'NONE',  ( 0.000000000000000000, 0.000000000000000000, 1.000000000000000000 ) ) ;
#7136 = CARTESIAN_POINT ( 'NONE',  ( 39.77611136393373670, -7.044165353414968855, -18.91658035776195490 ) ) ;
#7137 = CARTESIAN_POINT ( 'NONE',  ( 45.00000000000000000, -4.719235166375529644, -20.20000000000000284 ) ) ;
#7138 = CARTESIAN_POINT ( 'NONE',  ( 39.27839360815973180, -35.70953181341147342, -18.72163365503027777 ) ) ;
#7139 = CARTESIAN_POINT ( 'NONE',  ( 39.56897582623828669, -4.047239464865327818, 19.86574831512147910 ) ) ;
#7140 = CYLINDRICAL_SURFACE ( 'NONE', #4400, 2.000000000000000000 ) ;
#7141 = CARTESIAN_POINT ( 'NONE',  ( 50.00000000000000000, -36.50000000000000000, -3.850000000000000533 ) ) ;
#7142 = AXIS2_PLACEMENT_3D ( 'NONE', #3134, #1251, #5507 ) ;
#7143 = AXIS2_PLACEMENT_3D ( 'NONE', #1227, #4990, #3187 ) ;
#7144 = ORIENTED_EDGE ( 'NONE', *, *, #3463, .F. ) ;
#7145 = CARTESIAN_POINT ( 'NONE',  ( 44.27307589715392311, 6.679840011287174961E-15, -20.20000000000000284 ) ) ;
#7146 = AXIS2_PLACEMENT_3D ( 'NONE', #6767, #7385, #1114 ) ;
#7147 = CARTESIAN_POINT ( 'NONE',  ( 55.00000000000000711, 45.00000000000000000, -15.19999999999999929 ) ) ;
#7148 = CARTESIAN_POINT ( 'NONE',  ( 40.33814137535416933, 12.51510421126672590, 19.31228094173478738 ) ) ;
#7149 = CARTESIAN_POINT ( 'NONE',  ( 39.85230645957910411, -1.016969825183774212, -20.13252536041052565 ) ) ;
#7150 = CARTESIAN_POINT ( 'NONE',  ( 40.53036444930934579, 3.269261545211663123, -19.92294536155760198 ) ) ;
#7151 = CARTESIAN_POINT ( 'NONE',  ( 41.53173470923295696, 10.70093697479957306, -19.07800241007338826 ) ) ;
#7152 = ORIENTED_EDGE ( 'NONE', *, *, #1119, .T. ) ;
#7153 =( GEOMETRIC_REPRESENTATION_CONTEXT ( 3 ) GLOBAL_UNCERTAINTY_ASSIGNED_CONTEXT ( ( #4807 ) ) GLOBAL_UNIT_ASSIGNED_CONTEXT ( ( #4120, #6444, #2810 ) ) REPRESENTATION_CONTEXT ( 'NONE', 'WORKASPACE' ) );
#7154 = CIRCLE ( 'NONE', #2567, 5.000000000000000888 ) ;
#7155 = CARTESIAN_POINT ( 'NONE',  ( 40.35879287845803276, 7.587347454621514942, 19.68410420093234947 ) ) ;
#7156 =( BOUNDED_CURVE ( )  B_SPLINE_CURVE ( 3, ( #5479, #1595, #7253, #374 ),
 .UNSPECIFIED., .F., .F. ) 
 B_SPLINE_CURVE_WITH_KNOTS ( ( 4, 4 ),
 ( 0.000000000000000000, 0.5123197930239385967 ),
 .UNSPECIFIED. ) 
 CURVE ( )  GEOMETRIC_REPRESENTATION_ITEM ( )  RATIONAL_B_SPLINE_CURVE ( ( 1.000000000000000000, 0.9782467108379405696, 0.9782467108379405696, 1.000000000000000000 ) ) 
 REPRESENTATION_ITEM ( '' )  );
#7157 = VERTEX_POINT ( 'NONE', #3880 ) ;
#7158 = CARTESIAN_POINT ( 'NONE',  ( 40.00000000000000000, -18.28351446246255207, -12.59178696217986015 ) ) ;
#7159 = EDGE_CURVE ( 'NONE', #3060, #3642, #6833, .T. ) ;
#7160 = CARTESIAN_POINT ( 'NONE',  ( 42.45100378387994766, 4.600641841899141937, -20.04396058956701410 ) ) ;
#7161 = DIRECTION ( 'NONE',  ( 1.000000000000000000, 0.000000000000000000, 0.000000000000000000 ) ) ;
#7162 = DIRECTION ( 'NONE',  ( 0.6301991726041845654, -0.4535394202249761197, -0.6301991726041807906 ) ) ;
#7163 = CARTESIAN_POINT ( 'NONE',  ( 40.21725663237510418, -10.18499506352469552, -17.98544356612291750 ) ) ;
#7164 = CARTESIAN_POINT ( 'NONE',  ( 39.81770688603168651, -2.367575389921393825, 20.08866504074064707 ) ) ;
#7165 = CARTESIAN_POINT ( 'NONE',  ( 39.78876047365451285, 2.111539662611090051, -20.05650301971853722 ) ) ;
#7166 = DIRECTION ( 'NONE',  ( -0.000000000000000000, 0.5671976109090000051, 0.8235817325433600899 ) ) ;
#7167 = ORIENTED_EDGE ( 'NONE', *, *, #2563, .T. ) ;
#7168 = CARTESIAN_POINT ( 'NONE',  ( 39.84542621387821271, -12.09515512747250732, 17.68514322532192296 ) ) ;
#7169 = B_SPLINE_CURVE_WITH_KNOTS ( 'NONE', 3,
 ( #5754, #70, #3790, #3832 ),
 .UNSPECIFIED., .F., .F.,
 ( 4, 4 ),
 ( 0.1128709161779101050, 0.1153026164047875751 ),
 .UNSPECIFIED. ) ;
#7170 = VERTEX_POINT ( 'NONE', #1336 ) ;
#7171 = ADVANCED_FACE ( 'NONE', ( #1833 ), #2608, .F. ) ;
#7172 = CARTESIAN_POINT ( 'NONE',  ( 40.16606456726384522, 4.560921914158541313, 19.93022625162656070 ) ) ;
#7173 = CARTESIAN_POINT ( 'NONE',  ( 39.91973245739232112, 0.5188563312452294518, 20.17573006685151427 ) ) ;
#7174 = CARTESIAN_POINT ( 'NONE',  ( 59.86897352800497174, 10.88109552402236879, 1.647409357269968622 ) ) ;
#7175 = CARTESIAN_POINT ( 'NONE',  ( 60.00000000000000711, 45.00000000000000000, -15.20000000000000107 ) ) ;
#7176 = CARTESIAN_POINT ( 'NONE',  ( 13.01521426112038071, 27.77875289933127334, -10.27731328862924975 ) ) ;
#7177 = DIRECTION ( 'NONE',  ( -0.000000000000000000, -1.000000000000000000, -0.000000000000000000 ) ) ;
#7178 = CARTESIAN_POINT ( 'NONE',  ( 31.29802302451713913, -39.78313668115806223, -20.01154028972824150 ) ) ;
#7179 = ORIENTED_EDGE ( 'NONE', *, *, #7022, .T. ) ;
#7180 = CARTESIAN_POINT ( 'NONE',  ( 2.125768334278144156, 21.63833655394516953, 1.459085114850174225 ) ) ;
#7181 = EDGE_CURVE ( 'NONE', #270, #666, #81, .T. ) ;
#7182 = CARTESIAN_POINT ( 'NONE',  ( 7.239768055466588415, -23.47156434257749069, 8.343864203153128045 ) ) ;
#7183 = CARTESIAN_POINT ( 'NONE',  ( 40.97087536800593455, 6.944068156671942159E-15, -20.11376744117787041 ) ) ;
#7184 = CARTESIAN_POINT ( 'NONE',  ( 40.15502322270447166, 12.49341880325003018, 18.97432848268800498 ) ) ;
#7185 = CARTESIAN_POINT ( 'NONE',  ( 38.00000000000000711, -8.896443253278155439, -18.14872815192460820 ) ) ;
#7186 = CARTESIAN_POINT ( 'NONE',  ( 38.00000000000000000, -45.00000000000000000, 18.00773976492945039 ) ) ;
#7187 = CYLINDRICAL_SURFACE ( 'NONE', #4525, 1.999999999999999778 ) ;
#7188 = ORIENTED_EDGE ( 'NONE', *, *, #7884, .T. ) ;
#7189 = DIRECTION ( 'NONE',  ( -0.000000000000000000, 0.1801801801801791447, 0.9836336221735398899 ) ) ;
#7190 = CARTESIAN_POINT ( 'NONE',  ( 38.12047246913739684, 14.72255604027580667, -13.83063063063062792 ) ) ;
#7191 = B_SPLINE_CURVE_WITH_KNOTS ( 'NONE', 3,
 ( #1725, #4808, #1766, #2962, #7305, #5452, #8025, #1690, #8072, #7955 ),
 .UNSPECIFIED., .F., .F.,
 ( 4, 2, 2, 2, 4 ),
 ( 0.000000000000000000, 0.2500000000000000000, 0.5000000000000000000, 0.7500000000000000000, 1.000000000000000000 ),
 .UNSPECIFIED. ) ;
#7192 = CARTESIAN_POINT ( 'NONE',  ( 39.05704492532363759, -0.5176461355977340917, -20.18572957275342716 ) ) ;
#7193 = CARTESIAN_POINT ( 'NONE',  ( 1.693917393223892676, -19.55330698934907829, -5.081776671697721071 ) ) ;
#7194 = CARTESIAN_POINT ( 'NONE',  ( 38.00000000000000000, -19.86939916790550242, 3.639639639639639768 ) ) ;
#7195 = CARTESIAN_POINT ( 'NONE',  ( 40.40756221805352766, 5.112466580658360016, -19.58907168942321420 ) ) ;
#7196 = VERTEX_POINT ( 'NONE', #4413 ) ;
#7197 = EDGE_LOOP ( 'NONE', ( #78, #5538, #4214, #6735, #6242 ) ) ;
#7198 = ORIENTED_EDGE ( 'NONE', *, *, #5970, .T. ) ;
#7199 = DIRECTION ( 'NONE',  ( -0.000000000000000000, -1.000000000000000000, -0.000000000000000000 ) ) ;
#7200 = CARTESIAN_POINT ( 'NONE',  ( 42.83731288787405589, 6.670694016507557222, -20.01746324986316239 ) ) ;
#7201 = CARTESIAN_POINT ( 'NONE',  ( 38.55712251127405210, 0.8077891216863597457, 20.18809139888253057 ) ) ;
#7202 = CARTESIAN_POINT ( 'NONE',  ( 38.58067917886014442, -12.41416342295745956, -15.96669327436539554 ) ) ;
#7203 = CARTESIAN_POINT ( 'NONE',  ( 40.49330834431874848, -11.37227845891523792, -17.90766935353477152 ) ) ;
#7204 = CARTESIAN_POINT ( 'NONE',  ( 40.16715663847448070, -8.413261043555692709, 19.39582734887998683 ) ) ;
#7205 = CARTESIAN_POINT ( 'NONE',  ( 38.89206539382523431, 10.51275219091055568, -17.16437437192158555 ) ) ;
#7206 = EDGE_CURVE ( 'NONE', #8092, #5256, #2965, .T. ) ;
#7207 =( BOUNDED_CURVE ( )  B_SPLINE_CURVE ( 3, ( #7576, #243, #5194, #1507 ),
 .UNSPECIFIED., .F., .T. ) 
 B_SPLINE_CURVE_WITH_KNOTS ( ( 4, 4 ),
 ( 0.000000000000000000, 1.570796326794896780 ),
 .UNSPECIFIED. ) 
 CURVE ( )  GEOMETRIC_REPRESENTATION_ITEM ( )  RATIONAL_B_SPLINE_CURVE ( ( 1.000000000000000000, 0.8047378541243649375, 0.8047378541243649375, 1.000000000000000000 ) ) 
 REPRESENTATION_ITEM ( '' )  );
#7208 = DIRECTION ( 'NONE',  ( 0.000000000000000000, -1.000000000000000000, 0.000000000000000000 ) ) ;
#7209 = ORIENTED_EDGE ( 'NONE', *, *, #6145, .F. ) ;
#7210 = ORIENTED_EDGE ( 'NONE', *, *, #1981, .T. ) ;
#7211 = CARTESIAN_POINT ( 'NONE',  ( 39.48696590340339441, 11.05260457961544418, 17.69224884513240070 ) ) ;
#7212 = CARTESIAN_POINT ( 'NONE',  ( 3.589239999414006288, 19.10255753355022179, 10.76718606124197919 ) ) ;
#7213 = CARTESIAN_POINT ( 'NONE',  ( 40.00000000000000000, -21.83666641225257621, -4.000000000000000000 ) ) ;
#7214 = CARTESIAN_POINT ( 'NONE',  ( 38.92472991128012438, 4.008493097718788256, -19.80525687184449879 ) ) ;
#7215 = CARTESIAN_POINT ( 'NONE',  ( 44.33581682879271568, 31.36552289929183601, -20.19999999999999929 ) ) ;
#7216 = CARTESIAN_POINT ( 'NONE',  ( 32.94213245116756639, 41.18700821124354405, -20.19999999999999929 ) ) ;
#7217 = EDGE_CURVE ( 'NONE', #666, #5957, #642, .T. ) ;
#7218 = DIRECTION ( 'NONE',  ( 0.000000000000000000, -0.4095215355438343585, 0.9123004504689340433 ) ) ;
#7219 = ORIENTED_EDGE ( 'NONE', *, *, #3250, .T. ) ;
#7220 = CARTESIAN_POINT ( 'NONE',  ( 38.09459789548233744, -10.73227836644329258, -17.12833941459182441 ) ) ;
#7221 = LINE ( 'NONE', #1110, #6071 ) ;
#7222 = CARTESIAN_POINT ( 'NONE',  ( 60.00000000000001421, -45.00000000000000000, 0.000000000000000000 ) ) ;
#7223 = B_SPLINE_CURVE_WITH_KNOTS ( 'NONE', 3,
 ( #1176, #795, #3259, #5751, #6535, #3430 ),
 .UNSPECIFIED., .F., .F.,
 ( 4, 2, 4 ),
 ( 3.469446951953613804E-18, 0.001625440077192648455, 0.003250880154385293441 ),
 .UNSPECIFIED. ) ;
#7224 = CARTESIAN_POINT ( 'NONE',  ( 38.00000000000000711, -3.209794398247173497, -19.95397298658675567 ) ) ;
#7225 = CARTESIAN_POINT ( 'NONE',  ( 39.19580683095942675, -11.68753838181663518, 16.92384456677847737 ) ) ;
#7226 = CARTESIAN_POINT ( 'NONE',  ( 5.668161616346378828, 20.02471690951929517, 6.796612688758099097 ) ) ;
#7227 = CARTESIAN_POINT ( 'NONE',  ( 40.00000000000000000, 45.00000000000000000, -15.20000000000000107 ) ) ;
#7228 = EDGE_CURVE ( 'NONE', #7355, #6817, #7621, .T. ) ;
#7229 = AXIS2_PLACEMENT_3D ( 'NONE', #2631, #7636, #6488 ) ;
#7230 = ORIENTED_EDGE ( 'NONE', *, *, #4068, .T. ) ;
#7231 = DIRECTION ( 'NONE',  ( 1.000000000000000000, -0.000000000000000000, -3.426614273534433700E-16 ) ) ;
#7232 = CARTESIAN_POINT ( 'NONE',  ( 38.00000000000000711, 6.865253010785333565, -18.99833060024661080 ) ) ;
#7233 = CARTESIAN_POINT ( 'NONE',  ( 39.51707293072827554, -2.691047160786025572, -20.00195840907141687 ) ) ;
#7234 = EDGE_CURVE ( 'NONE', #6536, #2691, #4304, .T. ) ;
#7235 = DIRECTION ( 'NONE',  ( 0.000000000000000000, 1.000000000000000000, 0.000000000000000000 ) ) ;
#7236 = EDGE_CURVE ( 'NONE', #2202, #4988, #5718, .T. ) ;
#7237 = CARTESIAN_POINT ( 'NONE',  ( 40.00000000000000000, -18.28351446246255207, -12.59178696217985838 ) ) ;
#7238 = CARTESIAN_POINT ( 'NONE',  ( 40.35726647998462369, 4.809891322018756910, -19.64846015000767920 ) ) ;
#7239 = VERTEX_POINT ( 'NONE', #3796 ) ;
#7240 = ORIENTED_EDGE ( 'NONE', *, *, #1345, .T. ) ;
#7241 = LINE ( 'NONE', #273, #1235 ) ;
#7242 = CARTESIAN_POINT ( 'NONE',  ( 41.36911888479226462, 4.636401999384280437, -19.82671144988072598 ) ) ;
#7243 = AXIS2_PLACEMENT_3D ( 'NONE', #6840, #1229, #6217 ) ;
#7244 = CARTESIAN_POINT ( 'NONE',  ( 37.99999999999999289, -4.947573068555307243E-15, 20.20000000000000284 ) ) ;
#7245 = CARTESIAN_POINT ( 'NONE',  ( 40.46746297048930785, -14.01539153099632529, -17.36769361469955442 ) ) ;
#7246 = CARTESIAN_POINT ( 'NONE',  ( 40.21660411673131108, -11.02441403229589945, 19.14590534296975122 ) ) ;
#7247 = DIRECTION ( 'NONE',  ( -1.000000000000000000, 0.000000000000000000, 8.673617379884027583E-16 ) ) ;
#7248 = VERTEX_POINT ( 'NONE', #1988 ) ;
#7249 = CARTESIAN_POINT ( 'NONE',  ( 39.78144183623729191, -12.02170207632287813, 17.56866285148307583 ) ) ;
#7250 = ORIENTED_EDGE ( 'NONE', *, *, #3258, .T. ) ;
#7251 = AXIS2_PLACEMENT_3D ( 'NONE', #1682, #528, #4798 ) ;
#7252 = CARTESIAN_POINT ( 'NONE',  ( 39.47264841650135025, 10.27979631403925076, 18.05249249149471780 ) ) ;
#7253 = CARTESIAN_POINT ( 'NONE',  ( 7.282387593879530385, -21.92585501449687158, 7.650012460325818608 ) ) ;
#7254 = CARTESIAN_POINT ( 'NONE',  ( 40.53036444930934579, -3.269261545211649356, -19.92294536155758777 ) ) ;
#7255 = CARTESIAN_POINT ( 'NONE',  ( 12.53715989297544375, 25.78987634901886850, 13.76904917396346306 ) ) ;
#7256 = CARTESIAN_POINT ( 'NONE',  ( 3.589239999414012505, -19.10255753355022179, 10.76718606124199162 ) ) ;
#7257 = ORIENTED_EDGE ( 'NONE', *, *, #3944, .T. ) ;
#7258 = CARTESIAN_POINT ( 'NONE',  ( 39.96626297406048423, 32.18478604888326089, 18.43094643608976213 ) ) ;
#7259 = ORIENTED_EDGE ( 'NONE', *, *, #247, .F. ) ;
#7260 = CARTESIAN_POINT ( 'NONE',  ( 38.45961412481861430, -8.019757943413212686, -18.53465411513698768 ) ) ;
#7261 = CARTESIAN_POINT ( 'NONE',  ( 2.990247625632893591, 19.84605707435827426, -3.871824250856872762 ) ) ;
#7262 = DIRECTION ( 'NONE',  ( 0.000000000000000000, 0.000000000000000000, -1.000000000000000000 ) ) ;
#7263 = EDGE_CURVE ( 'NONE', #5972, #6751, #1667, .T. ) ;
#7264 = CARTESIAN_POINT ( 'NONE',  ( 45.00000000000000000, -10.78682323742979321, -20.19999999999999574 ) ) ;
#7265 = CARTESIAN_POINT ( 'NONE',  ( 37.99999999999998579, -39.13940053353144322, -19.76150225234467328 ) ) ;
#7266 = CARTESIAN_POINT ( 'NONE',  ( 38.51134792703660992, -3.079919564809131760, 19.97857488085557875 ) ) ;
#7267 = CARTESIAN_POINT ( 'NONE',  ( 1.611747175856148573, 17.08859928000142148, -10.98545107502229534 ) ) ;
#7268 = ORIENTED_EDGE ( 'NONE', *, *, #5995, .T. ) ;
#7269 = ORIENTED_EDGE ( 'NONE', *, *, #52, .F. ) ;
#7270 = EDGE_CURVE ( 'NONE', #5512, #4590, #5172, .T. ) ;
#7271 = CARTESIAN_POINT ( 'NONE',  ( 37.99999999999999289, 2.477204233401900435, 20.05374211050772004 ) ) ;
#7272 = CARTESIAN_POINT ( 'NONE',  ( 38.35353284019459608, -40.06924784275093998, 20.19999999999957296 ) ) ;
#7273 = AXIS2_PLACEMENT_3D ( 'NONE', #2716, #3509, #2140 ) ;
#7274 = CARTESIAN_POINT ( 'NONE',  ( 40.53036444930933868, -3.269261545211648912, -19.92294536155758777 ) ) ;
#7275 = CYLINDRICAL_SURFACE ( 'NONE', #6959, 20.19999999999999929 ) ;
#7276 = DIRECTION ( 'NONE',  ( 1.000000000000000000, 1.734723475976805517E-15, 0.000000000000000000 ) ) ;
#7277 = CARTESIAN_POINT ( 'NONE',  ( 40.65011451924041808, 9.253044058547100548, -18.60868963896070838 ) ) ;
#7278 = VERTEX_POINT ( 'NONE', #324 ) ;
#7279 = CARTESIAN_POINT ( 'NONE',  ( 1.470967741795688344, -20.18582478647613598, -0.8642871822209308164 ) ) ;
#7280 = ORIENTED_EDGE ( 'NONE', *, *, #752, .F. ) ;
#7281 = CARTESIAN_POINT ( 'NONE',  ( 41.42149994169697180, 1.089364692105224538E-14, 20.19326146596833738 ) ) ;
#7282 = AXIS2_PLACEMENT_3D ( 'NONE', #3402, #2201, #981 ) ;
#7283 = AXIS2_PLACEMENT_3D ( 'NONE', #1680, #5370, #1027 ) ;
#7284 = EDGE_CURVE ( 'NONE', #4451, #1470, #7797, .T. ) ;
#7285 = CARTESIAN_POINT ( 'NONE',  ( 45.00000000000000711, 2.696705809357454964, -20.19999999999999574 ) ) ;
#7286 = AXIS2_PLACEMENT_3D ( 'NONE', #6318, #3908, #5750 ) ;
#7287 = CARTESIAN_POINT ( 'NONE',  ( 39.93574707266824220, -14.72457112160721948, -15.71455413946954138 ) ) ;
#7288 = CIRCLE ( 'NONE', #2440, 2.999999999999999112 ) ;
#7289 = CARTESIAN_POINT ( 'NONE',  ( 40.07151897262075835, -9.047821385553255880, 19.17254558700109257 ) ) ;
#7290 = CARTESIAN_POINT ( 'NONE',  ( 59.36272002335932285, 10.89171464630124397, 1.570486283786158399 ) ) ;
#7291 = ORIENTED_EDGE ( 'NONE', *, *, #3294, .T. ) ;
#7292 = EDGE_LOOP ( 'NONE', ( #1236, #5193, #7902, #8084 ) ) ;
#7293 = CIRCLE ( 'NONE', #3883, 11.50000000000000000 ) ;
#7294 = CARTESIAN_POINT ( 'NONE',  ( 2.359528849958142604, -19.32264879694620063, -5.911692760394462454 ) ) ;
#7295 = CARTESIAN_POINT ( 'NONE',  ( 39.65231240077405062, 6.437228169684658496, 19.40596911554043658 ) ) ;
#7296 = LINE ( 'NONE', #1713, #5045 ) ;
#7297 = CARTESIAN_POINT ( 'NONE',  ( 39.75959697931041603, -7.498947024068201905, -18.74523030091890519 ) ) ;
#7298 = CARTESIAN_POINT ( 'NONE',  ( 10.00000000000000178, -36.50000000000000000, -3.850000000000000533 ) ) ;
#7299 = CARTESIAN_POINT ( 'NONE',  ( 54.92419762345308243, -6.088949254750589901, 9.217938000278820709 ) ) ;
#7300 = CARTESIAN_POINT ( 'NONE',  ( 39.20004251582251698, 36.70829878785516343, 19.10869369347049229 ) ) ;
#7301 = ORIENTED_EDGE ( 'NONE', *, *, #2689, .F. ) ;
#7302 = CARTESIAN_POINT ( 'NONE',  ( 38.84985205090656279, -11.81330594084429286, -16.39802433764851131 ) ) ;
#7303 = DIRECTION ( 'NONE',  ( -0.5112957703675925503, -0.2021029957252271081, -0.8353029476322342273 ) ) ;
#7304 = DIRECTION ( 'NONE',  ( 1.000000000000000000, 0.000000000000000000, 0.000000000000000000 ) ) ;
#7305 = CARTESIAN_POINT ( 'NONE',  ( 38.86522477558600031, -14.82203217672011242, -14.00505336459984207 ) ) ;
#7306 = CARTESIAN_POINT ( 'NONE',  ( 59.47991939837911701, -10.52985080465001921, 3.202558941315919672 ) ) ;
#7307 = CARTESIAN_POINT ( 'NONE',  ( 40.00000000000000000, 21.83666641225257976, 4.000000000000000000 ) ) ;
#7308 = CARTESIAN_POINT ( 'NONE',  ( 1.470967741935481854, -19.63349431757122687, -4.750357974079243206 ) ) ;
#7309 = EDGE_CURVE ( 'NONE', #7248, #530, #7119, .T. ) ;
#7310 = CARTESIAN_POINT ( 'NONE',  ( -5.139921410301650007E-15, 6.429395695523604153E-16, 5.250000000000000000 ) ) ;
#7311 = CARTESIAN_POINT ( 'NONE',  ( 39.59966984481692975, -35.07122846080653744, 18.78848380538180152 ) ) ;
#7312 = ORIENTED_EDGE ( 'NONE', *, *, #4045, .F. ) ;
#7313 = CARTESIAN_POINT ( 'NONE',  ( 3.983523633223397642, -21.19755650702695604, -5.283969300245781042 ) ) ;
#7314 = CARTESIAN_POINT ( 'NONE',  ( 40.56751311408603300, 10.47912457089735305, 19.63472662235470878 ) ) ;
#7315 = EDGE_CURVE ( 'NONE', #3779, #6369, #5437, .T. ) ;
#7316 = CARTESIAN_POINT ( 'NONE',  ( 40.75957178086012078, 5.273670747242515944, -19.60879130443859353 ) ) ;
#7317 = ORIENTED_EDGE ( 'NONE', *, *, #2967, .T. ) ;
#7318 = ORIENTED_EDGE ( 'NONE', *, *, #4953, .F. ) ;
#7319 = CARTESIAN_POINT ( 'NONE',  ( 1.470967742094802411, -20.13312925787138497, 1.694882121203702408 ) ) ;
#7320 = VERTEX_POINT ( 'NONE', #3311 ) ;
#7321 = CARTESIAN_POINT ( 'NONE',  ( 40.55015112060277005, -4.677591812614950939, 20.05158639188336878 ) ) ;
#7322 = CARTESIAN_POINT ( 'NONE',  ( 44.45321879780565411, 13.44049142056666213, -20.19999999999999929 ) ) ;
#7323 = CARTESIAN_POINT ( 'NONE',  ( 39.87149302531026507, -15.00874887030298233, -15.31346094720402995 ) ) ;
#7324 = CARTESIAN_POINT ( 'NONE',  ( 40.00131474309574742, -4.908728316452091178, 19.83343789503817689 ) ) ;
#7325 = ADVANCED_FACE ( 'NONE', ( #5845 ), #7824, .F. ) ;
#7326 = CARTESIAN_POINT ( 'NONE',  ( 2.988123505905841526, 21.67061603005954851, -3.868354080415483676 ) ) ;
#7327 = ORIENTED_EDGE ( 'NONE', *, *, #5087, .F. ) ;
#7328 = B_SPLINE_CURVE_WITH_KNOTS ( 'NONE', 3,
 ( #6762, #2519, #675, #2561, #7562, #1579, #7070, #6527, #4513, #789, #5169, #1109, #6517, #7050 ),
 .UNSPECIFIED., .F., .F.,
 ( 4, 2, 2, 2, 2, 2, 4 ),
 ( 0.000000000000000000, 0.1250000000000000000, 0.2500000000000000000, 0.3750000000000000000, 0.5000000000000000000, 0.7500000000000000000, 1.000000000000000000 ),
 .UNSPECIFIED. ) ;
#7329 = EDGE_LOOP ( 'NONE', ( #2986, #5874, #7378, #2650 ) ) ;
#7330 = CARTESIAN_POINT ( 'NONE',  ( 2.899440571443478998, -19.15696293410671913, -6.407087570906241147 ) ) ;
#7331 = DIRECTION ( 'NONE',  ( 0.000000000000000000, 1.000000000000000000, 0.000000000000000000 ) ) ;
#7332 = CARTESIAN_POINT ( 'NONE',  ( 39.14301717149218263, -12.68289691070218872, -15.97123796510650173 ) ) ;
#7333 = CARTESIAN_POINT ( 'NONE',  ( 15.53042926834689652, -19.60807908233322294, -5.789530801362669621 ) ) ;
#7334 = EDGE_CURVE ( 'NONE', #1640, #6460, #1255, .T. ) ;
#7335 = CARTESIAN_POINT ( 'NONE',  ( 54.12394260528065359, -6.513996014499242371, 8.906256400861483513 ) ) ;
#7336 = EDGE_CURVE ( 'NONE', #4696, #5468, #3488, .T. ) ;
#7337 = CYLINDRICAL_SURFACE ( 'NONE', #7798, 10.00000000000000000 ) ;
#7338 = CARTESIAN_POINT ( 'NONE',  ( 38.17422853757982182, -10.70144378275154828, -17.14500319844669463 ) ) ;
#7339 = CARTESIAN_POINT ( 'NONE',  ( 1.470967742048964633, 19.99513225868846433, -2.897458278036066481 ) ) ;
#7340 = CARTESIAN_POINT ( 'NONE',  ( 40.00000000000000000, 45.00000000000000000, -20.19999999999999929 ) ) ;
#7341 = CARTESIAN_POINT ( 'NONE',  ( 38.21164984964606504, 40.11625107788787403, 20.20000000000020179 ) ) ;
#7342 = B_SPLINE_CURVE_WITH_KNOTS ( 'NONE', 3,
 ( #132, #2623, #5121, #7226, #4110, #1611, #4066, #7843, #216, #2800, #1526, #5299 ),
 .UNSPECIFIED., .F., .F.,
 ( 4, 2, 2, 2, 2, 4 ),
 ( 1.939479807224432123E-18, 0.0004444223629653801179, 0.0008888447259307582842, 0.001777689451861519171, 0.002666534177792279948, 0.003555378903723042678 ),
 .UNSPECIFIED. ) ;
#7343 = CARTESIAN_POINT ( 'NONE',  ( 48.50000000000000000, 0.000000000000000000, -1.666996953763508875E-14 ) ) ;
#7344 = CARTESIAN_POINT ( 'NONE',  ( 1.543759935578768117, -16.94793904516566840, -11.10033326171694767 ) ) ;
#7345 = CARTESIAN_POINT ( 'NONE',  ( 38.31267555392456359, -2.336242347889239568, 20.07104717236424207 ) ) ;
#7346 = CARTESIAN_POINT ( 'NONE',  ( 5.492972486448201686, 20.60273891198044183, -6.618347943155757918 ) ) ;
#7347 = DIRECTION ( 'NONE',  ( -3.469446951953611033E-15, 1.000000000000000000, 0.000000000000000000 ) ) ;
#7348 = CARTESIAN_POINT ( 'NONE',  ( 3.495509255017169359, -19.18761553844291612, -6.420847184408263075 ) ) ;
#7349 = TOROIDAL_SURFACE ( 'NONE', #3812, 22.19999999999999574, 2.000000000000000000 ) ;
#7350 = CARTESIAN_POINT ( 'NONE',  ( 39.13134526556000736, -40.96100284472997544, 20.19999999999999929 ) ) ;
#7351 = VERTEX_POINT ( 'NONE', #194 ) ;
#7352 = CARTESIAN_POINT ( 'NONE',  ( 5.124747340459510525, -18.57215261486541280, -7.944504216761896664 ) ) ;
#7353 = DIRECTION ( 'NONE',  ( 6.440804985062402444E-17, 2.309263891220325920E-14, -1.000000000000000000 ) ) ;
#7354 = CARTESIAN_POINT ( 'NONE',  ( 40.86075538067061785, 15.65177729478657298, -18.00485675580824463 ) ) ;
#7355 = VERTEX_POINT ( 'NONE', #4715 ) ;
#7356 = ORIENTED_EDGE ( 'NONE', *, *, #4677, .F. ) ;
#7357 = CARTESIAN_POINT ( 'NONE',  ( 42.00000000000000711, -5.826424480092573077, 20.20000000000000284 ) ) ;
#7358 = AXIS2_PLACEMENT_3D ( 'NONE', #5126, #2014, #5828 ) ;
#7359 = CARTESIAN_POINT ( 'NONE',  ( 15.29164356008744008, 19.67892011977301436, 6.007764297012006871 ) ) ;
#7360 = EDGE_CURVE ( 'NONE', #4059, #1968, #3617, .T. ) ;
#7361 = CARTESIAN_POINT ( 'NONE',  ( 41.52391662310508735, 13.23579147361706987, -18.85265616118327614 ) ) ;
#7362 = CARTESIAN_POINT ( 'NONE',  ( 41.03795143763798592, -13.45146658351572633, -18.31875823472300979 ) ) ;
#7363 = CARTESIAN_POINT ( 'NONE',  ( 40.04235461427407472, -4.619127132249581713, 19.88473320942797073 ) ) ;
#7364 = CARTESIAN_POINT ( 'NONE',  ( 59.50000000000001421, 11.00000000000000000, -3.322472255405694318E-16 ) ) ;
#7365 = ORIENTED_EDGE ( 'NONE', *, *, #5596, .F. ) ;
#7366 = ORIENTED_EDGE ( 'NONE', *, *, #5747, .T. ) ;
#7367 = CIRCLE ( 'NONE', #4230, 3.850000000000000533 ) ;
#7368 = AXIS2_PLACEMENT_3D ( 'NONE', #490, #3532, #7910 ) ;
#7369 = CARTESIAN_POINT ( 'NONE',  ( 1.877160710715201741, -19.48740066495999201, -5.354171184373551107 ) ) ;
#7370 = EDGE_CURVE ( 'NONE', #6700, #5512, #7536, .T. ) ;
#7371 = CARTESIAN_POINT ( 'NONE',  ( 38.00000000000000000, -19.61737262547869065, 4.816501974786186580 ) ) ;
#7372 = CARTESIAN_POINT ( 'NONE',  ( 38.80642947077200944, 5.605779330305666441, -19.40888777850820190 ) ) ;
#7373 = CARTESIAN_POINT ( 'NONE',  ( 40.97087536800593455, 6.944068156671942159E-15, -20.11376744117787041 ) ) ;
#7374 = CARTESIAN_POINT ( 'NONE',  ( 39.80599301905007792, -15.43648283805840471, -14.73196220838467241 ) ) ;
#7375 = CARTESIAN_POINT ( 'NONE',  ( 57.31986464228295830, -8.642664214164085479, 6.822270981447992710 ) ) ;
#7376 = ORIENTED_EDGE ( 'NONE', *, *, #7206, .F. ) ;
#7377 = CARTESIAN_POINT ( 'NONE',  ( 39.25404898331140657, -10.85020633520646705, 17.57075702741419576 ) ) ;
#7378 = ORIENTED_EDGE ( 'NONE', *, *, #5699, .T. ) ;
#7379 = CARTESIAN_POINT ( 'NONE',  ( 2.817359264552574682, 21.71571314603126268, -3.541836353226512468 ) ) ;
#7380 = CARTESIAN_POINT ( 'NONE',  ( 60.00000000000000711, 45.00000000000000000, -20.19999999999999929 ) ) ;
#7381 = EDGE_CURVE ( 'NONE', #8102, #7949, #1589, .T. ) ;
#7382 = DIRECTION ( 'NONE',  ( 0.000000000000000000, 0.000000000000000000, 1.000000000000000000 ) ) ;
#7383 = CARTESIAN_POINT ( 'NONE',  ( 17.12411561483696332, 19.86939916790550242, 3.639639639639641544 ) ) ;
#7384 = CONICAL_SURFACE ( 'NONE', #2658, 19.00000000000000000, 0.6842947916611499259 ) ;
#7385 = DIRECTION ( 'NONE',  ( -1.734723475976805517E-15, -1.000000000000000000, -3.009265538105050415E-30 ) ) ;
#7386 = LINE ( 'NONE', #6064, #4084 ) ;
#7387 = CARTESIAN_POINT ( 'NONE',  ( 38.36878126712298354, -10.66631825781784748, 17.21567834902740302 ) ) ;
#7388 = CARTESIAN_POINT ( 'NONE',  ( 6.078395854880398019, 20.41738609123282444, -6.972877521438386239 ) ) ;
#7389 = CARTESIAN_POINT ( 'NONE',  ( 40.53111280441824960, -12.54787146534912701, 19.55953992916444761 ) ) ;
#7390 = CIRCLE ( 'NONE', #4112, 22.19999999999999574 ) ;
#7391 = VECTOR ( 'NONE', #3321, 1000.000000000000000 ) ;
#7392 = CARTESIAN_POINT ( 'NONE',  ( 57.90830185302771582, -9.919514337568781315, 6.153205373237184084 ) ) ;
#7393 = CARTESIAN_POINT ( 'NONE',  ( 39.11945784822862748, -37.03834393451160878, 19.17806673299873665 ) ) ;
#7394 = CARTESIAN_POINT ( 'NONE',  ( 39.31617911282922506, 4.300624190642655587E-16, 20.18172013413891008 ) ) ;
#7395 = ORIENTED_EDGE ( 'NONE', *, *, #1811, .F. ) ;
#7396 = CARTESIAN_POINT ( 'NONE',  ( 41.52569155931007572, -38.48738722523077627, 20.19999999999999574 ) ) ;
#7397 = FACE_OUTER_BOUND ( 'NONE', #4394, .T. ) ;
#7398 = CARTESIAN_POINT ( 'NONE',  ( 40.43683999596301959, 14.83193928192549116, -17.24422348046930864 ) ) ;
#7399 = VECTOR ( 'NONE', #3194, 1000.000000000000000 ) ;
#7400 = ORIENTED_EDGE ( 'NONE', *, *, #1999, .F. ) ;
#7401 = CARTESIAN_POINT ( 'NONE',  ( 40.70971790278253621, -3.060013404670359538, 20.15741224289042322 ) ) ;
#7402 = CARTESIAN_POINT ( 'NONE',  ( 16.38759021281742179, 19.61737262547869776, 4.816501974786173257 ) ) ;
#7403 = DIRECTION ( 'NONE',  ( 0.000000000000000000, 1.000000000000000000, 0.000000000000000000 ) ) ;
#7404 = CARTESIAN_POINT ( 'NONE',  ( 40.31200242914726317, -15.60519131709097529, -16.93894794858259445 ) ) ;
#7405 = CARTESIAN_POINT ( 'NONE',  ( 40.15596220059559585, -11.88090720786690824, 18.97650301382845939 ) ) ;
#7406 = CARTESIAN_POINT ( 'NONE',  ( 38.86426961922971657, 37.81911009689481773, 19.38268715228428007 ) ) ;
#7407 = DIRECTION ( 'NONE',  ( 0.000000000000000000, 0.000000000000000000, -1.000000000000000000 ) ) ;
#7408 = ORIENTED_EDGE ( 'NONE', *, *, #664, .T. ) ;
#7409 = AXIS2_PLACEMENT_3D ( 'NONE', #4582, #3360, #4629 ) ;
#7410 = ADVANCED_FACE ( 'NONE', ( #3958 ), #5141, .F. ) ;
#7411 = ORIENTED_EDGE ( 'NONE', *, *, #3012, .F. ) ;
#7412 = DIRECTION ( 'NONE',  ( -0.000000000000000000, -1.000000000000000000, -0.000000000000000000 ) ) ;
#7413 = AXIS2_PLACEMENT_3D ( 'NONE', #3529, #409, #1060 ) ;
#7414 = CARTESIAN_POINT ( 'NONE',  ( 38.41085121154391402, 1.201228414613308759, -20.17342390271840813 ) ) ;
#7415 = CARTESIAN_POINT ( 'NONE',  ( 41.04454641333249754, -0.6654957320366703399, -20.11233954312025674 ) ) ;
#7416 = CARTESIAN_POINT ( 'NONE',  ( 40.40066631520363671, -30.77705835859652339, 19.42909343994983473 ) ) ;
#7417 = CARTESIAN_POINT ( 'NONE',  ( 39.46274179334167798, -15.08939786337922762, -14.36591035919697390 ) ) ;
#7418 = FACE_OUTER_BOUND ( 'NONE', #770, .T. ) ;
#7419 = ORIENTED_EDGE ( 'NONE', *, *, #6657, .T. ) ;
#7420 = ADVANCED_FACE ( 'NONE', ( #7080 ), #5824, .F. ) ;
#7421 = VERTEX_POINT ( 'NONE', #846 ) ;
#7422 = AXIS2_PLACEMENT_3D ( 'NONE', #3333, #872, #2054 ) ;
#7423 = CARTESIAN_POINT ( 'NONE',  ( 3.308793082559071674, 19.73731307411631875, 4.450397033542701664 ) ) ;
#7424 = CARTESIAN_POINT ( 'NONE',  ( 39.65886218038038180, 15.21419582179963470, -14.51934901290100655 ) ) ;
#7425 = DIRECTION ( 'NONE',  ( -0.000000000000000000, 0.2384406918210986992, 0.9711570606672619288 ) ) ;
#7426 = CARTESIAN_POINT ( 'NONE',  ( 39.30230826963700252, 13.94898369287233386, -15.20676775842808759 ) ) ;
#7427 =( NAMED_UNIT ( * ) SI_UNIT ( $, .STERADIAN. ) SOLID_ANGLE_UNIT ( ) );
#7428 = CARTESIAN_POINT ( 'NONE',  ( 12.51630801196817622, -22.03813051706724124, 7.700411685924076544 ) ) ;
#7429 = CARTESIAN_POINT ( 'NONE',  ( 38.00000000000000711, -10.66883885520437936, 17.18767026412077570 ) ) ;
#7430 = LINE ( 'NONE', #3614, #6763 ) ;
#7431 = VECTOR ( 'NONE', #6598, 1000.000000000000114 ) ;
#7432 = CARTESIAN_POINT ( 'NONE',  ( 43.94213562373090554, 45.00000000000000000, 20.19999999999999929 ) ) ;
#7433 = EDGE_CURVE ( 'NONE', #4590, #3831, #281, .T. ) ;
#7434 = CARTESIAN_POINT ( 'NONE',  ( 39.94960365592588403, 12.26795193639545545, 17.92718932501708906 ) ) ;
#7435 = CARTESIAN_POINT ( 'NONE',  ( 38.00000000000000000, -21.55968674681321318, 5.293383358428382479 ) ) ;
#7436 = CARTESIAN_POINT ( 'NONE',  ( 39.91973245739232112, 0.5188563312452294518, 20.17573006685151427 ) ) ;
#7437 = CARTESIAN_POINT ( 'NONE',  ( 42.10115222743659302, -32.89714076693227440, 20.19999999999998508 ) ) ;
#7438 = DIRECTION ( 'NONE',  ( 0.000000000000000000, 0.000000000000000000, -1.000000000000000000 ) ) ;
#7439 = CARTESIAN_POINT ( 'NONE',  ( 39.97589590379541136, 6.599631439609905392, -19.11174007415735687 ) ) ;
#7440 = ORIENTED_EDGE ( 'NONE', *, *, #662, .T. ) ;
#7441 = CARTESIAN_POINT ( 'NONE',  ( 41.69934940971467086, -5.123785602451115473, 20.20000000000000284 ) ) ;
#7442 = CARTESIAN_POINT ( 'NONE',  ( 13.86493206204647244, 20.51981417890669945, 7.005685339414946533 ) ) ;
#7443 = CARTESIAN_POINT ( 'NONE',  ( 41.22932292427410061, 2.648551968764744302, -20.01271647136838183 ) ) ;
#7444 = CARTESIAN_POINT ( 'NONE',  ( 40.89793231898406134, -14.58887060060412466, -18.05955574562323207 ) ) ;
#7445 = CARTESIAN_POINT ( 'NONE',  ( 39.66390472606293827, -8.364651940097875382, 18.91950103237265068 ) ) ;
#7446 = CARTESIAN_POINT ( 'NONE',  ( 10.00000000000000178, 37.09999999999999432, 0.000000000000000000 ) ) ;
#7447 = CARTESIAN_POINT ( 'NONE',  ( 2.401329784044047955, 21.73137519371147519, 2.528903012551277918 ) ) ;
#7448 = VERTEX_POINT ( 'NONE', #2117 ) ;
#7449 = EDGE_LOOP ( 'NONE', ( #2770, #3640, #4216, #8080, #7490 ) ) ;
#7450 = CARTESIAN_POINT ( 'NONE',  ( 39.96164551392365638, 2.731065531117129238E-15, 20.17562402875952543 ) ) ;
#7451 = EDGE_CURVE ( 'NONE', #6536, #338, #573, .T. ) ;
#7452 = CARTESIAN_POINT ( 'NONE',  ( 39.96510866375725612, -8.533113450258561272, -18.42924331194732801 ) ) ;
#7453 = CARTESIAN_POINT ( 'NONE',  ( 39.74392466737052132, -15.34979451522365324, -14.64965732581203461 ) ) ;
#7454 = CARTESIAN_POINT ( 'NONE',  ( 41.99999999999999289, -0.5296749527356747755, 20.20000000000000284 ) ) ;
#7455 = VERTEX_POINT ( 'NONE', #3557 ) ;
#7456 = CARTESIAN_POINT ( 'NONE',  ( 39.37166199812904210, -10.93767448087117877, 17.62954466000775255 ) ) ;
#7457 = CARTESIAN_POINT ( 'NONE',  ( 5.801614111938638629, 20.50000963995055159, 6.818366685012270167 ) ) ;
#7458 = CARTESIAN_POINT ( 'NONE',  ( 59.50000000000000711, 11.50000000000000000, 5.817072295949977716E-16 ) ) ;
#7459 = DIRECTION ( 'NONE',  ( 0.000000000000000000, 0.000000000000000000, 1.000000000000000000 ) ) ;
#7460 = CARTESIAN_POINT ( 'NONE',  ( 39.41375121206358756, 14.07482724097530102, -15.22770749649100175 ) ) ;
#7461 = EDGE_CURVE ( 'NONE', #360, #588, #6316, .T. ) ;
#7462 = CARTESIAN_POINT ( 'NONE',  ( 40.00000000000000000, 45.00000000000000000, 4.000000000000000000 ) ) ;
#7463 = DIRECTION ( 'NONE',  ( -0.000000000000000000, -1.000000000000000000, -0.000000000000000000 ) ) ;
#7464 = CARTESIAN_POINT ( 'NONE',  ( 41.70293574339605414, 38.64592086839979856, -20.19999999999999929 ) ) ;
#7465 = CARTESIAN_POINT ( 'NONE',  ( -35.77713417233866977, -45.00000000000000000, -18.00773976492944684 ) ) ;
#7466 = EDGE_CURVE ( 'NONE', #6369, #8091, #6669, .T. ) ;
#7467 = CARTESIAN_POINT ( 'NONE',  ( 3.199533372237927775, -19.15696293410671913, -6.407087570906240259 ) ) ;
#7468 = CARTESIAN_POINT ( 'NONE',  ( 40.16578062139990379, 15.62196288974280378, -16.52433059368292234 ) ) ;
#7469 = CARTESIAN_POINT ( 'NONE',  ( 37.99999999999999289, 0.9917497881938288629, 20.18178711760511845 ) ) ;
#7470 = CARTESIAN_POINT ( 'NONE',  ( 39.91973245739230691, -0.5188563312452244558, 20.17573006685150716 ) ) ;
#7471 = CARTESIAN_POINT ( 'NONE',  ( 39.77611136393373670, -7.044165353414968855, -18.91658035776195490 ) ) ;
#7472 = CARTESIAN_POINT ( 'NONE',  ( 40.11022864746853145, 9.003000824127322943, -18.32925242366908947 ) ) ;
#7473 = EDGE_LOOP ( 'NONE', ( #7863, #3754, #5390, #8019 ) ) ;
#7474 = CARTESIAN_POINT ( 'NONE',  ( 40.31455453738926309, -0.4088035133188990256, 20.17510311071352191 ) ) ;
#7475 = CARTESIAN_POINT ( 'NONE',  ( 16.65884348006963123, -19.70702478065657459, 4.440009562097700702 ) ) ;
#7476 = EDGE_CURVE ( 'NONE', #6997, #6029, #5971, .T. ) ;
#7477 = CARTESIAN_POINT ( 'NONE',  ( 37.99999999999999289, -4.947573068555306454E-15, 20.19999999999999929 ) ) ;
#7478 = CARTESIAN_POINT ( 'NONE',  ( 39.99999999999999289, -16.18023485614469692, -15.19999999999999929 ) ) ;
#7479 = CARTESIAN_POINT ( 'NONE',  ( 39.44079326985750100, -5.650808304720420061, 19.51319592910513023 ) ) ;
#7480 = DIRECTION ( 'NONE',  ( 1.734723475976805517E-15, 1.000000000000000000, 0.000000000000000000 ) ) ;
#7481 = CYLINDRICAL_SURFACE ( 'NONE', #5042, 2.000000000000000000 ) ;
#7482 = ORIENTED_EDGE ( 'NONE', *, *, #2143, .T. ) ;
#7483 = ORIENTED_EDGE ( 'NONE', *, *, #42, .F. ) ;
#7484 = LINE ( 'NONE', #3139, #4796 ) ;
#7485 = CARTESIAN_POINT ( 'NONE',  ( 39.53632174464184601, -14.69289712727815100, -14.88521722133385339 ) ) ;
#7486 = CARTESIAN_POINT ( 'NONE',  ( 39.19580683095942675, -11.68753838181663518, 16.92384456677847737 ) ) ;
#7487 = CARTESIAN_POINT ( 'NONE',  ( 38.00000000000000000, -21.55968674681321318, -5.293383358428379815 ) ) ;
#7488 = ORIENTED_EDGE ( 'NONE', *, *, #1059, .T. ) ;
#7489 = ORIENTED_EDGE ( 'NONE', *, *, #540, .T. ) ;
#7490 = ORIENTED_EDGE ( 'NONE', *, *, #7567, .F. ) ;
#7491 = AXIS2_PLACEMENT_3D ( 'NONE', #5559, #6678, #4836 ) ;
#7492 = CARTESIAN_POINT ( 'NONE',  ( 17.74596669241483582, -21.83666641225258331, -1.999999999999999556 ) ) ;
#7493 = CARTESIAN_POINT ( 'NONE',  ( 10.00000000000000178, -36.50000000000000000, 3.850000000000000533 ) ) ;
#7494 = CARTESIAN_POINT ( 'NONE',  ( 1.470967741935482298, 16.63635099737583900, -11.45739174036184593 ) ) ;
#7495 = LINE ( 'NONE', #2534, #3586 ) ;
#7496 = CARTESIAN_POINT ( 'NONE',  ( 39.57472688286957663, 14.31035783872392919, -15.25472218216366471 ) ) ;
#7497 = CIRCLE ( 'NONE', #166, 12.19999999999999929 ) ;
#7498 = DIRECTION ( 'NONE',  ( -0.000000000000000000, -1.000000000000000000, -0.000000000000000000 ) ) ;
#7499 = CARTESIAN_POINT ( 'NONE',  ( 40.22014047798839442, 37.65751774648776973, -20.19999999999865992 ) ) ;
#7500 = CARTESIAN_POINT ( 'NONE',  ( 38.00000000000000000, -18.28351446246255207, 12.59178696217985838 ) ) ;
#7501 = ORIENTED_EDGE ( 'NONE', *, *, #1483, .F. ) ;
#7502 = EDGE_CURVE ( 'NONE', #6528, #7196, #2307, .T. ) ;
#7503 = LINE ( 'NONE', #6892, #2128 ) ;
#7504 = CARTESIAN_POINT ( 'NONE',  ( 3.686606168823245433, -18.92005956009345624, 7.098848354126343629 ) ) ;
#7505 = CARTESIAN_POINT ( 'NONE',  ( 38.72306066967472304, -38.22494733346992035, 19.49384161580966790 ) ) ;
#7506 = CARTESIAN_POINT ( 'NONE',  ( 39.02021481378065459, 10.69600911933343568, 17.45522085453391625 ) ) ;
#7507 = ORIENTED_EDGE ( 'NONE', *, *, #504, .F. ) ;
#7508 =( BOUNDED_CURVE ( )  B_SPLINE_CURVE ( 3, ( #4268, #459, #7954, #2341 ),
 .UNSPECIFIED., .F., .F. ) 
 B_SPLINE_CURVE_WITH_KNOTS ( ( 4, 4 ),
 ( 3.553109499657279624, 4.712388980384689674 ),
 .UNSPECIFIED. ) 
 CURVE ( )  GEOMETRIC_REPRESENTATION_ITEM ( )  RATIONAL_B_SPLINE_CURVE ( ( 1.000000000000000000, 0.8911066843560500050, 0.8911066843560500050, 1.000000000000000000 ) ) 
 REPRESENTATION_ITEM ( '' )  );
#7509 = CIRCLE ( 'NONE', #1734, 3.850000000000000533 ) ;
#7510 = CARTESIAN_POINT ( 'NONE',  ( 39.06998143844159443, -12.00755818021753640, -16.35410317493400001 ) ) ;
#7511 = CARTESIAN_POINT ( 'NONE',  ( 39.83352983798378943, 7.198869715046913420, -18.87451713571600820 ) ) ;
#7512 = EDGE_CURVE ( 'NONE', #4207, #6435, #7939, .T. ) ;
#7513 = VERTEX_POINT ( 'NONE', #4133 ) ;
#7514 = CARTESIAN_POINT ( 'NONE',  ( 38.00000000000000000, 18.28351446246255563, 12.59178696217984950 ) ) ;
#7515 = CARTESIAN_POINT ( 'NONE',  ( 41.66053187523138490, 0.9735686356625680160, 20.20000000000000284 ) ) ;
#7516 = CARTESIAN_POINT ( 'NONE',  ( 17.12411561483696332, 19.86939916790550242, -3.639639639639638435 ) ) ;
#7517 = CARTESIAN_POINT ( 'NONE',  ( 2.026265335392237077, -21.57723364698189528, -0.7431253094972850581 ) ) ;
#7518 = CARTESIAN_POINT ( 'NONE',  ( 58.16889904886488694, -9.973669106955348695, 4.647959589580388240 ) ) ;
#7519 = CARTESIAN_POINT ( 'NONE',  ( 17.33212111192934657, -20.00363613427023779, 3.199999999999999289 ) ) ;
#7520 = CARTESIAN_POINT ( 'NONE',  ( 38.00000000000000000, -18.28351446246255207, 12.59178696217985660 ) ) ;
#7521 = ORIENTED_EDGE ( 'NONE', *, *, #4907, .F. ) ;
#7522 = EDGE_CURVE ( 'NONE', #5907, #2582, #5961, .T. ) ;
#7523 = ORIENTED_EDGE ( 'NONE', *, *, #1890, .T. ) ;
#7524 = DIRECTION ( 'NONE',  ( 0.7748650207718762450, 0.000000000000000000, -0.6321267274717939921 ) ) ;
#7525 = CARTESIAN_POINT ( 'NONE',  ( 39.20523073293012573, -12.75752465594288054, -15.96179556510342401 ) ) ;
#7526 = VECTOR ( 'NONE', #4686, 1000.000000000000000 ) ;
#7527 = CARTESIAN_POINT ( 'NONE',  ( 39.23872723045157329, 8.655485948650781580, -18.13874496493569310 ) ) ;
#7528 = CARTESIAN_POINT ( 'NONE',  ( 38.52544808660450570, 7.192803526248030543, -18.86974317672098067 ) ) ;
#7529 = DIRECTION ( 'NONE',  ( 0.000000000000000000, -1.000000000000000000, 0.000000000000000000 ) ) ;
#7530 = ORIENTED_EDGE ( 'NONE', *, *, #6506, .F. ) ;
#7531 = CARTESIAN_POINT ( 'NONE',  ( 39.99999999999999289, -12.52119669334838825, 18.25620634561249389 ) ) ;
#7532 = ORIENTED_EDGE ( 'NONE', *, *, #3865, .T. ) ;
#7533 = ORIENTED_EDGE ( 'NONE', *, *, #908, .F. ) ;
#7534 = CYLINDRICAL_SURFACE ( 'NONE', #1764, 20.19999999999999929 ) ;
#7535 = CARTESIAN_POINT ( 'NONE',  ( 7.282387593879529497, -21.92585501449686802, -7.650012460325817720 ) ) ;
#7536 = CIRCLE ( 'NONE', #1369, 2.000000000000000444 ) ;
#7537 = CIRCLE ( 'NONE', #603, 11.00000000000000000 ) ;
#7538 = DIRECTION ( 'NONE',  ( -0.000000000000000000, 1.000000000000000000, -0.000000000000000000 ) ) ;
#7539 = CARTESIAN_POINT ( 'NONE',  ( 17.20010592241915504, 19.89664527294610963, 3.490898612938392986 ) ) ;
#7540 = CARTESIAN_POINT ( 'NONE',  ( 39.63513454771228339, 15.22979522530803997, -14.52588392358336122 ) ) ;
#7541 = DIRECTION ( 'NONE',  ( 0.000000000000000000, -0.9123004504689347094, -0.4095215355438329152 ) ) ;
#7542 = CARTESIAN_POINT ( 'NONE',  ( 12.53715989297544731, -25.78987634901886494, -13.76904917396347194 ) ) ;
#7543 = CARTESIAN_POINT ( 'NONE',  ( 40.58433914473710757, -11.50918298648571891, 19.61276626948329493 ) ) ;
#7544 = CIRCLE ( 'NONE', #4150, 2.999999999999999112 ) ;
#7545 = ORIENTED_EDGE ( 'NONE', *, *, #568, .F. ) ;
#7546 = VECTOR ( 'NONE', #1976, 1000.000000000000000 ) ;
#7547 = CARTESIAN_POINT ( 'NONE',  ( 5.124946201558605807, -18.57210939602032340, 7.944605250247073869 ) ) ;
#7548 = CARTESIAN_POINT ( 'NONE',  ( 0.9999999999999940048, 0.000000000000000000, 0.000000000000000000 ) ) ;
#7549 = CARTESIAN_POINT ( 'NONE',  ( 40.00000000000000000, 21.55968674681321318, 5.293383358428370045 ) ) ;
#7550 = EDGE_CURVE ( 'NONE', #6890, #5485, #1903, .T. ) ;
#7551 = ORIENTED_EDGE ( 'NONE', *, *, #4177, .F. ) ;
#7552 = CARTESIAN_POINT ( 'NONE',  ( 39.47087159972929982, -8.274470709439354366, -18.36127892316066834 ) ) ;
#7553 = CARTESIAN_POINT ( 'NONE',  ( 40.28187045697274726, 10.48722372609127085, -17.93998894749994477 ) ) ;
#7554 = ORIENTED_EDGE ( 'NONE', *, *, #5207, .T. ) ;
#7555 = CARTESIAN_POINT ( 'NONE',  ( 2.986547702083362843, 21.67139462126547045, 3.865779692645063825 ) ) ;
#7556 = CARTESIAN_POINT ( 'NONE',  ( 40.40736386451854401, 2.171491119529973091, 20.14877231409285940 ) ) ;
#7557 = CARTESIAN_POINT ( 'NONE',  ( 37.99999999999999289, -1.982416905372581084, 20.10865817285897705 ) ) ;
#7558 = EDGE_CURVE ( 'NONE', #1493, #5477, #665, .T. ) ;
#7559 = CARTESIAN_POINT ( 'NONE',  ( 44.82081528017126004, 45.00000000000000000, 19.32132034355964478 ) ) ;
#7560 = DIRECTION ( 'NONE',  ( 0.000000000000000000, 0.4095215355438378557, 0.9123004504689326000 ) ) ;
#7561 = DIRECTION ( 'NONE',  ( -0.000000000000000000, -0.2384406918210991710, 0.9711570606672619288 ) ) ;
#7562 = CARTESIAN_POINT ( 'NONE',  ( 39.66333965804493289, -11.92107784044564589, 17.39361711600571780 ) ) ;
#7563 = ORIENTED_EDGE ( 'NONE', *, *, #4773, .T. ) ;
#7564 = DIRECTION ( 'NONE',  ( -0.000000000000000000, 0.9123004504689347094, 0.4095215355438328597 ) ) ;
#7565 = DIRECTION ( 'NONE',  ( 0.000000000000000000, -1.000000000000000000, -0.000000000000000000 ) ) ;
#7566 = DIRECTION ( 'NONE',  ( 3.873525483905471175E-18, -0.9994996547304633161, 0.03162973590918108369 ) ) ;
#7567 = EDGE_CURVE ( 'NONE', #6547, #7977, #6161, .T. ) ;
#7568 = ADVANCED_FACE ( 'NONE', ( #1213 ), #5059, .F. ) ;
#7569 = CARTESIAN_POINT ( 'NONE',  ( 39.43785739581596772, -9.150786621814541277, -17.99026985439494553 ) ) ;
#7570 = CARTESIAN_POINT ( 'NONE',  ( 39.08506335652105435, 12.62738730669599185, -15.97584370869073389 ) ) ;
#7571 = DIRECTION ( 'NONE',  ( -6.505213034913026604E-17, 0.000000000000000000, 1.000000000000000000 ) ) ;
#7572 = EDGE_LOOP ( 'NONE', ( #808, #6331, #4397, #7698, #7269 ) ) ;
#7573 = ORIENTED_EDGE ( 'NONE', *, *, #7270, .T. ) ;
#7574 = ORIENTED_EDGE ( 'NONE', *, *, #2719, .F. ) ;
#7575 = CARTESIAN_POINT ( 'NONE',  ( 38.00000000000000000, 39.13940053353145743, 19.76150225234467328 ) ) ;
#7576 = CARTESIAN_POINT ( 'NONE',  ( 38.00000000000000000, 41.18700821125062816, -20.19999999999999929 ) ) ;
#7577 = CARTESIAN_POINT ( 'NONE',  ( 39.62466059817013075, 3.551793325881446695, 19.94617339442605441 ) ) ;
#7578 = B_SPLINE_CURVE_WITH_KNOTS ( 'NONE', 3,
 ( #4694, #5252, #915, #826, #4555, #6565 ),
 .UNSPECIFIED., .F., .F.,
 ( 4, 2, 4 ),
 ( 1.213202922118369568E-06, 0.02238005439930632057, 0.04475889559569051074 ),
 .UNSPECIFIED. ) ;
#7579 = DIRECTION ( 'NONE',  ( -0.000000000000000000, 1.000000000000000000, -0.000000000000000000 ) ) ;
#7580 = CARTESIAN_POINT ( 'NONE',  ( 39.41442458138376281, 15.05865200620466204, -14.32810843525883193 ) ) ;
#7581 = CARTESIAN_POINT ( 'NONE',  ( 57.13208926974570545, -9.213635441486696109, 6.028898720970583547 ) ) ;
#7582 = CARTESIAN_POINT ( 'NONE',  ( 39.98997504603013198, 38.23205994362390925, -20.20000000000000284 ) ) ;
#7583 = ORIENTED_EDGE ( 'NONE', *, *, #1173, .F. ) ;
#7584 = DIRECTION ( 'NONE',  ( 0.000000000000000000, 0.000000000000000000, -1.000000000000000000 ) ) ;
#7585 = CARTESIAN_POINT ( 'NONE',  ( 42.36000448927295992, -2.728722560554452947, -20.09617925225260038 ) ) ;
#7586 = CARTESIAN_POINT ( 'NONE',  ( 40.00000000000000000, -25.10118997533523100, -15.50539348720846355 ) ) ;
#7587 = LINE ( 'NONE', #1966, #3170 ) ;
#7588 = CARTESIAN_POINT ( 'NONE',  ( 42.69949493661162165, 45.00000000000000000, 20.19999999999999929 ) ) ;
#7589 = VERTEX_POINT ( 'NONE', #4978 ) ;
#7590 = CARTESIAN_POINT ( 'NONE',  ( 13.75413502333596405, 20.62347991487109056, -7.065390748938235710 ) ) ;
#7591 = CARTESIAN_POINT ( 'NONE',  ( 39.43785739581596772, 9.150786621814544830, -17.99026985439493842 ) ) ;
#7592 = EDGE_LOOP ( 'NONE', ( #195, #475 ) ) ;
#7593 = CARTESIAN_POINT ( 'NONE',  ( 40.38189510410739302, 1.713230884639686868, 20.15976412004775398 ) ) ;
#7594 = CARTESIAN_POINT ( 'NONE',  ( 38.24464625747851443, 14.72728796733726675, -13.84159849510976947 ) ) ;
#7595 = CARTESIAN_POINT ( 'NONE',  ( 39.87753972604784991, 5.233571535519741087E-15, -20.14747158595889331 ) ) ;
#7596 = CARTESIAN_POINT ( 'NONE',  ( 39.28270869977575330, 14.46175910821135346, -14.76429575563260066 ) ) ;
#7597 = CARTESIAN_POINT ( 'NONE',  ( 45.00000000000000000, -7.415940975732978835, -20.20000000000000284 ) ) ;
#7598 = PLANE ( 'NONE',  #1132 ) ;
#7599 = CARTESIAN_POINT ( 'NONE',  ( 39.96972543849734905, 7.902288467976570807, 19.29153821273330749 ) ) ;
#7600 = VERTEX_POINT ( 'NONE', #8047 ) ;
#7601 = SPHERICAL_SURFACE ( 'NONE', #4772, 2.000000000000000000 ) ;
#7602 = EDGE_CURVE ( 'NONE', #1902, #1968, #8049, .T. ) ;
#7603 = FACE_OUTER_BOUND ( 'NONE', #7760, .T. ) ;
#7604 = DIRECTION ( 'NONE',  ( 0.000000000000000000, 0.000000000000000000, -1.000000000000000000 ) ) ;
#7605 = CARTESIAN_POINT ( 'NONE',  ( 39.25719018087507806, -10.35442549098658560, -17.36144419078692636 ) ) ;
#7606 = CARTESIAN_POINT ( 'NONE',  ( 38.00000000000000000, -11.56695572460641941, 16.56036036036036307 ) ) ;
#7607 = DIRECTION ( 'NONE',  ( -0.000000000000000000, -1.000000000000000000, -0.000000000000000000 ) ) ;
#7608 = ORIENTED_EDGE ( 'NONE', *, *, #7263, .F. ) ;
#7609 = ORIENTED_EDGE ( 'NONE', *, *, #1022, .F. ) ;
#7610 = CARTESIAN_POINT ( 'NONE',  ( 39.99999999999999289, 12.61458154260948028, 18.19999999999999929 ) ) ;
#7611 = ADVANCED_FACE ( 'NONE', ( #6908 ), #4139, .T. ) ;
#7612 = CARTESIAN_POINT ( 'NONE',  ( 50.00000000000000000, 36.50000000000000000, 0.000000000000000000 ) ) ;
#7613 = VECTOR ( 'NONE', #7733, 1000.000000000000000 ) ;
#7614 = CARTESIAN_POINT ( 'NONE',  ( 39.30909179667472841, 7.212581667669198282, 19.04099498712826843 ) ) ;
#7615 = DIRECTION ( 'NONE',  ( 0.000000000000000000, 0.000000000000000000, -1.000000000000000000 ) ) ;
#7616 = CARTESIAN_POINT ( 'NONE',  ( 10.00000000000000178, -22.70553022664231690, -8.000000000000000000 ) ) ;
#7617 = DIRECTION ( 'NONE',  ( -0.000000000000000000, 1.000000000000000000, -0.000000000000000000 ) ) ;
#7618 = CARTESIAN_POINT ( 'NONE',  ( 39.99999999999999289, 30.77705835859655537, 18.46179938779915375 ) ) ;
#7619 = CARTESIAN_POINT ( 'NONE',  ( 10.00000000000000178, -37.09999999999999432, 3.850000000000000533 ) ) ;
#7620 = CARTESIAN_POINT ( 'NONE',  ( 39.58565656272278943, -40.74470993340110425, 20.19999999999999929 ) ) ;
#7621 = B_SPLINE_CURVE_WITH_KNOTS ( 'NONE', 3,
 ( #5674, #2451, #3143, #1222, #3719, #6330 ),
 .UNSPECIFIED., .F., .F.,
 ( 4, 2, 4 ),
 ( 0.000000000000000000, 0.5000000000000000000, 1.000000000000000000 ),
 .UNSPECIFIED. ) ;
#7622 = ADVANCED_FACE ( 'NONE', ( #3102 ), #7481, .F. ) ;
#7623 = CARTESIAN_POINT ( 'NONE',  ( 39.87113324374185908, -5.779483260792069643, -19.34041334084930952 ) ) ;
#7624 = CARTESIAN_POINT ( 'NONE',  ( 41.47404071557296845, -2.419134227816175819, -20.04331344404736015 ) ) ;
#7625 = CIRCLE ( 'NONE', #2928, 2.000000000000000000 ) ;
#7626 = CARTESIAN_POINT ( 'NONE',  ( 42.45100378387994766, -4.600641841899128615, -20.04396058956702475 ) ) ;
#7627 = CARTESIAN_POINT ( 'NONE',  ( 3.978873491119279571, -21.19964109270596708, 5.278524915258548944 ) ) ;
#7628 = CARTESIAN_POINT ( 'NONE',  ( 50.00000000000000000, 45.00000000000000000, -3.850000000000000533 ) ) ;
#7629 = CARTESIAN_POINT ( 'NONE',  ( 39.45185961159086929, 5.031411854727989130, 19.65893237220806711 ) ) ;
#7630 = VERTEX_POINT ( 'NONE', #635 ) ;
#7631 = B_SPLINE_CURVE_WITH_KNOTS ( 'NONE', 3,
 ( #3213, #4518, #7024, #2102, #5089, #4477, #4563, #1399, #2596, #4606, #178, #5746, #6940, #5704, #882, #832 ),
 .UNSPECIFIED., .F., .F.,
 ( 4, 2, 2, 2, 2, 2, 2, 4 ),
 ( 6.254634441385500747E-18, 0.0008902945457650637004, 0.001335441818647592352, 0.001780589091530121112, 0.002225736364412649656, 0.002670883637295178199, 0.003116030910177707176, 0.003561178183060235720 ),
 .UNSPECIFIED. ) ;
#7632 = CARTESIAN_POINT ( 'NONE',  ( 40.03064540934397542, 15.79681949908962757, -15.77131538555358325 ) ) ;
#7633 = VERTEX_POINT ( 'NONE', #3828 ) ;
#7634 = CARTESIAN_POINT ( 'NONE',  ( 41.47367404201371244, 5.383053005450257444, 20.19320607690100644 ) ) ;
#7635 = VECTOR ( 'NONE', #7785, 1000.000000000000000 ) ;
#7636 = DIRECTION ( 'NONE',  ( -1.000000000000000000, -0.000000000000000000, -0.000000000000000000 ) ) ;
#7637 = CARTESIAN_POINT ( 'NONE',  ( 40.00000000000000000, 18.28351446246255563, -12.59178696217984950 ) ) ;
#7638 = CARTESIAN_POINT ( 'NONE',  ( 39.19142698718812312, 13.85448777069290394, -15.18093999904003510 ) ) ;
#7639 = CYLINDRICAL_SURFACE ( 'NONE', #4524, 15.19999999999999929 ) ;
#7640 = CARTESIAN_POINT ( 'NONE',  ( 39.96923894319322557, -10.96492221220072061, 18.58860487512805193 ) ) ;
#7641 = CARTESIAN_POINT ( 'NONE',  ( 40.87029251232297611, 1.846606191130786945, -20.06895615649118270 ) ) ;
#7642 = CARTESIAN_POINT ( 'NONE',  ( 39.94383049578299705, 10.00796185851429776, 18.79518874814699458 ) ) ;
#7643 = VERTEX_POINT ( 'NONE', #6320 ) ;
#7644 = CARTESIAN_POINT ( 'NONE',  ( 1.470967741935482076, 21.57740464604362529, 5.220690446760355208 ) ) ;
#7645 = DIRECTION ( 'NONE',  ( 0.000000000000000000, 1.000000000000000000, 0.000000000000000000 ) ) ;
#7646 = AXIS2_PLACEMENT_3D ( 'NONE', #3650, #6067, #7347 ) ;
#7647 = CARTESIAN_POINT ( 'NONE',  ( 38.53482564871989524, -14.21802182826378491, -14.46462615121687989 ) ) ;
#7648 = CARTESIAN_POINT ( 'NONE',  ( 39.79182754376470399, -11.98922939768102935, -16.91100225132197821 ) ) ;
#7649 = CARTESIAN_POINT ( 'NONE',  ( 39.34755955939002803, 8.894818143566961766, -18.05768488094031810 ) ) ;
#7650 = ADVANCED_FACE ( 'NONE', ( #717, #3216, #4946 ), #110, .T. ) ;
#7651 = DIRECTION ( 'NONE',  ( 0.000000000000000000, -0.9123004504689348204, -0.4095215355438325822 ) ) ;
#7652 = VERTEX_POINT ( 'NONE', #6241 ) ;
#7653 = ORIENTED_EDGE ( 'NONE', *, *, #7466, .F. ) ;
#7654 = AXIS2_PLACEMENT_3D ( 'NONE', #3703, #6634, #4180 ) ;
#7655 = CARTESIAN_POINT ( 'NONE',  ( 12.51630801196819220, 22.03813051706725190, 7.700411685924073879 ) ) ;
#7656 = CARTESIAN_POINT ( 'NONE',  ( 39.19731551403268810, 6.978440516751605927, 19.07295912686107897 ) ) ;
#7657 = CIRCLE ( 'NONE', #5165, 1.999999999999999334 ) ;
#7658 = CARTESIAN_POINT ( 'NONE',  ( 59.44458241912698782, 11.06714079197891465, 3.350989554055615383 ) ) ;
#7659 = CARTESIAN_POINT ( 'NONE',  ( 41.73087358816236048, 15.80673688723788217, -19.00194140002784948 ) ) ;
#7660 = CARTESIAN_POINT ( 'NONE',  ( 37.99999999999999289, 11.56695572460641230, 16.56036036036036663 ) ) ;
#7661 = CARTESIAN_POINT ( 'NONE',  ( 40.86474469067544391, 28.03521712480540629, -20.19999999999999929 ) ) ;
#7662 = CARTESIAN_POINT ( 'NONE',  ( 39.39042816887518228, -5.520138105606759993, 19.53254150859912741 ) ) ;
#7663 = ADVANCED_FACE ( 'NONE', ( #3786 ), #2601, .T. ) ;
#7664 = CARTESIAN_POINT ( 'NONE',  ( 10.00000000000000178, -45.00000000000000000, 0.000000000000000000 ) ) ;
#7665 = ORIENTED_EDGE ( 'NONE', *, *, #4228, .F. ) ;
#7666 = AXIS2_PLACEMENT_3D ( 'NONE', #3752, #1860, #4365 ) ;
#7667 = VECTOR ( 'NONE', #2367, 1000.000000000000000 ) ;
#7668 = CARTESIAN_POINT ( 'NONE',  ( 39.43633210674694567, -7.056288704323631755, -18.86063399376628524 ) ) ;
#7669 = DIRECTION ( 'NONE',  ( 0.000000000000000000, 0.000000000000000000, -1.000000000000000000 ) ) ;
#7670 = CARTESIAN_POINT ( 'NONE',  ( 44.30475951283704461, -4.470436643391191289, -20.19999999999999574 ) ) ;
#7671 = CARTESIAN_POINT ( 'NONE',  ( 1.470967741944216645, -19.63349431756808627, 4.750357974092225710 ) ) ;
#7672 = CIRCLE ( 'NONE', #87, 2.000000000000000444 ) ;
#7673 = CARTESIAN_POINT ( 'NONE',  ( 39.27270985170402895, -1.583163271449949505, 20.13528780097798077 ) ) ;
#7674 = CARTESIAN_POINT ( 'NONE',  ( 10.00000000000000178, 36.49999999999999289, 3.850000000000000533 ) ) ;
#7675 = AXIS2_PLACEMENT_3D ( 'NONE', #7075, #6992, #5272 ) ;
#7676 = ORIENTED_EDGE ( 'NONE', *, *, #354, .F. ) ;
#7677 = ADVANCED_FACE ( 'NONE', ( #5017 ), #7598, .F. ) ;
#7678 = CARTESIAN_POINT ( 'NONE',  ( 39.46512487179488460, 10.83640349678775117, -17.21583110032880981 ) ) ;
#7679 = ORIENTED_EDGE ( 'NONE', *, *, #4210, .F. ) ;
#7680 = VECTOR ( 'NONE', #5422, 1000.000000000000000 ) ;
#7681 = CARTESIAN_POINT ( 'NONE',  ( 41.42882463221339862, 1.787515627606545587, 20.19818074015334375 ) ) ;
#7682 = CARTESIAN_POINT ( 'NONE',  ( 38.13421491304709576, 7.461305875650602104, -18.77230222566858941 ) ) ;
#7683 = CARTESIAN_POINT ( 'NONE',  ( 38.00000000000000711, -7.850671616629454341, 18.64161156690053289 ) ) ;
#7684 = DIRECTION ( 'NONE',  ( 0.000000000000000000, 1.000000000000000000, 0.000000000000000000 ) ) ;
#7685 = CARTESIAN_POINT ( 'NONE',  ( 2.988106722470396548, -21.67062432267226413, -3.868326661347301965 ) ) ;
#7686 = CARTESIAN_POINT ( 'NONE',  ( 45.00000000000000711, 2.081668171172168513E-14, -20.19999999999999929 ) ) ;
#7687 = CARTESIAN_POINT ( 'NONE',  ( 39.41123098571014793, -10.18245008114083561, 18.03739160771063155 ) ) ;
#7688 = CARTESIAN_POINT ( 'NONE',  ( 40.63145147853084893, 2.625303519772416827, -19.99945805417144484 ) ) ;
#7689 = CARTESIAN_POINT ( 'NONE',  ( 40.10998480070028904, 6.167456214709328144, 19.70086744959801806 ) ) ;
#7690 = ORIENTED_EDGE ( 'NONE', *, *, #956, .T. ) ;
#7691 = CARTESIAN_POINT ( 'NONE',  ( 38.00000000000000000, -19.15696293410672979, -6.407087570906245588 ) ) ;
#7692 = DIRECTION ( 'NONE',  ( 1.948774242403888243E-17, -0.000000000000000000, 1.000000000000000000 ) ) ;
#7693 = CARTESIAN_POINT ( 'NONE',  ( 2.054008962909879443, 17.70837264613193796, 10.67259096723260114 ) ) ;
#7694 = CARTESIAN_POINT ( 'NONE',  ( 40.62755188745961732, -8.754966046809542490, -18.72358093220455189 ) ) ;
#7695 = CARTESIAN_POINT ( 'NONE',  ( 40.06006550746874240, -3.171735098181545975, 20.04331410806560498 ) ) ;
#7696 = CARTESIAN_POINT ( 'NONE',  ( 38.00000000000000000, -18.28351446246255207, -12.59178696217985838 ) ) ;
#7697 = ORIENTED_EDGE ( 'NONE', *, *, #5995, .F. ) ;
#7698 = ORIENTED_EDGE ( 'NONE', *, *, #1955, .F. ) ;
#7699 = FACE_OUTER_BOUND ( 'NONE', #4179, .T. ) ;
#7700 = CARTESIAN_POINT ( 'NONE',  ( 40.00000000000000000, 45.00000000000000000, -20.19999999999999929 ) ) ;
#7701 = CARTESIAN_POINT ( 'NONE',  ( 13.86628540711475743, -20.51855710647537734, 7.004949859007945534 ) ) ;
#7702 = CARTESIAN_POINT ( 'NONE',  ( 58.56296901937228228, 9.713795800169531702, 5.179050563752997327 ) ) ;
#7703 = CARTESIAN_POINT ( 'NONE',  ( 40.00000000000000000, 18.28351446246255563, -10.59178696217984950 ) ) ;
#7704 = DIRECTION ( 'NONE',  ( 0.000000000000000000, 0.000000000000000000, -1.000000000000000000 ) ) ;
#7705 = CARTESIAN_POINT ( 'NONE',  ( 60.00000000000000711, 11.50000000000001066, 6.123233995736766282E-16 ) ) ;
#7706 = ORIENTED_EDGE ( 'NONE', *, *, #2721, .T. ) ;
#7707 = CARTESIAN_POINT ( 'NONE',  ( 39.01658751098839417, -6.960201962952529797, -18.92169928718387339 ) ) ;
#7708 = CARTESIAN_POINT ( 'NONE',  ( 10.00000000000000178, 45.00000000000000000, -4.100000000000055600 ) ) ;
#7709 = EDGE_CURVE ( 'NONE', #5907, #5503, #6752, .T. ) ;
#7710 = CARTESIAN_POINT ( 'NONE',  ( 42.25979035106004034, 6.518820799134168698E-15, -20.11173820651900712 ) ) ;
#7711 = B_SPLINE_CURVE_WITH_KNOTS ( 'NONE', 3,
 ( #7686, #3215, #5621, #25, #6275, #5707, #671, #2064, #7597, #1977, #2515, #2674, #3868, #2557 ),
 .UNSPECIFIED., .F., .F.,
 ( 4, 2, 2, 2, 2, 2, 4 ),
 ( 0.000000000000000000, 0.1250000000000000000, 0.2500000000000000000, 0.3750000000000000000, 0.5000000000000000000, 0.7500000000000000000, 1.000000000000000000 ),
 .UNSPECIFIED. ) ;
#7712 = CARTESIAN_POINT ( 'NONE',  ( 37.99999999999999289, -0.6426330974679657082, -20.20000000000000284 ) ) ;
#7713 = CARTESIAN_POINT ( 'NONE',  ( 39.14234869736508671, -3.410879306625445917, 19.93619556044974317 ) ) ;
#7714 = CARTESIAN_POINT ( 'NONE',  ( 19.16515138991168499, -45.00200000000000244, 4.000000000000000000 ) ) ;
#7715 = ORIENTED_EDGE ( 'NONE', *, *, #6705, .F. ) ;
#7716 = CARTESIAN_POINT ( 'NONE',  ( 39.20523073293012573, 12.75752465594288232, -15.96179556510342401 ) ) ;
#7717 = ORIENTED_EDGE ( 'NONE', *, *, #2918, .T. ) ;
#7718 = EDGE_CURVE ( 'NONE', #685, #5345, #2442, .T. ) ;
#7719 = CYLINDRICAL_SURFACE ( 'NONE', #1896, 5.250000000000000000 ) ;
#7720 = CARTESIAN_POINT ( 'NONE',  ( 40.38291588787676289, 12.52249009480808084, 19.37703343445229009 ) ) ;
#7721 = CARTESIAN_POINT ( 'NONE',  ( 38.00000000000000000, -11.56695572460641941, 16.56036036036036307 ) ) ;
#7722 = CARTESIAN_POINT ( 'NONE',  ( 39.81257549626085535, 6.889586105810995065, -18.97867281072018031 ) ) ;
#7723 = CARTESIAN_POINT ( 'NONE',  ( 39.47264841650135736, -10.27979631403925609, 18.05249249149470359 ) ) ;
#7724 = CYLINDRICAL_SURFACE ( 'NONE', #2695, 2.000000000000000444 ) ;
#7725 = ORIENTED_EDGE ( 'NONE', *, *, #897, .F. ) ;
#7726 = CARTESIAN_POINT ( 'NONE',  ( 40.36593978494226320, 5.746161865131472979, 19.88225562302278604 ) ) ;
#7727 =( BOUNDED_CURVE ( )  B_SPLINE_CURVE ( 3, ( #3411, #5852, #5810, #3929 ),
 .UNSPECIFIED., .F., .T. ) 
 B_SPLINE_CURVE_WITH_KNOTS ( ( 4, 4 ),
 ( 0.000000000000000000, 1.570796326794896336 ),
 .UNSPECIFIED. ) 
 CURVE ( )  GEOMETRIC_REPRESENTATION_ITEM ( )  RATIONAL_B_SPLINE_CURVE ( ( 1.000000000000000000, 0.8047378541243650485, 0.8047378541243650485, 1.000000000000000000 ) ) 
 REPRESENTATION_ITEM ( '' )  );
#7728 = ORIENTED_EDGE ( 'NONE', *, *, #5457, .T. ) ;
#7729 = DIRECTION ( 'NONE',  ( 0.000000000000000000, 1.000000000000000000, 0.000000000000000000 ) ) ;
#7730 = EDGE_CURVE ( 'NONE', #6004, #6966, #6223, .T. ) ;
#7731 = CARTESIAN_POINT ( 'NONE',  ( 42.62636567599252402, 6.485531936954231653E-15, -20.12184141323688280 ) ) ;
#7732 = CARTESIAN_POINT ( 'NONE',  ( 5.664391458352076469, -20.02178152421784674, 6.795295026911687408 ) ) ;
#7733 = DIRECTION ( 'NONE',  ( 1.000000000000000000, 0.000000000000000000, 0.000000000000000000 ) ) ;
#7734 = CARTESIAN_POINT ( 'NONE',  ( 40.33755283977616557, -10.29940603450913983, -18.04926932375520465 ) ) ;
#7735 = CARTESIAN_POINT ( 'NONE',  ( 40.00355857045499874, -0.5188563312452237897, 20.17551799066753659 ) ) ;
#7736 = CARTESIAN_POINT ( 'NONE',  ( 38.60241296262189792, 10.48030583374904801, -17.20937435044761443 ) ) ;
#7737 = CARTESIAN_POINT ( 'NONE',  ( 37.99999999999999289, 2.473786534277653227E-15, -20.19999999999999929 ) ) ;
#7738 = ORIENTED_EDGE ( 'NONE', *, *, #6359, .T. ) ;
#7739 = ORIENTED_EDGE ( 'NONE', *, *, #3576, .T. ) ;
#7740 = CARTESIAN_POINT ( 'NONE',  ( 40.38360373993531738, 11.61668967911966455, 19.37783475131980993 ) ) ;
#7741 = CARTESIAN_POINT ( 'NONE',  ( 3.548939965615249825, -21.39635755224247760, 4.743327882656348748 ) ) ;
#7742 = CARTESIAN_POINT ( 'NONE',  ( 39.99671539280347332, 1.445409583563957989, 20.15106074493863630 ) ) ;
#7743 = VECTOR ( 'NONE', #6769, 1000.000000000000000 ) ;
#7744 = CARTESIAN_POINT ( 'NONE',  ( 39.56897582623835063, 4.047239464865331371, 19.86574831512151817 ) ) ;
#7745 = CARTESIAN_POINT ( 'NONE',  ( 58.06903593925471085, 9.281423462686023029, 5.946187732247920188 ) ) ;
#7746 = CARTESIAN_POINT ( 'NONE',  ( 41.47650423128145292, 30.77705835859655892, 20.14794535333663461 ) ) ;
#7747 = CARTESIAN_POINT ( 'NONE',  ( 38.00000000000000000, 39.13940053353145743, -19.76150225234467328 ) ) ;
#7748 = FACE_OUTER_BOUND ( 'NONE', #5611, .T. ) ;
#7749 = CARTESIAN_POINT ( 'NONE',  ( 30.87905094445068599, -39.45494023352666346, -19.90314451767586590 ) ) ;
#7750 = ORIENTED_EDGE ( 'NONE', *, *, #5660, .T. ) ;
#7751 = AXIS2_PLACEMENT_3D ( 'NONE', #7832, #3495, #2085 ) ;
#7752 = CARTESIAN_POINT ( 'NONE',  ( 1.470967741855899069, 20.17284975722133211, -1.067713654370578080 ) ) ;
#7753 = CARTESIAN_POINT ( 'NONE',  ( 39.73368840008084391, -5.602360472369813493, -19.38600069078248112 ) ) ;
#7754 = CARTESIAN_POINT ( 'NONE',  ( 44.28977746085510603, -3.149647354428783519, -20.19999999999999574 ) ) ;
#7755 = CARTESIAN_POINT ( 'NONE',  ( 39.75788781606944866, -31.28310289343130179, -17.37962764593613230 ) ) ;
#7756 = CARTESIAN_POINT ( 'NONE',  ( 39.45185961159081245, -5.031411854727988242, 19.65893237220803158 ) ) ;
#7757 = CARTESIAN_POINT ( 'NONE',  ( 1.470967741935480300, 2.473786534277653227E-15, 20.19999999999999929 ) ) ;
#7758 = CARTESIAN_POINT ( 'NONE',  ( 12.51630801196820286, 22.03813051706727322, -7.700411685924071215 ) ) ;
#7759 = ADVANCED_FACE ( 'NONE', ( #2559 ), #3671, .F. ) ;
#7760 = EDGE_LOOP ( 'NONE', ( #1346, #1405, #983, #593 ) ) ;
#7761 = DIRECTION ( 'NONE',  ( 0.000000000000000000, 0.000000000000000000, -1.000000000000000000 ) ) ;
#7762 = DIRECTION ( 'NONE',  ( 0.000000000000000000, 0.000000000000000000, -1.000000000000000000 ) ) ;
#7763 = CARTESIAN_POINT ( 'NONE',  ( 37.99999999999999289, 1.285310116971526195, -20.16950403483404486 ) ) ;
#7764 = CARTESIAN_POINT ( 'NONE',  ( 39.78876047365449864, -2.111539662611080281, -20.05650301971853722 ) ) ;
#7765 = CARTESIAN_POINT ( 'NONE',  ( 37.99999999999999289, 14.72255604027581199, -13.83063063063062792 ) ) ;
#7766 = EDGE_CURVE ( 'NONE', #1991, #2978, #7223, .T. ) ;
#7767 = CARTESIAN_POINT ( 'NONE',  ( 41.36229821816000651, 7.489313792056695007, -19.42100991474962157 ) ) ;
#7768 = ORIENTED_EDGE ( 'NONE', *, *, #2872, .F. ) ;
#7769 = CARTESIAN_POINT ( 'NONE',  ( 39.76973622552789323, 8.869815132002155877, 18.87704382739014619 ) ) ;
#7770 = VERTEX_POINT ( 'NONE', #5131 ) ;
#7771 = CARTESIAN_POINT ( 'NONE',  ( 56.71751442127218468, -8.928247901240816020, 6.425448576869066564 ) ) ;
#7772 = CARTESIAN_POINT ( 'NONE',  ( 42.76148830987395399, 4.606220971162733768, -20.08495204980784621 ) ) ;
#7773 = CARTESIAN_POINT ( 'NONE',  ( 10.00000000000000355, 22.70553022664235954, -8.000000000000000000 ) ) ;
#7774 = CARTESIAN_POINT ( 'NONE',  ( 1.579897057495397217, 17.03307037410097990, 11.02416902088163120 ) ) ;
#7775 = CARTESIAN_POINT ( 'NONE',  ( 41.40548430481092623, -5.303403161431709201, -19.74996224807197720 ) ) ;
#7776 = CARTESIAN_POINT ( 'NONE',  ( 40.53111280441824960, -12.54787146534912701, 19.55953992916444761 ) ) ;
#7777 = CARTESIAN_POINT ( 'NONE',  ( 39.61611245551070937, 0.4938855716602860713, -20.15931513675923981 ) ) ;
#7778 = AXIS2_PLACEMENT_3D ( 'NONE', #3303, #5184, #2023 ) ;
#7779 = ADVANCED_FACE ( 'NONE', ( #6446 ), #7724, .F. ) ;
#7780 = DIRECTION ( 'NONE',  ( -0.000000000000000000, -1.000000000000000000, -0.000000000000000000 ) ) ;
#7781 = VERTEX_POINT ( 'NONE', #1364 ) ;
#7782 = ORIENTED_EDGE ( 'NONE', *, *, #4177, .T. ) ;
#7783 = DIRECTION ( 'NONE',  ( 0.000000000000000000, 0.000000000000000000, -1.000000000000000000 ) ) ;
#7784 = CARTESIAN_POINT ( 'NONE',  ( 39.59938866993734052, 6.208917975426081703, 19.43649167684410628 ) ) ;
#7785 = DIRECTION ( 'NONE',  ( 1.000000000000000000, 0.000000000000000000, -1.948774242403888243E-17 ) ) ;
#7786 = CARTESIAN_POINT ( 'NONE',  ( 58.01181800418381584, 9.856247553861930299, 4.891339472345245021 ) ) ;
#7787 = DIRECTION ( 'NONE',  ( 0.000000000000000000, 0.000000000000000000, -1.000000000000000000 ) ) ;
#7788 = CARTESIAN_POINT ( 'NONE',  ( 42.00000000000000000, 30.77705835859655181, 20.19999999999999929 ) ) ;
#7789 = CARTESIAN_POINT ( 'NONE',  ( 36.12372949650433895, 45.00000000000000000, -18.00773976492943262 ) ) ;
#7790 = CARTESIAN_POINT ( 'NONE',  ( 50.00000000000000000, -45.00000000000000000, 4.099999999999633715 ) ) ;
#7791 = CARTESIAN_POINT ( 'NONE',  ( 2.000217177256309320, 21.55525320607794981, 0.3736755163895639220 ) ) ;
#7792 = CARTESIAN_POINT ( 'NONE',  ( 40.00000000000000000, 1.861463134703977092E-15, -15.19999999999999929 ) ) ;
#7793 = CARTESIAN_POINT ( 'NONE',  ( 38.68321367749999240, -38.27300284874937120, -19.49882754991569911 ) ) ;
#7794 = CARTESIAN_POINT ( 'NONE',  ( 38.56050561244164498, -2.636569500057621415E-15, 20.19897434006470149 ) ) ;
#7795 = DIRECTION ( 'NONE',  ( 0.000000000000000000, 1.000000000000000000, 0.000000000000000000 ) ) ;
#7796 = CARTESIAN_POINT ( 'NONE',  ( 38.00000000000000000, 19.86939916790550242, -3.639639639639639768 ) ) ;
#7797 = CIRCLE ( 'NONE', #3350, 4.100000000000927791 ) ;
#7798 = AXIS2_PLACEMENT_3D ( 'NONE', #4101, #3497, #2375 ) ;
#7799 = VERTEX_POINT ( 'NONE', #4655 ) ;
#7800 = ORIENTED_EDGE ( 'NONE', *, *, #897, .T. ) ;
#7801 = PLANE ( 'NONE',  #2024 ) ;
#7802 = VECTOR ( 'NONE', #7566, 1000.000000000000000 ) ;
#7803 = ADVANCED_FACE ( 'NONE', ( #5787 ), #4697, .T. ) ;
#7804 = CARTESIAN_POINT ( 'NONE',  ( 40.00000000000000000, -24.09389004176484761, -15.20000000000000107 ) ) ;
#7805 = CARTESIAN_POINT ( 'NONE',  ( 38.00000000000000711, 7.336689272108143811, -18.82130000384007928 ) ) ;
#7806 = CARTESIAN_POINT ( 'NONE',  ( 38.92472991128012438, -4.008493097718779374, -19.80525687184449524 ) ) ;
#7807 = CARTESIAN_POINT ( 'NONE',  ( 36.12372949650434606, -44.99999999999999289, 18.00773976492944328 ) ) ;
#7808 = CARTESIAN_POINT ( 'NONE',  ( 40.45746530299054911, 7.360570396442538410, 19.77413523352444003 ) ) ;
#7809 = CARTESIAN_POINT ( 'NONE',  ( 41.14466163740959814, 5.205587072307980456, -19.70359543857891893 ) ) ;
#7810 = ORIENTED_EDGE ( 'NONE', *, *, #4820, .F. ) ;
#7811 = AXIS2_PLACEMENT_3D ( 'NONE', #2384, #5381, #4882 ) ;
#7812 = CARTESIAN_POINT ( 'NONE',  ( 1.470967741935475193, -19.63349431757121977, -4.750357974079255641 ) ) ;
#7813 = ORIENTED_EDGE ( 'NONE', *, *, #3105, .T. ) ;
#7814 = CARTESIAN_POINT ( 'NONE',  ( 39.96164551392365638, 2.731065531117129238E-15, 20.17562402875952543 ) ) ;
#7815 = CARTESIAN_POINT ( 'NONE',  ( 43.87520096929234370, 9.018314173486839280, -20.15118096954896743 ) ) ;
#7816 = EDGE_CURVE ( 'NONE', #3921, #4035, #6105, .T. ) ;
#7817 = VECTOR ( 'NONE', #4321, 999.9999999999998863 ) ;
#7818 = LINE ( 'NONE', #3656, #739 ) ;
#7819 = B_SPLINE_CURVE_WITH_KNOTS ( 'NONE', 3,
 ( #1558, #7749, #7178, #5981, #1516, #4433 ),
 .UNSPECIFIED., .F., .F.,
 ( 4, 2, 4 ),
 ( 9.813077866773594792E-18, 0.001625440077200000647, 0.003250880154399991753 ),
 .UNSPECIFIED. ) ;
#7820 = CARTESIAN_POINT ( 'NONE',  ( 38.24464625747851443, -14.72728796733726497, -13.84159849510976592 ) ) ;
#7821 = CARTESIAN_POINT ( 'NONE',  ( 40.33816487681652063, -14.22273128101259232, -17.06537080635810000 ) ) ;
#7822 = CARTESIAN_POINT ( 'NONE',  ( 39.74917498923780812, -4.958293325233291249, 19.74756776022496751 ) ) ;
#7823 = CARTESIAN_POINT ( 'NONE',  ( 39.16619293911819000, 6.932219399423614092, -18.91835178931154715 ) ) ;
#7824 = PLANE ( 'NONE',  #6215 ) ;
#7825 = ORIENTED_EDGE ( 'NONE', *, *, #2982, .F. ) ;
#7826 = ORIENTED_EDGE ( 'NONE', *, *, #7550, .T. ) ;
#7827 = ADVANCED_FACE ( 'NONE', ( #6176 ), #6218, .F. ) ;
#7828 = CARTESIAN_POINT ( 'NONE',  ( 39.92331332259902865, 6.209557549141194954, 19.59011524936314075 ) ) ;
#7829 = CARTESIAN_POINT ( 'NONE',  ( 40.00000000000000000, 18.28351446246255563, 12.59178696217984950 ) ) ;
#7830 = CARTESIAN_POINT ( 'NONE',  ( 50.00000000000000000, 36.50000000000000000, 3.850000000000000533 ) ) ;
#7831 =( BOUNDED_CURVE ( )  B_SPLINE_CURVE ( 3, ( #3485, #2870, #7864, #4938 ),
 .UNSPECIFIED., .F., .T. ) 
 B_SPLINE_CURVE_WITH_KNOTS ( ( 4, 4 ),
 ( 2.194606174056266568, 4.088579133123319664 ),
 .UNSPECIFIED. ) 
 CURVE ( )  GEOMETRIC_REPRESENTATION_ITEM ( )  RATIONAL_B_SPLINE_CURVE ( ( 1.000000000000000000, 0.7227544592041873495, 0.7227544592041873495, 1.000000000000000000 ) ) 
 REPRESENTATION_ITEM ( '' )  );
#7832 = CARTESIAN_POINT ( 'NONE',  ( -35.77713417233866977, -12.92736013453810529, -7.995208562129886509 ) ) ;
#7833 = CARTESIAN_POINT ( 'NONE',  ( 38.00000000000000000, -19.86939916790550242, -3.639639639639639768 ) ) ;
#7834 = CARTESIAN_POINT ( 'NONE',  ( 38.96428358746513965, 41.02783552941653511, 20.19999999999999929 ) ) ;
#7835 = B_SPLINE_SURFACE_WITH_KNOTS ( 'NONE', 3, 3, ( 
 ( #50, #7735, #5842, #3121, #4385, #2734, #1880, #4669, #5036, #6887, #4004, #5189, #7543, #1923 ),
 ( #7117, #1274, #6928, #1309, #3400, #5229, #4621, #3771, #3808, #6295, #6261, #6502, #895, #7776 ),
 ( #653, #697, #5797, #2687, #7695, #2074, #2157, #4577, #7078, #1453, #2778, #3956, #6456, #5883 ),
 ( #5275, #7164, #6222, #7938, #6043, #7363, #4132, #7860, #2323, #2984, #5927, #2361, #6544, #3556 ),
 ( #2279, #2821, #483, #5394, #7973, #7324, #440, #938, #3480, #5432, #6668, #3439, #2199, #1055 ),
 ( #4862, #5968, #322, #1708, #2906, #367, #2866, #5473, #4827, #7204, #4748, #5360, #1093, #2941 ),
 ( #5323, #2236, #979, #7822, #4212, #6708, #4043, #7899, #1587, #4713, #1021, #7246, #4789, #3590 ),
 ( #4176, #4089, #6087, #6587, #1629, #6630, #3524, #6010, #403, #7289, #1673, #4944, #7405, #2404 ),
 ( #3100, #7479, #3669, #6159, #3785, #6276, #4248, #3057, #3019, #6130, #3709, #4364, #6864, #5664 ),
 ( #556, #2558, #6745, #518, #5545, #8045, #7445, #2634, #2600, #4608, #2675, #141, #6319, #108 ),
 ( #3342, #6366, #758, #3257, #5708, #2065, #1488, #5219, #4522, #5130, #7640, #2018, #3989, #227 ),
 ( #7028, #5178, #2723, #7687, #7723, #4567, #7067, #1440, #3946, #5831, #6490, #6445, #268, #6760 ),
 ( #7377, #4956, #7456, #6835, #2952, #2335, #494, #3271, #6954, #36, #8100, #2487, #7531, #6917 ),
 ( #4537, #2692, #1458, #848, #4673, #3357, #7249, #7168, #3960, #1504, #5364, #241, #5233, #2738 ) ),
 .UNSPECIFIED., .F., .F., .F.,
 ( 4, 2, 2, 2, 2, 2, 4 ),
 ( 4, 2, 2, 2, 2, 2, 4 ),
 ( 0.000000000000000000, 0.1250000000000000000, 0.2500000000000000000, 0.3750000000000000000, 0.5000000000000000000, 0.7500000000000000000, 1.000000000000000000 ),
 ( 0.000000000000000000, 0.1250000000000000000, 0.2500000000000000000, 0.3750000000000000000, 0.5000000000000000000, 0.7500000000000000000, 1.000000000000000000 ),
 .UNSPECIFIED. ) ;
#7836 = EDGE_LOOP ( 'NONE', ( #2455, #7872, #2768, #2077, #7198, #3383, #3312, #4987, #7317, #3091, #4626, #5183, #2826, #8099, #4189, #6998, #6868, #5616, #3949, #6202, #2859, #6324, #5122, #4947 ) ) ;
#7837 = CARTESIAN_POINT ( 'NONE',  ( 38.94932504597731082, -9.855763998876422960, -17.52287060933200991 ) ) ;
#7838 = DIRECTION ( 'NONE',  ( 1.000000000000000000, -0.000000000000000000, -3.435095992033281961E-16 ) ) ;
#7839 = DIRECTION ( 'NONE',  ( 1.000000000000000000, 0.000000000000000000, 6.505213034913026604E-17 ) ) ;
#7840 = CARTESIAN_POINT ( 'NONE',  ( 38.00000000000000000, 16.63635099737583900, 11.45739174036184593 ) ) ;
#7841 = CARTESIAN_POINT ( 'NONE',  ( 41.09127993213937202, -31.99797331177227022, -20.20000000000000284 ) ) ;
#7842 = CARTESIAN_POINT ( 'NONE',  ( 39.26028105786226519, -4.480651658974139195, 19.73663114175634448 ) ) ;
#7843 = CARTESIAN_POINT ( 'NONE',  ( 4.366583826438020566, 19.37986133583086357, 6.507144186791293805 ) ) ;
#7844 = EDGE_LOOP ( 'NONE', ( #3111, #3162, #486, #993, #4134, #2294, #5675, #5000, #6047, #2057, #6538, #5753, #5211 ) ) ;
#7845 = ORIENTED_EDGE ( 'NONE', *, *, #1855, .F. ) ;
#7846 = DIRECTION ( 'NONE',  ( -0.000000000000000000, -1.000000000000000000, -0.000000000000000000 ) ) ;
#7847 = CARTESIAN_POINT ( 'NONE',  ( 37.99999999999999289, 4.487967038713085444, -19.70588668108790742 ) ) ;
#7848 = CARTESIAN_POINT ( 'NONE',  ( 40.56789342044629620, -1.180582175072296014, -20.10418977919039563 ) ) ;
#7849 = B_SPLINE_CURVE_WITH_KNOTS ( 'NONE', 3,
 ( #3234, #6257, #649, #4420 ),
 .UNSPECIFIED., .F., .F.,
 ( 4, 4 ),
 ( 4.336808689942017736E-19, 0.0005045481767898167894 ),
 .UNSPECIFIED. ) ;
#7850 = DIRECTION ( 'NONE',  ( 0.000000000000000000, 0.000000000000000000, -1.000000000000000000 ) ) ;
#7851 = DIRECTION ( 'NONE',  ( -1.000000000000000000, -0.000000000000000000, -0.000000000000000000 ) ) ;
#7852 = CARTESIAN_POINT ( 'NONE',  ( 40.53036444930934579, 3.269261545211663123, -19.92294536155760198 ) ) ;
#7853 = ORIENTED_EDGE ( 'NONE', *, *, #1260, .T. ) ;
#7854 = CARTESIAN_POINT ( 'NONE',  ( 2.000217177256180090, -21.55525320607794981, -0.3736755163863882401 ) ) ;
#7855 = ORIENTED_EDGE ( 'NONE', *, *, #7370, .F. ) ;
#7856 = DIRECTION ( 'NONE',  ( 0.000000000000000000, 0.000000000000000000, 1.000000000000000000 ) ) ;
#7857 = CARTESIAN_POINT ( 'NONE',  ( 41.95553655279913841, 6.134789097498782873, -19.82420140061489278 ) ) ;
#7858 = CARTESIAN_POINT ( 'NONE',  ( 38.49664378734604497, 3.569098920750459758, 19.90019295758646578 ) ) ;
#7859 = CARTESIAN_POINT ( 'NONE',  ( 41.39360933950221977, -13.27297779803875066, -18.73067011072674504 ) ) ;
#7860 = CARTESIAN_POINT ( 'NONE',  ( 40.14833153407342081, -5.938537465249101643, 19.75441511629928826 ) ) ;
#7861 = CARTESIAN_POINT ( 'NONE',  ( 38.74846354794764380, 14.24708649958088635, -14.53429910610734233 ) ) ;
#7862 = DIRECTION ( 'NONE',  ( 1.000000000000000000, 0.000000000000000000, -0.000000000000000000 ) ) ;
#7863 = ORIENTED_EDGE ( 'NONE', *, *, #5660, .F. ) ;
#7864 = CARTESIAN_POINT ( 'NONE',  ( 50.08290665511186290, 4.304863259543129317, 14.05922896861905969 ) ) ;
#7865 = ADVANCED_FACE ( 'NONE', ( #5601 ), #5826, .T. ) ;
#7866 = ORIENTED_EDGE ( 'NONE', *, *, #5493, .F. ) ;
#7867 = CARTESIAN_POINT ( 'NONE',  ( 40.17898551417405173, 3.848187967416181188, 20.00492183552825409 ) ) ;
#7868 = CARTESIAN_POINT ( 'NONE',  ( 38.00000000000000000, 40.11625195157550650, 20.19999999999999929 ) ) ;
#7869 = CARTESIAN_POINT ( 'NONE',  ( 41.04454641333249754, -0.6654957320366703399, -20.11233954312025674 ) ) ;
#7870 = FACE_OUTER_BOUND ( 'NONE', #313, .T. ) ;
#7871 = CYLINDRICAL_SURFACE ( 'NONE', #2684, 2.000000000000000444 ) ;
#7872 = ORIENTED_EDGE ( 'NONE', *, *, #5955, .T. ) ;
#7873 = CARTESIAN_POINT ( 'NONE',  ( 39.96583155299713042, 32.19278487816617940, 18.43200340403018700 ) ) ;
#7874 = EDGE_CURVE ( 'NONE', #2260, #3424, #4399, .T. ) ;
#7875 = CARTESIAN_POINT ( 'NONE',  ( 39.16779818615457032, -10.13935340304273680, -17.41351477287239646 ) ) ;
#7876 = DIRECTION ( 'NONE',  ( 0.000000000000000000, 0.000000000000000000, 1.000000000000000000 ) ) ;
#7877 = FACE_OUTER_BOUND ( 'NONE', #4082, .T. ) ;
#7878 = CARTESIAN_POINT ( 'NONE',  ( 38.27602625599303110, 39.00476465583945895, 19.72112328109178492 ) ) ;
#7879 = CARTESIAN_POINT ( 'NONE',  ( 37.99999999999999289, 2.473786534277653227E-15, -20.19999999999999929 ) ) ;
#7880 = CARTESIAN_POINT ( 'NONE',  ( 59.72206703189930721, -11.28280238876738828, 2.365524219356974545 ) ) ;
#7881 = CARTESIAN_POINT ( 'NONE',  ( 40.00000000000000000, 0.000000000000000000, 0.000000000000000000 ) ) ;
#7882 = VERTEX_POINT ( 'NONE', #7616 ) ;
#7883 = VERTEX_POINT ( 'NONE', #2698 ) ;
#7884 = EDGE_CURVE ( 'NONE', #3291, #4059, #5197, .T. ) ;
#7885 = ORIENTED_EDGE ( 'NONE', *, *, #5058, .T. ) ;
#7886 = CARTESIAN_POINT ( 'NONE',  ( 38.00000000000000711, 10.66883885520437225, 17.18767026412077925 ) ) ;
#7887 = CARTESIAN_POINT ( 'NONE',  ( 45.00000000000000000, 10.78682323742979854, -20.19999999999999574 ) ) ;
#7888 = CARTESIAN_POINT ( 'NONE',  ( 37.99999999999999289, -4.487967038713081003, -19.70588668108790742 ) ) ;
#7889 = CARTESIAN_POINT ( 'NONE',  ( 37.99999999999999289, -4.947573068555306454E-15, 20.19999999999999929 ) ) ;
#7890 = DIRECTION ( 'NONE',  ( -1.000000000000000000, 0.000000000000000000, 3.435095992033281961E-16 ) ) ;
#7891 = CARTESIAN_POINT ( 'NONE',  ( 40.67498948475056864, 11.86629451656530954, -18.03740769001215583 ) ) ;
#7892 = EDGE_LOOP ( 'NONE', ( #3272, #4359, #5993, #7134 ) ) ;
#7893 = CARTESIAN_POINT ( 'NONE',  ( 1.470967741836826326, -20.09399707970247917, -2.105392046987639265 ) ) ;
#7894 = ORIENTED_EDGE ( 'NONE', *, *, #1354, .T. ) ;
#7895 = DIRECTION ( 'NONE',  ( 0.000000000000000000, 1.000000000000000000, 0.000000000000000000 ) ) ;
#7896 = CARTESIAN_POINT ( 'NONE',  ( 42.73473468433584088, 3.960278108411895204, -20.09941104448308735 ) ) ;
#7897 = TOROIDAL_SURFACE ( 'NONE', #5404, 22.19999999999999574, 2.000000000000000000 ) ;
#7898 = CARTESIAN_POINT ( 'NONE',  ( 40.35046310525977731, -11.79249026756423113, -17.61749095791095954 ) ) ;
#7899 = CARTESIAN_POINT ( 'NONE',  ( 40.00205102990889117, -6.949363859102032137, 19.50299603873622800 ) ) ;
#7900 = CARTESIAN_POINT ( 'NONE',  ( 38.00000000000000711, 7.336689272108143811, -18.82130000384007928 ) ) ;
#7901 = ORIENTED_EDGE ( 'NONE', *, *, #3486, .T. ) ;
#7902 = ORIENTED_EDGE ( 'NONE', *, *, #2464, .F. ) ;
#7903 = CARTESIAN_POINT ( 'NONE',  ( 17.33212111192934657, 20.00363613427023779, 3.199999999999999289 ) ) ;
#7904 = CARTESIAN_POINT ( 'NONE',  ( 39.92083404512156619, 5.532692093484756768, 19.70724867415410486 ) ) ;
#7905 = FACE_OUTER_BOUND ( 'NONE', #7449, .T. ) ;
#7906 = EDGE_CURVE ( 'NONE', #6203, #6012, #870, .T. ) ;
#7907 = CIRCLE ( 'NONE', #5416, 1.999999999999999778 ) ;
#7908 = CARTESIAN_POINT ( 'NONE',  ( 38.66788055817443137, 7.090543294586725942, -18.89996783940732428 ) ) ;
#7909 = CARTESIAN_POINT ( 'NONE',  ( 40.18673432316086291, -5.175551602247137062, -19.54996647529173970 ) ) ;
#7910 = DIRECTION ( 'NONE',  ( 0.000000000000000000, 0.000000000000000000, 1.000000000000000000 ) ) ;
#7911 = CARTESIAN_POINT ( 'NONE',  ( 38.47673217277446156, 13.64144401290388942, -14.97740575956348863 ) ) ;
#7912 = CARTESIAN_POINT ( 'NONE',  ( 51.93502884254439067, 0.8680709384784351945, 10.99999999999998046 ) ) ;
#7913 = CARTESIAN_POINT ( 'NONE',  ( 39.20686031918287284, 36.68244321914730222, 19.10271157750432280 ) ) ;
#7914 = ORIENTED_EDGE ( 'NONE', *, *, #2300, .F. ) ;
#7915 = CARTESIAN_POINT ( 'NONE',  ( 2.523009182059015032, 21.74596054477332530, -2.868717657067664462 ) ) ;
#7916 = DIRECTION ( 'NONE',  ( 0.000000000000000000, 0.000000000000000000, 1.000000000000000000 ) ) ;
#7917 = CARTESIAN_POINT ( 'NONE',  ( 38.00000000000000000, 45.00200000000000244, 2.000000000000000000 ) ) ;
#7918 = EDGE_CURVE ( 'NONE', #6417, #5595, #3093, .T. ) ;
#7919 = CARTESIAN_POINT ( 'NONE',  ( 2.077177592866212841, -17.73639061752505341, -10.66273009533111882 ) ) ;
#7920 = CARTESIAN_POINT ( 'NONE',  ( 59.63598252770419350, -11.21587907396861894, 2.694542988420782770 ) ) ;
#7921 = DIRECTION ( 'NONE',  ( 1.000000000000000000, 0.000000000000000000, 0.000000000000000000 ) ) ;
#7922 = CARTESIAN_POINT ( 'NONE',  ( 40.33814137535416933, -12.51510421126672767, 19.31228094173478738 ) ) ;
#7923 = EDGE_CURVE ( 'NONE', #7949, #7455, #5238, .T. ) ;
#7924 = CARTESIAN_POINT ( 'NONE',  ( 42.00000002069156579, -31.84677602739441937, 20.20000000000000995 ) ) ;
#7925 = VECTOR ( 'NONE', #2980, 1000.000000000000000 ) ;
#7926 = CARTESIAN_POINT ( 'NONE',  ( 38.56442562450042288, -41.13782557566500486, 20.19999999999999574 ) ) ;
#7927 = CARTESIAN_POINT ( 'NONE',  ( 42.69949493661162165, -45.00000000000000000, 17.19999999999999929 ) ) ;
#7928 = CARTESIAN_POINT ( 'NONE',  ( 40.76783437901951146, 11.67531448578956166, -18.19175265148784248 ) ) ;
#7929 = EDGE_LOOP ( 'NONE', ( #1736, #1432 ) ) ;
#7930 = CARTESIAN_POINT ( 'NONE',  ( 2.219737113663166284, -20.69700421293491388, -1.895760172516945063 ) ) ;
#7931 = EDGE_LOOP ( 'NONE', ( #5719, #1782, #7411, #3720, #5743, #6057, #2825, #621, #2890, #7885, #4865, #4783, #3403 ) ) ;
#7932 = CARTESIAN_POINT ( 'NONE',  ( 40.62317714159431858, -0.3870719839849341426, 20.17841185545319505 ) ) ;
#7933 = AXIS2_PLACEMENT_3D ( 'NONE', #7343, #499, #6062 ) ;
#7934 = CARTESIAN_POINT ( 'NONE',  ( 41.85482726222014094, 4.136700847114459734, -19.97104035218358931 ) ) ;
#7935 = ADVANCED_FACE ( 'NONE', ( #6465 ), #3619, .F. ) ;
#7936 = CARTESIAN_POINT ( 'NONE',  ( 40.41020460109501045, -14.10246339916145786, -17.23919012399809603 ) ) ;
#7937 = AXIS2_PLACEMENT_3D ( 'NONE', #5576, #4933, #4129 ) ;
#7938 = CARTESIAN_POINT ( 'NONE',  ( 39.93109588639041618, -3.429102254087789792, 19.99930112792433334 ) ) ;
#7939 = LINE ( 'NONE', #4904, #208 ) ;
#7940 = ORIENTED_EDGE ( 'NONE', *, *, #314, .F. ) ;
#7941 = ORIENTED_EDGE ( 'NONE', *, *, #4008, .F. ) ;
#7942 = VECTOR ( 'NONE', #7851, 1000.000000000000000 ) ;
#7943 = FACE_OUTER_BOUND ( 'NONE', #3356, .T. ) ;
#7944 = DIRECTION ( 'NONE',  ( -1.000000000000000000, -0.000000000000000000, -0.000000000000000000 ) ) ;
#7945 = CARTESIAN_POINT ( 'NONE',  ( 39.41442458138376281, -15.05865200620466204, -14.32810843525883016 ) ) ;
#7946 = DIRECTION ( 'NONE',  ( 0.000000000000000000, 0.000000000000000000, -1.000000000000000000 ) ) ;
#7947 = CARTESIAN_POINT ( 'NONE',  ( 56.60194188566187989, 8.076542671505189119, 7.540193738052709094 ) ) ;
#7948 = CARTESIAN_POINT ( 'NONE',  ( 39.19831860060457274, 36.71482881160972767, 19.11020968782660745 ) ) ;
#7949 = VERTEX_POINT ( 'NONE', #5850 ) ;
#7950 = CARTESIAN_POINT ( 'NONE',  ( 38.78496311923127138, -8.480916471635783438, -18.26320858582623785 ) ) ;
#7951 = LINE ( 'NONE', #4840, #7124 ) ;
#7952 = DIRECTION ( 'NONE',  ( 0.000000000000000000, 1.000000000000000000, 0.000000000000000000 ) ) ;
#7953 = CARTESIAN_POINT ( 'NONE',  ( 40.00000000000000000, 31.75775841515920916, 18.39996597165608350 ) ) ;
#7954 = CARTESIAN_POINT ( 'NONE',  ( 18.34561231994279140, -21.01712734228368973, -2.000000000000000444 ) ) ;
#7955 = CARTESIAN_POINT ( 'NONE',  ( 38.00000000000000000, -14.72255604027580844, -13.83063063063063147 ) ) ;
#7956 = CARTESIAN_POINT ( 'NONE',  ( 37.99999999999999289, -0.4958699990444248029, 20.20000000000000284 ) ) ;
#7957 = FACE_OUTER_BOUND ( 'NONE', #5676, .T. ) ;
#7958 = DIRECTION ( 'NONE',  ( -1.000000000000000000, -0.000000000000000000, -0.000000000000000000 ) ) ;
#7959 = ADVANCED_FACE ( 'NONE', ( #286 ), #4680, .T. ) ;
#7960 = CARTESIAN_POINT ( 'NONE',  ( 5.180354336966378703, -19.71167338156252313, -6.656090927319733730 ) ) ;
#7961 = CARTESIAN_POINT ( 'NONE',  ( 39.71044430203771469, -38.72118271644973220, 20.20000000000082707 ) ) ;
#7962 = ORIENTED_EDGE ( 'NONE', *, *, #9, .T. ) ;
#7963 = LINE ( 'NONE', #2312, #2629 ) ;
#7964 = DIRECTION ( 'NONE',  ( 0.000000000000000000, -1.000000000000000000, 0.000000000000000000 ) ) ;
#7965 = CARTESIAN_POINT ( 'NONE',  ( 40.87048794087989734, 6.729487693948352778, -19.33794301787737879 ) ) ;
#7966 = VERTEX_POINT ( 'NONE', #5016 ) ;
#7967 = ADVANCED_FACE ( 'NONE', ( #181 ), #7639, .F. ) ;
#7968 = CARTESIAN_POINT ( 'NONE',  ( 2.536431921131879097, -20.48279039315612593, -2.894519404391820760 ) ) ;
#7969 = ORIENTED_EDGE ( 'NONE', *, *, #1154, .F. ) ;
#7970 = CARTESIAN_POINT ( 'NONE',  ( 40.72863285151066748, -8.106330839639161567, 19.89307960383147034 ) ) ;
#7971 = CARTESIAN_POINT ( 'NONE',  ( 42.95503870943254299, 16.00808899210532843, -19.77486006351777093 ) ) ;
#7972 = CARTESIAN_POINT ( 'NONE',  ( 39.90743595002946620, -15.62334472367254001, -14.89245936181973740 ) ) ;
#7973 = CARTESIAN_POINT ( 'NONE',  ( 39.92514009303825873, -4.150695195308045982, 19.91378243062108666 ) ) ;
#7974 = CARTESIAN_POINT ( 'NONE',  ( 59.50000000000002132, 11.00000000000000355, 0.3181851046137098571 ) ) ;
#7975 = ORIENTED_EDGE ( 'NONE', *, *, #2204, .F. ) ;
#7976 = ADVANCED_FACE ( 'NONE', ( #107 ), #1899, .T. ) ;
#7977 = VERTEX_POINT ( 'NONE', #1439 ) ;
#7978 = CARTESIAN_POINT ( 'NONE',  ( 42.00000000000000000, 45.00000000000000000, 20.19999999999999929 ) ) ;
#7979 = CARTESIAN_POINT ( 'NONE',  ( 10.00000000000000178, -36.50000000000000000, 0.000000000000000000 ) ) ;
#7980 = LINE ( 'NONE', #410, #487 ) ;
#7981 = SPHERICAL_SURFACE ( 'NONE', #7491, 2.000000000000000000 ) ;
#7982 = CARTESIAN_POINT ( 'NONE',  ( 56.33440303756442802, 8.803917158841358059, 7.807732586166506117 ) ) ;
#7983 = ORIENTED_EDGE ( 'NONE', *, *, #4733, .T. ) ;
#7984 = CARTESIAN_POINT ( 'NONE',  ( 39.54614812627317377, 35.28932806813767087, 18.83450339299176690 ) ) ;
#7985 = VERTEX_POINT ( 'NONE', #1940 ) ;
#7986 = CARTESIAN_POINT ( 'NONE',  ( 38.00000000000000000, 40.11625195157550650, 20.19999999999999574 ) ) ;
#7987 = DIRECTION ( 'NONE',  ( -1.000000000000000000, -0.000000000000000000, -0.000000000000000000 ) ) ;
#7988 = CARTESIAN_POINT ( 'NONE',  ( 38.00000000000000000, -21.55968674681321318, 5.293383358428383367 ) ) ;
#7989 = LINE ( 'NONE', #4271, #6568 ) ;
#7990 = CARTESIAN_POINT ( 'NONE',  ( 38.46172829189416831, -4.572615121657344517, 19.69645949809376972 ) ) ;
#7991 = CARTESIAN_POINT ( 'NONE',  ( 17.26924520083887060, -19.94076022317976182, 3.344066810980714788 ) ) ;
#7992 = DIRECTION ( 'NONE',  ( 1.000000000000000000, -0.000000000000000000, -0.000000000000000000 ) ) ;
#7993 = CARTESIAN_POINT ( 'NONE',  ( 39.65904933024484080, 11.91365328463677820, 17.38150924757742288 ) ) ;
#7994 = CARTESIAN_POINT ( 'NONE',  ( 41.99999999999999289, -30.77705835859649497, 20.19999999999999574 ) ) ;
#7995 = CARTESIAN_POINT ( 'NONE',  ( 39.73041568492971720, 2.552712166031105845, 20.06869851170063512 ) ) ;
#7996 = EDGE_CURVE ( 'NONE', #7633, #5512, #4405, .T. ) ;
#7997 = ORIENTED_EDGE ( 'NONE', *, *, #7466, .T. ) ;
#7998 = CARTESIAN_POINT ( 'NONE',  ( 40.76681044887881455, -39.67564775886821593, 20.20000000000000284 ) ) ;
#7999 = DIRECTION ( 'NONE',  ( 0.000000000000000000, 1.000000000000000000, 0.000000000000000000 ) ) ;
#8000 = CARTESIAN_POINT ( 'NONE',  ( 40.63229098881913615, 6.995394346995989387, -19.18660773494300997 ) ) ;
#8001 = CARTESIAN_POINT ( 'NONE',  ( 41.99999999999999289, 2.775557561562891351E-14, 20.19999999999999929 ) ) ;
#8002 = ORIENTED_EDGE ( 'NONE', *, *, #16, .T. ) ;
#8003 = CARTESIAN_POINT ( 'NONE',  ( 40.58578643762704274, -12.55707641300339539, 19.61421356237323010 ) ) ;
#8004 = AXIS2_PLACEMENT_3D ( 'NONE', #7637, #4032, #2808 ) ;
#8005 = CARTESIAN_POINT ( 'NONE',  ( 42.63739095141624347, 15.95958119426248878, -19.61935046301704588 ) ) ;
#8006 = CARTESIAN_POINT ( 'NONE',  ( 16.38759021281742179, 19.61737262547869420, -4.816501974786174145 ) ) ;
#8007 = EDGE_CURVE ( 'NONE', #5973, #7770, #2633, .T. ) ;
#8008 = CARTESIAN_POINT ( 'NONE',  ( 40.66088733412094314, -15.62267336911601667, -17.68447312592077125 ) ) ;
#8009 = CARTESIAN_POINT ( 'NONE',  ( 38.59442355228617316, 38.49683109512237422, 19.57212395467073307 ) ) ;
#8010 = CARTESIAN_POINT ( 'NONE',  ( 38.00000000000000711, 8.896443253278171426, -18.14872815192460820 ) ) ;
#8011 = EDGE_LOOP ( 'NONE', ( #4934, #7400, #7219, #6929 ) ) ;
#8012 = ORIENTED_EDGE ( 'NONE', *, *, #4917, .F. ) ;
#8013 = CARTESIAN_POINT ( 'NONE',  ( 10.00000000000000178, 45.00000000000000000, 0.000000000000000000 ) ) ;
#8014 = CARTESIAN_POINT ( 'NONE',  ( 48.00000000000000000, 0.000000000000000000, -5.250000000000016875 ) ) ;
#8015 = ADVANCED_FACE ( 'NONE', ( #5786 ), #4521, .T. ) ;
#8016 = CARTESIAN_POINT ( 'NONE',  ( 39.91987444491712722, -6.424814324823467260, -19.15614231809976431 ) ) ;
#8017 = CARTESIAN_POINT ( 'NONE',  ( 39.63513454771228339, -15.22979522530803642, -14.52588392358336300 ) ) ;
#8018 = CARTESIAN_POINT ( 'NONE',  ( 55.98084730223051508, 8.421136537851413806, 7.130086690723982379 ) ) ;
#8019 = ORIENTED_EDGE ( 'NONE', *, *, #4366, .F. ) ;
#8020 = ORIENTED_EDGE ( 'NONE', *, *, #6977, .T. ) ;
#8021 = ORIENTED_EDGE ( 'NONE', *, *, #514, .F. ) ;
#8022 = CARTESIAN_POINT ( 'NONE',  ( 5.124637175312753534, 18.57217655797306932, 7.944448243866610859 ) ) ;
#8023 = CARTESIAN_POINT ( 'NONE',  ( 6.078395854880422888, -20.41738609123282089, -6.972877521438402226 ) ) ;
#8024 = CARTESIAN_POINT ( 'NONE',  ( 38.33776329867730226, 41.18700730797415588, 20.19999999999999929 ) ) ;
#8025 = CARTESIAN_POINT ( 'NONE',  ( 38.49437970236438389, -14.75038969461539828, -13.88556086625133901 ) ) ;
#8026 = CARTESIAN_POINT ( 'NONE',  ( 59.99999999830537689, -10.99999999847656440, 0.6660949500513468902 ) ) ;
#8027 = CARTESIAN_POINT ( 'NONE',  ( 6.078395854880411342, 20.41738609123282089, 6.972877521438396009 ) ) ;
#8028 = CARTESIAN_POINT ( 'NONE',  ( 40.58578643762703564, -12.55707641300339539, 19.61421356237322655 ) ) ;
#8029 = CARTESIAN_POINT ( 'NONE',  ( 42.03364412909875369, -9.035527492994813059, -19.56952946119582037 ) ) ;
#8030 = CARTESIAN_POINT ( 'NONE',  ( 39.88807966011196271, 12.16051436081903780, 17.77935023716117158 ) ) ;
#8031 = CARTESIAN_POINT ( 'NONE',  ( 38.98873475270197275, -39.69981848082299791, 20.19999999999958007 ) ) ;
#8032 = CARTESIAN_POINT ( 'NONE',  ( 38.56050561244164498, -2.636569500057621415E-15, 20.19897434006470149 ) ) ;
#8033 = ORIENTED_EDGE ( 'NONE', *, *, #7918, .T. ) ;
#8034 = DIRECTION ( 'NONE',  ( -1.000000000000000000, -5.204170427930416550E-15, 0.000000000000000000 ) ) ;
#8035 = LINE ( 'NONE', #6232, #7817 ) ;
#8036 = CARTESIAN_POINT ( 'NONE',  ( 40.00014175077921408, 8.401148823376228592, -18.49389942946068288 ) ) ;
#8037 = VECTOR ( 'NONE', #1612, 1000.000000000000000 ) ;
#8038 = ORIENTED_EDGE ( 'NONE', *, *, #2365, .F. ) ;
#8039 = CARTESIAN_POINT ( 'NONE',  ( 41.42143193600985995, -0.4230715189867437775, 20.19325989080893891 ) ) ;
#8040 = EDGE_CURVE ( 'NONE', #4253, #5972, #7711, .T. ) ;
#8041 = CARTESIAN_POINT ( 'NONE',  ( 44.49508420718144919, 16.18023485614470047, -20.20000000000000284 ) ) ;
#8042 = CONICAL_SURFACE ( 'NONE', #7409, 4.100000000000055600, 0.03163501222811938157 ) ;
#8043 = DIRECTION ( 'NONE',  ( -1.000000000000000000, -0.000000000000000000, -0.000000000000000000 ) ) ;
#8044 = CARTESIAN_POINT ( 'NONE',  ( 40.57032859821539716, -15.61197763410769213, -17.52020486377657704 ) ) ;
#8045 = CARTESIAN_POINT ( 'NONE',  ( 39.60687455443741101, -8.131967081015432086, 18.94078525059861207 ) ) ;
#8046 = DIRECTION ( 'NONE',  ( 0.000000000000000000, 0.000000000000000000, 1.000000000000000000 ) ) ;
#8047 = CARTESIAN_POINT ( 'NONE',  ( 57.07106781186546129, 9.334077351297210612, 7.071067811865480834 ) ) ;
#8048 = VERTEX_POINT ( 'NONE', #4441 ) ;
#8049 = CIRCLE ( 'NONE', #5692, 1.999999999999999112 ) ;
#8050 = CIRCLE ( 'NONE', #7413, 2.000000000000000000 ) ;
#8051 = ORIENTED_EDGE ( 'NONE', *, *, #5596, .T. ) ;
#8052 = B_SPLINE_CURVE_WITH_KNOTS ( 'NONE', 3,
 ( #7216, #2834, #2702, #3971, #2877, #205 ),
 .UNSPECIFIED., .F., .F.,
 ( 4, 2, 4 ),
 ( 2.340012729267932974E-16, 0.001625440077197362132, 0.003250880154394490511 ),
 .UNSPECIFIED. ) ;
#8053 = ADVANCED_FACE ( 'NONE', ( #5177 ), #3361, .F. ) ;
#8054 = DIRECTION ( 'NONE',  ( 0.000000000000000000, 0.000000000000000000, -1.000000000000000000 ) ) ;
#8055 = AXIS2_PLACEMENT_3D ( 'NONE', #4012, #3447, #4051 ) ;
#8056 = AXIS2_PLACEMENT_3D ( 'NONE', #6638, #2207, #2989 ) ;
#8057 = CARTESIAN_POINT ( 'NONE',  ( 38.42838475954376065, 14.21072359282499065, -14.43613904367289358 ) ) ;
#8058 = CARTESIAN_POINT ( 'NONE',  ( 38.00000000000000000, -18.28351446246254852, 10.59178696217985660 ) ) ;
#8059 = CARTESIAN_POINT ( 'NONE',  ( 39.56945754081593947, -9.516046903132608037, -17.87880094045576129 ) ) ;
#8060 = CARTESIAN_POINT ( 'NONE',  ( 39.83383925278033644, -15.48179493267918794, -14.77279832351480238 ) ) ;
#8061 = CARTESIAN_POINT ( 'NONE',  ( 38.83351568135770293, 0.5418846309934125527, -20.19259898406433607 ) ) ;
#8062 = CARTESIAN_POINT ( 'NONE',  ( 41.99999999999999289, -1.059349905471363984, 20.20000000000000284 ) ) ;
#8063 = ORIENTED_EDGE ( 'NONE', *, *, #4113, .F. ) ;
#8064 = ORIENTED_EDGE ( 'NONE', *, *, #3318, .F. ) ;
#8065 = ORIENTED_EDGE ( 'NONE', *, *, #6526, .T. ) ;
#8066 = AXIS2_PLACEMENT_3D ( 'NONE', #114, #2604, #5097 ) ;
#8067 = CARTESIAN_POINT ( 'NONE',  ( 3.252420550346851957, 18.85083209725263842, -10.65418930983728707 ) ) ;
#8068 = EDGE_CURVE ( 'NONE', #5483, #5256, #3891, .T. ) ;
#8069 = CYLINDRICAL_SURFACE ( 'NONE', #1645, 3.850000000000000533 ) ;
#8070 = CYLINDRICAL_SURFACE ( 'NONE', #5127, 11.00000000000000000 ) ;
#8071 = CARTESIAN_POINT ( 'NONE',  ( 39.99924985254668997, 15.94109022621449334, -15.26151530581623028 ) ) ;
#8072 = CARTESIAN_POINT ( 'NONE',  ( 38.12047246913739684, -14.72255604027580489, -13.83063063063063147 ) ) ;
#8073 = CARTESIAN_POINT ( 'NONE',  ( 57.31986464228295830, -8.642664214164097913, 6.822270981447990934 ) ) ;
#8074 = CARTESIAN_POINT ( 'NONE',  ( 37.99999999999999289, 41.18700821125062816, -20.19999999999999929 ) ) ;
#8075 = DIRECTION ( 'NONE',  ( -0.7071067811865484609, 0.000000000000000000, 0.7071067811865465735 ) ) ;
#8076 = EDGE_CURVE ( 'NONE', #1299, #2069, #7672, .T. ) ;
#8077 = CARTESIAN_POINT ( 'NONE',  ( 39.99900620637236415, 12.54276278664050537, 18.16537484494570265 ) ) ;
#8078 = DIRECTION ( 'NONE',  ( 0.000000000000000000, -0.9123004504689347094, -0.4095215355438328597 ) ) ;
#8079 = CARTESIAN_POINT ( 'NONE',  ( 37.99999999999999289, 1.982416905372571980, 20.10865817285897705 ) ) ;
#8080 = ORIENTED_EDGE ( 'NONE', *, *, #117, .F. ) ;
#8081 = CARTESIAN_POINT ( 'NONE',  ( 39.25404898331140657, -10.85020633520646705, 17.57075702741419576 ) ) ;
#8082 = DIRECTION ( 'NONE',  ( -3.154042683594194627E-16, 0.000000000000000000, -1.000000000000000000 ) ) ;
#8083 = CARTESIAN_POINT ( 'NONE',  ( 39.72190245213560900, 7.649106713888926379, -18.67752885665706231 ) ) ;
#8084 = ORIENTED_EDGE ( 'NONE', *, *, #6819, .F. ) ;
#8085 = CARTESIAN_POINT ( 'NONE',  ( 40.66917838961528275, -2.107214448872352097, 20.17177644642311307 ) ) ;
#8086 = DIRECTION ( 'NONE',  ( -0.000000000000000000, 0.2384406918210983106, -0.9711570606672620398 ) ) ;
#8087 = CARTESIAN_POINT ( 'NONE',  ( 42.00000000000000000, 45.00000000000000000, 20.19999999999999929 ) ) ;
#8088 = CARTESIAN_POINT ( 'NONE',  ( 40.03184511710944093, -15.52702748649243247, -15.78372435574755528 ) ) ;
#8089 = CARTESIAN_POINT ( 'NONE',  ( 38.69555353114703422, 38.26685160311541978, 19.50644413646753961 ) ) ;
#8090 = CARTESIAN_POINT ( 'NONE',  ( 40.00000000000000000, 45.00000000000000000, 18.20000000000000284 ) ) ;
#8091 = VERTEX_POINT ( 'NONE', #6942 ) ;
#8092 = VERTEX_POINT ( 'NONE', #1326 ) ;
#8093 = CARTESIAN_POINT ( 'NONE',  ( 13.01520948548917112, 27.77874933758084808, 10.27731168979906329 ) ) ;
#8094 = CARTESIAN_POINT ( 'NONE',  ( 39.39622064742221141, -13.04896605522456809, -15.92049841245478348 ) ) ;
#8095 = B_SPLINE_CURVE_WITH_KNOTS ( 'NONE', 3,
 ( #8001, #2397, #4893, #1168, #3662, #4753, #2288, #3562, #6714, #488, #6016, #4833 ),
 .UNSPECIFIED., .F., .F.,
 ( 4, 2, 2, 2, 2, 4 ),
 ( 0.000000000000000000, 0.1250000000000000000, 0.2500000000000000000, 0.3750000000000000000, 0.5000000000000000000, 1.000000000000000000 ),
 .UNSPECIFIED. ) ;
#8096 = DIRECTION ( 'NONE',  ( 6.440804985062402444E-17, -2.575717417130363174E-14, -1.000000000000000000 ) ) ;
#8097 = EDGE_CURVE ( 'NONE', #6700, #3526, #731, .T. ) ;
#8098 = CARTESIAN_POINT ( 'NONE',  ( 42.00000000000002132, -8.474799243771025559, 20.20000000000000284 ) ) ;
#8099 = ORIENTED_EDGE ( 'NONE', *, *, #1676, .T. ) ;
#8100 = CARTESIAN_POINT ( 'NONE',  ( 39.95649516017874703, -12.04520375929975629, 18.12231685350534605 ) ) ;
#8101 = ORIENTED_EDGE ( 'NONE', *, *, #3023, .T. ) ;
#8102 = VERTEX_POINT ( 'NONE', #5310 ) ;
ENDSEC;
END-ISO-10303-21;
